label;inftype;chi;L0_re;L0_im;L1_re;L1_im;L2_re;L2_im
p5a;(1,0);[-1, -1/2]~;0.00000000000000000000000000000000000000000000000000;0.00000000000000000000000000000000000000000000000000;0.41252303869963421541768558030791080365840457025960;0.11718915039593348648403944293729983553515502080228;0.71357292546965472555818988473366987290804584790438;0.13038786173698411822564656945273515557348346864268
p5a;(2,0);[-2, -1]~;0.00000000000000000000000000000000000000000000000000;0.00000000000000000000000000000000000000000000000000;0.55674763846861735119365853088099603829422186345804;-0.34408896372984398024189934038897350835115565227315;0.85607167685404896463408404526754534245030761944796;-0.33570849540608321979457919686150827689535574149504
label;inftype;chi;L1_re;L1_im;L2_re;L2_im
p5a;(1,0);[-1, -1/2]~;0.41252303869963421541768558030791080365840457025960;0.11718915039593348648403944293729983553515502080228;0.71357292546965472555818988473366987290804584790438;0.13038786173698411822564656945273515557348346864268
p5a;(2,0);[-2, -1]~;0.55674763846861735119365853088099603829422186345804;-0.34408896372984398024189934038897350835115565227315;0.85607167685404896463408404526754534245030761944796;-0.33570849540608321979457919686150827689535574149504
p5a;(1,1);[0, -1]~;-0.25000000000000000000000000000000000000000000000000;0.00000000000000000000000000000000000000000000000000;0.00000000000000000000000000000000000000000000000000;0.00000000000000000000000000000000000000000000000000
p5a;(0,1);[1, -1/2]~;0.41252303869963421541768558030791080365840457025960;-0.11718915039593348648403944293729983553515502080228;0.71357292546965472555818988473366987290804584790438;-0.13038786173698411822564656945273515557348346864268
p5a;(0,2);[2, -1]~;0.55674763846861735119365853088099603829422186345804;0.34408896372984398024189934038897350835115565227315;0.85607167685404896463408404526754534245030761944796;0.33570849540608321979457919686150827689535574149504
p5a;(-1,0);[1, 1/2]~;0.71357292546965472555818988473366987290804584790438;-0.13038786173698411822564656945273515557348346864268;0.86464370285856916093870885245090860365694011359610;-0.09181495769030660917621350614952121738088076878153
p5a;(1,-1);[-2, 0]~;0.85607167685404896463408404526754534245030761944796;-0.33570849540608321979457919686150827689535574149504;0.95871829209866881015718037072307753339178062005150;-0.21437169291217084487356331950555195654779166360477
p5a;(2,1);[-1, -3/2]~;0.00000000000000000000000000000000000000000000000000;0.00000000000000000000000000000000000000000000000000;0.41252303869963421541768558030791080365840457025960;0.11718915039593348648403944293729983553515502080228
p5a;(1,2);[1, -3/2]~;0.00000000000000000000000000000000000000000000000000;0.00000000000000000000000000000000000000000000000000;0.41252303869963421541768558030791080365840457025960;-0.11718915039593348648403944293729983553515502080228
p5a;(3,0);[-3, -3/2]~;1.10356306918926780167961832695524030927504371971892;0.61527670860002014264717203053666199946426199944993;1.31007841021143951193628233615408463559181627227105;0.50318479413505551197632025457725812184043532071741
p5a;(0,3);[3, -3/2]~;1.10356306918926780167961832695524030927504371971892;-0.61527670860002014264717203053666199946426199944993;1.31007841021143951193628233615408463559181627227105;-0.50318479413505551197632025457725812184043532071741
p5b;(1,0);[-1, -1/2]~;0.41252303869963421541768558030791080365840457025960;-0.11718915039593348648403944293729983553515502080228;0.71357292546965472555818988473366987290804584790438;-0.13038786173698411822564656945273515557348346864268
p5b;(2,0);[-2, -1]~;0.55674763846861735119365853088099603829422186345804;0.34408896372984398024189934038897350835115565227315;0.85607167685404896463408404526754534245030761944796;0.33570849540608321979457919686150827689535574149504
p5b;(1,1);[0, -1]~;-0.25000000000000000000000000000000000000000000000000;0.00000000000000000000000000000000000000000000000000;0.00000000000000000000000000000000000000000000000000;0.00000000000000000000000000000000000000000000000000
p5b;(0,1);[1, -1/2]~;0.41252303869963421541768558030791080365840457025960;0.11718915039593348648403944293729983553515502080228;0.71357292546965472555818988473366987290804584790438;0.13038786173698411822564656945273515557348346864268
p5b;(0,2);[2, -1]~;0.55674763846861735119365853088099603829422186345804;-0.34408896372984398024189934038897350835115565227315;0.85607167685404896463408404526754534245030761944796;-0.33570849540608321979457919686150827689535574149504
p5b;(-1,0);[1, 1/2]~;0.71357292546965472555818988473366987290804584790438;0.13038786173698411822564656945273515557348346864268;0.86464370285856916093870885245090860365694011359610;0.09181495769030660917621350614952121738088076878153
p5b;(1,-1);[-2, 0]~;0.85607167685404896463408404526754534245030761944796;0.33570849540608321979457919686150827689535574149504;0.95871829209866881015718037072307753339178062005150;0.21437169291217084487356331950555195654779166360477
p5b;(2,1);[-1, -3/2]~;0.00000000000000000000000000000000000000000000000000;0.00000000000000000000000000000000000000000000000000;0.41252303869963421541768558030791080365840457025960;-0.11718915039593348648403944293729983553515502080228
p5b;(1,2);[1, -3/2]~;0.00000000000000000000000000000000000000000000000000;0.00000000000000000000000000000000000000000000000000;0.41252303869963421541768558030791080365840457025960;0.11718915039593348648403944293729983553515502080228
p5b;(3,0);[-3, -3/2]~;1.10356306918926780167961832695524030927504371971892;-0.61527670860002014264717203053666199946426199944993;1.31007841021143951193628233615408463559181627227105;-0.50318479413505551197632025457725812184043532071741
p5b;(0,3);[3, -3/2]~;1.10356306918926780167961832695524030927504371971892;0.61527670860002014264717203053666199946426199944993;1.31007841021143951193628233615408463559181627227105;0.50318479413505551197632025457725812184043532071741
p13a;(1,0);[0, -1, -1/2]~;0.61318184407332556521463652079765309404837266030483;-0.15167672204688285805602073302741457914154066873935;0.77989091957934501661818159045181500738248324280613;-0.09460873701144666693572629309721478547897246463936
p13a;(1,0);[1, -1, -1/2]~;0.94326138229335317339378174846688792790651087629444;-0.33833929453467249667629397225612790496995951204841;1.12897849140385917213387844589168368760292323814781;-0.24614676720579590985504307991162635751644998289133
p13a;(1,0);[2, -1, -1/2]~;0.75796462716539704228716473073411496597220455147135;0.45074154192447845637282591985341241095392895666057;0.98541740939011156174284793093418220495726178592403;0.32608296029498047379331888993373280497535098401232
p13a;(2,0);[0, -2, -1]~;1.59938046286306184776201072800302914335220223743980;0.69272455611798108900127300971369614316933878851426;1.46898595230593719116818069263442186963293236713757;0.38528395467916995812056479137045074615297103530605
p13a;(2,0);[1, -2, -1]~;0.33602764095425711458223925516962500729189290585260;0.77582935263041160271201761520403563687989814549298;0.63757205218099733851812917008599182292836150822234;0.36904991151030597623491849989333079946787775488510
p13a;(2,0);[2, -2, -1]~;0.33398222634388415259700265145579706689237520056525;-1.10306836060407336487755399633847211275445323854797;0.77526855709974749720584051194945896226026537711108;-0.63828478129386626373566206660264874151239383992613
p13a;(1,1);[0, 0, -1]~;-0.25000000000000000000000000000000000000000000000000;0.00000000000000000000000000000000000000000000000000;0.00000000000000000000000000000000000000000000000000;0.00000000000000000000000000000000000000000000000000
p13a;(1,1);[1, 0, -1]~;0.00000000000000000000000000000000000000000000000000;0.00000000000000000000000000000000000000000000000000;0.54595409306672615893987539132532372806434474186081;0.17759304200882023950801542387127519370128130623639
p13a;(1,1);[2, 0, -1]~;0.00000000000000000000000000000000000000000000000000;0.00000000000000000000000000000000000000000000000000;0.54595409306672615893987539132532372806434474186081;-0.17759304200882023950801542387127519370128130623639
p13a;(0,1);[0, 1, -1/2]~;0.61318184407332556521463652079765309404837266030483;0.15167672204688285805602073302741457914154066873935;0.77989091957934501661818159045181500738248324280613;0.09460873701144666693572629309721478547897246463936
p13a;(0,1);[1, 1, -1/2]~;0.75796462716539704228716473073411496597220455147135;-0.45074154192447845637282591985341241095392895666057;0.98541740939011156174284793093418220495726178592403;-0.32608296029498047379331888993373280497535098401232
p13a;(0,1);[2, 1, -1/2]~;0.94326138229335317339378174846688792790651087629444;0.33833929453467249667629397225612790496995951204841;1.12897849140385917213387844589168368760292323814781;0.24614676720579590985504307991162635751644998289133
p13a;(0,2);[0, 2, -1]~;1.59938046286306184776201072800302914335220223743980;-0.69272455611798108900127300971369614316933878851426;1.46898595230593719116818069263442186963293236713757;-0.38528395467916995812056479137045074615297103530605
p13a;(0,2);[1, 2, -1]~;0.33398222634388415259700265145579706689237520056525;1.10306836060407336487755399633847211275445323854797;0.77526855709974749720584051194945896226026537711108;0.63828478129386626373566206660264874151239383992613
p13a;(0,2);[2, 2, -1]~;0.33602764095425711458223925516962500729189290585260;-0.77582935263041160271201761520403563687989814549298;0.63757205218099733851812917008599182292836150822234;-0.36904991151030597623491849989333079946787775488510
p13a;(-1,0);[0, 1, 1/2]~;0.77989091957934501661818159045181500738248324280613;0.09460873701144666693572629309721478547897246463936;0.86540796643238923524017091736742948799651264145364;0.04628722932170975707840184239101560272050521548903
p13a;(-1,0);[1, 1, 1/2]~;0.98541740939011156174284793093418220495726178592403;-0.32608296029498047379331888993373280497535098401232;1.02016886204233129572825422785080416462930061334943;-0.17452254052735521211681255513219870167696455484126
p13a;(-1,0);[2, 1, 1/2]~;1.12897849140385917213387844589168368760292323814781;0.24614676720579590985504307991162635751644998289133;1.10045081401585300522527769592572814646622993521701;0.13155005274927654140472621142200665541811057577528
p13a;(1,-1);[0, -2, 0]~;1.46898595230593719116818069263442186963293236713757;0.38528395467916995812056479137045074615297103530605;1.23865166438691148903969846263591619434497866930642;0.16870310956364326056463293340423542096171331448763
p13a;(1,-1);[1, -2, 0]~;0.63757205218099733851812917008599182292836150822234;0.36904991151030597623491849989333079946787775488510;0.80665253270747321067725871557226792299760862771628;0.14735491442555508324876342208369828324396736985850
p13a;(1,-1);[2, -2, 0]~;0.77526855709974749720584051194945896226026537711108;-0.63828478129386626373566206660264874151239383992613;0.93901560380663119671312837723532948660454791015588;-0.29331958869398625609256626365006691426849345879001
p13a;(2,1);[0, -1, -3/2]~;0.00000000000000000000000000000000000000000000000000;0.00000000000000000000000000000000000000000000000000;0.61318184407332556521463652079765309404837266030483;-0.15167672204688285805602073302741457914154066873935
p13a;(2,1);[1, -1, -3/2]~;0.00000000000000000000000000000000000000000000000000;0.00000000000000000000000000000000000000000000000000;0.94326138229335317339378174846688792790651087629444;-0.33833929453467249667629397225612790496995951204841
p13a;(2,1);[2, -1, -3/2]~;0.00000000000000000000000000000000000000000000000000;0.00000000000000000000000000000000000000000000000000;0.75796462716539704228716473073411496597220455147135;0.45074154192447845637282591985341241095392895666057
p13a;(1,2);[0, 1, -3/2]~;0.00000000000000000000000000000000000000000000000000;0.00000000000000000000000000000000000000000000000000;0.61318184407332556521463652079765309404837266030483;0.15167672204688285805602073302741457914154066873935
p13a;(1,2);[1, 1, -3/2]~;0.00000000000000000000000000000000000000000000000000;0.00000000000000000000000000000000000000000000000000;0.75796462716539704228716473073411496597220455147135;-0.45074154192447845637282591985341241095392895666057
p13a;(1,2);[2, 1, -3/2]~;0.00000000000000000000000000000000000000000000000000;0.00000000000000000000000000000000000000000000000000;0.94326138229335317339378174846688792790651087629444;0.33833929453467249667629397225612790496995951204841
p13a;(3,0);[0, -3, -3/2]~;2.32450747768776999980206661199456057489068503675677;0.05264899772808955007328408178168353994839497217103;1.15348109743577027724952295372526037390380828834127;-0.05817883446775619118403615217205646116084602766375
p13a;(3,0);[1, -3, -3/2]~;3.91537075689026736691614767247265669619586316686111;-0.86200606534223853141397345302679760201550115856155;2.35831396649867700344529745551922105390605833611493;-0.36197089321886755614657652031559908025702280398297
p13a;(3,0);[2, -3, -3/2]~;-0.88437567248158020953362763477731025085743324058654;-1.73203918571903391123139759977484899500443876814325;0.18507856424310257154460665351616361567325450025728;-0.24883354070826982001921656065643323391434289283087
p13a;(0,3);[0, 3, -3/2]~;2.32450747768776999980206661199456057489068503675677;-0.05264899772808955007328408178168353994839497217103;1.15348109743577027724952295372526037390380828834127;0.05817883446775619118403615217205646116084602766375
p13a;(0,3);[1, 3, -3/2]~;-0.88437567248158020953362763477731025085743324058654;1.73203918571903391123139759977484899500443876814325;0.18507856424310257154460665351616361567325450025728;0.24883354070826982001921656065643323391434289283087
p13a;(0,3);[2, 3, -3/2]~;3.91537075689026736691614767247265669619586316686111;0.86200606534223853141397345302679760201550115856155;2.35831396649867700344529745551922105390605833611493;0.36197089321886755614657652031559908025702280398297
p13b;(1,0);[0, -1, -1/2]~;0.61318184407332556521463652079765309404837266030483;0.15167672204688285805602073302741457914154066873935;0.77989091957934501661818159045181500738248324280613;0.09460873701144666693572629309721478547897246463936
p13b;(1,0);[1, -1, -1/2]~;0.75796462716539704228716473073411496597220455147135;-0.45074154192447845637282591985341241095392895666057;0.98541740939011156174284793093418220495726178592403;-0.32608296029498047379331888993373280497535098401232
p13b;(1,0);[2, -1, -1/2]~;0.94326138229335317339378174846688792790651087629444;0.33833929453467249667629397225612790496995951204841;1.12897849140385917213387844589168368760292323814781;0.24614676720579590985504307991162635751644998289133
p13b;(2,0);[0, -2, -1]~;1.59938046286306184776201072800302914335220223743980;-0.69272455611798108900127300971369614316933878851426;1.46898595230593719116818069263442186963293236713757;-0.38528395467916995812056479137045074615297103530605
p13b;(2,0);[1, -2, -1]~;0.33398222634388415259700265145579706689237520056525;1.10306836060407336487755399633847211275445323854797;0.77526855709974749720584051194945896226026537711108;0.63828478129386626373566206660264874151239383992613
p13b;(2,0);[2, -2, -1]~;0.33602764095425711458223925516962500729189290585260;-0.77582935263041160271201761520403563687989814549298;0.63757205218099733851812917008599182292836150822234;-0.36904991151030597623491849989333079946787775488510
p13b;(1,1);[0, 0, -1]~;-0.25000000000000000000000000000000000000000000000000;0.00000000000000000000000000000000000000000000000000;0.00000000000000000000000000000000000000000000000000;0.00000000000000000000000000000000000000000000000000
p13b;(1,1);[1, 0, -1]~;0.00000000000000000000000000000000000000000000000000;0.00000000000000000000000000000000000000000000000000;0.54595409306672615893987539132532372806434474186081;0.17759304200882023950801542387127519370128130623639
p13b;(1,1);[2, 0, -1]~;0.00000000000000000000000000000000000000000000000000;0.00000000000000000000000000000000000000000000000000;0.54595409306672615893987539132532372806434474186081;-0.17759304200882023950801542387127519370128130623639
p13b;(0,1);[0, 1, -1/2]~;0.61318184407332556521463652079765309404837266030483;-0.15167672204688285805602073302741457914154066873935;0.77989091957934501661818159045181500738248324280613;-0.09460873701144666693572629309721478547897246463936
p13b;(0,1);[1, 1, -1/2]~;0.94326138229335317339378174846688792790651087629444;-0.33833929453467249667629397225612790496995951204841;1.12897849140385917213387844589168368760292323814781;-0.24614676720579590985504307991162635751644998289133
p13b;(0,1);[2, 1, -1/2]~;0.75796462716539704228716473073411496597220455147135;0.45074154192447845637282591985341241095392895666057;0.98541740939011156174284793093418220495726178592403;0.32608296029498047379331888993373280497535098401232
p13b;(0,2);[0, 2, -1]~;1.59938046286306184776201072800302914335220223743980;0.69272455611798108900127300971369614316933878851426;1.46898595230593719116818069263442186963293236713757;0.38528395467916995812056479137045074615297103530605
p13b;(0,2);[1, 2, -1]~;0.33602764095425711458223925516962500729189290585260;0.77582935263041160271201761520403563687989814549298;0.63757205218099733851812917008599182292836150822234;0.36904991151030597623491849989333079946787775488510
p13b;(0,2);[2, 2, -1]~;0.33398222634388415259700265145579706689237520056525;-1.10306836060407336487755399633847211275445323854797;0.77526855709974749720584051194945896226026537711108;-0.63828478129386626373566206660264874151239383992613
p13b;(-1,0);[0, 1, 1/2]~;0.77989091957934501661818159045181500738248324280613;-0.09460873701144666693572629309721478547897246463936;0.86540796643238923524017091736742948799651264145364;-0.04628722932170975707840184239101560272050521548903
p13b;(-1,0);[1, 1, 1/2]~;1.12897849140385917213387844589168368760292323814781;-0.24614676720579590985504307991162635751644998289133;1.10045081401585300522527769592572814646622993521701;-0.13155005274927654140472621142200665541811057577528
p13b;(-1,0);[2, 1, 1/2]~;0.98541740939011156174284793093418220495726178592403;0.32608296029498047379331888993373280497535098401232;1.02016886204233129572825422785080416462930061334943;0.17452254052735521211681255513219870167696455484126
p13b;(1,-1);[0, -2, 0]~;1.46898595230593719116818069263442186963293236713757;-0.38528395467916995812056479137045074615297103530605;1.23865166438691148903969846263591619434497866930642;-0.16870310956364326056463293340423542096171331448763
p13b;(1,-1);[1, -2, 0]~;0.77526855709974749720584051194945896226026537711108;0.63828478129386626373566206660264874151239383992613;0.93901560380663119671312837723532948660454791015588;0.29331958869398625609256626365006691426849345879001
p13b;(1,-1);[2, -2, 0]~;0.63757205218099733851812917008599182292836150822234;-0.36904991151030597623491849989333079946787775488510;0.80665253270747321067725871557226792299760862771628;-0.14735491442555508324876342208369828324396736985850
p13b;(2,1);[0, -1, -3/2]~;0.00000000000000000000000000000000000000000000000000;0.00000000000000000000000000000000000000000000000000;0.61318184407332556521463652079765309404837266030483;0.15167672204688285805602073302741457914154066873935
p13b;(2,1);[1, -1, -3/2]~;0.00000000000000000000000000000000000000000000000000;0.00000000000000000000000000000000000000000000000000;0.75796462716539704228716473073411496597220455147135;-0.45074154192447845637282591985341241095392895666057
p13b;(2,1);[2, -1, -3/2]~;0.00000000000000000000000000000000000000000000000000;0.00000000000000000000000000000000000000000000000000;0.94326138229335317339378174846688792790651087629444;0.33833929453467249667629397225612790496995951204841
p13b;(1,2);[0, 1, -3/2]~;0.00000000000000000000000000000000000000000000000000;0.00000000000000000000000000000000000000000000000000;0.61318184407332556521463652079765309404837266030483;-0.15167672204688285805602073302741457914154066873935
p13b;(1,2);[1, 1, -3/2]~;0.00000000000000000000000000000000000000000000000000;0.00000000000000000000000000000000000000000000000000;0.94326138229335317339378174846688792790651087629444;-0.33833929453467249667629397225612790496995951204841
p13b;(1,2);[2, 1, -3/2]~;0.00000000000000000000000000000000000000000000000000;0.00000000000000000000000000000000000000000000000000;0.75796462716539704228716473073411496597220455147135;0.45074154192447845637282591985341241095392895666057
p13b;(3,0);[0, -3, -3/2]~;2.32450747768776999980206661199456057489068503675677;-0.05264899772808955007328408178168353994839497217103;1.15348109743577027724952295372526037390380828834127;0.05817883446775619118403615217205646116084602766375
p13b;(3,0);[1, -3, -3/2]~;-0.88437567248158020953362763477731025085743324058654;1.73203918571903391123139759977484899500443876814325;0.18507856424310257154460665351616361567325450025728;0.24883354070826982001921656065643323391434289283087
p13b;(3,0);[2, -3, -3/2]~;3.91537075689026736691614767247265669619586316686111;0.86200606534223853141397345302679760201550115856155;2.35831396649867700344529745551922105390605833611493;0.36197089321886755614657652031559908025702280398297
p13b;(0,3);[0, 3, -3/2]~;2.32450747768776999980206661199456057489068503675677;0.05264899772808955007328408178168353994839497217103;1.15348109743577027724952295372526037390380828834127;-0.05817883446775619118403615217205646116084602766375
p13b;(0,3);[1, 3, -3/2]~;3.91537075689026736691614767247265669619586316686111;-0.86200606534223853141397345302679760201550115856155;2.35831396649867700344529745551922105390605833611493;-0.36197089321886755614657652031559908025702280398297
p13b;(0,3);[2, 3, -3/2]~;-0.88437567248158020953362763477731025085743324058654;-1.73203918571903391123139759977484899500443876814325;0.18507856424310257154460665351616361567325450025728;-0.24883354070826982001921656065643323391434289283087
p17a;(1,0);[0, -1, -1/2]~;0.64298090110472724155027922745529470019776792728837;0.24446621292937673117396502495233425697853131421654;0.78443602451107935365582433130987907916745599031341;0.13676828904784021798356448423371252816354830673145
p17a;(1,0);[1, -1, -1/2]~;0.85493509338885743229829553544110928387169721835891;0.56848251381142875095217649031124384932111948335962;1.04137362273818127930341318768216364414888938359748;0.36227381910309058663466761744118113167998213680336
p17a;(1,0);[2, -1, -1/2]~;1.20603601040193104802257220589115384961998249844341;-0.23487601174184751933549703230360322454332634978945;1.26839722043150853072893803462133899140148129837349;-0.15147472858187536596056343024932592371295073208703
p17a;(1,0);[3, -1, -1/2]~;0.53262982414227154370096030832144096840520039846724;-0.54166360376511708304166115380206591384700408876560;0.80708137714871223760701932007042860713108122299433;-0.33725706228990956714914653395075252027322221881152
p17a;(2,0);[0, -2, -1]~;1.38596734066845504419280050484808254170175226013345;-1.36246555538361302616150194719401344394795285486636;1.33215164587290644428145320968764623584836850161182;-0.64675524399931223061573479139208224912374197436683
p17a;(2,0);[1, -2, -1]~;1.11234020837682007398528178225013248899699519238435;0.28040966913621831856980717572182371231698916324478;0.87405954495708935220602494322711237401498077636746;0.00171835289919967511824582271622927939398042722141
p17a;(2,0);[2, -2, -1]~;-0.19483667038216475674759424108489756825389745092479;-0.55078638916972413244890193826106341749097929219353;0.44393639876673294744337812897390267395471248892423;-0.03290830967182236819117612411860703380735097083047
p17a;(2,0);[3, -2, -1]~;1.63001033549197359955263151801825786248451751233790;1.17585190152797326549647554351086252135894230998180;1.42219774568105551100625854921785497011602708504091;0.56796248746720356870313200436579773990550107852001
p17a;(1,1);[0, 0, -1]~;-0.25000000000000000000000000000000000000000000000000;0.00000000000000000000000000000000000000000000000000;0.00000000000000000000000000000000000000000000000000;0.00000000000000000000000000000000000000000000000000
p17a;(1,1);[1, 0, -1]~;0.00000000000000000000000000000000000000000000000000;0.00000000000000000000000000000000000000000000000000;0.65362232723783574910648686944372525946947265383231;-0.25110895068210199393790116889945972106510994858596
p17a;(1,1);[2, 0, -1]~;0.00000000000000000000000000000000000000000000000000;0.00000000000000000000000000000000000000000000000000;0.55839954151569709239457472080545941406836608461140;0.00000000000000000000000000000000000000000000000000
p17a;(1,1);[3, 0, -1]~;0.00000000000000000000000000000000000000000000000000;0.00000000000000000000000000000000000000000000000000;0.65362232723783574910648686944372525946947265383231;0.25110895068210199393790116889945972106510994858596
p17a;(0,1);[0, 1, -1/2]~;0.64298090110472724155027922745529470019776792728837;-0.24446621292937673117396502495233425697853131421654;0.78443602451107935365582433130987907916745599031341;-0.13676828904784021798356448423371252816354830673145
p17a;(0,1);[1, 1, -1/2]~;0.53262982414227154370096030832144096840520039846724;0.54166360376511708304166115380206591384700408876560;0.80708137714871223760701932007042860713108122299433;0.33725706228990956714914653395075252027322221881152
p17a;(0,1);[2, 1, -1/2]~;1.20603601040193104802257220589115384961998249844341;0.23487601174184751933549703230360322454332634978945;1.26839722043150853072893803462133899140148129837349;0.15147472858187536596056343024932592371295073208703
p17a;(0,1);[3, 1, -1/2]~;0.85493509338885743229829553544110928387169721835891;-0.56848251381142875095217649031124384932111948335962;1.04137362273818127930341318768216364414888938359748;-0.36227381910309058663466761744118113167998213680336
p17a;(0,2);[0, 2, -1]~;1.38596734066845504419280050484808254170175226013345;1.36246555538361302616150194719401344394795285486636;1.33215164587290644428145320968764623584836850161182;0.64675524399931223061573479139208224912374197436683
p17a;(0,2);[1, 2, -1]~;1.63001033549197359955263151801825786248451751233790;-1.17585190152797326549647554351086252135894230998180;1.42219774568105551100625854921785497011602708504091;-0.56796248746720356870313200436579773990550107852001
p17a;(0,2);[2, 2, -1]~;-0.19483667038216475674759424108489756825389745092479;0.55078638916972413244890193826106341749097929219353;0.44393639876673294744337812897390267395471248892423;0.03290830967182236819117612411860703380735097083047
p17a;(0,2);[3, 2, -1]~;1.11234020837682007398528178225013248899699519238435;-0.28040966913621831856980717572182371231698916324478;0.87405954495708935220602494322711237401498077636746;-0.00171835289919967511824582271622927939398042722141
p17a;(-1,0);[0, 1, 1/2]~;0.78443602451107935365582433130987907916745599031341;-0.13676828904784021798356448423371252816354830673145;0.86735325965309009482147033303840686829106939443746;-0.06544053051534260610990630004962915284266856488522
p17a;(-1,0);[1, 1, 1/2]~;0.80708137714871223760701932007042860713108122299433;0.33725706228990956714914653395075252027322221881152;0.91683927021088719403090719499662502309142122999568;0.16773792090135467456548974284007759787471801377843
p17a;(-1,0);[2, 1, 1/2]~;1.26839722043150853072893803462133899140148129837349;0.15147472858187536596056343024932592371295073208703;1.15865624254143581649216551065948548764168090252926;0.07576094108251080126504134044194496338508388541303
p17a;(-1,0);[3, 1, 1/2]~;1.04137362273818127930341318768216364414888938359748;-0.36227381910309058663466761744118113167998213680336;1.04615654546377591325768319887871069153467414340230;-0.17982290452273994903365361009717392712393033058819
p17a;(1,-1);[0, -2, 0]~;1.33215164587290644428145320968764623584836850161182;-0.64675524399931223061573479139208224912374197436683;1.17773378848831058635532758888315881924667961107450;-0.25690130519021858982506020914318733657895046504652
p17a;(1,-1);[1, -2, 0]~;0.87405954495708935220602494322711237401498077636746;0.00171835289919967511824582271622927939398042722141;0.86728954010441173605500072504978059253105301137078;-0.07723202146847773113351554054778870041003741898556
p17a;(1,-1);[2, -2, 0]~;0.44393639876673294744337812897390267395471248892423;-0.03290830967182236819117612411860703380735097083047;0.76942992853001817736062312866904953125271530713317;0.08311810427666737222234874097696956379801668673389
p17a;(1,-1);[3, -2, 0]~;1.42219774568105551100625854921785497011602708504091;0.56796248746720356870313200436579773990550107852001;1.20064838876281205360289762924785138881710460158093;0.23468293312308212579437455545976820044215635520379
p17a;(2,1);[0, -1, -3/2]~;0.00000000000000000000000000000000000000000000000000;0.00000000000000000000000000000000000000000000000000;0.64298090110472724155027922745529470019776792728837;0.24446621292937673117396502495233425697853131421654
p17a;(2,1);[1, -1, -3/2]~;0.00000000000000000000000000000000000000000000000000;0.00000000000000000000000000000000000000000000000000;0.85493509338885743229829553544110928387169721835891;0.56848251381142875095217649031124384932111948335962
p17a;(2,1);[2, -1, -3/2]~;0.00000000000000000000000000000000000000000000000000;0.00000000000000000000000000000000000000000000000000;1.20603601040193104802257220589115384961998249844341;-0.23487601174184751933549703230360322454332634978945
p17a;(2,1);[3, -1, -3/2]~;0.00000000000000000000000000000000000000000000000000;0.00000000000000000000000000000000000000000000000000;0.53262982414227154370096030832144096840520039846724;-0.54166360376511708304166115380206591384700408876560
p17a;(1,2);[0, 1, -3/2]~;0.00000000000000000000000000000000000000000000000000;0.00000000000000000000000000000000000000000000000000;0.64298090110472724155027922745529470019776792728837;-0.24446621292937673117396502495233425697853131421654
p17a;(1,2);[1, 1, -3/2]~;0.00000000000000000000000000000000000000000000000000;0.00000000000000000000000000000000000000000000000000;0.53262982414227154370096030832144096840520039846724;0.54166360376511708304166115380206591384700408876560
p17a;(1,2);[2, 1, -3/2]~;0.00000000000000000000000000000000000000000000000000;0.00000000000000000000000000000000000000000000000000;1.20603601040193104802257220589115384961998249844341;0.23487601174184751933549703230360322454332634978945
p17a;(1,2);[3, 1, -3/2]~;0.00000000000000000000000000000000000000000000000000;0.00000000000000000000000000000000000000000000000000;0.85493509338885743229829553544110928387169721835891;-0.56848251381142875095217649031124384932111948335962
p17a;(3,0);[0, -3, -3/2]~;2.63307105634151623004808373545449698941496731531825;2.25821232501908969629432488502450347054138031829079;1.31221955207175882331296506809159195936501669906229;0.70673171078739927363063439102726546352745566320909
p17a;(3,0);[1, -3, -3/2]~;1.97524445237490959018009335182472511336364956284666;4.39075992383523537894915081786594322848580828008149;1.65904312841608722792478581221799697191810049620105;1.44780238621311951259700626733928811741519696614145
p17a;(3,0);[2, -3, -3/2]~;-1.76705810687140800794583882040395891755878187603416;-3.30180326512617922172369654854224267020790983635846;0.42456449676617202859808182935740547861300616154071;-1.35401636789860853129748346304529442089199724618944
p17a;(3,0);[3, -3, -3/2]~;-1.98811520371758922835876820968223811247687985356785;1.06989826608888674943215164312372696674113834776645;0.02758139603721756075732639860177807586391794717550;0.08992240307033708018034764131595193659126464865063
p17a;(0,3);[0, 3, -3/2]~;2.63307105634151623004808373545449698941496731531825;-2.25821232501908969629432488502450347054138031829079;1.31221955207175882331296506809159195936501669906229;-0.70673171078739927363063439102726546352745566320909
p17a;(0,3);[1, 3, -3/2]~;-1.98811520371758922835876820968223811247687985356785;-1.06989826608888674943215164312372696674113834776645;0.02758139603721756075732639860177807586391794717550;-0.08992240307033708018034764131595193659126464865063
p17a;(0,3);[2, 3, -3/2]~;-1.76705810687140800794583882040395891755878187603416;3.30180326512617922172369654854224267020790983635846;0.42456449676617202859808182935740547861300616154071;1.35401636789860853129748346304529442089199724618944
p17a;(0,3);[3, 3, -3/2]~;1.97524445237490959018009335182472511336364956284666;-4.39075992383523537894915081786594322848580828008149;1.65904312841608722792478581221799697191810049620105;-1.44780238621311951259700626733928811741519696614145
p17b;(1,0);[0, -1, -1/2]~;0.64298090110472724155027922745529470019776792728837;-0.24446621292937673117396502495233425697853131421654;0.78443602451107935365582433130987907916745599031341;-0.13676828904784021798356448423371252816354830673145
p17b;(1,0);[1, -1, -1/2]~;0.53262982414227154370096030832144096840520039846724;0.54166360376511708304166115380206591384700408876560;0.80708137714871223760701932007042860713108122299433;0.33725706228990956714914653395075252027322221881152
p17b;(1,0);[2, -1, -1/2]~;1.20603601040193104802257220589115384961998249844341;0.23487601174184751933549703230360322454332634978945;1.26839722043150853072893803462133899140148129837349;0.15147472858187536596056343024932592371295073208703
p17b;(1,0);[3, -1, -1/2]~;0.85493509338885743229829553544110928387169721835891;-0.56848251381142875095217649031124384932111948335962;1.04137362273818127930341318768216364414888938359748;-0.36227381910309058663466761744118113167998213680336
p17b;(2,0);[0, -2, -1]~;1.38596734066845504419280050484808254170175226013345;1.36246555538361302616150194719401344394795285486636;1.33215164587290644428145320968764623584836850161182;0.64675524399931223061573479139208224912374197436683
p17b;(2,0);[1, -2, -1]~;1.63001033549197359955263151801825786248451751233790;-1.17585190152797326549647554351086252135894230998180;1.42219774568105551100625854921785497011602708504091;-0.56796248746720356870313200436579773990550107852001
p17b;(2,0);[2, -2, -1]~;-0.19483667038216475674759424108489756825389745092479;0.55078638916972413244890193826106341749097929219353;0.44393639876673294744337812897390267395471248892423;0.03290830967182236819117612411860703380735097083047
p17b;(2,0);[3, -2, -1]~;1.11234020837682007398528178225013248899699519238435;-0.28040966913621831856980717572182371231698916324478;0.87405954495708935220602494322711237401498077636746;-0.00171835289919967511824582271622927939398042722141
p17b;(1,1);[0, 0, -1]~;-0.25000000000000000000000000000000000000000000000000;0.00000000000000000000000000000000000000000000000000;0.00000000000000000000000000000000000000000000000000;0.00000000000000000000000000000000000000000000000000
p17b;(1,1);[1, 0, -1]~;0.00000000000000000000000000000000000000000000000000;0.00000000000000000000000000000000000000000000000000;0.65362232723783574910648686944372525946947265383231;-0.25110895068210199393790116889945972106510994858596
p17b;(1,1);[2, 0, -1]~;0.00000000000000000000000000000000000000000000000000;0.00000000000000000000000000000000000000000000000000;0.55839954151569709239457472080545941406836608461140;0.00000000000000000000000000000000000000000000000000
p17b;(1,1);[3, 0, -1]~;0.00000000000000000000000000000000000000000000000000;0.00000000000000000000000000000000000000000000000000;0.65362232723783574910648686944372525946947265383231;0.25110895068210199393790116889945972106510994858596
p17b;(0,1);[0, 1, -1/2]~;0.64298090110472724155027922745529470019776792728837;0.24446621292937673117396502495233425697853131421654;0.78443602451107935365582433130987907916745599031341;0.13676828904784021798356448423371252816354830673145
p17b;(0,1);[1, 1, -1/2]~;0.85493509338885743229829553544110928387169721835891;0.56848251381142875095217649031124384932111948335962;1.04137362273818127930341318768216364414888938359748;0.36227381910309058663466761744118113167998213680336
p17b;(0,1);[2, 1, -1/2]~;1.20603601040193104802257220589115384961998249844341;-0.23487601174184751933549703230360322454332634978945;1.26839722043150853072893803462133899140148129837349;-0.15147472858187536596056343024932592371295073208703
p17b;(0,1);[3, 1, -1/2]~;0.53262982414227154370096030832144096840520039846724;-0.54166360376511708304166115380206591384700408876560;0.80708137714871223760701932007042860713108122299433;-0.33725706228990956714914653395075252027322221881152
p17b;(0,2);[0, 2, -1]~;1.38596734066845504419280050484808254170175226013345;-1.36246555538361302616150194719401344394795285486636;1.33215164587290644428145320968764623584836850161182;-0.64675524399931223061573479139208224912374197436683
p17b;(0,2);[1, 2, -1]~;1.11234020837682007398528178225013248899699519238435;0.28040966913621831856980717572182371231698916324478;0.87405954495708935220602494322711237401498077636746;0.00171835289919967511824582271622927939398042722141
p17b;(0,2);[2, 2, -1]~;-0.19483667038216475674759424108489756825389745092479;-0.55078638916972413244890193826106341749097929219353;0.44393639876673294744337812897390267395471248892423;-0.03290830967182236819117612411860703380735097083047
p17b;(0,2);[3, 2, -1]~;1.63001033549197359955263151801825786248451751233790;1.17585190152797326549647554351086252135894230998180;1.42219774568105551100625854921785497011602708504091;0.56796248746720356870313200436579773990550107852001
p17b;(-1,0);[0, 1, 1/2]~;0.78443602451107935365582433130987907916745599031341;0.13676828904784021798356448423371252816354830673145;0.86735325965309009482147033303840686829106939443746;0.06544053051534260610990630004962915284266856488522
p17b;(-1,0);[1, 1, 1/2]~;1.04137362273818127930341318768216364414888938359748;0.36227381910309058663466761744118113167998213680336;1.04615654546377591325768319887871069153467414340230;0.17982290452273994903365361009717392712393033058819
p17b;(-1,0);[2, 1, 1/2]~;1.26839722043150853072893803462133899140148129837349;-0.15147472858187536596056343024932592371295073208703;1.15865624254143581649216551065948548764168090252926;-0.07576094108251080126504134044194496338508388541303
p17b;(-1,0);[3, 1, 1/2]~;0.80708137714871223760701932007042860713108122299433;-0.33725706228990956714914653395075252027322221881152;0.91683927021088719403090719499662502309142122999568;-0.16773792090135467456548974284007759787471801377843
p17b;(1,-1);[0, -2, 0]~;1.33215164587290644428145320968764623584836850161182;0.64675524399931223061573479139208224912374197436683;1.17773378848831058635532758888315881924667961107450;0.25690130519021858982506020914318733657895046504652
p17b;(1,-1);[1, -2, 0]~;1.42219774568105551100625854921785497011602708504091;-0.56796248746720356870313200436579773990550107852001;1.20064838876281205360289762924785138881710460158093;-0.23468293312308212579437455545976820044215635520379
p17b;(1,-1);[2, -2, 0]~;0.44393639876673294744337812897390267395471248892423;0.03290830967182236819117612411860703380735097083047;0.76942992853001817736062312866904953125271530713317;-0.08311810427666737222234874097696956379801668673389
p17b;(1,-1);[3, -2, 0]~;0.87405954495708935220602494322711237401498077636746;-0.00171835289919967511824582271622927939398042722141;0.86728954010441173605500072504978059253105301137078;0.07723202146847773113351554054778870041003741898556
p17b;(2,1);[0, -1, -3/2]~;0.00000000000000000000000000000000000000000000000000;0.00000000000000000000000000000000000000000000000000;0.64298090110472724155027922745529470019776792728837;-0.24446621292937673117396502495233425697853131421654
p17b;(2,1);[1, -1, -3/2]~;0.00000000000000000000000000000000000000000000000000;0.00000000000000000000000000000000000000000000000000;0.53262982414227154370096030832144096840520039846724;0.54166360376511708304166115380206591384700408876560
p17b;(2,1);[2, -1, -3/2]~;0.00000000000000000000000000000000000000000000000000;0.00000000000000000000000000000000000000000000000000;1.20603601040193104802257220589115384961998249844341;0.23487601174184751933549703230360322454332634978945
p17b;(2,1);[3, -1, -3/2]~;0.00000000000000000000000000000000000000000000000000;0.00000000000000000000000000000000000000000000000000;0.85493509338885743229829553544110928387169721835891;-0.56848251381142875095217649031124384932111948335962
p17b;(1,2);[0, 1, -3/2]~;0.00000000000000000000000000000000000000000000000000;0.00000000000000000000000000000000000000000000000000;0.64298090110472724155027922745529470019776792728837;0.24446621292937673117396502495233425697853131421654
p17b;(1,2);[1, 1, -3/2]~;0.00000000000000000000000000000000000000000000000000;0.00000000000000000000000000000000000000000000000000;0.85493509338885743229829553544110928387169721835891;0.56848251381142875095217649031124384932111948335962
p17b;(1,2);[2, 1, -3/2]~;0.00000000000000000000000000000000000000000000000000;0.00000000000000000000000000000000000000000000000000;1.20603601040193104802257220589115384961998249844341;-0.23487601174184751933549703230360322454332634978945
p17b;(1,2);[3, 1, -3/2]~;0.00000000000000000000000000000000000000000000000000;0.00000000000000000000000000000000000000000000000000;0.53262982414227154370096030832144096840520039846724;-0.54166360376511708304166115380206591384700408876560
p17b;(3,0);[0, -3, -3/2]~;2.63307105634151623004808373545449698941496731531825;-2.25821232501908969629432488502450347054138031829079;1.31221955207175882331296506809159195936501669906229;-0.70673171078739927363063439102726546352745566320909
p17b;(3,0);[1, -3, -3/2]~;-1.98811520371758922835876820968223811247687985356785;-1.06989826608888674943215164312372696674113834776645;0.02758139603721756075732639860177807586391794717550;-0.08992240307033708018034764131595193659126464865063
p17b;(3,0);[2, -3, -3/2]~;-1.76705810687140800794583882040395891755878187603416;3.30180326512617922172369654854224267020790983635846;0.42456449676617202859808182935740547861300616154071;1.35401636789860853129748346304529442089199724618944
p17b;(3,0);[3, -3, -3/2]~;1.97524445237490959018009335182472511336364956284666;-4.39075992383523537894915081786594322848580828008149;1.65904312841608722792478581221799697191810049620105;-1.44780238621311951259700626733928811741519696614145
p17b;(0,3);[0, 3, -3/2]~;2.63307105634151623004808373545449698941496731531825;2.25821232501908969629432488502450347054138031829079;1.31221955207175882331296506809159195936501669906229;0.70673171078739927363063439102726546352745566320909
p17b;(0,3);[1, 3, -3/2]~;1.97524445237490959018009335182472511336364956284666;4.39075992383523537894915081786594322848580828008149;1.65904312841608722792478581221799697191810049620105;1.44780238621311951259700626733928811741519696614145
p17b;(0,3);[2, 3, -3/2]~;-1.76705810687140800794583882040395891755878187603416;-3.30180326512617922172369654854224267020790983635846;0.42456449676617202859808182935740547861300616154071;-1.35401636789860853129748346304529442089199724618944
p17b;(0,3);[3, 3, -3/2]~;-1.98811520371758922835876820968223811247687985356785;1.06989826608888674943215164312372696674113834776645;0.02758139603721756075732639860177807586391794717550;0.08992240307033708018034764131595193659126464865063
(5);(1,0);[0, -1, -1/2]~;0.41252303869963421541768558030791080365840457025960;0.11718915039593348648403944293729983553515502080228;0.71357292546965472555818988473366987290804584790438;0.13038786173698411822564656945273515557348346864268
(5);(1,0);[1, -1, -1/2]~;0.41252303869963421541768558030791080365840457025960;-0.11718915039593348648403944293729983553515502080228;0.71357292546965472555818988473366987290804584790438;-0.13038786173698411822564656945273515557348346864268
(5);(1,0);[2, -1, -1/2]~;1.18447246332791222503024190200298687480201158838165;-0.66038665030640488493473087919078975318222205947915;1.21206559551319817948154722484069492497979788034360;-0.34826199343038197512116494473154991334907827620963
(5);(1,0);[3, -1, -1/2]~;1.18447246332791222503024190200298687480201158838165;0.66038665030640488493473087919078975318222205947915;1.21206559551319817948154722484069492497979788034360;0.34826199343038197512116494473154991334907827620963
(5);(2,0);[0, -2, -1]~;0.55674763846861735119365853088099603829422186345804;-0.34408896372984398024189934038897350835115565227315;0.85607167685404896463408404526754534245030761944796;-0.33570849540608321979457919686150827689535574149504
(5);(2,0);[1, -2, -1]~;2.92699555141807530962578532040927200967163034736272;0.00000000000000000000000000000000000000000000000000;1.83908554428500626187153691905943537966553458877915;0.00000000000000000000000000000000000000000000000000
(5);(2,0);[2, -2, -1]~;0.55674763846861735119365853088099603829422186345804;0.34408896372984398024189934038897350835115565227315;0.85607167685404896463408404526754534245030761944796;0.33570849540608321979457919686150827689535574149504
(5);(2,0);[3, -2, -1]~;1.30899220456205947137256402889613871153800896943447;0.00000000000000000000000000000000000000000000000000;0.82246405869169477385282459774533364861027519733991;0.00000000000000000000000000000000000000000000000000
(5);(1,1);[0, 0, -1]~;-0.25000000000000000000000000000000000000000000000000;0.00000000000000000000000000000000000000000000000000;0.00000000000000000000000000000000000000000000000000;0.00000000000000000000000000000000000000000000000000
(5);(1,1);[1, 0, -1]~;0.00000000000000000000000000000000000000000000000000;0.00000000000000000000000000000000000000000000000000;0.70725989604447802770039978864956481873447768587828;0.32832707140348739184669392896490505410971475502159
(5);(1,1);[2, 0, -1]~;0.00000000000000000000000000000000000000000000000000;0.00000000000000000000000000000000000000000000000000;0.60470861377111478337634126539784173807255168068350;0.00000000000000000000000000000000000000000000000000
(5);(1,1);[3, 0, -1]~;0.00000000000000000000000000000000000000000000000000;0.00000000000000000000000000000000000000000000000000;0.70725989604447802770039978864956481873447768587828;-0.32832707140348739184669392896490505410971475502159
(5);(0,1);[0, 1, -1/2]~;0.41252303869963421541768558030791080365840457025960;-0.11718915039593348648403944293729983553515502080228;0.71357292546965472555818988473366987290804584790438;-0.13038786173698411822564656945273515557348346864268
(5);(0,1);[1, 1, -1/2]~;1.18447246332791222503024190200298687480201158838165;-0.66038665030640488493473087919078975318222205947915;1.21206559551319817948154722484069492497979788034360;-0.34826199343038197512116494473154991334907827620963
(5);(0,1);[2, 1, -1/2]~;1.18447246332791222503024190200298687480201158838165;0.66038665030640488493473087919078975318222205947915;1.21206559551319817948154722484069492497979788034360;0.34826199343038197512116494473154991334907827620963
(5);(0,1);[3, 1, -1/2]~;0.41252303869963421541768558030791080365840457025960;0.11718915039593348648403944293729983553515502080228;0.71357292546965472555818988473366987290804584790438;0.13038786173698411822564656945273515557348346864268
(5);(0,2);[0, 2, -1]~;0.55674763846861735119365853088099603829422186345804;0.34408896372984398024189934038897350835115565227315;0.85607167685404896463408404526754534245030761944796;0.33570849540608321979457919686150827689535574149504
(5);(0,2);[1, 2, -1]~;1.30899220456205947137256402889613871153800896943447;0.00000000000000000000000000000000000000000000000000;0.82246405869169477385282459774533364861027519733991;0.00000000000000000000000000000000000000000000000000
(5);(0,2);[2, 2, -1]~;0.55674763846861735119365853088099603829422186345804;-0.34408896372984398024189934038897350835115565227315;0.85607167685404896463408404526754534245030761944796;-0.33570849540608321979457919686150827689535574149504
(5);(0,2);[3, 2, -1]~;2.92699555141807530962578532040927200967163034736272;0.00000000000000000000000000000000000000000000000000;1.83908554428500626187153691905943537966553458877915;0.00000000000000000000000000000000000000000000000000
(5);(-1,0);[0, 1, 1/2]~;0.71357292546965472555818988473366987290804584790438;-0.13038786173698411822564656945273515557348346864268;0.86464370285856916093870885245090860365694011359610;-0.09181495769030660917621350614952121738088076878153
(5);(-1,0);[1, 1, 1/2]~;1.21206559551319817948154722484069492497979788034360;-0.34826199343038197512116494473154991334907827620963;1.12061897262588280019760189447517749671795885718434;-0.15458172745560950129087106770294836092906314688613
(5);(-1,0);[2, 1, 1/2]~;1.21206559551319817948154722484069492497979788034360;0.34826199343038197512116494473154991334907827620963;1.12061897262588280019760189447517749671795885718434;0.15458172745560950129087106770294836092906314688613
(5);(-1,0);[3, 1, 1/2]~;0.71357292546965472555818988473366987290804584790438;0.13038786173698411822564656945273515557348346864268;0.86464370285856916093870885245090860365694011359610;0.09181495769030660917621350614952121738088076878153
(5);(1,-1);[0, -2, 0]~;0.85607167685404896463408404526754534245030761944796;-0.33570849540608321979457919686150827689535574149504;0.95871829209866881015718037072307753339178062005150;-0.21437169291217084487356331950555195654779166360477
(5);(1,-1);[1, -2, 0]~;1.83908554428500626187153691905943537966553458877915;0.00000000000000000000000000000000000000000000000000;1.33024680114309567063266915261905451291420328509876;0.00000000000000000000000000000000000000000000000000
(5);(1,-1);[2, -2, 0]~;0.85607167685404896463408404526754534245030761944796;0.33570849540608321979457919686150827689535574149504;0.95871829209866881015718037072307753339178062005150;0.21437169291217084487356331950555195654779166360477
(5);(1,-1);[3, -2, 0]~;0.82246405869169477385282459774533364861027519733991;0.00000000000000000000000000000000000000000000000000;0.81929417373394654690054328318150472605584938174055;0.00000000000000000000000000000000000000000000000000
(5);(2,1);[0, -1, -3/2]~;0.00000000000000000000000000000000000000000000000000;0.00000000000000000000000000000000000000000000000000;0.41252303869963421541768558030791080365840457025960;0.11718915039593348648403944293729983553515502080228
(5);(2,1);[1, -1, -3/2]~;0.00000000000000000000000000000000000000000000000000;0.00000000000000000000000000000000000000000000000000;0.41252303869963421541768558030791080365840457025960;-0.11718915039593348648403944293729983553515502080228
(5);(2,1);[2, -1, -3/2]~;0.00000000000000000000000000000000000000000000000000;0.00000000000000000000000000000000000000000000000000;1.18447246332791222503024190200298687480201158838165;-0.66038665030640488493473087919078975318222205947915
(5);(2,1);[3, -1, -3/2]~;0.00000000000000000000000000000000000000000000000000;0.00000000000000000000000000000000000000000000000000;1.18447246332791222503024190200298687480201158838165;0.66038665030640488493473087919078975318222205947915
(5);(1,2);[0, 1, -3/2]~;0.00000000000000000000000000000000000000000000000000;0.00000000000000000000000000000000000000000000000000;0.41252303869963421541768558030791080365840457025960;-0.11718915039593348648403944293729983553515502080228
(5);(1,2);[1, 1, -3/2]~;0.00000000000000000000000000000000000000000000000000;0.00000000000000000000000000000000000000000000000000;1.18447246332791222503024190200298687480201158838165;-0.66038665030640488493473087919078975318222205947915
(5);(1,2);[2, 1, -3/2]~;0.00000000000000000000000000000000000000000000000000;0.00000000000000000000000000000000000000000000000000;1.18447246332791222503024190200298687480201158838165;0.66038665030640488493473087919078975318222205947915
(5);(1,2);[3, 1, -3/2]~;0.00000000000000000000000000000000000000000000000000;0.00000000000000000000000000000000000000000000000000;0.41252303869963421541768558030791080365840457025960;0.11718915039593348648403944293729983553515502080228
(5);(3,0);[0, -3, -3/2]~;1.10356306918926780167961832695524030927504371971892;0.61527670860002014264717203053666199946426199944993;1.31007841021143951193628233615408463559181627227105;0.50318479413505551197632025457725812184043532071741
(5);(3,0);[1, -3, -3/2]~;-1.09184149476353203280430835732411605265346580316493;3.84344258556748103665861449317087082812665001301767;0.43222048862396738860989799915221000152829814361865;0.77523261050732848237716269587247670839931302089166
(5);(3,0);[2, -3, -3/2]~;-1.09184149476353203280430835732411605265346580316493;-3.84344258556748103665861449317087082812665001301767;0.43222048862396738860989799915221000152829814361865;-0.77523261050732848237716269587247670839931302089166
(5);(3,0);[3, -3, -3/2]~;1.10356306918926780167961832695524030927504371971892;-0.61527670860002014264717203053666199946426199944993;1.31007841021143951193628233615408463559181627227105;-0.50318479413505551197632025457725812184043532071741
(5);(0,3);[0, 3, -3/2]~;1.10356306918926780167961832695524030927504371971892;-0.61527670860002014264717203053666199946426199944993;1.31007841021143951193628233615408463559181627227105;-0.50318479413505551197632025457725812184043532071741
(5);(0,3);[1, 3, -3/2]~;1.10356306918926780167961832695524030927504371971892;0.61527670860002014264717203053666199946426199944993;1.31007841021143951193628233615408463559181627227105;0.50318479413505551197632025457725812184043532071741
(5);(0,3);[2, 3, -3/2]~;-1.09184149476353203280430835732411605265346580316493;3.84344258556748103665861449317087082812665001301767;0.43222048862396738860989799915221000152829814361865;0.77523261050732848237716269587247670839931302089166
(5);(0,3);[3, 3, -3/2]~;-1.09184149476353203280430835732411605265346580316493;-3.84344258556748103665861449317087082812665001301767;0.43222048862396738860989799915221000152829814361865;-0.77523261050732848237716269587247670839931302089166
(17);(1,0);[0, 0, -1, -1/2]~;0.64298090110472724155027922745529470019776792728837;-0.24446621292937673117396502495233425697853131421654;0.78443602451107935365582433130987907916745599031341;-0.13676828904784021798356448423371252816354830673145
(17);(1,0);[1, 0, -1, -1/2]~;1.20603601040193104802257220589115384961998249844341;-0.23487601174184751933549703230360322454332634978945;1.26839722043150853072893803462133899140148129837349;-0.15147472858187536596056343024932592371295073208703
(17);(1,0);[2, 0, -1, -1/2]~;0.20832717773170285166027091524856059949778727588792;0.73466092995610235285518684390250161442895979805968;0.74386416617260891896375322417493067067274033892258;0.25785793939413213675514647859036294049231694728678
(17);(1,0);[3, 0, -1, -1/2]~;1.00910041352615364627551261379296872688009159889473;-1.21130332953345590618425759804039602630179063371161;0.92480870072528535547910453343869762128974877232773;-0.30503684718186928357109923656304277288521312506056
(17);(1,0);[4, 0, -1, -1/2]~;1.81777037928606114859809144113913728014888073232321;2.40085052339734103737203188843859422356764354299730;1.46683157022365256884711285240518378767603536379483;0.42966032105376656762568656370395504545846583834835
(17);(1,0);[5, 0, -1, -1/2]~;0.99082533138048069822428545223682281389717638682569;-0.01472108126846917623045458229329349082511041297764;0.74212257828774722452616620054084108688261563276690;0.01900257282723540256071835359999323462297445420810
(17);(1,0);[6, 0, -1, -1/2]~;-0.39526075761097544558235390413497303134073460650698;-1.20646776483575268652836485230924589978930953270369;0.91785917995392841702916204080980793358740351112337;-0.53302393294762070176868015238758648838051989543703
(17);(1,0);[7, 0, -1, -1/2]~;-0.42789176393892045524617511617795052769547025702237;0.55786861242236316659585238951997323781565574623148;0.87819224311491350438571631285335773792744135880649;0.50068539213270077353886893131049613005287676066262
(17);(1,0);[8, 0, -1, -1/2]~;0.13723682813788365585985707316569969140305410250773;0.41021261141963909983323158312404912614984921518278;0.70635013527865237585714574251249625544764688045512;0.00626946373846844582254545565305599906636419888209
(17);(1,0);[9, 0, -1, -1/2]~;2.70476038960068732995328573978162096072527827508162;-2.24272140340390425977578739088286030795128082869257;1.55841894872013094314765166656175860096842507344848;-0.41879645667885399951237157738130653140953411593188
(17);(1,0);[10, 0, -1, -1/2]~;1.59063136685122154033891458455289061227268645127325;0.60021704355097655884162298354893370986523956179739;0.94795077418067010417239962681179862023439878238544;0.25542234138770010305729201835963252453352399339794
(17);(1,0);[11, 0, -1, -1/2]~;0.15495299825241986597550310443130835204429800166293;0.08602033729579877577931926076589310291565749664073;0.68218128830482790655756254873739857947878102235287;-0.24688111948127197195836373639079370887969207848988
(17);(1,0);[12, 0, -1, -1/2]~;0.18154577739462345085661395444286638691865262517555;1.02484885116132855141708235093738986172244710336538;1.22234104495113965772838511352343243990540186853564;0.22885159406350853970028933142412249488920336451931
(17);(1,0);[13, 0, -1, -1/2]~;0.94439832155635611876714526687465711085881143424053;1.04986502196802861608278787533802551237778901360736;0.83212928977646761119878473136299118671691407162473;0.21298756458767163909374905342816285381243267871556
(17);(1,0);[14, 0, -1, -1/2]~;1.14267993004402964836346079278522231997931972258368;-1.39574698376757556689424044721748760404722082062653;1.07288327685859318739238156823092946394043145540301;-0.36143670937395373284644799507987031262735304554985
(17);(1,0);[15, 0, -1, -1/2]~;0.60946334621372941389932022759109539402975129362073;-0.55516590582014383933069892940268520739560129071664;1.02992793733215586976451452521800239321393155757020;0.22857743288424582364726890447210769458698001430470
(17);(2,0);[0, 0, -2, -1]~;1.38596734066845504419280050484808254170175226013345;1.36246555538361302616150194719401344394795285486636;1.33215164587290644428145320968764623584836850161182;0.64675524399931223061573479139208224912374197436683
(17);(2,0);[1, 0, -2, -1]~;0.55566135128215731544951217968809711544504022853147;-2.88643240022491902813213248024464169146293232487572;0.52363090951149076212485470792328940136571734608314;0.14450905329918829025672643656068825280428534985810
(17);(2,0);[2, 0, -2, -1]~;1.38596734066845504419280050484808254170175226013345;-1.36246555538361302616150194719401344394795285486636;1.33215164587290644428145320968764623584836850161182;-0.64675524399931223061573479139208224912374197436683
(17);(2,0);[3, 0, -2, -1]~;4.36760859651004734055552318381231884474523677704499;-5.07441033482480296114576611540846300696821940702311;1.23660401831577081978922039390749306407065565189212;0.04056773525469891181801708667913953334348414627016
(17);(2,0);[4, 0, -2, -1]~;1.40622359932604294686313530436284326569659833113134;-3.11251690794351006001989062471931272914019653487116;0.61070960203863229568448542355489857244321179373640;-0.15940994089866383288480579409040052944089852945314
(17);(2,0);[5, 0, -2, -1]~;8.97423368447341410905630652525045285444016662111751;0.00000000000000000000000000000000000000000000000000;1.65843450674939648743082049467433205279550290314936;0.00000000000000000000000000000000000000000000000000
(17);(2,0);[6, 0, -2, -1]~;-2.86062167256378215812943492369506455978136541940353;-1.94670816186230371457240927548087774920894818483222;0.62195361046041571333846334276571329597704929545733;0.14851382747559251409292923563026368593633733686083
(17);(2,0);[7, 0, -2, -1]~;4.36760859651004734055552318381231884474523677704499;5.07441033482480296114576611540846300696821940702311;1.23660401831577081978922039390749306407065565189212;-0.04056773525469891181801708667913953334348414627016
(17);(2,0);[8, 0, -2, -1]~;8.02783707160027317497108150051998151447708691424929;-2.24994922061785301896486018837945443475316162431584;1.51081565065221654437414823736607065382114304888771;0.30201070690518892259334793316190548568401332738851
(17);(2,0);[9, 0, -2, -1]~;0.55566135128215731544951217968809711544504022853147;2.88643240022491902813213248024464169146293232487572;0.52363090951149076212485470792328940136571734608314;-0.14450905329918829025672643656068825280428534985810
(17);(2,0);[10, 0, -2, -1]~;8.02783707160027317497108150051998151447708691424929;2.24994922061785301896486018837945443475316162431584;1.51081565065221654437414823736607065382114304888771;-0.30201070690518892259334793316190548568401332738851
(17);(2,0);[11, 0, -2, -1]~;2.35985336965098353787787146820129142713173490679883;3.58514313702161232723489491148861371544196495172254;0.65703228042571912643536643645823541405084191961099;0.44434394017013556725704970196207378703763933538886
(17);(2,0);[12, 0, -2, -1]~;-2.86062167256378215812943492369506455978136541940353;1.94670816186230371457240927548087774920894818483222;0.62195361046041571333846334276571329597704929545733;-0.14851382747559251409292923563026368593633733686083
(17);(2,0);[13, 0, -2, -1]~;15.44536001632862619731115928579664629903096258721758;0.00000000000000000000000000000000000000000000000000;2.85429585643220829401811489988820472526311971887399;0.00000000000000000000000000000000000000000000000000
(17);(2,0);[14, 0, -2, -1]~;1.40622359932604294686313530436284326569659833113134;3.11251690794351006001989062471931272914019653487116;0.61070960203863229568448542355489857244321179373640;0.15940994089866383288480579409040052944089852945314
(17);(2,0);[15, 0, -2, -1]~;2.35985336965098353787787146820129142713173490679883;-3.58514313702161232723489491148861371544196495172254;0.65703228042571912643536643645823541405084191961099;-0.44434394017013556725704970196207378703763933538886
(17);(1,1);[0, 0, 0, -1]~;-0.25000000000000000000000000000000000000000000000000;0.00000000000000000000000000000000000000000000000000;0.00000000000000000000000000000000000000000000000000;0.00000000000000000000000000000000000000000000000000
(17);(1,1);[1, 0, 0, -1]~;0.00000000000000000000000000000000000000000000000000;0.00000000000000000000000000000000000000000000000000;0.67735115401697640778968629368991683174076252405119;0.00070997511235135412481496498453384220591544733258
(17);(1,1);[2, 0, 0, -1]~;0.00000000000000000000000000000000000000000000000000;0.00000000000000000000000000000000000000000000000000;0.40990478963230107757671556999323966618183256265163;-0.30952654953403677996183433265942044954678179737908
(17);(1,1);[3, 0, 0, -1]~;0.00000000000000000000000000000000000000000000000000;0.00000000000000000000000000000000000000000000000000;1.27036045759949530430421292102016809335359524247472;0.70110008210257670646482910990791808660616223762681
(17);(1,1);[4, 0, 0, -1]~;0.00000000000000000000000000000000000000000000000000;0.00000000000000000000000000000000000000000000000000;0.60847923495062194081986301165661469695175027582019;0.28511361511584554159428182128284937480551337258012
(17);(1,1);[5, 0, 0, -1]~;0.00000000000000000000000000000000000000000000000000;0.00000000000000000000000000000000000000000000000000;1.27036045759949530430421292102016809335359524247472;-0.70110008210257670646482910990791808660616223762681
(17);(1,1);[6, 0, 0, -1]~;0.00000000000000000000000000000000000000000000000000;0.00000000000000000000000000000000000000000000000000;1.07206085873327932196775287534834872962636497243551;0.11254644302434783095411660989989206262448105823369
(17);(1,1);[7, 0, 0, -1]~;0.00000000000000000000000000000000000000000000000000;0.00000000000000000000000000000000000000000000000000;0.67735115401697640778968629368991683174076252405119;-0.00070997511235135412481496498453384220591544733258
(17);(1,1);[8, 0, 0, -1]~;0.00000000000000000000000000000000000000000000000000;0.00000000000000000000000000000000000000000000000000;1.54840789408419726954959635297119084493302275687673;0.00000000000000000000000000000000000000000000000000
(17);(1,1);[9, 0, 0, -1]~;0.00000000000000000000000000000000000000000000000000;0.00000000000000000000000000000000000000000000000000;0.67735115401697640778968629368991683174076252405119;0.00070997511235135412481496498453384220591544733258
(17);(1,1);[10, 0, 0, -1]~;0.00000000000000000000000000000000000000000000000000;0.00000000000000000000000000000000000000000000000000;1.07206085873327932196775287534834872962636497243551;-0.11254644302434783095411660989989206262448105823369
(17);(1,1);[11, 0, 0, -1]~;0.00000000000000000000000000000000000000000000000000;0.00000000000000000000000000000000000000000000000000;1.27036045759949530430421292102016809335359524247472;0.70110008210257670646482910990791808660616223762681
(17);(1,1);[12, 0, 0, -1]~;0.00000000000000000000000000000000000000000000000000;0.00000000000000000000000000000000000000000000000000;0.60847923495062194081986301165661469695175027582019;-0.28511361511584554159428182128284937480551337258012
(17);(1,1);[13, 0, 0, -1]~;0.00000000000000000000000000000000000000000000000000;0.00000000000000000000000000000000000000000000000000;1.27036045759949530430421292102016809335359524247472;-0.70110008210257670646482910990791808660616223762681
(17);(1,1);[14, 0, 0, -1]~;0.00000000000000000000000000000000000000000000000000;0.00000000000000000000000000000000000000000000000000;0.40990478963230107757671556999323966618183256265163;0.30952654953403677996183433265942044954678179737908
(17);(1,1);[15, 0, 0, -1]~;0.00000000000000000000000000000000000000000000000000;0.00000000000000000000000000000000000000000000000000;0.67735115401697640778968629368991683174076252405119;-0.00070997511235135412481496498453384220591544733258
(17);(0,1);[0, 0, 1, -1/2]~;0.64298090110472724155027922745529470019776792728837;0.24446621292937673117396502495233425697853131421654;0.78443602451107935365582433130987907916745599031341;0.13676828904784021798356448423371252816354830673145
(17);(0,1);[1, 0, 1, -1/2]~;0.60946334621372941389932022759109539402975129362073;0.55516590582014383933069892940268520739560129071664;1.02992793733215586976451452521800239321393155757020;-0.22857743288424582364726890447210769458698001430470
(17);(0,1);[2, 0, 1, -1/2]~;1.14267993004402964836346079278522231997931972258368;1.39574698376757556689424044721748760404722082062653;1.07288327685859318739238156823092946394043145540301;0.36143670937395373284644799507987031262735304554985
(17);(0,1);[3, 0, 1, -1/2]~;0.94439832155635611876714526687465711085881143424053;-1.04986502196802861608278787533802551237778901360736;0.83212928977646761119878473136299118671691407162473;-0.21298756458767163909374905342816285381243267871556
(17);(0,1);[4, 0, 1, -1/2]~;0.18154577739462345085661395444286638691865262517555;-1.02484885116132855141708235093738986172244710336538;1.22234104495113965772838511352343243990540186853564;-0.22885159406350853970028933142412249488920336451931
(17);(0,1);[5, 0, 1, -1/2]~;0.15495299825241986597550310443130835204429800166293;-0.08602033729579877577931926076589310291565749664073;0.68218128830482790655756254873739857947878102235287;0.24688111948127197195836373639079370887969207848988
(17);(0,1);[6, 0, 1, -1/2]~;1.59063136685122154033891458455289061227268645127325;-0.60021704355097655884162298354893370986523956179739;0.94795077418067010417239962681179862023439878238544;-0.25542234138770010305729201835963252453352399339794
(17);(0,1);[7, 0, 1, -1/2]~;2.70476038960068732995328573978162096072527827508162;2.24272140340390425977578739088286030795128082869257;1.55841894872013094314765166656175860096842507344848;0.41879645667885399951237157738130653140953411593188
(17);(0,1);[8, 0, 1, -1/2]~;0.13723682813788365585985707316569969140305410250773;-0.41021261141963909983323158312404912614984921518278;0.70635013527865237585714574251249625544764688045512;-0.00626946373846844582254545565305599906636419888209
(17);(0,1);[9, 0, 1, -1/2]~;-0.42789176393892045524617511617795052769547025702237;-0.55786861242236316659585238951997323781565574623148;0.87819224311491350438571631285335773792744135880649;-0.50068539213270077353886893131049613005287676066262
(17);(0,1);[10, 0, 1, -1/2]~;-0.39526075761097544558235390413497303134073460650698;1.20646776483575268652836485230924589978930953270369;0.91785917995392841702916204080980793358740351112337;0.53302393294762070176868015238758648838051989543703
(17);(0,1);[11, 0, 1, -1/2]~;0.99082533138048069822428545223682281389717638682569;0.01472108126846917623045458229329349082511041297764;0.74212257828774722452616620054084108688261563276690;-0.01900257282723540256071835359999323462297445420810
(17);(0,1);[12, 0, 1, -1/2]~;1.81777037928606114859809144113913728014888073232321;-2.40085052339734103737203188843859422356764354299730;1.46683157022365256884711285240518378767603536379483;-0.42966032105376656762568656370395504545846583834835
(17);(0,1);[13, 0, 1, -1/2]~;1.00910041352615364627551261379296872688009159889473;1.21130332953345590618425759804039602630179063371161;0.92480870072528535547910453343869762128974877232773;0.30503684718186928357109923656304277288521312506056
(17);(0,1);[14, 0, 1, -1/2]~;0.20832717773170285166027091524856059949778727588792;-0.73466092995610235285518684390250161442895979805968;0.74386416617260891896375322417493067067274033892258;-0.25785793939413213675514647859036294049231694728678
(17);(0,1);[15, 0, 1, -1/2]~;1.20603601040193104802257220589115384961998249844341;0.23487601174184751933549703230360322454332634978945;1.26839722043150853072893803462133899140148129837349;0.15147472858187536596056343024932592371295073208703
(17);(0,2);[0, 0, 2, -1]~;1.38596734066845504419280050484808254170175226013345;-1.36246555538361302616150194719401344394795285486636;1.33215164587290644428145320968764623584836850161182;-0.64675524399931223061573479139208224912374197436683
(17);(0,2);[1, 0, 2, -1]~;2.35985336965098353787787146820129142713173490679883;3.58514313702161232723489491148861371544196495172254;0.65703228042571912643536643645823541405084191961099;0.44434394017013556725704970196207378703763933538886
(17);(0,2);[2, 0, 2, -1]~;1.40622359932604294686313530436284326569659833113134;-3.11251690794351006001989062471931272914019653487116;0.61070960203863229568448542355489857244321179373640;-0.15940994089866383288480579409040052944089852945314
(17);(0,2);[3, 0, 2, -1]~;15.44536001632862619731115928579664629903096258721758;0.00000000000000000000000000000000000000000000000000;2.85429585643220829401811489988820472526311971887399;0.00000000000000000000000000000000000000000000000000
(17);(0,2);[4, 0, 2, -1]~;-2.86062167256378215812943492369506455978136541940353;-1.94670816186230371457240927548087774920894818483222;0.62195361046041571333846334276571329597704929545733;0.14851382747559251409292923563026368593633733686083
(17);(0,2);[5, 0, 2, -1]~;2.35985336965098353787787146820129142713173490679883;-3.58514313702161232723489491148861371544196495172254;0.65703228042571912643536643645823541405084191961099;-0.44434394017013556725704970196207378703763933538886
(17);(0,2);[6, 0, 2, -1]~;8.02783707160027317497108150051998151447708691424929;-2.24994922061785301896486018837945443475316162431584;1.51081565065221654437414823736607065382114304888771;0.30201070690518892259334793316190548568401332738851
(17);(0,2);[7, 0, 2, -1]~;0.55566135128215731544951217968809711544504022853147;-2.88643240022491902813213248024464169146293232487572;0.52363090951149076212485470792328940136571734608314;0.14450905329918829025672643656068825280428534985810
(17);(0,2);[8, 0, 2, -1]~;8.02783707160027317497108150051998151447708691424929;2.24994922061785301896486018837945443475316162431584;1.51081565065221654437414823736607065382114304888771;-0.30201070690518892259334793316190548568401332738851
(17);(0,2);[9, 0, 2, -1]~;4.36760859651004734055552318381231884474523677704499;-5.07441033482480296114576611540846300696821940702311;1.23660401831577081978922039390749306407065565189212;0.04056773525469891181801708667913953334348414627016
(17);(0,2);[10, 0, 2, -1]~;-2.86062167256378215812943492369506455978136541940353;1.94670816186230371457240927548087774920894818483222;0.62195361046041571333846334276571329597704929545733;-0.14851382747559251409292923563026368593633733686083
(17);(0,2);[11, 0, 2, -1]~;8.97423368447341410905630652525045285444016662111751;0.00000000000000000000000000000000000000000000000000;1.65843450674939648743082049467433205279550290314936;0.00000000000000000000000000000000000000000000000000
(17);(0,2);[12, 0, 2, -1]~;1.40622359932604294686313530436284326569659833113134;3.11251690794351006001989062471931272914019653487116;0.61070960203863229568448542355489857244321179373640;0.15940994089866383288480579409040052944089852945314
(17);(0,2);[13, 0, 2, -1]~;4.36760859651004734055552318381231884474523677704499;5.07441033482480296114576611540846300696821940702311;1.23660401831577081978922039390749306407065565189212;-0.04056773525469891181801708667913953334348414627016
(17);(0,2);[14, 0, 2, -1]~;1.38596734066845504419280050484808254170175226013345;1.36246555538361302616150194719401344394795285486636;1.33215164587290644428145320968764623584836850161182;0.64675524399931223061573479139208224912374197436683
(17);(0,2);[15, 0, 2, -1]~;0.55566135128215731544951217968809711544504022853147;2.88643240022491902813213248024464169146293232487572;0.52363090951149076212485470792328940136571734608314;-0.14450905329918829025672643656068825280428534985810
(17);(-1,0);[0, 0, 1, 1/2]~;0.78443602451107935365582433130987907916745599031341;0.13676828904784021798356448423371252816354830673145;0.86735325965309009482147033303840686829106939443746;0.06544053051534260610990630004962915284266856488522
(17);(-1,0);[1, 0, 1, 1/2]~;1.02992793733215586976451452521800239321393155757020;-0.22857743288424582364726890447210769458698001430470;1.04665635134790793753123485756097800342254125227505;-0.15521444905201846501137962784140027363253416034555
(17);(-1,0);[2, 0, 1, 1/2]~;1.07288327685859318739238156823092946394043145540301;0.36143670937395373284644799507987031262735304554985;1.04864616609785480569909475470242485753268288939463;0.16711176823290619700416863310572908025893870705146
(17);(-1,0);[3, 0, 1, 1/2]~;0.83212928977646761119878473136299118671691407162473;-0.21298756458767163909374905342816285381243267871556;0.87357362855975809667870639627247505946482629979143;-0.07434888506313558783047365975681245192571213816446
(17);(-1,0);[4, 0, 1, 1/2]~;1.22234104495113965772838511352343243990540186853564;-0.22885159406350853970028933142412249488920336451931;1.15973103665012950114612462360759348719235623308528;-0.08390352507784329136490765547318219315985623631380
(17);(-1,0);[5, 0, 1, 1/2]~;0.68218128830482790655756254873739857947878102235287;0.24688111948127197195836373639079370887969207848988;0.88830468469972596403667300447275808579166038639377;0.14565621320907876266267929363357217663554260025891
(17);(-1,0);[6, 0, 1, 1/2]~;0.94795077418067010417239962681179862023439878238544;-0.25542234138770010305729201835963252453352399339794;0.93878602208262618899149335404412871758963323657093;-0.14105512402465748534575543540277121725454616790330
(17);(-1,0);[7, 0, 1, 1/2]~;1.55841894872013094314765166656175860096842507344848;0.41879645667885399951237157738130653140953411593188;1.21153595384984904370392121132231638815256582808894;0.11671022404718210116387275851684716762937753507010
(17);(-1,0);[8, 0, 1, 1/2]~;0.70635013527865237585714574251249625544764688045512;-0.00626946373846844582254545565305599906636419888209;0.84866058939091160423621155986455396218903628685044;0.03334489635596869949433390982452370016654432423126
(17);(-1,0);[9, 0, 1, 1/2]~;0.87819224311491350438571631285335773792744135880649;-0.50068539213270077353886893131049613005287676066262;1.02556064307809179073389144203898813290048311363604;-0.21130705440613265637537343487375096580048468652026
(17);(-1,0);[10, 0, 1, 1/2]~;0.91785917995392841702916204080980793358740351112337;0.53302393294762070176868015238758648838051989543703;1.03089635944752547143685817600479620787592247449300;0.20951263786725647740221302397733192956955654188845
(17);(-1,0);[11, 0, 1, 1/2]~;0.74212257828774722452616620054084108688261563276690;-0.01900257282723540256071835359999323462297445420810;0.84912208052774381254053446718383508871755020120410;-0.03248994130244563911484699174936774013010470264967
(17);(-1,0);[12, 0, 1, 1/2]~;1.46683157022365256884711285240518378767603536379483;-0.42966032105376656762568656370395504545846583834835;1.20129949336737658847151786414213428482863537686406;-0.11562204638643035172520565873824427481463306939898
(17);(-1,0);[13, 0, 1, 1/2]~;0.92480870072528535547910453343869762128974877232773;0.30503684718186928357109923656304277288521312506056;0.94088028981671742306276773222520768565765185932990;0.14441681170883772638713216744984501152014752755783
(17);(-1,0);[14, 0, 1, 1/2]~;0.74386416617260891896375322417493067067274033892258;-0.25785793939413213675514647859036294049231694728678;0.89783495866657850645343033334650513057705836803978;-0.14355100358440714594498636639910354226485853297187
(17);(-1,0);[15, 0, 1, 1/2]~;1.26839722043150853072893803462133899140148129837349;0.15147472858187536596056343024932592371295073208703;1.15865624254143581649216551065948548764168090252926;0.07576094108251080126504134044194496338508388541303
(17);(1,-1);[0, 0, -2, 0]~;1.33215164587290644428145320968764623584836850161182;0.64675524399931223061573479139208224912374197436683;1.17773378848831058635532758888315881924667961107450;0.25690130519021858982506020914318733657895046504652
(17);(1,-1);[1, 0, -2, 0]~;0.52363090951149076212485470792328940136571734608314;0.14450905329918829025672643656068825280428534985810;0.78362083784159799617499634382013095362985483794922;0.05864387254874408508663911118679495434251980949321
(17);(1,-1);[2, 0, -2, 0]~;1.33215164587290644428145320968764623584836850161182;-0.64675524399931223061573479139208224912374197436683;1.17773378848831058635532758888315881924667961107450;-0.25690130519021858982506020914318733657895046504652
(17);(1,-1);[3, 0, -2, 0]~;1.23660401831577081978922039390749306407065565189212;0.04056773525469891181801708667913953334348414627016;1.01232545943335789333173810103565970025729581848070;0.18049879628274764383193171278003151937444115215902
(17);(1,-1);[4, 0, -2, 0]~;0.61070960203863229568448542355489857244321179373640;-0.15940994089866383288480579409040052944089852945314;0.80985757628436439507554051162258096295093319471601;-0.11179709799763562619244748707367461658158851020564
(17);(1,-1);[5, 0, -2, 0]~;1.65843450674939648743082049467433205279550290314936;0.00000000000000000000000000000000000000000000000000;1.25007710034359850657957242353520264203566883890198;0.00000000000000000000000000000000000000000000000000
(17);(1,-1);[6, 0, -2, 0]~;0.62195361046041571333846334276571329597704929545733;0.14851382747559251409292923563026368593633733686083;0.83713042153763536222272073742260604652217238621866;0.12772858895658645155168980428941141908814084365952
(17);(1,-1);[7, 0, -2, 0]~;1.23660401831577081978922039390749306407065565189212;-0.04056773525469891181801708667913953334348414627016;1.01232545943335789333173810103565970025729581848070;-0.18049879628274764383193171278003151937444115215902
(17);(1,-1);[8, 0, -2, 0]~;1.51081565065221654437414823736607065382114304888771;0.30201070690518892259334793316190548568401332738851;1.17321414231717232377000143105427075373024102005865;0.20983693593271811941776108181373298010654100872424
(17);(1,-1);[9, 0, -2, 0]~;0.52363090951149076212485470792328940136571734608314;-0.14450905329918829025672643656068825280428534985810;0.78362083784159799617499634382013095362985483794922;-0.05864387254874408508663911118679495434251980949321
(17);(1,-1);[10, 0, -2, 0]~;1.51081565065221654437414823736607065382114304888771;-0.30201070690518892259334793316190548568401332738851;1.17321414231717232377000143105427075373024102005865;-0.20983693593271811941776108181373298010654100872424
(17);(1,-1);[11, 0, -2, 0]~;0.65703228042571912643536643645823541405084191961099;0.44434394017013556725704970196207378703763933538886;0.88656262361928944730551692928312017653675784979102;0.26032319356130742085854462573930830247772404475132
(17);(1,-1);[12, 0, -2, 0]~;0.62195361046041571333846334276571329597704929545733;-0.14851382747559251409292923563026368593633733686083;0.83713042153763536222272073742260604652217238621866;-0.12772858895658645155168980428941141908814084365952
(17);(1,-1);[13, 0, -2, 0]~;2.85429585643220829401811489988820472526311971887399;0.00000000000000000000000000000000000000000000000000;1.44857674503752068865332359682883193285283861380732;0.00000000000000000000000000000000000000000000000000
(17);(1,-1);[14, 0, -2, 0]~;0.61070960203863229568448542355489857244321179373640;0.15940994089866383288480579409040052944089852945314;0.80985757628436439507554051162258096295093319471601;0.11179709799763562619244748707367461658158851020564
(17);(1,-1);[15, 0, -2, 0]~;0.65703228042571912643536643645823541405084191961099;-0.44434394017013556725704970196207378703763933538886;0.88656262361928944730551692928312017653675784979102;-0.26032319356130742085854462573930830247772404475132
(17);(2,1);[0, 0, -1, -3/2]~;0.00000000000000000000000000000000000000000000000000;0.00000000000000000000000000000000000000000000000000;0.64298090110472724155027922745529470019776792728837;-0.24446621292937673117396502495233425697853131421654
(17);(2,1);[1, 0, -1, -3/2]~;0.00000000000000000000000000000000000000000000000000;0.00000000000000000000000000000000000000000000000000;1.20603601040193104802257220589115384961998249844341;-0.23487601174184751933549703230360322454332634978945
(17);(2,1);[2, 0, -1, -3/2]~;0.00000000000000000000000000000000000000000000000000;0.00000000000000000000000000000000000000000000000000;0.20832717773170285166027091524856059949778727588792;0.73466092995610235285518684390250161442895979805968
(17);(2,1);[3, 0, -1, -3/2]~;0.00000000000000000000000000000000000000000000000000;0.00000000000000000000000000000000000000000000000000;1.00910041352615364627551261379296872688009159889473;-1.21130332953345590618425759804039602630179063371161
(17);(2,1);[4, 0, -1, -3/2]~;0.00000000000000000000000000000000000000000000000000;0.00000000000000000000000000000000000000000000000000;1.81777037928606114859809144113913728014888073232321;2.40085052339734103737203188843859422356764354299730
(17);(2,1);[5, 0, -1, -3/2]~;0.00000000000000000000000000000000000000000000000000;0.00000000000000000000000000000000000000000000000000;0.99082533138048069822428545223682281389717638682569;-0.01472108126846917623045458229329349082511041297764
(17);(2,1);[6, 0, -1, -3/2]~;0.00000000000000000000000000000000000000000000000000;0.00000000000000000000000000000000000000000000000000;-0.39526075761097544558235390413497303134073460650698;-1.20646776483575268652836485230924589978930953270369
(17);(2,1);[7, 0, -1, -3/2]~;0.00000000000000000000000000000000000000000000000000;0.00000000000000000000000000000000000000000000000000;-0.42789176393892045524617511617795052769547025702237;0.55786861242236316659585238951997323781565574623148
(17);(2,1);[8, 0, -1, -3/2]~;0.00000000000000000000000000000000000000000000000000;0.00000000000000000000000000000000000000000000000000;0.13723682813788365585985707316569969140305410250773;0.41021261141963909983323158312404912614984921518278
(17);(2,1);[9, 0, -1, -3/2]~;0.00000000000000000000000000000000000000000000000000;0.00000000000000000000000000000000000000000000000000;2.70476038960068732995328573978162096072527827508162;-2.24272140340390425977578739088286030795128082869257
(17);(2,1);[10, 0, -1, -3/2]~;0.00000000000000000000000000000000000000000000000000;0.00000000000000000000000000000000000000000000000000;1.59063136685122154033891458455289061227268645127325;0.60021704355097655884162298354893370986523956179739
(17);(2,1);[11, 0, -1, -3/2]~;0.00000000000000000000000000000000000000000000000000;0.00000000000000000000000000000000000000000000000000;0.15495299825241986597550310443130835204429800166293;0.08602033729579877577931926076589310291565749664073
(17);(2,1);[12, 0, -1, -3/2]~;0.00000000000000000000000000000000000000000000000000;0.00000000000000000000000000000000000000000000000000;0.18154577739462345085661395444286638691865262517555;1.02484885116132855141708235093738986172244710336538
(17);(2,1);[13, 0, -1, -3/2]~;0.00000000000000000000000000000000000000000000000000;0.00000000000000000000000000000000000000000000000000;0.94439832155635611876714526687465711085881143424053;1.04986502196802861608278787533802551237778901360736
(17);(2,1);[14, 0, -1, -3/2]~;0.00000000000000000000000000000000000000000000000000;0.00000000000000000000000000000000000000000000000000;1.14267993004402964836346079278522231997931972258368;-1.39574698376757556689424044721748760404722082062653
(17);(2,1);[15, 0, -1, -3/2]~;0.00000000000000000000000000000000000000000000000000;0.00000000000000000000000000000000000000000000000000;0.60946334621372941389932022759109539402975129362073;-0.55516590582014383933069892940268520739560129071664
(17);(1,2);[0, 0, 1, -3/2]~;0.00000000000000000000000000000000000000000000000000;0.00000000000000000000000000000000000000000000000000;0.64298090110472724155027922745529470019776792728837;0.24446621292937673117396502495233425697853131421654
(17);(1,2);[1, 0, 1, -3/2]~;0.00000000000000000000000000000000000000000000000000;0.00000000000000000000000000000000000000000000000000;0.60946334621372941389932022759109539402975129362073;0.55516590582014383933069892940268520739560129071664
(17);(1,2);[2, 0, 1, -3/2]~;0.00000000000000000000000000000000000000000000000000;0.00000000000000000000000000000000000000000000000000;1.14267993004402964836346079278522231997931972258368;1.39574698376757556689424044721748760404722082062653
(17);(1,2);[3, 0, 1, -3/2]~;0.00000000000000000000000000000000000000000000000000;0.00000000000000000000000000000000000000000000000000;0.94439832155635611876714526687465711085881143424053;-1.04986502196802861608278787533802551237778901360736
(17);(1,2);[4, 0, 1, -3/2]~;0.00000000000000000000000000000000000000000000000000;0.00000000000000000000000000000000000000000000000000;0.18154577739462345085661395444286638691865262517555;-1.02484885116132855141708235093738986172244710336538
(17);(1,2);[5, 0, 1, -3/2]~;0.00000000000000000000000000000000000000000000000000;0.00000000000000000000000000000000000000000000000000;0.15495299825241986597550310443130835204429800166293;-0.08602033729579877577931926076589310291565749664073
(17);(1,2);[6, 0, 1, -3/2]~;0.00000000000000000000000000000000000000000000000000;0.00000000000000000000000000000000000000000000000000;1.59063136685122154033891458455289061227268645127325;-0.60021704355097655884162298354893370986523956179739
(17);(1,2);[7, 0, 1, -3/2]~;0.00000000000000000000000000000000000000000000000000;0.00000000000000000000000000000000000000000000000000;2.70476038960068732995328573978162096072527827508162;2.24272140340390425977578739088286030795128082869257
(17);(1,2);[8, 0, 1, -3/2]~;0.00000000000000000000000000000000000000000000000000;0.00000000000000000000000000000000000000000000000000;0.13723682813788365585985707316569969140305410250773;-0.41021261141963909983323158312404912614984921518278
(17);(1,2);[9, 0, 1, -3/2]~;0.00000000000000000000000000000000000000000000000000;0.00000000000000000000000000000000000000000000000000;-0.42789176393892045524617511617795052769547025702237;-0.55786861242236316659585238951997323781565574623148
(17);(1,2);[10, 0, 1, -3/2]~;0.00000000000000000000000000000000000000000000000000;0.00000000000000000000000000000000000000000000000000;-0.39526075761097544558235390413497303134073460650698;1.20646776483575268652836485230924589978930953270369
(17);(1,2);[11, 0, 1, -3/2]~;0.00000000000000000000000000000000000000000000000000;0.00000000000000000000000000000000000000000000000000;0.99082533138048069822428545223682281389717638682569;0.01472108126846917623045458229329349082511041297764
(17);(1,2);[12, 0, 1, -3/2]~;0.00000000000000000000000000000000000000000000000000;0.00000000000000000000000000000000000000000000000000;1.81777037928606114859809144113913728014888073232321;-2.40085052339734103737203188843859422356764354299730
(17);(1,2);[13, 0, 1, -3/2]~;0.00000000000000000000000000000000000000000000000000;0.00000000000000000000000000000000000000000000000000;1.00910041352615364627551261379296872688009159889473;1.21130332953345590618425759804039602630179063371161
(17);(1,2);[14, 0, 1, -3/2]~;0.00000000000000000000000000000000000000000000000000;0.00000000000000000000000000000000000000000000000000;0.20832717773170285166027091524856059949778727588792;-0.73466092995610235285518684390250161442895979805968
(17);(1,2);[15, 0, 1, -3/2]~;0.00000000000000000000000000000000000000000000000000;0.00000000000000000000000000000000000000000000000000;1.20603601040193104802257220589115384961998249844341;0.23487601174184751933549703230360322454332634978945
(17);(3,0);[0, 0, -3, -3/2]~;2.63307105634151623004808373545449698941496731531825;-2.25821232501908969629432488502450347054138031829079;1.31221955207175882331296506809159195936501669906229;-0.70673171078739927363063439102726546352745566320909
(17);(3,0);[1, 0, -3, -3/2]~;-77.35901923578392612582644092523788632836621475631479;37.71285543899674325254444290272750270496749089847798;0.24807804863752446081607422579395978794900602746315;2.65640273990975452515697798058125062953973092394271
(17);(3,0);[2, 0, -3, -3/2]~;-25.29596481138083242589074120407043757639450348383089;32.52420331143096185117367467246934929481391512657239;0.07001345760156359721053910110292169840124944186197;0.14041109311846458831469580415063586229980320895354
(17);(3,0);[3, 0, -3, -3/2]~;-1.76705810687140800794583882040395891755878187603416;-3.30180326512617922172369654854224267020790983635846;0.42456449676617202859808182935740547861300616154071;-1.35401636789860853129748346304529442089199724618944
(17);(3,0);[4, 0, -3, -3/2]~;30.76657587352494592051945096418436298489325227248676;-50.93436291029687226442957395994078360120155586398104;-0.30191405501121507050287636549819293514249861958483;0.07335108708568421207426246212186150867036576502640
(17);(3,0);[5, 0, -3, -3/2]~;-42.81303989958041572141865758584412609659022357129108;2.48373615642851519918529378247378734471235704701769;0.00610604452416557288882340556169789077180680837913;0.11545881990182660012553353630748441138471540946125
(17);(3,0);[6, 0, -3, -3/2]~;-37.42848167939069000390088709482761023076075973650085;-87.84265471539888009638349046406551099411374670281398;1.98119014940260296559722397837115355577471109057351;-4.31054746140963400375133177615646747007617658738493
(17);(3,0);[7, 0, -3, -3/2]~;-21.61253245877981884525710314593129257829054043778924;49.71059811473382510236068153425686188932087274881417;0.67138666771823877494417281222545551954215752927463;1.48514250968665121406620636836629929711549214767785
(17);(3,0);[8, 0, -3, -3/2]~;-42.50011117246589327522682736244699566773932586326111;8.22071300860271803866187524824658214650074943956447;-0.17258778290405542593683590897996399827606801374590;-0.60332871448896775982362770052266097939076634949227
(17);(3,0);[9, 0, -3, -3/2]~;-3.11256324579758353086215328884099907615098601093860;-77.06072130538262066466441734623256494031149307101357;1.02980535649351459346313457244211886970903777864718;-0.92207139655680512321786696361013008128637310959400
(17);(3,0);[10, 0, -3, -3/2]~;-33.31266200766339788782103205802289451040445748101809;37.29467410550651904635789833442341417561189331603134;0.46380970964756849989259088047031163714234579151876;1.58388628520006501214743572648109784359844239204328
(17);(3,0);[11, 0, -3, -3/2]~;19.43277824046614205050925774169601051653185118893451;60.00409215537263943311878081458378336807368433873132;0.80247879375533337520301099635223655909615192981877;0.40642119530294127167684960905554409094383876877168
(17);(3,0);[12, 0, -3, -3/2]~;-55.80776203125751480040117932830207332400994741361332;30.63507028258731852202050655473033820383816988641826;0.10670807554446636072391765950022240678995156684477;0.80928714564810398022959927119078713885244186215326
(17);(3,0);[13, 0, -3, -3/2]~;45.36642034391911541908858662901775471155841420019137;-15.32277362251822867545339005362021095916029548238485;1.59593083265720221593796676266708496897665334912239;-0.39163209699052734098705218066569933409111647428082
(17);(3,0);[14, 0, -3, -3/2]~;72.65663744681815382157447150227652557327933955644849;-11.86517318872515995060939916162897722101794065960700;2.30369664178952066227453160115482632380101634163086;-0.31840731861658636752892724677578022050539128610277
(17);(3,0);[15, 0, -3, -3/2]~;13.90696603764562731007609716747758014642529611352332;45.27844463279866465290480126451097528774222007907286;0.80732685486324182013636224060844528797154354118569;0.82134817997941225187791187307884657239100476833448
(17);(0,3);[0, 0, 3, -3/2]~;2.63307105634151623004808373545449698941496731531825;2.25821232501908969629432488502450347054138031829079;1.31221955207175882331296506809159195936501669906229;0.70673171078739927363063439102726546352745566320909
(17);(0,3);[1, 0, 3, -3/2]~;13.90696603764562731007609716747758014642529611352332;-45.27844463279866465290480126451097528774222007907286;0.80732685486324182013636224060844528797154354118569;-0.82134817997941225187791187307884657239100476833448
(17);(0,3);[2, 0, 3, -3/2]~;72.65663744681815382157447150227652557327933955644849;11.86517318872515995060939916162897722101794065960700;2.30369664178952066227453160115482632380101634163086;0.31840731861658636752892724677578022050539128610277
(17);(0,3);[3, 0, 3, -3/2]~;45.36642034391911541908858662901775471155841420019137;15.32277362251822867545339005362021095916029548238485;1.59593083265720221593796676266708496897665334912239;0.39163209699052734098705218066569933409111647428082
(17);(0,3);[4, 0, 3, -3/2]~;-55.80776203125751480040117932830207332400994741361332;-30.63507028258731852202050655473033820383816988641826;0.10670807554446636072391765950022240678995156684477;-0.80928714564810398022959927119078713885244186215326
(17);(0,3);[5, 0, 3, -3/2]~;19.43277824046614205050925774169601051653185118893451;-60.00409215537263943311878081458378336807368433873132;0.80247879375533337520301099635223655909615192981877;-0.40642119530294127167684960905554409094383876877168
(17);(0,3);[6, 0, 3, -3/2]~;-33.31266200766339788782103205802289451040445748101809;-37.29467410550651904635789833442341417561189331603134;0.46380970964756849989259088047031163714234579151876;-1.58388628520006501214743572648109784359844239204328
(17);(0,3);[7, 0, 3, -3/2]~;-3.11256324579758353086215328884099907615098601093860;77.06072130538262066466441734623256494031149307101357;1.02980535649351459346313457244211886970903777864718;0.92207139655680512321786696361013008128637310959400
(17);(0,3);[8, 0, 3, -3/2]~;-42.50011117246589327522682736244699566773932586326111;-8.22071300860271803866187524824658214650074943956447;-0.17258778290405542593683590897996399827606801374590;0.60332871448896775982362770052266097939076634949227
(17);(0,3);[9, 0, 3, -3/2]~;-21.61253245877981884525710314593129257829054043778924;-49.71059811473382510236068153425686188932087274881417;0.67138666771823877494417281222545551954215752927463;-1.48514250968665121406620636836629929711549214767785
(17);(0,3);[10, 0, 3, -3/2]~;-37.42848167939069000390088709482761023076075973650085;87.84265471539888009638349046406551099411374670281398;1.98119014940260296559722397837115355577471109057351;4.31054746140963400375133177615646747007617658738493
(17);(0,3);[11, 0, 3, -3/2]~;-42.81303989958041572141865758584412609659022357129108;-2.48373615642851519918529378247378734471235704701769;0.00610604452416557288882340556169789077180680837913;-0.11545881990182660012553353630748441138471540946125
(17);(0,3);[12, 0, 3, -3/2]~;30.76657587352494592051945096418436298489325227248676;50.93436291029687226442957395994078360120155586398104;-0.30191405501121507050287636549819293514249861958483;-0.07335108708568421207426246212186150867036576502640
(17);(0,3);[13, 0, 3, -3/2]~;-1.76705810687140800794583882040395891755878187603416;3.30180326512617922172369654854224267020790983635846;0.42456449676617202859808182935740547861300616154071;1.35401636789860853129748346304529442089199724618944
(17);(0,3);[14, 0, 3, -3/2]~;-25.29596481138083242589074120407043757639450348383089;-32.52420331143096185117367467246934929481391512657239;0.07001345760156359721053910110292169840124944186197;-0.14041109311846458831469580415063586229980320895354
(17);(0,3);[15, 0, 3, -3/2]~;-77.35901923578392612582644092523788632836621475631479;-37.71285543899674325254444290272750270496749089847798;0.24807804863752446081607422579395978794900602746315;-2.65640273990975452515697798058125062953973092394271
p5a*p17a;(1,0);[0, -1, -1/2]~;0.41252303869963421541768558030791080365840457025960;0.11718915039593348648403944293729983553515502080228;0.71357292546965472555818988473366987290804584790438;0.13038786173698411822564656945273515557348346864268
p5a*p17a;(1,0);[1, -1, -1/2]~;0.64298090110472724155027922745529470019776792728837;0.24446621292937673117396502495233425697853131421654;0.78443602451107935365582433130987907916745599031341;0.13676828904784021798356448423371252816354830673145
p5a*p17a;(1,0);[2, -1, -1/2]~;0.73321181373929004828803170899017950060434651818461;0.25807640566366907774430384681357849625453557111216;0.72195477034081908102527125068264259857935650974469;0.03293562234023926217755351602882284165858557390870
p5a*p17a;(1,0);[3, -1, -1/2]~;0.75218637432353678506210466017838109861803512383220;-0.59703925546727811146634799692908760937659769047004;0.79068404939262821124784495433749598523950210821786;-0.16161986365987940716554696024608034832197118451338
p5a*p17a;(1,0);[4, -1, -1/2]~;0.00000000000000000000000000000000000000000000000000;0.00000000000000000000000000000000000000000000000000;0.68240883972856195393638469469241012583591418785394;-0.09942748161555435293807940469378061371276056077242
p5a*p17a;(1,0);[5, -1, -1/2]~;0.53262982414227154370096030832144096840520039846724;-0.54166360376511708304166115380206591384700408876560;0.80708137714871223760701932007042860713108122299433;-0.33725706228990956714914653395075252027322221881152
p5a*p17a;(1,0);[6, -1, -1/2]~;1.30814976898722696939612167822662160931245104287595;-0.15177403032301589857039929852133204890067055685805;0.98812405852181117036762688018894716136887142107934;-0.22635453085188128711408852575036932802890128437815
p5a*p17a;(1,0);[7, -1, -1/2]~;0.11892154416268537361608314882711652662667506466597;-1.09439558551271101951586557871164368902858661667748;0.91821421260572241180233136819104024024172587029881;-0.47085199104644608695885971229153746576192700474426
p5a*p17a;(1,0);[8, -1, -1/2]~;1.70516363736702688475725739101189108342807062302574;-1.24613586321305134717696007132110225259394848813896;1.32024304179660493487231220892261893593319138662656;-0.40969447421782038840449232675835957376446265665894
p5a*p17a;(1,0);[9, -1, -1/2]~;1.20603601040193104802257220589115384961998249844341;-0.23487601174184751933549703230360322454332634978945;1.26839722043150853072893803462133899140148129837349;-0.15147472858187536596056343024932592371295073208703
p5a*p17a;(1,0);[10, -1, -1/2]~;2.58376171506264951962324803734240546559315489444290;-0.10223186569272270381700821515657378550052860602146;1.59008926565573866538630663848941681931499603227103;-0.02337405668602333775266206948391152931334870638287
p5a*p17a;(1,0);[11, -1, -1/2]~;1.55345905116417171454314329874209192444006298835411;1.33444223131682392978549825241844759431633783695435;1.34479137463429824463698235421527310556892111244624;0.36317071029912362660496682541179956967505688933242
p5a*p17a;(1,0);[12, -1, -1/2]~;1.85357013331477313643696409280055673485123884523227;0.97858163571197962766163208319351513963107226377649;1.32699817258314421881872774655188083762198637915791;0.34774663283026288771584333523323155877144452207512
p5a*p17a;(1,0);[13, -1, -1/2]~;0.85493509338885743229829553544110928387169721835891;0.56848251381142875095217649031124384932111948335962;1.04137362273818127930341318768216364414888938359748;0.36227381910309058663466761744118113167998213680336
p5a*p17a;(1,0);[14, -1, -1/2]~;0.66195871858096930839998626374403145413251488485929;-0.35605414146938437897501293793264875991375910121446;0.86713141545164919695391937805292943832635638953437;0.17194011287310197046909610508926358387199257953469
p5a*p17a;(1,0);[15, -1, -1/2]~;0.44116290048014676172564325577716780931296435775915;0.91929721552293889446554157049669270404584147026093;0.81819034951698265987397693588478280092318301891758;0.34308209149262470129157608039782112815594648696449
p5a*p17a;(2,0);[0, -2, -1]~;0.55674763846861735119365853088099603829422186345804;-0.34408896372984398024189934038897350835115565227315;0.85607167685404896463408404526754534245030761944796;-0.33570849540608321979457919686150827689535574149504
p5a*p17a;(2,0);[1, -2, -1]~;-0.42789550462744139310697243869709475659328685101607;2.19625302667143087992201651043122924123527597009316;0.70040714080791540581430617797723425570676354534060;-0.30127013265611003988150617744606831262891695847415
p5a*p17a;(2,0);[2, -2, -1]~;1.38596734066845504419280050484808254170175226013345;-1.36246555538361302616150194719401344394795285486636;1.33215164587290644428145320968764623584836850161182;-0.64675524399931223061573479139208224912374197436683
p5a*p17a;(2,0);[3, -2, -1]~;2.36198665078710249185618443960820987656336319682450;-4.39198357057100897994406875784571158472655540840027;1.55193919806895690129680642979595863303743275332748;-0.69212770719904668145623367159201541656102036757667
p5a*p17a;(2,0);[4, -2, -1]~;6.06992407511158889082051734609818826245393068622018;-2.31261644911112923140127377416056751276022072265357;2.19004303099014549371599169005044882664034810789773;-0.32057919834646072570166967034585935131533233163736
p5a*p17a;(2,0);[5, -2, -1]~;-0.17442748307222812245352035768332894877498149381884;4.59839599728650515976871979658492117590972479160928;1.31536847108313371081842226661860985562932584567053;0.85356680315691521591991617239171392043251459532818
p5a*p17a;(2,0);[6, -2, -1]~;1.63001033549197359955263151801825786248451751233790;1.17585190152797326549647554351086252135894230998180;1.42219774568105551100625854921785497011602708504091;0.56796248746720356870313200436579773990550107852001
p5a*p17a;(2,0);[7, -2, -1]~;-2.34447372962146933485624775492456255441062821565368;2.46895576850363968338639940360430701268812201748680;0.74573470340127424019222085810792945100537527612429;0.88876113798215765446402518267317487440173029814313
p5a*p17a;(2,0);[8, -2, -1]~;1.00023494330843466830011582652007719797317601175012;2.70389252178816448124827700214848828886941448042897;0.85839398286597101899117250224874901413594646088302;0.47773785505003590993978190702032812813359970239898
p5a*p17a;(2,0);[9, -2, -1]~;3.02403028852882775072809701934416001630475115997469;0.00676730718470999729122235425741111698816328733996;1.00007261640978414646828607242942072745471706343029;0.24836553382613631142048265617347681318176160478989
p5a*p17a;(2,0);[10, -2, -1]~;-0.19483667038216475674759424108489756825389745092479;-0.55078638916972413244890193826106341749097929219353;0.44393639876673294744337812897390267395471248892423;-0.03290830967182236819117612411860703380735097083047
p5a*p17a;(2,0);[11, -2, -1]~;1.38376863117931837443769808461484030145635498760725;2.02836955955431550423115901553950237224445935082474;0.80121802284903346996723666692504525770197622012752;0.24105263766605709820422619847841378706327770942478
p5a*p17a;(2,0);[12, -2, -1]~;-1.03444543106671944156579762401989699234623324817002;-0.98820223938407707331750484085018031607847652223606;0.48677431224130731017781185671880341001912093073651;0.02626900315173641666793079630008078662551959873362
p5a*p17a;(2,0);[13, -2, -1]~;1.44100313789518795628387932648883089026479640902034;-2.13557645344230942743280112004309584630206328723484;0.82146949107475689873300011393793646006820542244961;-0.30959706386305756817611123173999342218608201962692
p5a*p17a;(2,0);[14, -2, -1]~;1.11234020837682007398528178225013248899699519238435;0.28040966913621831856980717572182371231698916324478;0.87405954495708935220602494322711237401498077636746;0.00171835289919967511824582271622927939398042722141
p5a*p17a;(2,0);[15, -2, -1]~;-1.63886925621626542778815149894355693941843084732418;0.67826317885324966349308135774179405239487644258421;0.47837942587397942213560882796153200946255511035266;-0.36937361186480529696332090417577765448782230173500
p5a*p17a;(1,1);[0, 0, -1]~;-0.25000000000000000000000000000000000000000000000000;0.00000000000000000000000000000000000000000000000000;0.00000000000000000000000000000000000000000000000000;0.00000000000000000000000000000000000000000000000000
p5a*p17a;(1,1);[1, 0, -1]~;0.00000000000000000000000000000000000000000000000000;0.00000000000000000000000000000000000000000000000000;1.31924333547639373427131649021569071766969706980422;0.36452477728592999977958142343665755777704104445031
p5a*p17a;(1,1);[2, 0, -1]~;0.00000000000000000000000000000000000000000000000000;0.00000000000000000000000000000000000000000000000000;1.25353899340155917313439741262094956606950506953597;0.42178960735328933923967200024733701953776358431954
p5a*p17a;(1,1);[3, 0, -1]~;0.00000000000000000000000000000000000000000000000000;0.00000000000000000000000000000000000000000000000000;0.79191361403033591033442793671535688138139852749559;0.63311739894261499607589664210919458936323096134352
p5a*p17a;(1,1);[4, 0, -1]~;0.00000000000000000000000000000000000000000000000000;0.00000000000000000000000000000000000000000000000000;0.65362232723783574910648686944372525946947265383231;0.25110895068210199393790116889945972106510994858596
p5a*p17a;(1,1);[5, 0, -1]~;0.00000000000000000000000000000000000000000000000000;0.00000000000000000000000000000000000000000000000000;0.70646446894659131204549114687277893320645590937332;0.43315562778077378204257749886657661264311004827701
p5a*p17a;(1,1);[6, 0, -1]~;0.00000000000000000000000000000000000000000000000000;0.00000000000000000000000000000000000000000000000000;0.69395986673372452128999803299329810358661044339233;0.04286323147578074506260328391657696067830828811615
p5a*p17a;(1,1);[7, 0, -1]~;0.00000000000000000000000000000000000000000000000000;0.00000000000000000000000000000000000000000000000000;0.74889158148428934725904299572384516212480230507414;0.11125326911726808371097252463805890092666714411229
p5a*p17a;(1,1);[8, 0, -1]~;0.00000000000000000000000000000000000000000000000000;0.00000000000000000000000000000000000000000000000000;0.55839954151569709239457472080545941406836608461140;0.00000000000000000000000000000000000000000000000000
p5a*p17a;(1,1);[9, 0, -1]~;0.00000000000000000000000000000000000000000000000000;0.00000000000000000000000000000000000000000000000000;0.74889158148428934725904299572384516212480230507414;-0.11125326911726808371097252463805890092666714411229
p5a*p17a;(1,1);[10, 0, -1]~;0.00000000000000000000000000000000000000000000000000;0.00000000000000000000000000000000000000000000000000;0.69395986673372452128999803299329810358661044339233;-0.04286323147578074506260328391657696067830828811615
p5a*p17a;(1,1);[11, 0, -1]~;0.00000000000000000000000000000000000000000000000000;0.00000000000000000000000000000000000000000000000000;0.70646446894659131204549114687277893320645590937332;-0.43315562778077378204257749886657661264311004827701
p5a*p17a;(1,1);[12, 0, -1]~;0.00000000000000000000000000000000000000000000000000;0.00000000000000000000000000000000000000000000000000;0.65362232723783574910648686944372525946947265383231;-0.25110895068210199393790116889945972106510994858596
p5a*p17a;(1,1);[13, 0, -1]~;0.00000000000000000000000000000000000000000000000000;0.00000000000000000000000000000000000000000000000000;0.79191361403033591033442793671535688138139852749559;-0.63311739894261499607589664210919458936323096134352
p5a*p17a;(1,1);[14, 0, -1]~;0.00000000000000000000000000000000000000000000000000;0.00000000000000000000000000000000000000000000000000;1.25353899340155917313439741262094956606950506953597;-0.42178960735328933923967200024733701953776358431954
p5a*p17a;(1,1);[15, 0, -1]~;0.00000000000000000000000000000000000000000000000000;0.00000000000000000000000000000000000000000000000000;1.31924333547639373427131649021569071766969706980422;-0.36452477728592999977958142343665755777704104445031
p5a*p17a;(0,1);[0, 1, -1/2]~;0.41252303869963421541768558030791080365840457025960;-0.11718915039593348648403944293729983553515502080228;0.71357292546965472555818988473366987290804584790438;-0.13038786173698411822564656945273515557348346864268
p5a*p17a;(0,1);[1, 1, -1/2]~;0.44116290048014676172564325577716780931296435775915;-0.91929721552293889446554157049669270404584147026093;0.81819034951698265987397693588478280092318301891758;-0.34308209149262470129157608039782112815594648696449
p5a*p17a;(0,1);[2, 1, -1/2]~;0.66195871858096930839998626374403145413251488485929;0.35605414146938437897501293793264875991375910121446;0.86713141545164919695391937805292943832635638953437;-0.17194011287310197046909610508926358387199257953469
p5a*p17a;(0,1);[3, 1, -1/2]~;0.85493509338885743229829553544110928387169721835891;-0.56848251381142875095217649031124384932111948335962;1.04137362273818127930341318768216364414888938359748;-0.36227381910309058663466761744118113167998213680336
p5a*p17a;(0,1);[4, 1, -1/2]~;1.85357013331477313643696409280055673485123884523227;-0.97858163571197962766163208319351513963107226377649;1.32699817258314421881872774655188083762198637915791;-0.34774663283026288771584333523323155877144452207512
p5a*p17a;(0,1);[5, 1, -1/2]~;1.55345905116417171454314329874209192444006298835411;-1.33444223131682392978549825241844759431633783695435;1.34479137463429824463698235421527310556892111244624;-0.36317071029912362660496682541179956967505688933242
p5a*p17a;(0,1);[6, 1, -1/2]~;2.58376171506264951962324803734240546559315489444290;0.10223186569272270381700821515657378550052860602146;1.59008926565573866538630663848941681931499603227103;0.02337405668602333775266206948391152931334870638287
p5a*p17a;(0,1);[7, 1, -1/2]~;1.20603601040193104802257220589115384961998249844341;0.23487601174184751933549703230360322454332634978945;1.26839722043150853072893803462133899140148129837349;0.15147472858187536596056343024932592371295073208703
p5a*p17a;(0,1);[8, 1, -1/2]~;1.70516363736702688475725739101189108342807062302574;1.24613586321305134717696007132110225259394848813896;1.32024304179660493487231220892261893593319138662656;0.40969447421782038840449232675835957376446265665894
p5a*p17a;(0,1);[9, 1, -1/2]~;0.11892154416268537361608314882711652662667506466597;1.09439558551271101951586557871164368902858661667748;0.91821421260572241180233136819104024024172587029881;0.47085199104644608695885971229153746576192700474426
p5a*p17a;(0,1);[10, 1, -1/2]~;1.30814976898722696939612167822662160931245104287595;0.15177403032301589857039929852133204890067055685805;0.98812405852181117036762688018894716136887142107934;0.22635453085188128711408852575036932802890128437815
p5a*p17a;(0,1);[11, 1, -1/2]~;0.53262982414227154370096030832144096840520039846724;0.54166360376511708304166115380206591384700408876560;0.80708137714871223760701932007042860713108122299433;0.33725706228990956714914653395075252027322221881152
p5a*p17a;(0,1);[12, 1, -1/2]~;0.00000000000000000000000000000000000000000000000000;-0.00000000000000000000000000000000000000000000000000;0.68240883972856195393638469469241012583591418785394;0.09942748161555435293807940469378061371276056077242
p5a*p17a;(0,1);[13, 1, -1/2]~;0.75218637432353678506210466017838109861803512383220;0.59703925546727811146634799692908760937659769047004;0.79068404939262821124784495433749598523950210821786;0.16161986365987940716554696024608034832197118451338
p5a*p17a;(0,1);[14, 1, -1/2]~;0.73321181373929004828803170899017950060434651818461;-0.25807640566366907774430384681357849625453557111216;0.72195477034081908102527125068264259857935650974469;-0.03293562234023926217755351602882284165858557390870
p5a*p17a;(0,1);[15, 1, -1/2]~;0.64298090110472724155027922745529470019776792728837;-0.24446621292937673117396502495233425697853131421654;0.78443602451107935365582433130987907916745599031341;-0.13676828904784021798356448423371252816354830673145
p5a*p17a;(0,2);[0, 2, -1]~;0.55674763846861735119365853088099603829422186345804;0.34408896372984398024189934038897350835115565227315;0.85607167685404896463408404526754534245030761944796;0.33570849540608321979457919686150827689535574149504
p5a*p17a;(0,2);[1, 2, -1]~;-1.63886925621626542778815149894355693941843084732418;-0.67826317885324966349308135774179405239487644258421;0.47837942587397942213560882796153200946255511035266;0.36937361186480529696332090417577765448782230173500
p5a*p17a;(0,2);[2, 2, -1]~;1.11234020837682007398528178225013248899699519238435;-0.28040966913621831856980717572182371231698916324478;0.87405954495708935220602494322711237401498077636746;-0.00171835289919967511824582271622927939398042722141
p5a*p17a;(0,2);[3, 2, -1]~;1.44100313789518795628387932648883089026479640902034;2.13557645344230942743280112004309584630206328723484;0.82146949107475689873300011393793646006820542244961;0.30959706386305756817611123173999342218608201962692
p5a*p17a;(0,2);[4, 2, -1]~;-1.03444543106671944156579762401989699234623324817002;0.98820223938407707331750484085018031607847652223606;0.48677431224130731017781185671880341001912093073651;-0.02626900315173641666793079630008078662551959873362
p5a*p17a;(0,2);[5, 2, -1]~;1.38376863117931837443769808461484030145635498760725;-2.02836955955431550423115901553950237224445935082474;0.80121802284903346996723666692504525770197622012752;-0.24105263766605709820422619847841378706327770942478
p5a*p17a;(0,2);[6, 2, -1]~;-0.19483667038216475674759424108489756825389745092479;0.55078638916972413244890193826106341749097929219353;0.44393639876673294744337812897390267395471248892423;0.03290830967182236819117612411860703380735097083047
p5a*p17a;(0,2);[7, 2, -1]~;3.02403028852882775072809701934416001630475115997469;-0.00676730718470999729122235425741111698816328733996;1.00007261640978414646828607242942072745471706343029;-0.24836553382613631142048265617347681318176160478989
p5a*p17a;(0,2);[8, 2, -1]~;1.00023494330843466830011582652007719797317601175012;-2.70389252178816448124827700214848828886941448042897;0.85839398286597101899117250224874901413594646088302;-0.47773785505003590993978190702032812813359970239898
p5a*p17a;(0,2);[9, 2, -1]~;-2.34447372962146933485624775492456255441062821565368;-2.46895576850363968338639940360430701268812201748680;0.74573470340127424019222085810792945100537527612429;-0.88876113798215765446402518267317487440173029814313
p5a*p17a;(0,2);[10, 2, -1]~;1.63001033549197359955263151801825786248451751233790;-1.17585190152797326549647554351086252135894230998180;1.42219774568105551100625854921785497011602708504091;-0.56796248746720356870313200436579773990550107852001
p5a*p17a;(0,2);[11, 2, -1]~;-0.17442748307222812245352035768332894877498149381884;-4.59839599728650515976871979658492117590972479160928;1.31536847108313371081842226661860985562932584567053;-0.85356680315691521591991617239171392043251459532818
p5a*p17a;(0,2);[12, 2, -1]~;6.06992407511158889082051734609818826245393068622018;2.31261644911112923140127377416056751276022072265357;2.19004303099014549371599169005044882664034810789773;0.32057919834646072570166967034585935131533233163736
p5a*p17a;(0,2);[13, 2, -1]~;2.36198665078710249185618443960820987656336319682450;4.39198357057100897994406875784571158472655540840027;1.55193919806895690129680642979595863303743275332748;0.69212770719904668145623367159201541656102036757667
p5a*p17a;(0,2);[14, 2, -1]~;1.38596734066845504419280050484808254170175226013345;1.36246555538361302616150194719401344394795285486636;1.33215164587290644428145320968764623584836850161182;0.64675524399931223061573479139208224912374197436683
p5a*p17a;(0,2);[15, 2, -1]~;-0.42789550462744139310697243869709475659328685101607;-2.19625302667143087992201651043122924123527597009316;0.70040714080791540581430617797723425570676354534060;0.30127013265611003988150617744606831262891695847415
p5a*p17a;(-1,0);[0, 1, 1/2]~;0.71357292546965472555818988473366987290804584790438;-0.13038786173698411822564656945273515557348346864268;0.86464370285856916093870885245090860365694011359610;-0.09181495769030660917621350614952121738088076878153
p5a*p17a;(-1,0);[1, 1, 1/2]~;0.81819034951698265987397693588478280092318301891758;-0.34308209149262470129157608039782112815594648696449;0.92129827359275506087094917388548022381521962274034;-0.15784143089431215808983122543305038846770527520767
p5a*p17a;(-1,0);[2, 1, 1/2]~;0.86713141545164919695391937805292943832635638953437;-0.17194011287310197046909610508926358387199257953469;0.96392156705001866951013222333094834216297578154936;-0.14861361325166338238019797689240404420797252731422
p5a*p17a;(-1,0);[3, 1, 1/2]~;1.04137362273818127930341318768216364414888938359748;-0.36227381910309058663466761744118113167998213680336;1.04615654546377591325768319887871069153467414340230;-0.17982290452273994903365361009717392712393033058819
p5a*p17a;(-1,0);[4, 1, 1/2]~;1.32699817258314421881872774655188083762198637915791;-0.34774663283026288771584333523323155877144452207512;1.13706991522688184334380029287722634054937289989014;-0.14580081597294699249647851378576617218548219691470
p5a*p17a;(-1,0);[5, 1, 1/2]~;1.34479137463429824463698235421527310556892111244624;-0.36317071029912362660496682541179956967505688933242;1.17236985846374202808208601835677937756058834026158;-0.11155081269632059249740008096345512043508539141092
p5a*p17a;(-1,0);[6, 1, 1/2]~;1.59008926565573866538630663848941681931499603227103;0.02337405668602333775266206948391152931334870638287;1.22924388775967254313514281798172246110659008793306;0.00481715302921613866616139695100371488612464550537
p5a*p17a;(-1,0);[7, 1, 1/2]~;1.26839722043150853072893803462133899140148129837349;0.15147472858187536596056343024932592371295073208703;1.15865624254143581649216551065948548764168090252926;0.07576094108251080126504134044194496338508388541303
p5a*p17a;(-1,0);[8, 1, 1/2]~;1.32024304179660493487231220892261893593319138662656;0.40969447421782038840449232675835957376446265665894;1.13986773534734291048752082251622698438043965507847;0.15723279268046083353467157483834957960038317455067
p5a*p17a;(-1,0);[9, 1, 1/2]~;0.91821421260572241180233136819104024024172587029881;0.47085199104644608695885971229153746576192700474426;1.02661473802996491410523663141558091401371749327416;0.19811640155540376983618550391927575593237064385041
p5a*p17a;(-1,0);[10, 1, 1/2]~;0.98812405852181117036762688018894716136887142107934;0.22635453085188128711408852575036932802890128437815;0.98280901089850736129192155298286856838429188740733;0.15300788244135547174060499477471889691759326200277
p5a*p17a;(-1,0);[11, 1, 1/2]~;0.80708137714871223760701932007042860713108122299433;0.33725706228990956714914653395075252027322221881152;0.91683927021088719403090719499662502309142122999568;0.16773792090135467456548974284007759787471801377843
p5a*p17a;(-1,0);[12, 1, 1/2]~;0.68240883972856195393638469469241012583591418785394;0.09942748161555435293807940469378061371276056077242;0.86585232622813524271446984358249970833358241993248;0.08425183668874464628053813895646448424888194089772
p5a*p17a;(-1,0);[13, 1, 1/2]~;0.79068404939262821124784495433749598523950210821786;0.16161986365987940716554696024608034832197118451338;0.86713953920992463199337234475097306648848469885823;0.06428022658927261415877874174930780061068670620495
p5a*p17a;(-1,0);[14, 1, 1/2]~;0.72195477034081908102527125068264259857935650974469;-0.03293562234023926217755351602882284165858557390870;0.83984320367151814855134520695547842893676047630409;-0.00479714442698107074212587523490590604686263938076
p5a*p17a;(-1,0);[15, 1, 1/2]~;0.78443602451107935365582433130987907916745599031341;-0.13676828904784021798356448423371252816354830673145;0.86735325965309009482147033303840686829106939443746;-0.06544053051534260610990630004962915284266856488522
p5a*p17a;(1,-1);[0, -2, 0]~;0.85607167685404896463408404526754534245030761944796;-0.33570849540608321979457919686150827689535574149504;0.95871829209866881015718037072307753339178062005150;-0.21437169291217084487356331950555195654779166360477
p5a*p17a;(1,-1);[1, -2, 0]~;0.70040714080791540581430617797723425570676354534060;-0.30127013265611003988150617744606831262891695847415;0.99425317796465699907125982790756495607810110107418;-0.25663013446979122405607112176365305684883679524394
p5a*p17a;(1,-1);[2, -2, 0]~;1.33215164587290644428145320968764623584836850161182;-0.64675524399931223061573479139208224912374197436683;1.17773378848831058635532758888315881924667961107450;-0.25690130519021858982506020914318733657895046504652
p5a*p17a;(1,-1);[3, -2, 0]~;1.55193919806895690129680642979595863303743275332748;-0.69212770719904668145623367159201541656102036757667;1.24889697956438644720991390897061342514172635348401;-0.16278881477413303511482434958362697710995067553132
p5a*p17a;(1,-1);[4, -2, 0]~;2.19004303099014549371599169005044882664034810789773;-0.32057919834646072570166967034585935131533233163736;1.37261172400825194794043218374255883080784263832845;-0.04343874977348579841988144691081430429712603975992
p5a*p17a;(1,-1);[5, -2, 0]~;1.31536847108313371081842226661860985562932584567053;0.85356680315691521591991617239171392043251459532818;1.23653888351198365085039748153715046213991995719768;0.20375983127727593959700685607776353187200748923915
p5a*p17a;(1,-1);[6, -2, 0]~;1.42219774568105551100625854921785497011602708504091;0.56796248746720356870313200436579773990550107852001;1.20064838876281205360289762924785138881710460158093;0.23468293312308212579437455545976820044215635520379
p5a*p17a;(1,-1);[7, -2, 0]~;0.74573470340127424019222085810792945100537527612429;0.88876113798215765446402518267317487440173029814313;1.03423653074186049156467194580885432746113427182868;0.32263009304202037842950942840222965914774304681755
p5a*p17a;(1,-1);[8, -2, 0]~;0.85839398286597101899117250224874901413594646088302;0.47773785505003590993978190702032812813359970239898;0.93837911625369456226833181328419322123903315125170;0.21721573374664239771978098523358343585043316116067
p5a*p17a;(1,-1);[9, -2, 0]~;1.00007261640978414646828607242942072745471706343029;0.24836553382613631142048265617347681318176160478989;0.91098937371815979941880550234950114438701512154642;0.18992071612775381656653001185091449072329633071448
p5a*p17a;(1,-1);[10, -2, 0]~;0.44393639876673294744337812897390267395471248892423;-0.03290830967182236819117612411860703380735097083047;0.76942992853001817736062312866904953125271530713317;0.08311810427666737222234874097696956379801668673389
p5a*p17a;(1,-1);[11, -2, 0]~;0.80121802284903346996723666692504525770197622012752;0.24105263766605709820422619847841378706327770942478;0.83379041316160354591243109042476138385167177628645;0.07096244624014392736230584593025212934226624776657
p5a*p17a;(1,-1);[12, -2, 0]~;0.48677431224130731017781185671880341001912093073651;0.02626900315173641666793079630008078662551959873362;0.77079735932860353079887887752708172423798332585625;0.02136709692666191127105764013779120144445083092174
p5a*p17a;(1,-1);[13, -2, 0]~;0.82146949107475689873300011393793646006820542244961;-0.30959706386305756817611123173999342218608201962692;0.83243710242597841316618427612470260624683689662650;-0.09583538945502278896622617332738520610428208213842
p5a*p17a;(1,-1);[14, -2, 0]~;0.87405954495708935220602494322711237401498077636746;0.00171835289919967511824582271622927939398042722141;0.86728954010441173605500072504978059253105301137078;-0.07723202146847773113351554054778870041003741898556
p5a*p17a;(1,-1);[15, -2, 0]~;0.47837942587397942213560882796153200946255511035266;-0.36937361186480529696332090417577765448782230173500;0.84617316576268777448967681982781957326907045885331;-0.22091587334237790569039458040556976180135042032920
p5a*p17a;(2,1);[0, -1, -3/2]~;0.00000000000000000000000000000000000000000000000000;0.00000000000000000000000000000000000000000000000000;0.41252303869963421541768558030791080365840457025960;0.11718915039593348648403944293729983553515502080228
p5a*p17a;(2,1);[1, -1, -3/2]~;0.00000000000000000000000000000000000000000000000000;0.00000000000000000000000000000000000000000000000000;0.64298090110472724155027922745529470019776792728837;0.24446621292937673117396502495233425697853131421654
p5a*p17a;(2,1);[2, -1, -3/2]~;0.00000000000000000000000000000000000000000000000000;0.00000000000000000000000000000000000000000000000000;0.73321181373929004828803170899017950060434651818461;0.25807640566366907774430384681357849625453557111216
p5a*p17a;(2,1);[3, -1, -3/2]~;0.00000000000000000000000000000000000000000000000000;0.00000000000000000000000000000000000000000000000000;0.75218637432353678506210466017838109861803512383220;-0.59703925546727811146634799692908760937659769047004
p5a*p17a;(2,1);[4, -1, -3/2]~;0.00000000000000000000000000000000000000000000000000;0.00000000000000000000000000000000000000000000000000;-0.00000000000000000000000000000000000000000000000000;-0.00000000000000000000000000000000000000000000000000
p5a*p17a;(2,1);[5, -1, -3/2]~;0.00000000000000000000000000000000000000000000000000;0.00000000000000000000000000000000000000000000000000;0.53262982414227154370096030832144096840520039846724;-0.54166360376511708304166115380206591384700408876560
p5a*p17a;(2,1);[6, -1, -3/2]~;0.00000000000000000000000000000000000000000000000000;0.00000000000000000000000000000000000000000000000000;1.30814976898722696939612167822662160931245104287595;-0.15177403032301589857039929852133204890067055685805
p5a*p17a;(2,1);[7, -1, -3/2]~;0.00000000000000000000000000000000000000000000000000;0.00000000000000000000000000000000000000000000000000;0.11892154416268537361608314882711652662667506466597;-1.09439558551271101951586557871164368902858661667748
p5a*p17a;(2,1);[8, -1, -3/2]~;0.00000000000000000000000000000000000000000000000000;0.00000000000000000000000000000000000000000000000000;1.70516363736702688475725739101189108342807062302574;-1.24613586321305134717696007132110225259394848813896
p5a*p17a;(2,1);[9, -1, -3/2]~;0.00000000000000000000000000000000000000000000000000;0.00000000000000000000000000000000000000000000000000;1.20603601040193104802257220589115384961998249844341;-0.23487601174184751933549703230360322454332634978945
p5a*p17a;(2,1);[10, -1, -3/2]~;0.00000000000000000000000000000000000000000000000000;0.00000000000000000000000000000000000000000000000000;2.58376171506264951962324803734240546559315489444290;-0.10223186569272270381700821515657378550052860602146
p5a*p17a;(2,1);[11, -1, -3/2]~;0.00000000000000000000000000000000000000000000000000;0.00000000000000000000000000000000000000000000000000;1.55345905116417171454314329874209192444006298835411;1.33444223131682392978549825241844759431633783695435
p5a*p17a;(2,1);[12, -1, -3/2]~;0.00000000000000000000000000000000000000000000000000;0.00000000000000000000000000000000000000000000000000;1.85357013331477313643696409280055673485123884523227;0.97858163571197962766163208319351513963107226377649
p5a*p17a;(2,1);[13, -1, -3/2]~;0.00000000000000000000000000000000000000000000000000;0.00000000000000000000000000000000000000000000000000;0.85493509338885743229829553544110928387169721835891;0.56848251381142875095217649031124384932111948335962
p5a*p17a;(2,1);[14, -1, -3/2]~;0.00000000000000000000000000000000000000000000000000;0.00000000000000000000000000000000000000000000000000;0.66195871858096930839998626374403145413251488485929;-0.35605414146938437897501293793264875991375910121446
p5a*p17a;(2,1);[15, -1, -3/2]~;0.00000000000000000000000000000000000000000000000000;0.00000000000000000000000000000000000000000000000000;0.44116290048014676172564325577716780931296435775915;0.91929721552293889446554157049669270404584147026093
p5a*p17a;(1,2);[0, 1, -3/2]~;0.00000000000000000000000000000000000000000000000000;0.00000000000000000000000000000000000000000000000000;0.41252303869963421541768558030791080365840457025960;-0.11718915039593348648403944293729983553515502080228
p5a*p17a;(1,2);[1, 1, -3/2]~;0.00000000000000000000000000000000000000000000000000;0.00000000000000000000000000000000000000000000000000;0.44116290048014676172564325577716780931296435775915;-0.91929721552293889446554157049669270404584147026093
p5a*p17a;(1,2);[2, 1, -3/2]~;0.00000000000000000000000000000000000000000000000000;0.00000000000000000000000000000000000000000000000000;0.66195871858096930839998626374403145413251488485929;0.35605414146938437897501293793264875991375910121446
p5a*p17a;(1,2);[3, 1, -3/2]~;0.00000000000000000000000000000000000000000000000000;0.00000000000000000000000000000000000000000000000000;0.85493509338885743229829553544110928387169721835891;-0.56848251381142875095217649031124384932111948335962
p5a*p17a;(1,2);[4, 1, -3/2]~;0.00000000000000000000000000000000000000000000000000;0.00000000000000000000000000000000000000000000000000;1.85357013331477313643696409280055673485123884523227;-0.97858163571197962766163208319351513963107226377649
p5a*p17a;(1,2);[5, 1, -3/2]~;0.00000000000000000000000000000000000000000000000000;0.00000000000000000000000000000000000000000000000000;1.55345905116417171454314329874209192444006298835411;-1.33444223131682392978549825241844759431633783695435
p5a*p17a;(1,2);[6, 1, -3/2]~;0.00000000000000000000000000000000000000000000000000;0.00000000000000000000000000000000000000000000000000;2.58376171506264951962324803734240546559315489444290;0.10223186569272270381700821515657378550052860602146
p5a*p17a;(1,2);[7, 1, -3/2]~;0.00000000000000000000000000000000000000000000000000;0.00000000000000000000000000000000000000000000000000;1.20603601040193104802257220589115384961998249844341;0.23487601174184751933549703230360322454332634978945
p5a*p17a;(1,2);[8, 1, -3/2]~;0.00000000000000000000000000000000000000000000000000;0.00000000000000000000000000000000000000000000000000;1.70516363736702688475725739101189108342807062302574;1.24613586321305134717696007132110225259394848813896
p5a*p17a;(1,2);[9, 1, -3/2]~;0.00000000000000000000000000000000000000000000000000;0.00000000000000000000000000000000000000000000000000;0.11892154416268537361608314882711652662667506466597;1.09439558551271101951586557871164368902858661667748
p5a*p17a;(1,2);[10, 1, -3/2]~;0.00000000000000000000000000000000000000000000000000;0.00000000000000000000000000000000000000000000000000;1.30814976898722696939612167822662160931245104287595;0.15177403032301589857039929852133204890067055685805
p5a*p17a;(1,2);[11, 1, -3/2]~;0.00000000000000000000000000000000000000000000000000;0.00000000000000000000000000000000000000000000000000;0.53262982414227154370096030832144096840520039846724;0.54166360376511708304166115380206591384700408876560
p5a*p17a;(1,2);[12, 1, -3/2]~;0.00000000000000000000000000000000000000000000000000;0.00000000000000000000000000000000000000000000000000;-0.00000000000000000000000000000000000000000000000000;0.00000000000000000000000000000000000000000000000000
p5a*p17a;(1,2);[13, 1, -3/2]~;0.00000000000000000000000000000000000000000000000000;0.00000000000000000000000000000000000000000000000000;0.75218637432353678506210466017838109861803512383220;0.59703925546727811146634799692908760937659769047004
p5a*p17a;(1,2);[14, 1, -3/2]~;0.00000000000000000000000000000000000000000000000000;0.00000000000000000000000000000000000000000000000000;0.73321181373929004828803170899017950060434651818461;-0.25807640566366907774430384681357849625453557111216
p5a*p17a;(1,2);[15, 1, -3/2]~;0.00000000000000000000000000000000000000000000000000;0.00000000000000000000000000000000000000000000000000;0.64298090110472724155027922745529470019776792728837;-0.24446621292937673117396502495233425697853131421654
p5a*p17a;(3,0);[0, -3, -3/2]~;1.10356306918926780167961832695524030927504371971892;0.61527670860002014264717203053666199946426199944993;1.31007841021143951193628233615408463559181627227105;0.50318479413505551197632025457725812184043532071741
p5a*p17a;(3,0);[1, -3, -3/2]~;-13.14624445801171480211219743322330498329521235483481;-12.71503582770420242963588050955029162878266911151417;-0.29001639069658835284594088606465778635858494802636;0.42302963095693837142306124600010801126666019174380
p5a*p17a;(3,0);[2, -3, -3/2]~;8.45348938449543960745587594532944574844527422011362;12.78668647580109766678538743285014724099037508382451;0.97173401058690172667597010071767853851957573342267;0.73417883881001310933393667796760160888223051019258
p5a*p17a;(3,0);[3, -3, -3/2]~;2.63307105634151623004808373545449698941496731531825;2.25821232501908969629432488502450347054138031829079;1.31221955207175882331296506809159195936501669906229;0.70673171078739927363063439102726546352745566320909
p5a*p17a;(3,0);[4, -3, -3/2]~;8.06062096722363212584816061124112057753791373799694;-9.60555913307165279133394911170652624998694038643009;0.63866529437720242316050471122380463422997725317472;-0.22033590349528349730690573247054292857872063699944
p5a*p17a;(3,0);[5, -3, -3/2]~;6.41076185645687882118333283346973058101405140759996;-12.91063014564435228221920592969502939735441180866426;1.18779826894448445289588358870757167110074961298718;-0.73835056256937534799842423906575318220942363223221
p5a*p17a;(3,0);[6, -3, -3/2]~;11.43663660299244853421595997732353566938583047295108;4.09857176614750966033217463098793376184188524383837;0.88490913259501934616082129746875338741418116670637;0.17302298113935378916209948193552331740468517122598
p5a*p17a;(3,0);[7, -3, -3/2]~;-1.98811520371758922835876820968223811247687985356785;1.06989826608888674943215164312372696674113834776645;0.02758139603721756075732639860177807586391794717550;0.08992240307033708018034764131595193659126464865063
p5a*p17a;(3,0);[8, -3, -3/2]~;-0.89502852336245102410849491048254740740245486882790;13.88498852504541916487062670466821505345875546904862;0.71171289630931900793731651357300362465530461827428;0.71064034881477372425280687355279779797497178115866
p5a*p17a;(3,0);[9, -3, -3/2]~;-12.87445843109823525616782684654582661861155937796669;-6.55851202364800465265408240328680786090376008487979;0.04381037059568450970323121227299864602976365792349;-0.96636188588807093883485364845589432422784370535436
p5a*p17a;(3,0);[10, -3, -3/2]~;12.16655051414126107716569210364687928025875886478817;12.40332861412487059029460701125267038190325106722443;1.40311195038009955887454975862051040092473129064538;0.38688685354449030268222867664579770916104320888164
p5a*p17a;(3,0);[11, -3, -3/2]~;-1.76705810687140800794583882040395891755878187603416;-3.30180326512617922172369654854224267020790983635846;0.42456449676617202859808182935740547861300616154071;-1.35401636789860853129748346304529442089199724618944
p5a*p17a;(3,0);[12, -3, -3/2]~;-11.87649804507401525965787599195297088212489777517306;-20.20180323125588087606100559931954471966225918237952;0.86429075408388922105672370251080039006522618021357;-2.51754059915657492397959780008759148963614086567929
p5a*p17a;(3,0);[13, -3, -3/2]~;-3.23413376526791731004610625724888393158976595317150;22.14859687858016947454311447243999564860967635042412;1.10001247311773855694921409346543796210966948516687;1.18947831635210953958300342128053309022157056457007
p5a*p17a;(3,0);[14, -3, -3/2]~;27.29640058927187145083460391626590653905146982887642;-8.93125161879602785291052291447146592295784545059324;4.21460242324909244425160275272724043707623260186039;-0.78825976757358366967094442719452729670538779960507
p5a*p17a;(3,0);[15, -3, -3/2]~;1.97524445237490959018009335182472511336364956284666;4.39075992383523537894915081786594322848580828008149;1.65904312841608722792478581221799697191810049620105;1.44780238621311951259700626733928811741519696614145
p5a*p17a;(0,3);[0, 3, -3/2]~;1.10356306918926780167961832695524030927504371971892;-0.61527670860002014264717203053666199946426199944993;1.31007841021143951193628233615408463559181627227105;-0.50318479413505551197632025457725812184043532071741
p5a*p17a;(0,3);[1, 3, -3/2]~;1.97524445237490959018009335182472511336364956284666;-4.39075992383523537894915081786594322848580828008149;1.65904312841608722792478581221799697191810049620105;-1.44780238621311951259700626733928811741519696614145
p5a*p17a;(0,3);[2, 3, -3/2]~;27.29640058927187145083460391626590653905146982887642;8.93125161879602785291052291447146592295784545059324;4.21460242324909244425160275272724043707623260186039;0.78825976757358366967094442719452729670538779960507
p5a*p17a;(0,3);[3, 3, -3/2]~;-3.23413376526791731004610625724888393158976595317150;-22.14859687858016947454311447243999564860967635042412;1.10001247311773855694921409346543796210966948516687;-1.18947831635210953958300342128053309022157056457007
p5a*p17a;(0,3);[4, 3, -3/2]~;-11.87649804507401525965787599195297088212489777517306;20.20180323125588087606100559931954471966225918237952;0.86429075408388922105672370251080039006522618021357;2.51754059915657492397959780008759148963614086567929
p5a*p17a;(0,3);[5, 3, -3/2]~;-1.76705810687140800794583882040395891755878187603416;3.30180326512617922172369654854224267020790983635846;0.42456449676617202859808182935740547861300616154071;1.35401636789860853129748346304529442089199724618944
p5a*p17a;(0,3);[6, 3, -3/2]~;12.16655051414126107716569210364687928025875886478817;-12.40332861412487059029460701125267038190325106722443;1.40311195038009955887454975862051040092473129064538;-0.38688685354449030268222867664579770916104320888164
p5a*p17a;(0,3);[7, 3, -3/2]~;-12.87445843109823525616782684654582661861155937796669;6.55851202364800465265408240328680786090376008487979;0.04381037059568450970323121227299864602976365792349;0.96636188588807093883485364845589432422784370535436
p5a*p17a;(0,3);[8, 3, -3/2]~;-0.89502852336245102410849491048254740740245486882790;-13.88498852504541916487062670466821505345875546904862;0.71171289630931900793731651357300362465530461827428;-0.71064034881477372425280687355279779797497178115866
p5a*p17a;(0,3);[9, 3, -3/2]~;-1.98811520371758922835876820968223811247687985356785;-1.06989826608888674943215164312372696674113834776645;0.02758139603721756075732639860177807586391794717550;-0.08992240307033708018034764131595193659126464865063
p5a*p17a;(0,3);[10, 3, -3/2]~;11.43663660299244853421595997732353566938583047295108;-4.09857176614750966033217463098793376184188524383837;0.88490913259501934616082129746875338741418116670637;-0.17302298113935378916209948193552331740468517122598
p5a*p17a;(0,3);[11, 3, -3/2]~;6.41076185645687882118333283346973058101405140759996;12.91063014564435228221920592969502939735441180866426;1.18779826894448445289588358870757167110074961298718;0.73835056256937534799842423906575318220942363223221
p5a*p17a;(0,3);[12, 3, -3/2]~;8.06062096722363212584816061124112057753791373799694;9.60555913307165279133394911170652624998694038643009;0.63866529437720242316050471122380463422997725317472;0.22033590349528349730690573247054292857872063699944
p5a*p17a;(0,3);[13, 3, -3/2]~;2.63307105634151623004808373545449698941496731531825;-2.25821232501908969629432488502450347054138031829079;1.31221955207175882331296506809159195936501669906229;-0.70673171078739927363063439102726546352745566320909
p5a*p17a;(0,3);[14, 3, -3/2]~;8.45348938449543960745587594532944574844527422011362;-12.78668647580109766678538743285014724099037508382451;0.97173401058690172667597010071767853851957573342267;-0.73417883881001310933393667796760160888223051019258
p5a*p17a;(0,3);[15, 3, -3/2]~;-13.14624445801171480211219743322330498329521235483481;12.71503582770420242963588050955029162878266911151417;-0.29001639069658835284594088606465778635858494802636;-0.42302963095693837142306124600010801126666019174380
p5a*p17b;(1,0);[0, -1, -1/2]~;0.64298090110472724155027922745529470019776792728837;-0.24446621292937673117396502495233425697853131421654;0.78443602451107935365582433130987907916745599031341;-0.13676828904784021798356448423371252816354830673145
p5a*p17b;(1,0);[1, -1, -1/2]~;0.41252303869963421541768558030791080365840457025960;0.11718915039593348648403944293729983553515502080228;0.71357292546965472555818988473366987290804584790438;0.13038786173698411822564656945273515557348346864268
p5a*p17b;(1,0);[2, -1, -1/2]~;-0.10985709251988502937510976870007931106640603128965;0.60325353989103784389755951544651614350195106787973;0.86079016092998463525202630507171209959617200121042;0.38701078512406881885136377058824671925353593847645
p5a*p17b;(1,0);[3, -1, -1/2]~;2.32792864485761074637921732488434054506485441483840;0.44944001374139487893732653948931099489686302472615;1.50496810261921638197305220361302663126287361478291;0.09275025736729528364449520342079178076833008247465
p5a*p17b;(1,0);[4, -1, -1/2]~;0.85493509338885743229829553544110928387169721835891;-0.56848251381142875095217649031124384932111948335962;1.04137362273818127930341318768216364414888938359748;-0.36227381910309058663466761744118113167998213680336
p5a*p17b;(1,0);[5, -1, -1/2]~;1.04560587194181505564871052990466361532113825987711;0.07102411406076474141497459890637995825833427356898;0.84579617675126453813061973057895308390258044373166;-0.10489081772629228143480742728364389223109702775200
p5a*p17b;(1,0);[6, -1, -1/2]~;1.02491448474793885277140610729959974407941384107548;-0.19881617967624265250859761623581041350248870942736;0.83199258925947024265633089457351100709095493320941;0.02567758075459272911610730012005631497376409054634
p5a*p17b;(1,0);[7, -1, -1/2]~;1.21292663353599439975811552032424119692647515232227;0.69797841504796465917841963431079371919631747283774;0.98938494970343702313964646544316569930029133172536;0.30687585336323629228288315325522451519913170242623
p5a*p17b;(1,0);[8, -1, -1/2]~;1.20603601040193104802257220589115384961998249844341;0.23487601174184751933549703230360322454332634978945;1.26839722043150853072893803462133899140148129837349;0.15147472858187536596056343024932592371295073208703
p5a*p17b;(1,0);[9, -1, -1/2]~;0.58055881074824560597505385510309040924138573815614;-1.37592524402847767266173279695243690403153918044540;1.09867531859332286202225211765993388165727991374834;-0.46591034515417091009120723787162004630542860568612
p5a*p17b;(1,0);[10, -1, -1/2]~;0.92168469494155816897335849319395715009852578980856;-0.36337188138648689298926981744623194186713676092541;0.81668221967821270923223283612750219559230627475774;-0.21250544143859151742866082233043612299378021792780
p5a*p17b;(1,0);[11, -1, -1/2]~;0.05496162329218215134275859826648464081589438496638;0.29005472272077505679245859705626211972778617422442;0.66092158204624221253586013674038949498181503271607;0.07038530750061364244033319150978407281347081963193
p5a*p17b;(1,0);[12, -1, -1/2]~;0.53262982414227154370096030832144096840520039846724;0.54166360376511708304166115380206591384700408876560;0.80708137714871223760701932007042860713108122299433;0.33725706228990956714914653395075252027322221881152
p5a*p17b;(1,0);[13, -1, -1/2]~;1.58472347337998872803005534348187891820443347842819;1.42028416808456179171455068924862213298875681197871;1.30900753084138904989398288908180807803315412274448;0.46386465698870584638718525986519206751750117038567
p5a*p17b;(1,0);[14, -1, -1/2]~;2.28404567325217321916385668181589917569746853966937;-0.91700765245781353507111104209309617458145863684474;1.50879496039980291884056678890068079133018416674780;-0.28402689664834083996714380383665260348785599316594
p5a*p17b;(1,0);[15, -1, -1/2]~;0.14592970359432671850977517267651573609513508493663;-1.00505897913032683570033909538672542725679905565682;0.84481435329084362488642250040604016631187873383078;-0.43386313646377653752758542441951071030321510156115
p5a*p17b;(2,0);[0, -2, -1]~;1.38596734066845504419280050484808254170175226013345;1.36246555538361302616150194719401344394795285486636;1.33215164587290644428145320968764623584836850161182;0.64675524399931223061573479139208224912374197436683
p5a*p17b;(2,0);[1, -2, -1]~;5.72603479845552103458882015098205007350787775183800;0.31416518860864257473442318934357793028475664676054;1.95126735865124264820364904390718709219692186946495;-0.10520369473978028138049935720287760617344866184676
p5a*p17b;(2,0);[2, -2, -1]~;0.55674763846861735119365853088099603829422186345804;-0.34408896372984398024189934038897350835115565227315;0.85607167685404896463408404526754534245030761944796;-0.33570849540608321979457919686150827689535574149504
p5a*p17b;(2,0);[3, -2, -1]~;2.19241956529844567799845394181705273113473456390708;-1.61181300202388152315859593809046916083915648384881;0.90029310514868780749485785177231294825396424541278;-0.22191841550554832122720758274220561270721402618070
p5a*p17b;(2,0);[4, -2, -1]~;1.11234020837682007398528178225013248899699519238435;-0.28040966913621831856980717572182371231698916324478;0.87405954495708935220602494322711237401498077636746;-0.00171835289919967511824582271622927939398042722141
p5a*p17b;(2,0);[5, -2, -1]~;-1.62463445018073274475318721721066697091439524679906;-1.65420436483755290726147945061388967494952963753189;0.74734103076500496000890771287735883763965138582117;0.25629084870116180429840423810363743661180001738348
p5a*p17b;(2,0);[6, -2, -1]~;3.71128477661670606038882329807907893940543593317421;-3.98777758101446336191556772206015072380733585537979;1.78452342494356336020242892290324332720321235430350;-0.51112217111387153189067318270760477657897380006360
p5a*p17b;(2,0);[7, -2, -1]~;-0.79057321148857218326472057672370294821404761906735;2.07051136560882849286808770687988623002365821942528;0.69170431820977255510849061767761824697443538319692;-0.30314165841072424866382021036463814744824410246066
p5a*p17b;(2,0);[8, -2, -1]~;-0.19483667038216475674759424108489756825389745092479;0.55078638916972413244890193826106341749097929219353;0.44393639876673294744337812897390267395471248892423;0.03290830967182236819117612411860703380735097083047
p5a*p17b;(2,0);[9, -2, -1]~;-0.86387891681856364072370861095519289295623953328888;-1.27685966265911599601597804550291694657485100054144;0.52044636287141885339927985840008131241957788383546;0.07138897053308628872847804571454570013001045266938
p5a*p17b;(2,0);[10, -2, -1]~;-1.11829666335415415721823781176237000406122022550866;3.02304374128583349835781545820299722463848567987710;0.78148189487518844699253126622842920146184520551986;0.77176949793489344601898294186770717297966673657022
p5a*p17b;(2,0);[11, -2, -1]~;4.34775585330110822642350647853351849843413764942538;4.32724770336872262955673309282733066898272799977781;1.94758223753500280038098833915864897337219806670772;0.75896597811404000529684986728982799671257295914123
p5a*p17b;(2,0);[12, -2, -1]~;1.63001033549197359955263151801825786248451751233790;-1.17585190152797326549647554351086252135894230998180;1.42219774568105551100625854921785497011602708504091;-0.56796248746720356870313200436579773990550107852001
p5a*p17b;(2,0);[13, -2, -1]~;-0.39057762397697245155959079591643913952328842092134;-2.73950789924976800368094951227148199008588768106502;0.73037360363749128032695923300100360101761476302046;-0.59639278090053222132417078819931910181893543103483
p5a*p17b;(2,0);[14, -2, -1]~;2.00361015075162065958426734476399238814935257517715;0.45250820504929248601040804061089092786275935311303;0.69992865032561163077603567792000981034206853956175;0.00241546133563753278147465755046321288505447638360
p5a*p17b;(2,0);[15, -2, -1]~;1.61166785351842300954184984191372342801512777807088;1.53700597263929565441653520090065890665622274835078;0.70462402752907051484127370829734518390325534611650;0.28179645528632386081176024575208312046344979133055
p5a*p17b;(1,1);[0, 0, -1]~;-0.25000000000000000000000000000000000000000000000000;0.00000000000000000000000000000000000000000000000000;0.00000000000000000000000000000000000000000000000000;0.00000000000000000000000000000000000000000000000000
p5a*p17b;(1,1);[1, 0, -1]~;0.00000000000000000000000000000000000000000000000000;0.00000000000000000000000000000000000000000000000000;0.95121576357191718808886838518313042875591776704755;-0.60305910870184159657755398631746647821683036724668
p5a*p17b;(1,1);[2, 0, -1]~;0.00000000000000000000000000000000000000000000000000;0.00000000000000000000000000000000000000000000000000;0.62395802783281599548057979215680942097577528804859;-0.33880218083631594198487700638513149482777722714592
p5a*p17b;(1,1);[3, 0, -1]~;0.00000000000000000000000000000000000000000000000000;0.00000000000000000000000000000000000000000000000000;0.65069953328414511750180548941561444575047439758631;-0.05281694879422780562217473295204284320103189443451
p5a*p17b;(1,1);[4, 0, -1]~;0.00000000000000000000000000000000000000000000000000;0.00000000000000000000000000000000000000000000000000;0.65362232723783574910648686944372525946947265383231;0.25110895068210199393790116889945972106510994858596
p5a*p17b;(1,1);[5, 0, -1]~;0.00000000000000000000000000000000000000000000000000;0.00000000000000000000000000000000000000000000000000;1.30415092632289539346821178170232898451572047930228;0.41231451324085255553291006465695011693886191883932
p5a*p17b;(1,1);[6, 0, -1]~;0.00000000000000000000000000000000000000000000000000;0.00000000000000000000000000000000000000000000000000;1.21688309130885624562355232251423315114537174503812;-0.41862500917539792840722051169816065166949403402309
p5a*p17b;(1,1);[7, 0, -1]~;0.00000000000000000000000000000000000000000000000000;0.00000000000000000000000000000000000000000000000000;0.83651988780223181476037529581176920023249780467068;-0.19965538140298259320923647436503996380738834674459
p5a*p17b;(1,1);[8, 0, -1]~;0.00000000000000000000000000000000000000000000000000;0.00000000000000000000000000000000000000000000000000;0.55839954151569709239457472080545941406836608461140;0.00000000000000000000000000000000000000000000000000
p5a*p17b;(1,1);[9, 0, -1]~;0.00000000000000000000000000000000000000000000000000;0.00000000000000000000000000000000000000000000000000;0.83651988780223181476037529581176920023249780467068;0.19965538140298259320923647436503996380738834674459
p5a*p17b;(1,1);[10, 0, -1]~;0.00000000000000000000000000000000000000000000000000;0.00000000000000000000000000000000000000000000000000;1.21688309130885624562355232251423315114537174503812;0.41862500917539792840722051169816065166949403402309
p5a*p17b;(1,1);[11, 0, -1]~;0.00000000000000000000000000000000000000000000000000;0.00000000000000000000000000000000000000000000000000;1.30415092632289539346821178170232898451572047930228;-0.41231451324085255553291006465695011693886191883932
p5a*p17b;(1,1);[12, 0, -1]~;0.00000000000000000000000000000000000000000000000000;0.00000000000000000000000000000000000000000000000000;0.65362232723783574910648686944372525946947265383231;-0.25110895068210199393790116889945972106510994858596
p5a*p17b;(1,1);[13, 0, -1]~;0.00000000000000000000000000000000000000000000000000;0.00000000000000000000000000000000000000000000000000;0.65069953328414511750180548941561444575047439758631;0.05281694879422780562217473295204284320103189443451
p5a*p17b;(1,1);[14, 0, -1]~;0.00000000000000000000000000000000000000000000000000;0.00000000000000000000000000000000000000000000000000;0.62395802783281599548057979215680942097577528804859;0.33880218083631594198487700638513149482777722714592
p5a*p17b;(1,1);[15, 0, -1]~;0.00000000000000000000000000000000000000000000000000;0.00000000000000000000000000000000000000000000000000;0.95121576357191718808886838518313042875591776704755;0.60305910870184159657755398631746647821683036724668
p5a*p17b;(0,1);[0, 1, -1/2]~;0.64298090110472724155027922745529470019776792728837;0.24446621292937673117396502495233425697853131421654;0.78443602451107935365582433130987907916745599031341;0.13676828904784021798356448423371252816354830673145
p5a*p17b;(0,1);[1, 1, -1/2]~;0.14592970359432671850977517267651573609513508493663;1.00505897913032683570033909538672542725679905565682;0.84481435329084362488642250040604016631187873383078;0.43386313646377653752758542441951071030321510156115
p5a*p17b;(0,1);[2, 1, -1/2]~;2.28404567325217321916385668181589917569746853966937;0.91700765245781353507111104209309617458145863684474;1.50879496039980291884056678890068079133018416674780;0.28402689664834083996714380383665260348785599316594
p5a*p17b;(0,1);[3, 1, -1/2]~;1.58472347337998872803005534348187891820443347842819;-1.42028416808456179171455068924862213298875681197871;1.30900753084138904989398288908180807803315412274448;-0.46386465698870584638718525986519206751750117038567
p5a*p17b;(0,1);[4, 1, -1/2]~;0.53262982414227154370096030832144096840520039846724;-0.54166360376511708304166115380206591384700408876560;0.80708137714871223760701932007042860713108122299433;-0.33725706228990956714914653395075252027322221881152
p5a*p17b;(0,1);[5, 1, -1/2]~;0.05496162329218215134275859826648464081589438496638;-0.29005472272077505679245859705626211972778617422442;0.66092158204624221253586013674038949498181503271607;-0.07038530750061364244033319150978407281347081963193
p5a*p17b;(0,1);[6, 1, -1/2]~;0.92168469494155816897335849319395715009852578980856;0.36337188138648689298926981744623194186713676092541;0.81668221967821270923223283612750219559230627475774;0.21250544143859151742866082233043612299378021792780
p5a*p17b;(0,1);[7, 1, -1/2]~;0.58055881074824560597505385510309040924138573815614;1.37592524402847767266173279695243690403153918044540;1.09867531859332286202225211765993388165727991374834;0.46591034515417091009120723787162004630542860568612
p5a*p17b;(0,1);[8, 1, -1/2]~;1.20603601040193104802257220589115384961998249844341;-0.23487601174184751933549703230360322454332634978945;1.26839722043150853072893803462133899140148129837349;-0.15147472858187536596056343024932592371295073208703
p5a*p17b;(0,1);[9, 1, -1/2]~;1.21292663353599439975811552032424119692647515232227;-0.69797841504796465917841963431079371919631747283774;0.98938494970343702313964646544316569930029133172536;-0.30687585336323629228288315325522451519913170242623
p5a*p17b;(0,1);[10, 1, -1/2]~;1.02491448474793885277140610729959974407941384107548;0.19881617967624265250859761623581041350248870942736;0.83199258925947024265633089457351100709095493320941;-0.02567758075459272911610730012005631497376409054634
p5a*p17b;(0,1);[11, 1, -1/2]~;1.04560587194181505564871052990466361532113825987711;-0.07102411406076474141497459890637995825833427356898;0.84579617675126453813061973057895308390258044373166;0.10489081772629228143480742728364389223109702775200
p5a*p17b;(0,1);[12, 1, -1/2]~;0.85493509338885743229829553544110928387169721835891;0.56848251381142875095217649031124384932111948335962;1.04137362273818127930341318768216364414888938359748;0.36227381910309058663466761744118113167998213680336
p5a*p17b;(0,1);[13, 1, -1/2]~;2.32792864485761074637921732488434054506485441483840;-0.44944001374139487893732653948931099489686302472615;1.50496810261921638197305220361302663126287361478291;-0.09275025736729528364449520342079178076833008247465
p5a*p17b;(0,1);[14, 1, -1/2]~;-0.10985709251988502937510976870007931106640603128965;-0.60325353989103784389755951544651614350195106787973;0.86079016092998463525202630507171209959617200121042;-0.38701078512406881885136377058824671925353593847645
p5a*p17b;(0,1);[15, 1, -1/2]~;0.41252303869963421541768558030791080365840457025960;-0.11718915039593348648403944293729983553515502080228;0.71357292546965472555818988473366987290804584790438;-0.13038786173698411822564656945273515557348346864268
p5a*p17b;(0,2);[0, 2, -1]~;1.38596734066845504419280050484808254170175226013345;-1.36246555538361302616150194719401344394795285486636;1.33215164587290644428145320968764623584836850161182;-0.64675524399931223061573479139208224912374197436683
p5a*p17b;(0,2);[1, 2, -1]~;1.61166785351842300954184984191372342801512777807088;-1.53700597263929565441653520090065890665622274835078;0.70462402752907051484127370829734518390325534611650;-0.28179645528632386081176024575208312046344979133055
p5a*p17b;(0,2);[2, 2, -1]~;2.00361015075162065958426734476399238814935257517715;-0.45250820504929248601040804061089092786275935311303;0.69992865032561163077603567792000981034206853956175;-0.00241546133563753278147465755046321288505447638360
p5a*p17b;(0,2);[3, 2, -1]~;-0.39057762397697245155959079591643913952328842092134;2.73950789924976800368094951227148199008588768106502;0.73037360363749128032695923300100360101761476302046;0.59639278090053222132417078819931910181893543103483
p5a*p17b;(0,2);[4, 2, -1]~;1.63001033549197359955263151801825786248451751233790;1.17585190152797326549647554351086252135894230998180;1.42219774568105551100625854921785497011602708504091;0.56796248746720356870313200436579773990550107852001
p5a*p17b;(0,2);[5, 2, -1]~;4.34775585330110822642350647853351849843413764942538;-4.32724770336872262955673309282733066898272799977781;1.94758223753500280038098833915864897337219806670772;-0.75896597811404000529684986728982799671257295914123
p5a*p17b;(0,2);[6, 2, -1]~;-1.11829666335415415721823781176237000406122022550866;-3.02304374128583349835781545820299722463848567987710;0.78148189487518844699253126622842920146184520551986;-0.77176949793489344601898294186770717297966673657022
p5a*p17b;(0,2);[7, 2, -1]~;-0.86387891681856364072370861095519289295623953328888;1.27685966265911599601597804550291694657485100054144;0.52044636287141885339927985840008131241957788383546;-0.07138897053308628872847804571454570013001045266938
p5a*p17b;(0,2);[8, 2, -1]~;-0.19483667038216475674759424108489756825389745092479;-0.55078638916972413244890193826106341749097929219353;0.44393639876673294744337812897390267395471248892423;-0.03290830967182236819117612411860703380735097083047
p5a*p17b;(0,2);[9, 2, -1]~;-0.79057321148857218326472057672370294821404761906735;-2.07051136560882849286808770687988623002365821942528;0.69170431820977255510849061767761824697443538319692;0.30314165841072424866382021036463814744824410246066
p5a*p17b;(0,2);[10, 2, -1]~;3.71128477661670606038882329807907893940543593317421;3.98777758101446336191556772206015072380733585537979;1.78452342494356336020242892290324332720321235430350;0.51112217111387153189067318270760477657897380006360
p5a*p17b;(0,2);[11, 2, -1]~;-1.62463445018073274475318721721066697091439524679906;1.65420436483755290726147945061388967494952963753189;0.74734103076500496000890771287735883763965138582117;-0.25629084870116180429840423810363743661180001738348
p5a*p17b;(0,2);[12, 2, -1]~;1.11234020837682007398528178225013248899699519238435;0.28040966913621831856980717572182371231698916324478;0.87405954495708935220602494322711237401498077636746;0.00171835289919967511824582271622927939398042722141
p5a*p17b;(0,2);[13, 2, -1]~;2.19241956529844567799845394181705273113473456390708;1.61181300202388152315859593809046916083915648384881;0.90029310514868780749485785177231294825396424541278;0.22191841550554832122720758274220561270721402618070
p5a*p17b;(0,2);[14, 2, -1]~;0.55674763846861735119365853088099603829422186345804;0.34408896372984398024189934038897350835115565227315;0.85607167685404896463408404526754534245030761944796;0.33570849540608321979457919686150827689535574149504
p5a*p17b;(0,2);[15, 2, -1]~;5.72603479845552103458882015098205007350787775183800;-0.31416518860864257473442318934357793028475664676054;1.95126735865124264820364904390718709219692186946495;0.10520369473978028138049935720287760617344866184676
p5a*p17b;(-1,0);[0, 1, 1/2]~;0.78443602451107935365582433130987907916745599031341;0.13676828904784021798356448423371252816354830673145;0.86735325965309009482147033303840686829106939443746;0.06544053051534260610990630004962915284266856488522
p5a*p17b;(-1,0);[1, 1, 1/2]~;0.84481435329084362488642250040604016631187873383078;0.43386313646377653752758542441951071030321510156115;0.96964762566303764575320367548094170584527238528690;0.19253679795700763685681418386893795564315285723227
p5a*p17b;(-1,0);[2, 1, 1/2]~;1.50879496039980291884056678890068079133018416674780;0.28402689664834083996714380383665260348785599316594;1.20433498785734216058335472933869716608014886253901;0.09926400583936696853193972173569524771111914263083
p5a*p17b;(-1,0);[3, 1, 1/2]~;1.30900753084138904989398288908180807803315412274448;-0.46386465698870584638718525986519206751750117038567;1.13948776800501314145516161675574625672679290484892;-0.17025640670396759993571677564918969898706802320646
p5a*p17b;(-1,0);[4, 1, 1/2]~;0.80708137714871223760701932007042860713108122299433;-0.33725706228990956714914653395075252027322221881152;0.91683927021088719403090719499662502309142122999568;-0.16773792090135467456548974284007759787471801377843
p5a*p17b;(-1,0);[5, 1, 1/2]~;0.66092158204624221253586013674038949498181503271607;-0.07038530750061364244033319150978407281347081963193;0.83836540121579760178434387430848559580833240607973;-0.01521239003462936444657523223571155264502146274464
p5a*p17b;(-1,0);[6, 1, 1/2]~;0.81668221967821270923223283612750219559230627475774;0.21250544143859151742866082233043612299378021792780;0.90699650648963055830042797849316219677610831023637;0.13354465891967544724309237554955497763174843204448
p5a*p17b;(-1,0);[7, 1, 1/2]~;1.09867531859332286202225211765993388165727991374834;0.46591034515417091009120723787162004630542860568612;1.10118694243930380599509976823034541439997639652418;0.17116961233069155193464237747268611594802206010276
p5a*p17b;(-1,0);[8, 1, 1/2]~;1.26839722043150853072893803462133899140148129837349;-0.15147472858187536596056343024932592371295073208703;1.15865624254143581649216551065948548764168090252926;-0.07576094108251080126504134044194496338508388541303
p5a*p17b;(-1,0);[9, 1, 1/2]~;0.98938494970343702313964646544316569930029133172536;-0.30687585336323629228288315325522451519913170242623;0.98472098942139120534587901823422408052553867962588;-0.16233300291479573549734172610319249695046535548560
p5a*p17b;(-1,0);[10, 1, 1/2]~;0.83199258925947024265633089457351100709095493320941;-0.02567758075459272911610730012005631497376409054634;0.87341918479363448107179402399869620813799919206558;-0.04175936270430577709496821991048100431960782297709
p5a*p17b;(-1,0);[11, 1, 1/2]~;0.84579617675126453813061973057895308390258044373166;0.10489081772629228143480742728364389223109702775200;0.89208093061645247330110926999345768785430891276925;0.08930616446044447048391557331781352405367875249904
p5a*p17b;(-1,0);[12, 1, 1/2]~;1.04137362273818127930341318768216364414888938359748;0.36227381910309058663466761744118113167998213680336;1.04615654546377591325768319887871069153467414340230;0.17982290452273994903365361009717392712393033058819
p5a*p17b;(-1,0);[13, 1, 1/2]~;1.50496810261921638197305220361302663126287361478291;-0.09275025736729528364449520342079178076833008247465;1.20840497140500117440003718701329787860163934906385;-0.01706535094061774032925662407837654409290855970417
p5a*p17b;(-1,0);[14, 1, 1/2]~;0.86079016092998463525202630507171209959617200121042;-0.38701078512406881885136377058824671925353593847645;1.01638564797264705457240035261227739618860010024787;-0.18538733400823401954238647433675994799609249598443
p5a*p17b;(-1,0);[15, 1, 1/2]~;0.71357292546965472555818988473366987290804584790438;-0.13038786173698411822564656945273515557348346864268;0.86464370285856916093870885245090860365694011359610;-0.09181495769030660917621350614952121738088076878153
p5a*p17b;(1,-1);[0, -2, 0]~;1.33215164587290644428145320968764623584836850161182;0.64675524399931223061573479139208224912374197436683;1.17773378848831058635532758888315881924667961107450;0.25690130519021858982506020914318733657895046504652
p5a*p17b;(1,-1);[1, -2, 0]~;1.95126735865124264820364904390718709219692186946495;-0.10520369473978028138049935720287760617344866184676;1.29852527519501677766141731468279848601464156266259;-0.09429716744546547201980350680321074025707479966168
p5a*p17b;(1,-1);[2, -2, 0]~;0.85607167685404896463408404526754534245030761944796;-0.33570849540608321979457919686150827689535574149504;0.95871829209866881015718037072307753339178062005150;-0.21437169291217084487356331950555195654779166360477
p5a*p17b;(1,-1);[3, -2, 0]~;0.90029310514868780749485785177231294825396424541278;-0.22191841550554832122720758274220561270721402618070;0.84632353999175685054421330605800570655838293438929;-0.07325232417196335495707714684377727322008762097582
p5a*p17b;(1,-1);[4, -2, 0]~;0.87405954495708935220602494322711237401498077636746;-0.00171835289919967511824582271622927939398042722141;0.86728954010441173605500072504978059253105301137078;0.07723202146847773113351554054778870041003741898556
p5a*p17b;(1,-1);[5, -2, 0]~;0.74734103076500496000890771287735883763965138582117;0.25629084870116180429840423810363743661180001738348;1.02763426019763119167982609937560476741427038528680;0.22332410739573419657333055430469568705032546086012
p5a*p17b;(1,-1);[6, -2, 0]~;1.78452342494356336020242892290324332720321235430350;-0.51112217111387153189067318270760477657897380006360;1.30404787969566624696763922122597195503291684005517;-0.06343811862693221538278130090669848573072736130444
p5a*p17b;(1,-1);[7, -2, 0]~;0.69170431820977255510849061767761824697443538319692;-0.30314165841072424866382021036463814744824410246066;0.99600459277756050586016540007144772794256454685546;-0.25070938867105725209264376829540001146206504390878
p5a*p17b;(1,-1);[8, -2, 0]~;0.44393639876673294744337812897390267395471248892423;0.03290830967182236819117612411860703380735097083047;0.76942992853001817736062312866904953125271530713317;-0.08311810427666737222234874097696956379801668673389
p5a*p17b;(1,-1);[9, -2, 0]~;0.52044636287141885339927985840008131241957788383546;0.07138897053308628872847804571454570013001045266938;0.79039689729754266682524486621634585230130844607772;0.08235557793915758654235473290989860363656987044027
p5a*p17b;(1,-1);[10, -2, 0]~;0.78148189487518844699253126622842920146184520551986;0.77176949793489344601898294186770717297966673657022;0.96083294740210185575510846840768475049141150586415;0.28628249938498985449515955836339910728943183304327
p5a*p17b;(1,-1);[11, -2, 0]~;1.94758223753500280038098833915864897337219806670772;0.75896597811404000529684986728982799671257295914123;1.32595128519948251991979648357555219707128711318425;0.18209720742459710042553921711575203677055634540449
p5a*p17b;(1,-1);[12, -2, 0]~;1.42219774568105551100625854921785497011602708504091;-0.56796248746720356870313200436579773990550107852001;1.20064838876281205360289762924785138881710460158093;-0.23468293312308212579437455545976820044215635520379
p5a*p17b;(1,-1);[13, -2, 0]~;0.73037360363749128032695923300100360101761476302046;-0.59639278090053222132417078819931910181893543103483;0.88249531127681169076278727260252023549959650387002;-0.23095431186501516621596076135991029796087105914234
p5a*p17b;(1,-1);[14, -2, 0]~;0.69992865032561163077603567792000981034206853956175;0.00241546133563753278147465755046321288505447638360;0.78607965817063903063221283507629815413653741638376;-0.01277109695612866317376155784302556178501043838357
p5a*p17b;(1,-1);[15, -2, 0]~;0.70462402752907051484127370829734518390325534611650;0.28179645528632386081176024575208312046344979133055;0.84398099549728044251761331648889185521115143802445;0.17246488496678773969574196604843593664277213325219
p5a*p17b;(2,1);[0, -1, -3/2]~;0.00000000000000000000000000000000000000000000000000;0.00000000000000000000000000000000000000000000000000;0.64298090110472724155027922745529470019776792728837;-0.24446621292937673117396502495233425697853131421654
p5a*p17b;(2,1);[1, -1, -3/2]~;0.00000000000000000000000000000000000000000000000000;0.00000000000000000000000000000000000000000000000000;0.41252303869963421541768558030791080365840457025960;0.11718915039593348648403944293729983553515502080228
p5a*p17b;(2,1);[2, -1, -3/2]~;0.00000000000000000000000000000000000000000000000000;0.00000000000000000000000000000000000000000000000000;-0.10985709251988502937510976870007931106640603128965;0.60325353989103784389755951544651614350195106787973
p5a*p17b;(2,1);[3, -1, -3/2]~;0.00000000000000000000000000000000000000000000000000;0.00000000000000000000000000000000000000000000000000;2.32792864485761074637921732488434054506485441483840;0.44944001374139487893732653948931099489686302472615
p5a*p17b;(2,1);[4, -1, -3/2]~;0.00000000000000000000000000000000000000000000000000;0.00000000000000000000000000000000000000000000000000;0.85493509338885743229829553544110928387169721835891;-0.56848251381142875095217649031124384932111948335962
p5a*p17b;(2,1);[5, -1, -3/2]~;0.00000000000000000000000000000000000000000000000000;0.00000000000000000000000000000000000000000000000000;1.04560587194181505564871052990466361532113825987711;0.07102411406076474141497459890637995825833427356898
p5a*p17b;(2,1);[6, -1, -3/2]~;0.00000000000000000000000000000000000000000000000000;0.00000000000000000000000000000000000000000000000000;1.02491448474793885277140610729959974407941384107548;-0.19881617967624265250859761623581041350248870942736
p5a*p17b;(2,1);[7, -1, -3/2]~;0.00000000000000000000000000000000000000000000000000;0.00000000000000000000000000000000000000000000000000;1.21292663353599439975811552032424119692647515232227;0.69797841504796465917841963431079371919631747283774
p5a*p17b;(2,1);[8, -1, -3/2]~;0.00000000000000000000000000000000000000000000000000;0.00000000000000000000000000000000000000000000000000;1.20603601040193104802257220589115384961998249844341;0.23487601174184751933549703230360322454332634978945
p5a*p17b;(2,1);[9, -1, -3/2]~;0.00000000000000000000000000000000000000000000000000;0.00000000000000000000000000000000000000000000000000;0.58055881074824560597505385510309040924138573815614;-1.37592524402847767266173279695243690403153918044540
p5a*p17b;(2,1);[10, -1, -3/2]~;0.00000000000000000000000000000000000000000000000000;0.00000000000000000000000000000000000000000000000000;0.92168469494155816897335849319395715009852578980856;-0.36337188138648689298926981744623194186713676092541
p5a*p17b;(2,1);[11, -1, -3/2]~;0.00000000000000000000000000000000000000000000000000;0.00000000000000000000000000000000000000000000000000;0.05496162329218215134275859826648464081589438496638;0.29005472272077505679245859705626211972778617422442
p5a*p17b;(2,1);[12, -1, -3/2]~;0.00000000000000000000000000000000000000000000000000;0.00000000000000000000000000000000000000000000000000;0.53262982414227154370096030832144096840520039846724;0.54166360376511708304166115380206591384700408876560
p5a*p17b;(2,1);[13, -1, -3/2]~;0.00000000000000000000000000000000000000000000000000;0.00000000000000000000000000000000000000000000000000;1.58472347337998872803005534348187891820443347842819;1.42028416808456179171455068924862213298875681197871
p5a*p17b;(2,1);[14, -1, -3/2]~;0.00000000000000000000000000000000000000000000000000;0.00000000000000000000000000000000000000000000000000;2.28404567325217321916385668181589917569746853966937;-0.91700765245781353507111104209309617458145863684474
p5a*p17b;(2,1);[15, -1, -3/2]~;0.00000000000000000000000000000000000000000000000000;0.00000000000000000000000000000000000000000000000000;0.14592970359432671850977517267651573609513508493663;-1.00505897913032683570033909538672542725679905565682
p5a*p17b;(1,2);[0, 1, -3/2]~;0.00000000000000000000000000000000000000000000000000;0.00000000000000000000000000000000000000000000000000;0.64298090110472724155027922745529470019776792728837;0.24446621292937673117396502495233425697853131421654
p5a*p17b;(1,2);[1, 1, -3/2]~;0.00000000000000000000000000000000000000000000000000;0.00000000000000000000000000000000000000000000000000;0.14592970359432671850977517267651573609513508493663;1.00505897913032683570033909538672542725679905565682
p5a*p17b;(1,2);[2, 1, -3/2]~;0.00000000000000000000000000000000000000000000000000;0.00000000000000000000000000000000000000000000000000;2.28404567325217321916385668181589917569746853966937;0.91700765245781353507111104209309617458145863684474
p5a*p17b;(1,2);[3, 1, -3/2]~;0.00000000000000000000000000000000000000000000000000;0.00000000000000000000000000000000000000000000000000;1.58472347337998872803005534348187891820443347842819;-1.42028416808456179171455068924862213298875681197871
p5a*p17b;(1,2);[4, 1, -3/2]~;0.00000000000000000000000000000000000000000000000000;0.00000000000000000000000000000000000000000000000000;0.53262982414227154370096030832144096840520039846724;-0.54166360376511708304166115380206591384700408876560
p5a*p17b;(1,2);[5, 1, -3/2]~;0.00000000000000000000000000000000000000000000000000;0.00000000000000000000000000000000000000000000000000;0.05496162329218215134275859826648464081589438496638;-0.29005472272077505679245859705626211972778617422442
p5a*p17b;(1,2);[6, 1, -3/2]~;0.00000000000000000000000000000000000000000000000000;0.00000000000000000000000000000000000000000000000000;0.92168469494155816897335849319395715009852578980856;0.36337188138648689298926981744623194186713676092541
p5a*p17b;(1,2);[7, 1, -3/2]~;0.00000000000000000000000000000000000000000000000000;0.00000000000000000000000000000000000000000000000000;0.58055881074824560597505385510309040924138573815614;1.37592524402847767266173279695243690403153918044540
p5a*p17b;(1,2);[8, 1, -3/2]~;0.00000000000000000000000000000000000000000000000000;0.00000000000000000000000000000000000000000000000000;1.20603601040193104802257220589115384961998249844341;-0.23487601174184751933549703230360322454332634978945
p5a*p17b;(1,2);[9, 1, -3/2]~;0.00000000000000000000000000000000000000000000000000;0.00000000000000000000000000000000000000000000000000;1.21292663353599439975811552032424119692647515232227;-0.69797841504796465917841963431079371919631747283774
p5a*p17b;(1,2);[10, 1, -3/2]~;0.00000000000000000000000000000000000000000000000000;0.00000000000000000000000000000000000000000000000000;1.02491448474793885277140610729959974407941384107548;0.19881617967624265250859761623581041350248870942736
p5a*p17b;(1,2);[11, 1, -3/2]~;0.00000000000000000000000000000000000000000000000000;0.00000000000000000000000000000000000000000000000000;1.04560587194181505564871052990466361532113825987711;-0.07102411406076474141497459890637995825833427356898
p5a*p17b;(1,2);[12, 1, -3/2]~;0.00000000000000000000000000000000000000000000000000;0.00000000000000000000000000000000000000000000000000;0.85493509338885743229829553544110928387169721835891;0.56848251381142875095217649031124384932111948335962
p5a*p17b;(1,2);[13, 1, -3/2]~;0.00000000000000000000000000000000000000000000000000;0.00000000000000000000000000000000000000000000000000;2.32792864485761074637921732488434054506485441483840;-0.44944001374139487893732653948931099489686302472615
p5a*p17b;(1,2);[14, 1, -3/2]~;0.00000000000000000000000000000000000000000000000000;0.00000000000000000000000000000000000000000000000000;-0.10985709251988502937510976870007931106640603128965;-0.60325353989103784389755951544651614350195106787973
p5a*p17b;(1,2);[15, 1, -3/2]~;0.00000000000000000000000000000000000000000000000000;0.00000000000000000000000000000000000000000000000000;0.41252303869963421541768558030791080365840457025960;-0.11718915039593348648403944293729983553515502080228
p5a*p17b;(3,0);[0, -3, -3/2]~;2.63307105634151623004808373545449698941496731531825;-2.25821232501908969629432488502450347054138031829079;1.31221955207175882331296506809159195936501669906229;-0.70673171078739927363063439102726546352745566320909
p5a*p17b;(3,0);[1, -3, -3/2]~;-3.49308891458241324868023406791348154587690910654920;13.21162793200417987078059011919636088875199510908413;0.56275411085986750110941767964788908504524138583526;0.77499278088187077361602931216160108773334368425784
p5a*p17b;(3,0);[2, -3, -3/2]~;2.03790858674613128311786855297096948418692115087238;-14.74216991839413000581142260984690484901412669380108;0.72968801941179717440322189048206131748293952976515;-0.51815060837336305762601065043108582808143915645559
p5a*p17b;(3,0);[3, -3, -3/2]~;1.10356306918926780167961832695524030927504371971892;0.61527670860002014264717203053666199946426199944993;1.31007841021143951193628233615408463559181627227105;0.50318479413505551197632025457725812184043532071741
p5a*p17b;(3,0);[4, -3, -3/2]~;1.97524445237490959018009335182472511336364956284666;-4.39075992383523537894915081786594322848580828008149;1.65904312841608722792478581221799697191810049620105;-1.44780238621311951259700626733928811741519696614145
p5a*p17b;(3,0);[5, -3, -3/2]~;9.92525832520303756599411093360750681658490919782743;-11.24017339070715466603398824187191269228132022888637;0.94453685758207298760783581027137317380412036326895;-0.62089213419245049732163838144601022495353263305180
p5a*p17b;(3,0);[6, -3, -3/2]~;-12.09114758752550128120931463618371058161713639510028;0.95284492625470366838157190658722777917626841096631;0.00717409176214855650444000609926287339698325283014;0.12900692137506975683087974566599993967944568267115
p5a*p17b;(3,0);[7, -3, -3/2]~;12.47694647728928932515386143943226059687722989436140;7.73281496050079169627480123036610750648598944688892;1.37745812221751557323165517695664606407819336726898;0.58681368945317939879360820110361826077315930991100
p5a*p17b;(3,0);[8, -3, -3/2]~;-1.76705810687140800794583882040395891755878187603416;3.30180326512617922172369654854224267020790983635846;0.42456449676617202859808182935740547861300616154071;1.35401636789860853129748346304529442089199724618944
p5a*p17b;(3,0);[9, -3, -3/2]~;26.06696580815722636993681744103423157029493816061255;-12.48633562210908710265954195586253177803127872490621;4.16630599235211182861908590451602260815438696677044;-1.06414784372953498982232054278811975816865516994701
p5a*p17b;(3,0);[10, -3, -3/2]~;-18.62258594577615694423019363871898369672160317349449;-6.98070744979880476700153962214182612551078115042220;-0.11491356196956017288683897964175763335465353292519;-1.85706327066958372769236705273945274987918768874971
p5a*p17b;(3,0);[11, -3, -3/2]~;2.29572362312514108629673507402027485285592081976563;-13.58130169742705490488760759489886115105639442595637;0.79412381645309101406631153716751803167413368634469;-0.87993801416697534829826344253872276725286959747174
p5a*p17b;(3,0);[12, -3, -3/2]~;-1.98811520371758922835876820968223811247687985356785;-1.06989826608888674943215164312372696674113834776645;0.02758139603721756075732639860177807586391794717550;-0.08992240307033708018034764131595193659126464865063
p5a*p17b;(3,0);[13, -3, -3/2]~;9.86565267984173373886184247036010297388755598113412;12.07520225645566766073408360312997758309961890710647;1.08610002578419231849219635926068977354350287807718;0.76117694510412047279970968704500592387774153765565
p5a*p17b;(3,0);[14, -3, -3/2]~;-16.54139789344654510732972487553112859855675044952982;16.80856877378845578712656554662011438013504982642617;0.55752311214844822146820920365046279621159109018855;2.22295157385360444293939491002219489260001792770469
p5a*p17b;(3,0);[15, -3, -3/2]~;-14.31539064654080765655934888049760174327089184960936;14.55185860028927339979235040103400602558503484813059;0.16347850690421808300316452490831086283615984948275;0.29560970033663966093398362228057443409468719848683
p5a*p17b;(0,3);[0, 3, -3/2]~;2.63307105634151623004808373545449698941496731531825;2.25821232501908969629432488502450347054138031829079;1.31221955207175882331296506809159195936501669906229;0.70673171078739927363063439102726546352745566320909
p5a*p17b;(0,3);[1, 3, -3/2]~;-14.31539064654080765655934888049760174327089184960936;-14.55185860028927339979235040103400602558503484813059;0.16347850690421808300316452490831086283615984948275;-0.29560970033663966093398362228057443409468719848683
p5a*p17b;(0,3);[2, 3, -3/2]~;-16.54139789344654510732972487553112859855675044952982;-16.80856877378845578712656554662011438013504982642617;0.55752311214844822146820920365046279621159109018855;-2.22295157385360444293939491002219489260001792770469
p5a*p17b;(0,3);[3, 3, -3/2]~;9.86565267984173373886184247036010297388755598113412;-12.07520225645566766073408360312997758309961890710647;1.08610002578419231849219635926068977354350287807718;-0.76117694510412047279970968704500592387774153765565
p5a*p17b;(0,3);[4, 3, -3/2]~;-1.98811520371758922835876820968223811247687985356785;1.06989826608888674943215164312372696674113834776645;0.02758139603721756075732639860177807586391794717550;0.08992240307033708018034764131595193659126464865063
p5a*p17b;(0,3);[5, 3, -3/2]~;2.29572362312514108629673507402027485285592081976563;13.58130169742705490488760759489886115105639442595637;0.79412381645309101406631153716751803167413368634469;0.87993801416697534829826344253872276725286959747174
p5a*p17b;(0,3);[6, 3, -3/2]~;-18.62258594577615694423019363871898369672160317349449;6.98070744979880476700153962214182612551078115042220;-0.11491356196956017288683897964175763335465353292519;1.85706327066958372769236705273945274987918768874971
p5a*p17b;(0,3);[7, 3, -3/2]~;26.06696580815722636993681744103423157029493816061255;12.48633562210908710265954195586253177803127872490621;4.16630599235211182861908590451602260815438696677044;1.06414784372953498982232054278811975816865516994701
p5a*p17b;(0,3);[8, 3, -3/2]~;-1.76705810687140800794583882040395891755878187603416;-3.30180326512617922172369654854224267020790983635846;0.42456449676617202859808182935740547861300616154071;-1.35401636789860853129748346304529442089199724618944
p5a*p17b;(0,3);[9, 3, -3/2]~;12.47694647728928932515386143943226059687722989436140;-7.73281496050079169627480123036610750648598944688892;1.37745812221751557323165517695664606407819336726898;-0.58681368945317939879360820110361826077315930991100
p5a*p17b;(0,3);[10, 3, -3/2]~;-12.09114758752550128120931463618371058161713639510028;-0.95284492625470366838157190658722777917626841096631;0.00717409176214855650444000609926287339698325283014;-0.12900692137506975683087974566599993967944568267115
p5a*p17b;(0,3);[11, 3, -3/2]~;9.92525832520303756599411093360750681658490919782743;11.24017339070715466603398824187191269228132022888637;0.94453685758207298760783581027137317380412036326895;0.62089213419245049732163838144601022495353263305180
p5a*p17b;(0,3);[12, 3, -3/2]~;1.97524445237490959018009335182472511336364956284666;4.39075992383523537894915081786594322848580828008149;1.65904312841608722792478581221799697191810049620105;1.44780238621311951259700626733928811741519696614145
p5a*p17b;(0,3);[13, 3, -3/2]~;1.10356306918926780167961832695524030927504371971892;-0.61527670860002014264717203053666199946426199944993;1.31007841021143951193628233615408463559181627227105;-0.50318479413505551197632025457725812184043532071741
p5a*p17b;(0,3);[14, 3, -3/2]~;2.03790858674613128311786855297096948418692115087238;14.74216991839413000581142260984690484901412669380108;0.72968801941179717440322189048206131748293952976515;0.51815060837336305762601065043108582808143915645559
p5a*p17b;(0,3);[15, 3, -3/2]~;-3.49308891458241324868023406791348154587690910654920;-13.21162793200417987078059011919636088875199510908413;0.56275411085986750110941767964788908504524138583526;-0.77499278088187077361602931216160108773334368425784
p5b*p17a;(1,0);[0, -1, -1/2]~;0.41252303869963421541768558030791080365840457025960;-0.11718915039593348648403944293729983553515502080228;0.71357292546965472555818988473366987290804584790438;-0.13038786173698411822564656945273515557348346864268
p5b*p17a;(1,0);[1, -1, -1/2]~;0.64298090110472724155027922745529470019776792728837;0.24446621292937673117396502495233425697853131421654;0.78443602451107935365582433130987907916745599031341;0.13676828904784021798356448423371252816354830673145
p5b*p17a;(1,0);[2, -1, -1/2]~;0.14592970359432671850977517267651573609513508493663;1.00505897913032683570033909538672542725679905565682;0.84481435329084362488642250040604016631187873383078;0.43386313646377653752758542441951071030321510156115
p5b*p17a;(1,0);[3, -1, -1/2]~;2.28404567325217321916385668181589917569746853966937;0.91700765245781353507111104209309617458145863684474;1.50879496039980291884056678890068079133018416674780;0.28402689664834083996714380383665260348785599316594
p5b*p17a;(1,0);[4, -1, -1/2]~;1.58472347337998872803005534348187891820443347842819;-1.42028416808456179171455068924862213298875681197871;1.30900753084138904989398288908180807803315412274448;-0.46386465698870584638718525986519206751750117038567
p5b*p17a;(1,0);[5, -1, -1/2]~;0.53262982414227154370096030832144096840520039846724;-0.54166360376511708304166115380206591384700408876560;0.80708137714871223760701932007042860713108122299433;-0.33725706228990956714914653395075252027322221881152
p5b*p17a;(1,0);[6, -1, -1/2]~;0.05496162329218215134275859826648464081589438496638;-0.29005472272077505679245859705626211972778617422442;0.66092158204624221253586013674038949498181503271607;-0.07038530750061364244033319150978407281347081963193
p5b*p17a;(1,0);[7, -1, -1/2]~;0.92168469494155816897335849319395715009852578980856;0.36337188138648689298926981744623194186713676092541;0.81668221967821270923223283612750219559230627475774;0.21250544143859151742866082233043612299378021792780
p5b*p17a;(1,0);[8, -1, -1/2]~;0.58055881074824560597505385510309040924138573815614;1.37592524402847767266173279695243690403153918044540;1.09867531859332286202225211765993388165727991374834;0.46591034515417091009120723787162004630542860568612
p5b*p17a;(1,0);[9, -1, -1/2]~;1.20603601040193104802257220589115384961998249844341;-0.23487601174184751933549703230360322454332634978945;1.26839722043150853072893803462133899140148129837349;-0.15147472858187536596056343024932592371295073208703
p5b*p17a;(1,0);[10, -1, -1/2]~;1.21292663353599439975811552032424119692647515232227;-0.69797841504796465917841963431079371919631747283774;0.98938494970343702313964646544316569930029133172536;-0.30687585336323629228288315325522451519913170242623
p5b*p17a;(1,0);[11, -1, -1/2]~;1.02491448474793885277140610729959974407941384107548;0.19881617967624265250859761623581041350248870942736;0.83199258925947024265633089457351100709095493320941;-0.02567758075459272911610730012005631497376409054634
p5b*p17a;(1,0);[12, -1, -1/2]~;1.04560587194181505564871052990466361532113825987711;-0.07102411406076474141497459890637995825833427356898;0.84579617675126453813061973057895308390258044373166;0.10489081772629228143480742728364389223109702775200
p5b*p17a;(1,0);[13, -1, -1/2]~;0.85493509338885743229829553544110928387169721835891;0.56848251381142875095217649031124384932111948335962;1.04137362273818127930341318768216364414888938359748;0.36227381910309058663466761744118113167998213680336
p5b*p17a;(1,0);[14, -1, -1/2]~;2.32792864485761074637921732488434054506485441483840;-0.44944001374139487893732653948931099489686302472615;1.50496810261921638197305220361302663126287361478291;-0.09275025736729528364449520342079178076833008247465
p5b*p17a;(1,0);[15, -1, -1/2]~;-0.10985709251988502937510976870007931106640603128965;-0.60325353989103784389755951544651614350195106787973;0.86079016092998463525202630507171209959617200121042;-0.38701078512406881885136377058824671925353593847645
p5b*p17a;(2,0);[0, -2, -1]~;0.55674763846861735119365853088099603829422186345804;0.34408896372984398024189934038897350835115565227315;0.85607167685404896463408404526754534245030761944796;0.33570849540608321979457919686150827689535574149504
p5b*p17a;(2,0);[1, -2, -1]~;5.72603479845552103458882015098205007350787775183800;-0.31416518860864257473442318934357793028475664676054;1.95126735865124264820364904390718709219692186946495;0.10520369473978028138049935720287760617344866184676
p5b*p17a;(2,0);[2, -2, -1]~;1.38596734066845504419280050484808254170175226013345;-1.36246555538361302616150194719401344394795285486636;1.33215164587290644428145320968764623584836850161182;-0.64675524399931223061573479139208224912374197436683
p5b*p17a;(2,0);[3, -2, -1]~;1.61166785351842300954184984191372342801512777807088;-1.53700597263929565441653520090065890665622274835078;0.70462402752907051484127370829734518390325534611650;-0.28179645528632386081176024575208312046344979133055
p5b*p17a;(2,0);[4, -2, -1]~;2.00361015075162065958426734476399238814935257517715;-0.45250820504929248601040804061089092786275935311303;0.69992865032561163077603567792000981034206853956175;-0.00241546133563753278147465755046321288505447638360
p5b*p17a;(2,0);[5, -2, -1]~;-0.39057762397697245155959079591643913952328842092134;2.73950789924976800368094951227148199008588768106502;0.73037360363749128032695923300100360101761476302046;0.59639278090053222132417078819931910181893543103483
p5b*p17a;(2,0);[6, -2, -1]~;1.63001033549197359955263151801825786248451751233790;1.17585190152797326549647554351086252135894230998180;1.42219774568105551100625854921785497011602708504091;0.56796248746720356870313200436579773990550107852001
p5b*p17a;(2,0);[7, -2, -1]~;4.34775585330110822642350647853351849843413764942538;-4.32724770336872262955673309282733066898272799977781;1.94758223753500280038098833915864897337219806670772;-0.75896597811404000529684986728982799671257295914123
p5b*p17a;(2,0);[8, -2, -1]~;-1.11829666335415415721823781176237000406122022550866;-3.02304374128583349835781545820299722463848567987710;0.78148189487518844699253126622842920146184520551986;-0.77176949793489344601898294186770717297966673657022
p5b*p17a;(2,0);[9, -2, -1]~;-0.86387891681856364072370861095519289295623953328888;1.27685966265911599601597804550291694657485100054144;0.52044636287141885339927985840008131241957788383546;-0.07138897053308628872847804571454570013001045266938
p5b*p17a;(2,0);[10, -2, -1]~;-0.19483667038216475674759424108489756825389745092479;-0.55078638916972413244890193826106341749097929219353;0.44393639876673294744337812897390267395471248892423;-0.03290830967182236819117612411860703380735097083047
p5b*p17a;(2,0);[11, -2, -1]~;-0.79057321148857218326472057672370294821404761906735;-2.07051136560882849286808770687988623002365821942528;0.69170431820977255510849061767761824697443538319692;0.30314165841072424866382021036463814744824410246066
p5b*p17a;(2,0);[12, -2, -1]~;3.71128477661670606038882329807907893940543593317421;3.98777758101446336191556772206015072380733585537979;1.78452342494356336020242892290324332720321235430350;0.51112217111387153189067318270760477657897380006360
p5b*p17a;(2,0);[13, -2, -1]~;-1.62463445018073274475318721721066697091439524679906;1.65420436483755290726147945061388967494952963753189;0.74734103076500496000890771287735883763965138582117;-0.25629084870116180429840423810363743661180001738348
p5b*p17a;(2,0);[14, -2, -1]~;1.11234020837682007398528178225013248899699519238435;0.28040966913621831856980717572182371231698916324478;0.87405954495708935220602494322711237401498077636746;0.00171835289919967511824582271622927939398042722141
p5b*p17a;(2,0);[15, -2, -1]~;2.19241956529844567799845394181705273113473456390708;1.61181300202388152315859593809046916083915648384881;0.90029310514868780749485785177231294825396424541278;0.22191841550554832122720758274220561270721402618070
p5b*p17a;(1,1);[0, 0, -1]~;-0.25000000000000000000000000000000000000000000000000;0.00000000000000000000000000000000000000000000000000;0.00000000000000000000000000000000000000000000000000;0.00000000000000000000000000000000000000000000000000
p5b*p17a;(1,1);[1, 0, -1]~;0.00000000000000000000000000000000000000000000000000;0.00000000000000000000000000000000000000000000000000;0.95121576357191718808886838518313042875591776704755;-0.60305910870184159657755398631746647821683036724668
p5b*p17a;(1,1);[2, 0, -1]~;0.00000000000000000000000000000000000000000000000000;0.00000000000000000000000000000000000000000000000000;0.62395802783281599548057979215680942097577528804859;-0.33880218083631594198487700638513149482777722714592
p5b*p17a;(1,1);[3, 0, -1]~;0.00000000000000000000000000000000000000000000000000;0.00000000000000000000000000000000000000000000000000;0.65069953328414511750180548941561444575047439758631;-0.05281694879422780562217473295204284320103189443451
p5b*p17a;(1,1);[4, 0, -1]~;0.00000000000000000000000000000000000000000000000000;0.00000000000000000000000000000000000000000000000000;0.65362232723783574910648686944372525946947265383231;0.25110895068210199393790116889945972106510994858596
p5b*p17a;(1,1);[5, 0, -1]~;0.00000000000000000000000000000000000000000000000000;0.00000000000000000000000000000000000000000000000000;1.30415092632289539346821178170232898451572047930228;0.41231451324085255553291006465695011693886191883932
p5b*p17a;(1,1);[6, 0, -1]~;0.00000000000000000000000000000000000000000000000000;0.00000000000000000000000000000000000000000000000000;1.21688309130885624562355232251423315114537174503812;-0.41862500917539792840722051169816065166949403402309
p5b*p17a;(1,1);[7, 0, -1]~;0.00000000000000000000000000000000000000000000000000;0.00000000000000000000000000000000000000000000000000;0.83651988780223181476037529581176920023249780467068;-0.19965538140298259320923647436503996380738834674459
p5b*p17a;(1,1);[8, 0, -1]~;0.00000000000000000000000000000000000000000000000000;0.00000000000000000000000000000000000000000000000000;0.55839954151569709239457472080545941406836608461140;0.00000000000000000000000000000000000000000000000000
p5b*p17a;(1,1);[9, 0, -1]~;0.00000000000000000000000000000000000000000000000000;0.00000000000000000000000000000000000000000000000000;0.83651988780223181476037529581176920023249780467068;0.19965538140298259320923647436503996380738834674459
p5b*p17a;(1,1);[10, 0, -1]~;0.00000000000000000000000000000000000000000000000000;0.00000000000000000000000000000000000000000000000000;1.21688309130885624562355232251423315114537174503812;0.41862500917539792840722051169816065166949403402309
p5b*p17a;(1,1);[11, 0, -1]~;0.00000000000000000000000000000000000000000000000000;0.00000000000000000000000000000000000000000000000000;1.30415092632289539346821178170232898451572047930228;-0.41231451324085255553291006465695011693886191883932
p5b*p17a;(1,1);[12, 0, -1]~;0.00000000000000000000000000000000000000000000000000;0.00000000000000000000000000000000000000000000000000;0.65362232723783574910648686944372525946947265383231;-0.25110895068210199393790116889945972106510994858596
p5b*p17a;(1,1);[13, 0, -1]~;0.00000000000000000000000000000000000000000000000000;0.00000000000000000000000000000000000000000000000000;0.65069953328414511750180548941561444575047439758631;0.05281694879422780562217473295204284320103189443451
p5b*p17a;(1,1);[14, 0, -1]~;0.00000000000000000000000000000000000000000000000000;0.00000000000000000000000000000000000000000000000000;0.62395802783281599548057979215680942097577528804859;0.33880218083631594198487700638513149482777722714592
p5b*p17a;(1,1);[15, 0, -1]~;0.00000000000000000000000000000000000000000000000000;0.00000000000000000000000000000000000000000000000000;0.95121576357191718808886838518313042875591776704755;0.60305910870184159657755398631746647821683036724668
p5b*p17a;(0,1);[0, 1, -1/2]~;0.41252303869963421541768558030791080365840457025960;0.11718915039593348648403944293729983553515502080228;0.71357292546965472555818988473366987290804584790438;0.13038786173698411822564656945273515557348346864268
p5b*p17a;(0,1);[1, 1, -1/2]~;-0.10985709251988502937510976870007931106640603128965;0.60325353989103784389755951544651614350195106787973;0.86079016092998463525202630507171209959617200121042;0.38701078512406881885136377058824671925353593847645
p5b*p17a;(0,1);[2, 1, -1/2]~;2.32792864485761074637921732488434054506485441483840;0.44944001374139487893732653948931099489686302472615;1.50496810261921638197305220361302663126287361478291;0.09275025736729528364449520342079178076833008247465
p5b*p17a;(0,1);[3, 1, -1/2]~;0.85493509338885743229829553544110928387169721835891;-0.56848251381142875095217649031124384932111948335962;1.04137362273818127930341318768216364414888938359748;-0.36227381910309058663466761744118113167998213680336
p5b*p17a;(0,1);[4, 1, -1/2]~;1.04560587194181505564871052990466361532113825987711;0.07102411406076474141497459890637995825833427356898;0.84579617675126453813061973057895308390258044373166;-0.10489081772629228143480742728364389223109702775200
p5b*p17a;(0,1);[5, 1, -1/2]~;1.02491448474793885277140610729959974407941384107548;-0.19881617967624265250859761623581041350248870942736;0.83199258925947024265633089457351100709095493320941;0.02567758075459272911610730012005631497376409054634
p5b*p17a;(0,1);[6, 1, -1/2]~;1.21292663353599439975811552032424119692647515232227;0.69797841504796465917841963431079371919631747283774;0.98938494970343702313964646544316569930029133172536;0.30687585336323629228288315325522451519913170242623
p5b*p17a;(0,1);[7, 1, -1/2]~;1.20603601040193104802257220589115384961998249844341;0.23487601174184751933549703230360322454332634978945;1.26839722043150853072893803462133899140148129837349;0.15147472858187536596056343024932592371295073208703
p5b*p17a;(0,1);[8, 1, -1/2]~;0.58055881074824560597505385510309040924138573815614;-1.37592524402847767266173279695243690403153918044540;1.09867531859332286202225211765993388165727991374834;-0.46591034515417091009120723787162004630542860568612
p5b*p17a;(0,1);[9, 1, -1/2]~;0.92168469494155816897335849319395715009852578980856;-0.36337188138648689298926981744623194186713676092541;0.81668221967821270923223283612750219559230627475774;-0.21250544143859151742866082233043612299378021792780
p5b*p17a;(0,1);[10, 1, -1/2]~;0.05496162329218215134275859826648464081589438496638;0.29005472272077505679245859705626211972778617422442;0.66092158204624221253586013674038949498181503271607;0.07038530750061364244033319150978407281347081963193
p5b*p17a;(0,1);[11, 1, -1/2]~;0.53262982414227154370096030832144096840520039846724;0.54166360376511708304166115380206591384700408876560;0.80708137714871223760701932007042860713108122299433;0.33725706228990956714914653395075252027322221881152
p5b*p17a;(0,1);[12, 1, -1/2]~;1.58472347337998872803005534348187891820443347842819;1.42028416808456179171455068924862213298875681197871;1.30900753084138904989398288908180807803315412274448;0.46386465698870584638718525986519206751750117038567
p5b*p17a;(0,1);[13, 1, -1/2]~;2.28404567325217321916385668181589917569746853966937;-0.91700765245781353507111104209309617458145863684474;1.50879496039980291884056678890068079133018416674780;-0.28402689664834083996714380383665260348785599316594
p5b*p17a;(0,1);[14, 1, -1/2]~;0.14592970359432671850977517267651573609513508493663;-1.00505897913032683570033909538672542725679905565682;0.84481435329084362488642250040604016631187873383078;-0.43386313646377653752758542441951071030321510156115
p5b*p17a;(0,1);[15, 1, -1/2]~;0.64298090110472724155027922745529470019776792728837;-0.24446621292937673117396502495233425697853131421654;0.78443602451107935365582433130987907916745599031341;-0.13676828904784021798356448423371252816354830673145
p5b*p17a;(0,2);[0, 2, -1]~;0.55674763846861735119365853088099603829422186345804;-0.34408896372984398024189934038897350835115565227315;0.85607167685404896463408404526754534245030761944796;-0.33570849540608321979457919686150827689535574149504
p5b*p17a;(0,2);[1, 2, -1]~;2.19241956529844567799845394181705273113473456390708;-1.61181300202388152315859593809046916083915648384881;0.90029310514868780749485785177231294825396424541278;-0.22191841550554832122720758274220561270721402618070
p5b*p17a;(0,2);[2, 2, -1]~;1.11234020837682007398528178225013248899699519238435;-0.28040966913621831856980717572182371231698916324478;0.87405954495708935220602494322711237401498077636746;-0.00171835289919967511824582271622927939398042722141
p5b*p17a;(0,2);[3, 2, -1]~;-1.62463445018073274475318721721066697091439524679906;-1.65420436483755290726147945061388967494952963753189;0.74734103076500496000890771287735883763965138582117;0.25629084870116180429840423810363743661180001738348
p5b*p17a;(0,2);[4, 2, -1]~;3.71128477661670606038882329807907893940543593317421;-3.98777758101446336191556772206015072380733585537979;1.78452342494356336020242892290324332720321235430350;-0.51112217111387153189067318270760477657897380006360
p5b*p17a;(0,2);[5, 2, -1]~;-0.79057321148857218326472057672370294821404761906735;2.07051136560882849286808770687988623002365821942528;0.69170431820977255510849061767761824697443538319692;-0.30314165841072424866382021036463814744824410246066
p5b*p17a;(0,2);[6, 2, -1]~;-0.19483667038216475674759424108489756825389745092479;0.55078638916972413244890193826106341749097929219353;0.44393639876673294744337812897390267395471248892423;0.03290830967182236819117612411860703380735097083047
p5b*p17a;(0,2);[7, 2, -1]~;-0.86387891681856364072370861095519289295623953328888;-1.27685966265911599601597804550291694657485100054144;0.52044636287141885339927985840008131241957788383546;0.07138897053308628872847804571454570013001045266938
p5b*p17a;(0,2);[8, 2, -1]~;-1.11829666335415415721823781176237000406122022550866;3.02304374128583349835781545820299722463848567987710;0.78148189487518844699253126622842920146184520551986;0.77176949793489344601898294186770717297966673657022
p5b*p17a;(0,2);[9, 2, -1]~;4.34775585330110822642350647853351849843413764942538;4.32724770336872262955673309282733066898272799977781;1.94758223753500280038098833915864897337219806670772;0.75896597811404000529684986728982799671257295914123
p5b*p17a;(0,2);[10, 2, -1]~;1.63001033549197359955263151801825786248451751233790;-1.17585190152797326549647554351086252135894230998180;1.42219774568105551100625854921785497011602708504091;-0.56796248746720356870313200436579773990550107852001
p5b*p17a;(0,2);[11, 2, -1]~;-0.39057762397697245155959079591643913952328842092134;-2.73950789924976800368094951227148199008588768106502;0.73037360363749128032695923300100360101761476302046;-0.59639278090053222132417078819931910181893543103483
p5b*p17a;(0,2);[12, 2, -1]~;2.00361015075162065958426734476399238814935257517715;0.45250820504929248601040804061089092786275935311303;0.69992865032561163077603567792000981034206853956175;0.00241546133563753278147465755046321288505447638360
p5b*p17a;(0,2);[13, 2, -1]~;1.61166785351842300954184984191372342801512777807088;1.53700597263929565441653520090065890665622274835078;0.70462402752907051484127370829734518390325534611650;0.28179645528632386081176024575208312046344979133055
p5b*p17a;(0,2);[14, 2, -1]~;1.38596734066845504419280050484808254170175226013345;1.36246555538361302616150194719401344394795285486636;1.33215164587290644428145320968764623584836850161182;0.64675524399931223061573479139208224912374197436683
p5b*p17a;(0,2);[15, 2, -1]~;5.72603479845552103458882015098205007350787775183800;0.31416518860864257473442318934357793028475664676054;1.95126735865124264820364904390718709219692186946495;-0.10520369473978028138049935720287760617344866184676
p5b*p17a;(-1,0);[0, 1, 1/2]~;0.71357292546965472555818988473366987290804584790438;0.13038786173698411822564656945273515557348346864268;0.86464370285856916093870885245090860365694011359610;0.09181495769030660917621350614952121738088076878153
p5b*p17a;(-1,0);[1, 1, 1/2]~;0.86079016092998463525202630507171209959617200121042;0.38701078512406881885136377058824671925353593847645;1.01638564797264705457240035261227739618860010024787;0.18538733400823401954238647433675994799609249598443
p5b*p17a;(-1,0);[2, 1, 1/2]~;1.50496810261921638197305220361302663126287361478291;0.09275025736729528364449520342079178076833008247465;1.20840497140500117440003718701329787860163934906385;0.01706535094061774032925662407837654409290855970417
p5b*p17a;(-1,0);[3, 1, 1/2]~;1.04137362273818127930341318768216364414888938359748;-0.36227381910309058663466761744118113167998213680336;1.04615654546377591325768319887871069153467414340230;-0.17982290452273994903365361009717392712393033058819
p5b*p17a;(-1,0);[4, 1, 1/2]~;0.84579617675126453813061973057895308390258044373166;-0.10489081772629228143480742728364389223109702775200;0.89208093061645247330110926999345768785430891276925;-0.08930616446044447048391557331781352405367875249904
p5b*p17a;(-1,0);[5, 1, 1/2]~;0.83199258925947024265633089457351100709095493320941;0.02567758075459272911610730012005631497376409054634;0.87341918479363448107179402399869620813799919206558;0.04175936270430577709496821991048100431960782297709
p5b*p17a;(-1,0);[6, 1, 1/2]~;0.98938494970343702313964646544316569930029133172536;0.30687585336323629228288315325522451519913170242623;0.98472098942139120534587901823422408052553867962588;0.16233300291479573549734172610319249695046535548560
p5b*p17a;(-1,0);[7, 1, 1/2]~;1.26839722043150853072893803462133899140148129837349;0.15147472858187536596056343024932592371295073208703;1.15865624254143581649216551065948548764168090252926;0.07576094108251080126504134044194496338508388541303
p5b*p17a;(-1,0);[8, 1, 1/2]~;1.09867531859332286202225211765993388165727991374834;-0.46591034515417091009120723787162004630542860568612;1.10118694243930380599509976823034541439997639652418;-0.17116961233069155193464237747268611594802206010276
p5b*p17a;(-1,0);[9, 1, 1/2]~;0.81668221967821270923223283612750219559230627475774;-0.21250544143859151742866082233043612299378021792780;0.90699650648963055830042797849316219677610831023637;-0.13354465891967544724309237554955497763174843204448
p5b*p17a;(-1,0);[10, 1, 1/2]~;0.66092158204624221253586013674038949498181503271607;0.07038530750061364244033319150978407281347081963193;0.83836540121579760178434387430848559580833240607973;0.01521239003462936444657523223571155264502146274464
p5b*p17a;(-1,0);[11, 1, 1/2]~;0.80708137714871223760701932007042860713108122299433;0.33725706228990956714914653395075252027322221881152;0.91683927021088719403090719499662502309142122999568;0.16773792090135467456548974284007759787471801377843
p5b*p17a;(-1,0);[12, 1, 1/2]~;1.30900753084138904989398288908180807803315412274448;0.46386465698870584638718525986519206751750117038567;1.13948776800501314145516161675574625672679290484892;0.17025640670396759993571677564918969898706802320646
p5b*p17a;(-1,0);[13, 1, 1/2]~;1.50879496039980291884056678890068079133018416674780;-0.28402689664834083996714380383665260348785599316594;1.20433498785734216058335472933869716608014886253901;-0.09926400583936696853193972173569524771111914263083
p5b*p17a;(-1,0);[14, 1, 1/2]~;0.84481435329084362488642250040604016631187873383078;-0.43386313646377653752758542441951071030321510156115;0.96964762566303764575320367548094170584527238528690;-0.19253679795700763685681418386893795564315285723227
p5b*p17a;(-1,0);[15, 1, 1/2]~;0.78443602451107935365582433130987907916745599031341;-0.13676828904784021798356448423371252816354830673145;0.86735325965309009482147033303840686829106939443746;-0.06544053051534260610990630004962915284266856488522
p5b*p17a;(1,-1);[0, -2, 0]~;0.85607167685404896463408404526754534245030761944796;0.33570849540608321979457919686150827689535574149504;0.95871829209866881015718037072307753339178062005150;0.21437169291217084487356331950555195654779166360477
p5b*p17a;(1,-1);[1, -2, 0]~;1.95126735865124264820364904390718709219692186946495;0.10520369473978028138049935720287760617344866184676;1.29852527519501677766141731468279848601464156266259;0.09429716744546547201980350680321074025707479966168
p5b*p17a;(1,-1);[2, -2, 0]~;1.33215164587290644428145320968764623584836850161182;-0.64675524399931223061573479139208224912374197436683;1.17773378848831058635532758888315881924667961107450;-0.25690130519021858982506020914318733657895046504652
p5b*p17a;(1,-1);[3, -2, 0]~;0.70462402752907051484127370829734518390325534611650;-0.28179645528632386081176024575208312046344979133055;0.84398099549728044251761331648889185521115143802445;-0.17246488496678773969574196604843593664277213325219
p5b*p17a;(1,-1);[4, -2, 0]~;0.69992865032561163077603567792000981034206853956175;-0.00241546133563753278147465755046321288505447638360;0.78607965817063903063221283507629815413653741638376;0.01277109695612866317376155784302556178501043838357
p5b*p17a;(1,-1);[5, -2, 0]~;0.73037360363749128032695923300100360101761476302046;0.59639278090053222132417078819931910181893543103483;0.88249531127681169076278727260252023549959650387002;0.23095431186501516621596076135991029796087105914234
p5b*p17a;(1,-1);[6, -2, 0]~;1.42219774568105551100625854921785497011602708504091;0.56796248746720356870313200436579773990550107852001;1.20064838876281205360289762924785138881710460158093;0.23468293312308212579437455545976820044215635520379
p5b*p17a;(1,-1);[7, -2, 0]~;1.94758223753500280038098833915864897337219806670772;-0.75896597811404000529684986728982799671257295914123;1.32595128519948251991979648357555219707128711318425;-0.18209720742459710042553921711575203677055634540449
p5b*p17a;(1,-1);[8, -2, 0]~;0.78148189487518844699253126622842920146184520551986;-0.77176949793489344601898294186770717297966673657022;0.96083294740210185575510846840768475049141150586415;-0.28628249938498985449515955836339910728943183304327
p5b*p17a;(1,-1);[9, -2, 0]~;0.52044636287141885339927985840008131241957788383546;-0.07138897053308628872847804571454570013001045266938;0.79039689729754266682524486621634585230130844607772;-0.08235557793915758654235473290989860363656987044027
p5b*p17a;(1,-1);[10, -2, 0]~;0.44393639876673294744337812897390267395471248892423;-0.03290830967182236819117612411860703380735097083047;0.76942992853001817736062312866904953125271530713317;0.08311810427666737222234874097696956379801668673389
p5b*p17a;(1,-1);[11, -2, 0]~;0.69170431820977255510849061767761824697443538319692;0.30314165841072424866382021036463814744824410246066;0.99600459277756050586016540007144772794256454685546;0.25070938867105725209264376829540001146206504390878
p5b*p17a;(1,-1);[12, -2, 0]~;1.78452342494356336020242892290324332720321235430350;0.51112217111387153189067318270760477657897380006360;1.30404787969566624696763922122597195503291684005517;0.06343811862693221538278130090669848573072736130444
p5b*p17a;(1,-1);[13, -2, 0]~;0.74734103076500496000890771287735883763965138582117;-0.25629084870116180429840423810363743661180001738348;1.02763426019763119167982609937560476741427038528680;-0.22332410739573419657333055430469568705032546086012
p5b*p17a;(1,-1);[14, -2, 0]~;0.87405954495708935220602494322711237401498077636746;0.00171835289919967511824582271622927939398042722141;0.86728954010441173605500072504978059253105301137078;-0.07723202146847773113351554054778870041003741898556
p5b*p17a;(1,-1);[15, -2, 0]~;0.90029310514868780749485785177231294825396424541278;0.22191841550554832122720758274220561270721402618070;0.84632353999175685054421330605800570655838293438929;0.07325232417196335495707714684377727322008762097582
p5b*p17a;(2,1);[0, -1, -3/2]~;0.00000000000000000000000000000000000000000000000000;0.00000000000000000000000000000000000000000000000000;0.41252303869963421541768558030791080365840457025960;-0.11718915039593348648403944293729983553515502080228
p5b*p17a;(2,1);[1, -1, -3/2]~;0.00000000000000000000000000000000000000000000000000;0.00000000000000000000000000000000000000000000000000;0.64298090110472724155027922745529470019776792728837;0.24446621292937673117396502495233425697853131421654
p5b*p17a;(2,1);[2, -1, -3/2]~;0.00000000000000000000000000000000000000000000000000;0.00000000000000000000000000000000000000000000000000;0.14592970359432671850977517267651573609513508493663;1.00505897913032683570033909538672542725679905565682
p5b*p17a;(2,1);[3, -1, -3/2]~;0.00000000000000000000000000000000000000000000000000;0.00000000000000000000000000000000000000000000000000;2.28404567325217321916385668181589917569746853966937;0.91700765245781353507111104209309617458145863684474
p5b*p17a;(2,1);[4, -1, -3/2]~;0.00000000000000000000000000000000000000000000000000;0.00000000000000000000000000000000000000000000000000;1.58472347337998872803005534348187891820443347842819;-1.42028416808456179171455068924862213298875681197871
p5b*p17a;(2,1);[5, -1, -3/2]~;0.00000000000000000000000000000000000000000000000000;0.00000000000000000000000000000000000000000000000000;0.53262982414227154370096030832144096840520039846724;-0.54166360376511708304166115380206591384700408876560
p5b*p17a;(2,1);[6, -1, -3/2]~;0.00000000000000000000000000000000000000000000000000;0.00000000000000000000000000000000000000000000000000;0.05496162329218215134275859826648464081589438496638;-0.29005472272077505679245859705626211972778617422442
p5b*p17a;(2,1);[7, -1, -3/2]~;0.00000000000000000000000000000000000000000000000000;0.00000000000000000000000000000000000000000000000000;0.92168469494155816897335849319395715009852578980856;0.36337188138648689298926981744623194186713676092541
p5b*p17a;(2,1);[8, -1, -3/2]~;0.00000000000000000000000000000000000000000000000000;0.00000000000000000000000000000000000000000000000000;0.58055881074824560597505385510309040924138573815614;1.37592524402847767266173279695243690403153918044540
p5b*p17a;(2,1);[9, -1, -3/2]~;0.00000000000000000000000000000000000000000000000000;0.00000000000000000000000000000000000000000000000000;1.20603601040193104802257220589115384961998249844341;-0.23487601174184751933549703230360322454332634978945
p5b*p17a;(2,1);[10, -1, -3/2]~;0.00000000000000000000000000000000000000000000000000;0.00000000000000000000000000000000000000000000000000;1.21292663353599439975811552032424119692647515232227;-0.69797841504796465917841963431079371919631747283774
p5b*p17a;(2,1);[11, -1, -3/2]~;0.00000000000000000000000000000000000000000000000000;0.00000000000000000000000000000000000000000000000000;1.02491448474793885277140610729959974407941384107548;0.19881617967624265250859761623581041350248870942736
p5b*p17a;(2,1);[12, -1, -3/2]~;0.00000000000000000000000000000000000000000000000000;0.00000000000000000000000000000000000000000000000000;1.04560587194181505564871052990466361532113825987711;-0.07102411406076474141497459890637995825833427356898
p5b*p17a;(2,1);[13, -1, -3/2]~;0.00000000000000000000000000000000000000000000000000;0.00000000000000000000000000000000000000000000000000;0.85493509338885743229829553544110928387169721835891;0.56848251381142875095217649031124384932111948335962
p5b*p17a;(2,1);[14, -1, -3/2]~;0.00000000000000000000000000000000000000000000000000;0.00000000000000000000000000000000000000000000000000;2.32792864485761074637921732488434054506485441483840;-0.44944001374139487893732653948931099489686302472615
p5b*p17a;(2,1);[15, -1, -3/2]~;0.00000000000000000000000000000000000000000000000000;0.00000000000000000000000000000000000000000000000000;-0.10985709251988502937510976870007931106640603128965;-0.60325353989103784389755951544651614350195106787973
p5b*p17a;(1,2);[0, 1, -3/2]~;0.00000000000000000000000000000000000000000000000000;0.00000000000000000000000000000000000000000000000000;0.41252303869963421541768558030791080365840457025960;0.11718915039593348648403944293729983553515502080228
p5b*p17a;(1,2);[1, 1, -3/2]~;0.00000000000000000000000000000000000000000000000000;0.00000000000000000000000000000000000000000000000000;-0.10985709251988502937510976870007931106640603128965;0.60325353989103784389755951544651614350195106787973
p5b*p17a;(1,2);[2, 1, -3/2]~;0.00000000000000000000000000000000000000000000000000;0.00000000000000000000000000000000000000000000000000;2.32792864485761074637921732488434054506485441483840;0.44944001374139487893732653948931099489686302472615
p5b*p17a;(1,2);[3, 1, -3/2]~;0.00000000000000000000000000000000000000000000000000;0.00000000000000000000000000000000000000000000000000;0.85493509338885743229829553544110928387169721835891;-0.56848251381142875095217649031124384932111948335962
p5b*p17a;(1,2);[4, 1, -3/2]~;0.00000000000000000000000000000000000000000000000000;0.00000000000000000000000000000000000000000000000000;1.04560587194181505564871052990466361532113825987711;0.07102411406076474141497459890637995825833427356898
p5b*p17a;(1,2);[5, 1, -3/2]~;0.00000000000000000000000000000000000000000000000000;0.00000000000000000000000000000000000000000000000000;1.02491448474793885277140610729959974407941384107548;-0.19881617967624265250859761623581041350248870942736
p5b*p17a;(1,2);[6, 1, -3/2]~;0.00000000000000000000000000000000000000000000000000;0.00000000000000000000000000000000000000000000000000;1.21292663353599439975811552032424119692647515232227;0.69797841504796465917841963431079371919631747283774
p5b*p17a;(1,2);[7, 1, -3/2]~;0.00000000000000000000000000000000000000000000000000;0.00000000000000000000000000000000000000000000000000;1.20603601040193104802257220589115384961998249844341;0.23487601174184751933549703230360322454332634978945
p5b*p17a;(1,2);[8, 1, -3/2]~;0.00000000000000000000000000000000000000000000000000;0.00000000000000000000000000000000000000000000000000;0.58055881074824560597505385510309040924138573815614;-1.37592524402847767266173279695243690403153918044540
p5b*p17a;(1,2);[9, 1, -3/2]~;0.00000000000000000000000000000000000000000000000000;0.00000000000000000000000000000000000000000000000000;0.92168469494155816897335849319395715009852578980856;-0.36337188138648689298926981744623194186713676092541
p5b*p17a;(1,2);[10, 1, -3/2]~;0.00000000000000000000000000000000000000000000000000;0.00000000000000000000000000000000000000000000000000;0.05496162329218215134275859826648464081589438496638;0.29005472272077505679245859705626211972778617422442
p5b*p17a;(1,2);[11, 1, -3/2]~;0.00000000000000000000000000000000000000000000000000;0.00000000000000000000000000000000000000000000000000;0.53262982414227154370096030832144096840520039846724;0.54166360376511708304166115380206591384700408876560
p5b*p17a;(1,2);[12, 1, -3/2]~;0.00000000000000000000000000000000000000000000000000;0.00000000000000000000000000000000000000000000000000;1.58472347337998872803005534348187891820443347842819;1.42028416808456179171455068924862213298875681197871
p5b*p17a;(1,2);[13, 1, -3/2]~;0.00000000000000000000000000000000000000000000000000;0.00000000000000000000000000000000000000000000000000;2.28404567325217321916385668181589917569746853966937;-0.91700765245781353507111104209309617458145863684474
p5b*p17a;(1,2);[14, 1, -3/2]~;0.00000000000000000000000000000000000000000000000000;0.00000000000000000000000000000000000000000000000000;0.14592970359432671850977517267651573609513508493663;-1.00505897913032683570033909538672542725679905565682
p5b*p17a;(1,2);[15, 1, -3/2]~;0.00000000000000000000000000000000000000000000000000;0.00000000000000000000000000000000000000000000000000;0.64298090110472724155027922745529470019776792728837;-0.24446621292937673117396502495233425697853131421654
p5b*p17a;(3,0);[0, -3, -3/2]~;1.10356306918926780167961832695524030927504371971892;-0.61527670860002014264717203053666199946426199944993;1.31007841021143951193628233615408463559181627227105;-0.50318479413505551197632025457725812184043532071741
p5b*p17a;(3,0);[1, -3, -3/2]~;2.03790858674613128311786855297096948418692115087238;14.74216991839413000581142260984690484901412669380108;0.72968801941179717440322189048206131748293952976515;0.51815060837336305762601065043108582808143915645559
p5b*p17a;(3,0);[2, -3, -3/2]~;-3.49308891458241324868023406791348154587690910654920;-13.21162793200417987078059011919636088875199510908413;0.56275411085986750110941767964788908504524138583526;-0.77499278088187077361602931216160108773334368425784
p5b*p17a;(3,0);[3, -3, -3/2]~;2.63307105634151623004808373545449698941496731531825;2.25821232501908969629432488502450347054138031829079;1.31221955207175882331296506809159195936501669906229;0.70673171078739927363063439102726546352745566320909
p5b*p17a;(3,0);[4, -3, -3/2]~;-14.31539064654080765655934888049760174327089184960936;-14.55185860028927339979235040103400602558503484813059;0.16347850690421808300316452490831086283615984948275;-0.29560970033663966093398362228057443409468719848683
p5b*p17a;(3,0);[5, -3, -3/2]~;-16.54139789344654510732972487553112859855675044952982;-16.80856877378845578712656554662011438013504982642617;0.55752311214844822146820920365046279621159109018855;-2.22295157385360444293939491002219489260001792770469
p5b*p17a;(3,0);[6, -3, -3/2]~;9.86565267984173373886184247036010297388755598113412;-12.07520225645566766073408360312997758309961890710647;1.08610002578419231849219635926068977354350287807718;-0.76117694510412047279970968704500592387774153765565
p5b*p17a;(3,0);[7, -3, -3/2]~;-1.98811520371758922835876820968223811247687985356785;1.06989826608888674943215164312372696674113834776645;0.02758139603721756075732639860177807586391794717550;0.08992240307033708018034764131595193659126464865063
p5b*p17a;(3,0);[8, -3, -3/2]~;2.29572362312514108629673507402027485285592081976563;13.58130169742705490488760759489886115105639442595637;0.79412381645309101406631153716751803167413368634469;0.87993801416697534829826344253872276725286959747174
p5b*p17a;(3,0);[9, -3, -3/2]~;-18.62258594577615694423019363871898369672160317349449;6.98070744979880476700153962214182612551078115042220;-0.11491356196956017288683897964175763335465353292519;1.85706327066958372769236705273945274987918768874971
p5b*p17a;(3,0);[10, -3, -3/2]~;26.06696580815722636993681744103423157029493816061255;12.48633562210908710265954195586253177803127872490621;4.16630599235211182861908590451602260815438696677044;1.06414784372953498982232054278811975816865516994701
p5b*p17a;(3,0);[11, -3, -3/2]~;-1.76705810687140800794583882040395891755878187603416;-3.30180326512617922172369654854224267020790983635846;0.42456449676617202859808182935740547861300616154071;-1.35401636789860853129748346304529442089199724618944
p5b*p17a;(3,0);[12, -3, -3/2]~;12.47694647728928932515386143943226059687722989436140;-7.73281496050079169627480123036610750648598944688892;1.37745812221751557323165517695664606407819336726898;-0.58681368945317939879360820110361826077315930991100
p5b*p17a;(3,0);[13, -3, -3/2]~;-12.09114758752550128120931463618371058161713639510028;-0.95284492625470366838157190658722777917626841096631;0.00717409176214855650444000609926287339698325283014;-0.12900692137506975683087974566599993967944568267115
p5b*p17a;(3,0);[14, -3, -3/2]~;9.92525832520303756599411093360750681658490919782743;11.24017339070715466603398824187191269228132022888637;0.94453685758207298760783581027137317380412036326895;0.62089213419245049732163838144601022495353263305180
p5b*p17a;(3,0);[15, -3, -3/2]~;1.97524445237490959018009335182472511336364956284666;4.39075992383523537894915081786594322848580828008149;1.65904312841608722792478581221799697191810049620105;1.44780238621311951259700626733928811741519696614145
p5b*p17a;(0,3);[0, 3, -3/2]~;1.10356306918926780167961832695524030927504371971892;0.61527670860002014264717203053666199946426199944993;1.31007841021143951193628233615408463559181627227105;0.50318479413505551197632025457725812184043532071741
p5b*p17a;(0,3);[1, 3, -3/2]~;1.97524445237490959018009335182472511336364956284666;-4.39075992383523537894915081786594322848580828008149;1.65904312841608722792478581221799697191810049620105;-1.44780238621311951259700626733928811741519696614145
p5b*p17a;(0,3);[2, 3, -3/2]~;9.92525832520303756599411093360750681658490919782743;-11.24017339070715466603398824187191269228132022888637;0.94453685758207298760783581027137317380412036326895;-0.62089213419245049732163838144601022495353263305180
p5b*p17a;(0,3);[3, 3, -3/2]~;-12.09114758752550128120931463618371058161713639510028;0.95284492625470366838157190658722777917626841096631;0.00717409176214855650444000609926287339698325283014;0.12900692137506975683087974566599993967944568267115
p5b*p17a;(0,3);[4, 3, -3/2]~;12.47694647728928932515386143943226059687722989436140;7.73281496050079169627480123036610750648598944688892;1.37745812221751557323165517695664606407819336726898;0.58681368945317939879360820110361826077315930991100
p5b*p17a;(0,3);[5, 3, -3/2]~;-1.76705810687140800794583882040395891755878187603416;3.30180326512617922172369654854224267020790983635846;0.42456449676617202859808182935740547861300616154071;1.35401636789860853129748346304529442089199724618944
p5b*p17a;(0,3);[6, 3, -3/2]~;26.06696580815722636993681744103423157029493816061255;-12.48633562210908710265954195586253177803127872490621;4.16630599235211182861908590451602260815438696677044;-1.06414784372953498982232054278811975816865516994701
p5b*p17a;(0,3);[7, 3, -3/2]~;-18.62258594577615694423019363871898369672160317349449;-6.98070744979880476700153962214182612551078115042220;-0.11491356196956017288683897964175763335465353292519;-1.85706327066958372769236705273945274987918768874971
p5b*p17a;(0,3);[8, 3, -3/2]~;2.29572362312514108629673507402027485285592081976563;-13.58130169742705490488760759489886115105639442595637;0.79412381645309101406631153716751803167413368634469;-0.87993801416697534829826344253872276725286959747174
p5b*p17a;(0,3);[9, 3, -3/2]~;-1.98811520371758922835876820968223811247687985356785;-1.06989826608888674943215164312372696674113834776645;0.02758139603721756075732639860177807586391794717550;-0.08992240307033708018034764131595193659126464865063
p5b*p17a;(0,3);[10, 3, -3/2]~;9.86565267984173373886184247036010297388755598113412;12.07520225645566766073408360312997758309961890710647;1.08610002578419231849219635926068977354350287807718;0.76117694510412047279970968704500592387774153765565
p5b*p17a;(0,3);[11, 3, -3/2]~;-16.54139789344654510732972487553112859855675044952982;16.80856877378845578712656554662011438013504982642617;0.55752311214844822146820920365046279621159109018855;2.22295157385360444293939491002219489260001792770469
p5b*p17a;(0,3);[12, 3, -3/2]~;-14.31539064654080765655934888049760174327089184960936;14.55185860028927339979235040103400602558503484813059;0.16347850690421808300316452490831086283615984948275;0.29560970033663966093398362228057443409468719848683
p5b*p17a;(0,3);[13, 3, -3/2]~;2.63307105634151623004808373545449698941496731531825;-2.25821232501908969629432488502450347054138031829079;1.31221955207175882331296506809159195936501669906229;-0.70673171078739927363063439102726546352745566320909
p5b*p17a;(0,3);[14, 3, -3/2]~;-3.49308891458241324868023406791348154587690910654920;13.21162793200417987078059011919636088875199510908413;0.56275411085986750110941767964788908504524138583526;0.77499278088187077361602931216160108773334368425784
p5b*p17a;(0,3);[15, 3, -3/2]~;2.03790858674613128311786855297096948418692115087238;-14.74216991839413000581142260984690484901412669380108;0.72968801941179717440322189048206131748293952976515;-0.51815060837336305762601065043108582808143915645559
p5b*p17b;(1,0);[0, -1, -1/2]~;0.64298090110472724155027922745529470019776792728837;-0.24446621292937673117396502495233425697853131421654;0.78443602451107935365582433130987907916745599031341;-0.13676828904784021798356448423371252816354830673145
p5b*p17b;(1,0);[1, -1, -1/2]~;0.41252303869963421541768558030791080365840457025960;-0.11718915039593348648403944293729983553515502080228;0.71357292546965472555818988473366987290804584790438;-0.13038786173698411822564656945273515557348346864268
p5b*p17b;(1,0);[2, -1, -1/2]~;0.44116290048014676172564325577716780931296435775915;-0.91929721552293889446554157049669270404584147026093;0.81819034951698265987397693588478280092318301891758;-0.34308209149262470129157608039782112815594648696449
p5b*p17b;(1,0);[3, -1, -1/2]~;0.66195871858096930839998626374403145413251488485929;0.35605414146938437897501293793264875991375910121446;0.86713141545164919695391937805292943832635638953437;-0.17194011287310197046909610508926358387199257953469
p5b*p17b;(1,0);[4, -1, -1/2]~;0.85493509338885743229829553544110928387169721835891;-0.56848251381142875095217649031124384932111948335962;1.04137362273818127930341318768216364414888938359748;-0.36227381910309058663466761744118113167998213680336
p5b*p17b;(1,0);[5, -1, -1/2]~;1.85357013331477313643696409280055673485123884523227;-0.97858163571197962766163208319351513963107226377649;1.32699817258314421881872774655188083762198637915791;-0.34774663283026288771584333523323155877144452207512
p5b*p17b;(1,0);[6, -1, -1/2]~;1.55345905116417171454314329874209192444006298835411;-1.33444223131682392978549825241844759431633783695435;1.34479137463429824463698235421527310556892111244624;-0.36317071029912362660496682541179956967505688933242
p5b*p17b;(1,0);[7, -1, -1/2]~;2.58376171506264951962324803734240546559315489444290;0.10223186569272270381700821515657378550052860602146;1.59008926565573866538630663848941681931499603227103;0.02337405668602333775266206948391152931334870638287
p5b*p17b;(1,0);[8, -1, -1/2]~;1.20603601040193104802257220589115384961998249844341;0.23487601174184751933549703230360322454332634978945;1.26839722043150853072893803462133899140148129837349;0.15147472858187536596056343024932592371295073208703
p5b*p17b;(1,0);[9, -1, -1/2]~;1.70516363736702688475725739101189108342807062302574;1.24613586321305134717696007132110225259394848813896;1.32024304179660493487231220892261893593319138662656;0.40969447421782038840449232675835957376446265665894
p5b*p17b;(1,0);[10, -1, -1/2]~;0.11892154416268537361608314882711652662667506466597;1.09439558551271101951586557871164368902858661667748;0.91821421260572241180233136819104024024172587029881;0.47085199104644608695885971229153746576192700474426
p5b*p17b;(1,0);[11, -1, -1/2]~;1.30814976898722696939612167822662160931245104287595;0.15177403032301589857039929852133204890067055685805;0.98812405852181117036762688018894716136887142107934;0.22635453085188128711408852575036932802890128437815
p5b*p17b;(1,0);[12, -1, -1/2]~;0.53262982414227154370096030832144096840520039846724;0.54166360376511708304166115380206591384700408876560;0.80708137714871223760701932007042860713108122299433;0.33725706228990956714914653395075252027322221881152
p5b*p17b;(1,0);[13, -1, -1/2]~;0.00000000000000000000000000000000000000000000000000;-0.00000000000000000000000000000000000000000000000000;0.68240883972856195393638469469241012583591418785394;0.09942748161555435293807940469378061371276056077242
p5b*p17b;(1,0);[14, -1, -1/2]~;0.75218637432353678506210466017838109861803512383220;0.59703925546727811146634799692908760937659769047004;0.79068404939262821124784495433749598523950210821786;0.16161986365987940716554696024608034832197118451338
p5b*p17b;(1,0);[15, -1, -1/2]~;0.73321181373929004828803170899017950060434651818461;-0.25807640566366907774430384681357849625453557111216;0.72195477034081908102527125068264259857935650974469;-0.03293562234023926217755351602882284165858557390870
p5b*p17b;(2,0);[0, -2, -1]~;1.38596734066845504419280050484808254170175226013345;1.36246555538361302616150194719401344394795285486636;1.33215164587290644428145320968764623584836850161182;0.64675524399931223061573479139208224912374197436683
p5b*p17b;(2,0);[1, -2, -1]~;-0.42789550462744139310697243869709475659328685101607;-2.19625302667143087992201651043122924123527597009316;0.70040714080791540581430617797723425570676354534060;0.30127013265611003988150617744606831262891695847415
p5b*p17b;(2,0);[2, -2, -1]~;0.55674763846861735119365853088099603829422186345804;0.34408896372984398024189934038897350835115565227315;0.85607167685404896463408404526754534245030761944796;0.33570849540608321979457919686150827689535574149504
p5b*p17b;(2,0);[3, -2, -1]~;-1.63886925621626542778815149894355693941843084732418;-0.67826317885324966349308135774179405239487644258421;0.47837942587397942213560882796153200946255511035266;0.36937361186480529696332090417577765448782230173500
p5b*p17b;(2,0);[4, -2, -1]~;1.11234020837682007398528178225013248899699519238435;-0.28040966913621831856980717572182371231698916324478;0.87405954495708935220602494322711237401498077636746;-0.00171835289919967511824582271622927939398042722141
p5b*p17b;(2,0);[5, -2, -1]~;1.44100313789518795628387932648883089026479640902034;2.13557645344230942743280112004309584630206328723484;0.82146949107475689873300011393793646006820542244961;0.30959706386305756817611123173999342218608201962692
p5b*p17b;(2,0);[6, -2, -1]~;-1.03444543106671944156579762401989699234623324817002;0.98820223938407707331750484085018031607847652223606;0.48677431224130731017781185671880341001912093073651;-0.02626900315173641666793079630008078662551959873362
p5b*p17b;(2,0);[7, -2, -1]~;1.38376863117931837443769808461484030145635498760725;-2.02836955955431550423115901553950237224445935082474;0.80121802284903346996723666692504525770197622012752;-0.24105263766605709820422619847841378706327770942478
p5b*p17b;(2,0);[8, -2, -1]~;-0.19483667038216475674759424108489756825389745092479;0.55078638916972413244890193826106341749097929219353;0.44393639876673294744337812897390267395471248892423;0.03290830967182236819117612411860703380735097083047
p5b*p17b;(2,0);[9, -2, -1]~;3.02403028852882775072809701934416001630475115997469;-0.00676730718470999729122235425741111698816328733996;1.00007261640978414646828607242942072745471706343029;-0.24836553382613631142048265617347681318176160478989
p5b*p17b;(2,0);[10, -2, -1]~;1.00023494330843466830011582652007719797317601175012;-2.70389252178816448124827700214848828886941448042897;0.85839398286597101899117250224874901413594646088302;-0.47773785505003590993978190702032812813359970239898
p5b*p17b;(2,0);[11, -2, -1]~;-2.34447372962146933485624775492456255441062821565368;-2.46895576850363968338639940360430701268812201748680;0.74573470340127424019222085810792945100537527612429;-0.88876113798215765446402518267317487440173029814313
p5b*p17b;(2,0);[12, -2, -1]~;1.63001033549197359955263151801825786248451751233790;-1.17585190152797326549647554351086252135894230998180;1.42219774568105551100625854921785497011602708504091;-0.56796248746720356870313200436579773990550107852001
p5b*p17b;(2,0);[13, -2, -1]~;-0.17442748307222812245352035768332894877498149381884;-4.59839599728650515976871979658492117590972479160928;1.31536847108313371081842226661860985562932584567053;-0.85356680315691521591991617239171392043251459532818
p5b*p17b;(2,0);[14, -2, -1]~;6.06992407511158889082051734609818826245393068622018;2.31261644911112923140127377416056751276022072265357;2.19004303099014549371599169005044882664034810789773;0.32057919834646072570166967034585935131533233163736
p5b*p17b;(2,0);[15, -2, -1]~;2.36198665078710249185618443960820987656336319682450;4.39198357057100897994406875784571158472655540840027;1.55193919806895690129680642979595863303743275332748;0.69212770719904668145623367159201541656102036757667
p5b*p17b;(1,1);[0, 0, -1]~;-0.25000000000000000000000000000000000000000000000000;0.00000000000000000000000000000000000000000000000000;0.00000000000000000000000000000000000000000000000000;0.00000000000000000000000000000000000000000000000000
p5b*p17b;(1,1);[1, 0, -1]~;0.00000000000000000000000000000000000000000000000000;0.00000000000000000000000000000000000000000000000000;1.31924333547639373427131649021569071766969706980422;0.36452477728592999977958142343665755777704104445031
p5b*p17b;(1,1);[2, 0, -1]~;0.00000000000000000000000000000000000000000000000000;0.00000000000000000000000000000000000000000000000000;1.25353899340155917313439741262094956606950506953597;0.42178960735328933923967200024733701953776358431954
p5b*p17b;(1,1);[3, 0, -1]~;0.00000000000000000000000000000000000000000000000000;0.00000000000000000000000000000000000000000000000000;0.79191361403033591033442793671535688138139852749559;0.63311739894261499607589664210919458936323096134352
p5b*p17b;(1,1);[4, 0, -1]~;0.00000000000000000000000000000000000000000000000000;0.00000000000000000000000000000000000000000000000000;0.65362232723783574910648686944372525946947265383231;0.25110895068210199393790116889945972106510994858596
p5b*p17b;(1,1);[5, 0, -1]~;0.00000000000000000000000000000000000000000000000000;0.00000000000000000000000000000000000000000000000000;0.70646446894659131204549114687277893320645590937332;0.43315562778077378204257749886657661264311004827701
p5b*p17b;(1,1);[6, 0, -1]~;0.00000000000000000000000000000000000000000000000000;0.00000000000000000000000000000000000000000000000000;0.69395986673372452128999803299329810358661044339233;0.04286323147578074506260328391657696067830828811615
p5b*p17b;(1,1);[7, 0, -1]~;0.00000000000000000000000000000000000000000000000000;0.00000000000000000000000000000000000000000000000000;0.74889158148428934725904299572384516212480230507414;0.11125326911726808371097252463805890092666714411229
p5b*p17b;(1,1);[8, 0, -1]~;0.00000000000000000000000000000000000000000000000000;0.00000000000000000000000000000000000000000000000000;0.55839954151569709239457472080545941406836608461140;0.00000000000000000000000000000000000000000000000000
p5b*p17b;(1,1);[9, 0, -1]~;0.00000000000000000000000000000000000000000000000000;0.00000000000000000000000000000000000000000000000000;0.74889158148428934725904299572384516212480230507414;-0.11125326911726808371097252463805890092666714411229
p5b*p17b;(1,1);[10, 0, -1]~;0.00000000000000000000000000000000000000000000000000;0.00000000000000000000000000000000000000000000000000;0.69395986673372452128999803299329810358661044339233;-0.04286323147578074506260328391657696067830828811615
p5b*p17b;(1,1);[11, 0, -1]~;0.00000000000000000000000000000000000000000000000000;0.00000000000000000000000000000000000000000000000000;0.70646446894659131204549114687277893320645590937332;-0.43315562778077378204257749886657661264311004827701
p5b*p17b;(1,1);[12, 0, -1]~;0.00000000000000000000000000000000000000000000000000;0.00000000000000000000000000000000000000000000000000;0.65362232723783574910648686944372525946947265383231;-0.25110895068210199393790116889945972106510994858596
p5b*p17b;(1,1);[13, 0, -1]~;0.00000000000000000000000000000000000000000000000000;0.00000000000000000000000000000000000000000000000000;0.79191361403033591033442793671535688138139852749559;-0.63311739894261499607589664210919458936323096134352
p5b*p17b;(1,1);[14, 0, -1]~;0.00000000000000000000000000000000000000000000000000;0.00000000000000000000000000000000000000000000000000;1.25353899340155917313439741262094956606950506953597;-0.42178960735328933923967200024733701953776358431954
p5b*p17b;(1,1);[15, 0, -1]~;0.00000000000000000000000000000000000000000000000000;0.00000000000000000000000000000000000000000000000000;1.31924333547639373427131649021569071766969706980422;-0.36452477728592999977958142343665755777704104445031
p5b*p17b;(0,1);[0, 1, -1/2]~;0.64298090110472724155027922745529470019776792728837;0.24446621292937673117396502495233425697853131421654;0.78443602451107935365582433130987907916745599031341;0.13676828904784021798356448423371252816354830673145
p5b*p17b;(0,1);[1, 1, -1/2]~;0.73321181373929004828803170899017950060434651818461;0.25807640566366907774430384681357849625453557111216;0.72195477034081908102527125068264259857935650974469;0.03293562234023926217755351602882284165858557390870
p5b*p17b;(0,1);[2, 1, -1/2]~;0.75218637432353678506210466017838109861803512383220;-0.59703925546727811146634799692908760937659769047004;0.79068404939262821124784495433749598523950210821786;-0.16161986365987940716554696024608034832197118451338
p5b*p17b;(0,1);[3, 1, -1/2]~;0.00000000000000000000000000000000000000000000000000;0.00000000000000000000000000000000000000000000000000;0.68240883972856195393638469469241012583591418785394;-0.09942748161555435293807940469378061371276056077242
p5b*p17b;(0,1);[4, 1, -1/2]~;0.53262982414227154370096030832144096840520039846724;-0.54166360376511708304166115380206591384700408876560;0.80708137714871223760701932007042860713108122299433;-0.33725706228990956714914653395075252027322221881152
p5b*p17b;(0,1);[5, 1, -1/2]~;1.30814976898722696939612167822662160931245104287595;-0.15177403032301589857039929852133204890067055685805;0.98812405852181117036762688018894716136887142107934;-0.22635453085188128711408852575036932802890128437815
p5b*p17b;(0,1);[6, 1, -1/2]~;0.11892154416268537361608314882711652662667506466597;-1.09439558551271101951586557871164368902858661667748;0.91821421260572241180233136819104024024172587029881;-0.47085199104644608695885971229153746576192700474426
p5b*p17b;(0,1);[7, 1, -1/2]~;1.70516363736702688475725739101189108342807062302574;-1.24613586321305134717696007132110225259394848813896;1.32024304179660493487231220892261893593319138662656;-0.40969447421782038840449232675835957376446265665894
p5b*p17b;(0,1);[8, 1, -1/2]~;1.20603601040193104802257220589115384961998249844341;-0.23487601174184751933549703230360322454332634978945;1.26839722043150853072893803462133899140148129837349;-0.15147472858187536596056343024932592371295073208703
p5b*p17b;(0,1);[9, 1, -1/2]~;2.58376171506264951962324803734240546559315489444290;-0.10223186569272270381700821515657378550052860602146;1.59008926565573866538630663848941681931499603227103;-0.02337405668602333775266206948391152931334870638287
p5b*p17b;(0,1);[10, 1, -1/2]~;1.55345905116417171454314329874209192444006298835411;1.33444223131682392978549825241844759431633783695435;1.34479137463429824463698235421527310556892111244624;0.36317071029912362660496682541179956967505688933242
p5b*p17b;(0,1);[11, 1, -1/2]~;1.85357013331477313643696409280055673485123884523227;0.97858163571197962766163208319351513963107226377649;1.32699817258314421881872774655188083762198637915791;0.34774663283026288771584333523323155877144452207512
p5b*p17b;(0,1);[12, 1, -1/2]~;0.85493509338885743229829553544110928387169721835891;0.56848251381142875095217649031124384932111948335962;1.04137362273818127930341318768216364414888938359748;0.36227381910309058663466761744118113167998213680336
p5b*p17b;(0,1);[13, 1, -1/2]~;0.66195871858096930839998626374403145413251488485929;-0.35605414146938437897501293793264875991375910121446;0.86713141545164919695391937805292943832635638953437;0.17194011287310197046909610508926358387199257953469
p5b*p17b;(0,1);[14, 1, -1/2]~;0.44116290048014676172564325577716780931296435775915;0.91929721552293889446554157049669270404584147026093;0.81819034951698265987397693588478280092318301891758;0.34308209149262470129157608039782112815594648696449
p5b*p17b;(0,1);[15, 1, -1/2]~;0.41252303869963421541768558030791080365840457025960;0.11718915039593348648403944293729983553515502080228;0.71357292546965472555818988473366987290804584790438;0.13038786173698411822564656945273515557348346864268
p5b*p17b;(0,2);[0, 2, -1]~;1.38596734066845504419280050484808254170175226013345;-1.36246555538361302616150194719401344394795285486636;1.33215164587290644428145320968764623584836850161182;-0.64675524399931223061573479139208224912374197436683
p5b*p17b;(0,2);[1, 2, -1]~;2.36198665078710249185618443960820987656336319682450;-4.39198357057100897994406875784571158472655540840027;1.55193919806895690129680642979595863303743275332748;-0.69212770719904668145623367159201541656102036757667
p5b*p17b;(0,2);[2, 2, -1]~;6.06992407511158889082051734609818826245393068622018;-2.31261644911112923140127377416056751276022072265357;2.19004303099014549371599169005044882664034810789773;-0.32057919834646072570166967034585935131533233163736
p5b*p17b;(0,2);[3, 2, -1]~;-0.17442748307222812245352035768332894877498149381884;4.59839599728650515976871979658492117590972479160928;1.31536847108313371081842226661860985562932584567053;0.85356680315691521591991617239171392043251459532818
p5b*p17b;(0,2);[4, 2, -1]~;1.63001033549197359955263151801825786248451751233790;1.17585190152797326549647554351086252135894230998180;1.42219774568105551100625854921785497011602708504091;0.56796248746720356870313200436579773990550107852001
p5b*p17b;(0,2);[5, 2, -1]~;-2.34447372962146933485624775492456255441062821565368;2.46895576850363968338639940360430701268812201748680;0.74573470340127424019222085810792945100537527612429;0.88876113798215765446402518267317487440173029814313
p5b*p17b;(0,2);[6, 2, -1]~;1.00023494330843466830011582652007719797317601175012;2.70389252178816448124827700214848828886941448042897;0.85839398286597101899117250224874901413594646088302;0.47773785505003590993978190702032812813359970239898
p5b*p17b;(0,2);[7, 2, -1]~;3.02403028852882775072809701934416001630475115997469;0.00676730718470999729122235425741111698816328733996;1.00007261640978414646828607242942072745471706343029;0.24836553382613631142048265617347681318176160478989
p5b*p17b;(0,2);[8, 2, -1]~;-0.19483667038216475674759424108489756825389745092479;-0.55078638916972413244890193826106341749097929219353;0.44393639876673294744337812897390267395471248892423;-0.03290830967182236819117612411860703380735097083047
p5b*p17b;(0,2);[9, 2, -1]~;1.38376863117931837443769808461484030145635498760725;2.02836955955431550423115901553950237224445935082474;0.80121802284903346996723666692504525770197622012752;0.24105263766605709820422619847841378706327770942478
p5b*p17b;(0,2);[10, 2, -1]~;-1.03444543106671944156579762401989699234623324817002;-0.98820223938407707331750484085018031607847652223606;0.48677431224130731017781185671880341001912093073651;0.02626900315173641666793079630008078662551959873362
p5b*p17b;(0,2);[11, 2, -1]~;1.44100313789518795628387932648883089026479640902034;-2.13557645344230942743280112004309584630206328723484;0.82146949107475689873300011393793646006820542244961;-0.30959706386305756817611123173999342218608201962692
p5b*p17b;(0,2);[12, 2, -1]~;1.11234020837682007398528178225013248899699519238435;0.28040966913621831856980717572182371231698916324478;0.87405954495708935220602494322711237401498077636746;0.00171835289919967511824582271622927939398042722141
p5b*p17b;(0,2);[13, 2, -1]~;-1.63886925621626542778815149894355693941843084732418;0.67826317885324966349308135774179405239487644258421;0.47837942587397942213560882796153200946255511035266;-0.36937361186480529696332090417577765448782230173500
p5b*p17b;(0,2);[14, 2, -1]~;0.55674763846861735119365853088099603829422186345804;-0.34408896372984398024189934038897350835115565227315;0.85607167685404896463408404526754534245030761944796;-0.33570849540608321979457919686150827689535574149504
p5b*p17b;(0,2);[15, 2, -1]~;-0.42789550462744139310697243869709475659328685101607;2.19625302667143087992201651043122924123527597009316;0.70040714080791540581430617797723425570676354534060;-0.30127013265611003988150617744606831262891695847415
p5b*p17b;(-1,0);[0, 1, 1/2]~;0.78443602451107935365582433130987907916745599031341;0.13676828904784021798356448423371252816354830673145;0.86735325965309009482147033303840686829106939443746;0.06544053051534260610990630004962915284266856488522
p5b*p17b;(-1,0);[1, 1, 1/2]~;0.72195477034081908102527125068264259857935650974469;0.03293562234023926217755351602882284165858557390870;0.83984320367151814855134520695547842893676047630409;0.00479714442698107074212587523490590604686263938076
p5b*p17b;(-1,0);[2, 1, 1/2]~;0.79068404939262821124784495433749598523950210821786;-0.16161986365987940716554696024608034832197118451338;0.86713953920992463199337234475097306648848469885823;-0.06428022658927261415877874174930780061068670620495
p5b*p17b;(-1,0);[3, 1, 1/2]~;0.68240883972856195393638469469241012583591418785394;-0.09942748161555435293807940469378061371276056077242;0.86585232622813524271446984358249970833358241993248;-0.08425183668874464628053813895646448424888194089772
p5b*p17b;(-1,0);[4, 1, 1/2]~;0.80708137714871223760701932007042860713108122299433;-0.33725706228990956714914653395075252027322221881152;0.91683927021088719403090719499662502309142122999568;-0.16773792090135467456548974284007759787471801377843
p5b*p17b;(-1,0);[5, 1, 1/2]~;0.98812405852181117036762688018894716136887142107934;-0.22635453085188128711408852575036932802890128437815;0.98280901089850736129192155298286856838429188740733;-0.15300788244135547174060499477471889691759326200277
p5b*p17b;(-1,0);[6, 1, 1/2]~;0.91821421260572241180233136819104024024172587029881;-0.47085199104644608695885971229153746576192700474426;1.02661473802996491410523663141558091401371749327416;-0.19811640155540376983618550391927575593237064385041
p5b*p17b;(-1,0);[7, 1, 1/2]~;1.32024304179660493487231220892261893593319138662656;-0.40969447421782038840449232675835957376446265665894;1.13986773534734291048752082251622698438043965507847;-0.15723279268046083353467157483834957960038317455067
p5b*p17b;(-1,0);[8, 1, 1/2]~;1.26839722043150853072893803462133899140148129837349;-0.15147472858187536596056343024932592371295073208703;1.15865624254143581649216551065948548764168090252926;-0.07576094108251080126504134044194496338508388541303
p5b*p17b;(-1,0);[9, 1, 1/2]~;1.59008926565573866538630663848941681931499603227103;-0.02337405668602333775266206948391152931334870638287;1.22924388775967254313514281798172246110659008793306;-0.00481715302921613866616139695100371488612464550537
p5b*p17b;(-1,0);[10, 1, 1/2]~;1.34479137463429824463698235421527310556892111244624;0.36317071029912362660496682541179956967505688933242;1.17236985846374202808208601835677937756058834026158;0.11155081269632059249740008096345512043508539141092
p5b*p17b;(-1,0);[11, 1, 1/2]~;1.32699817258314421881872774655188083762198637915791;0.34774663283026288771584333523323155877144452207512;1.13706991522688184334380029287722634054937289989014;0.14580081597294699249647851378576617218548219691470
p5b*p17b;(-1,0);[12, 1, 1/2]~;1.04137362273818127930341318768216364414888938359748;0.36227381910309058663466761744118113167998213680336;1.04615654546377591325768319887871069153467414340230;0.17982290452273994903365361009717392712393033058819
p5b*p17b;(-1,0);[13, 1, 1/2]~;0.86713141545164919695391937805292943832635638953437;0.17194011287310197046909610508926358387199257953469;0.96392156705001866951013222333094834216297578154936;0.14861361325166338238019797689240404420797252731422
p5b*p17b;(-1,0);[14, 1, 1/2]~;0.81819034951698265987397693588478280092318301891758;0.34308209149262470129157608039782112815594648696449;0.92129827359275506087094917388548022381521962274034;0.15784143089431215808983122543305038846770527520767
p5b*p17b;(-1,0);[15, 1, 1/2]~;0.71357292546965472555818988473366987290804584790438;0.13038786173698411822564656945273515557348346864268;0.86464370285856916093870885245090860365694011359610;0.09181495769030660917621350614952121738088076878153
p5b*p17b;(1,-1);[0, -2, 0]~;1.33215164587290644428145320968764623584836850161182;0.64675524399931223061573479139208224912374197436683;1.17773378848831058635532758888315881924667961107450;0.25690130519021858982506020914318733657895046504652
p5b*p17b;(1,-1);[1, -2, 0]~;0.70040714080791540581430617797723425570676354534060;0.30127013265611003988150617744606831262891695847415;0.99425317796465699907125982790756495607810110107418;0.25663013446979122405607112176365305684883679524394
p5b*p17b;(1,-1);[2, -2, 0]~;0.85607167685404896463408404526754534245030761944796;0.33570849540608321979457919686150827689535574149504;0.95871829209866881015718037072307753339178062005150;0.21437169291217084487356331950555195654779166360477
p5b*p17b;(1,-1);[3, -2, 0]~;0.47837942587397942213560882796153200946255511035266;0.36937361186480529696332090417577765448782230173500;0.84617316576268777448967681982781957326907045885331;0.22091587334237790569039458040556976180135042032920
p5b*p17b;(1,-1);[4, -2, 0]~;0.87405954495708935220602494322711237401498077636746;-0.00171835289919967511824582271622927939398042722141;0.86728954010441173605500072504978059253105301137078;0.07723202146847773113351554054778870041003741898556
p5b*p17b;(1,-1);[5, -2, 0]~;0.82146949107475689873300011393793646006820542244961;0.30959706386305756817611123173999342218608201962692;0.83243710242597841316618427612470260624683689662650;0.09583538945502278896622617332738520610428208213842
p5b*p17b;(1,-1);[6, -2, 0]~;0.48677431224130731017781185671880341001912093073651;-0.02626900315173641666793079630008078662551959873362;0.77079735932860353079887887752708172423798332585625;-0.02136709692666191127105764013779120144445083092174
p5b*p17b;(1,-1);[7, -2, 0]~;0.80121802284903346996723666692504525770197622012752;-0.24105263766605709820422619847841378706327770942478;0.83379041316160354591243109042476138385167177628645;-0.07096244624014392736230584593025212934226624776657
p5b*p17b;(1,-1);[8, -2, 0]~;0.44393639876673294744337812897390267395471248892423;0.03290830967182236819117612411860703380735097083047;0.76942992853001817736062312866904953125271530713317;-0.08311810427666737222234874097696956379801668673389
p5b*p17b;(1,-1);[9, -2, 0]~;1.00007261640978414646828607242942072745471706343029;-0.24836553382613631142048265617347681318176160478989;0.91098937371815979941880550234950114438701512154642;-0.18992071612775381656653001185091449072329633071448
p5b*p17b;(1,-1);[10, -2, 0]~;0.85839398286597101899117250224874901413594646088302;-0.47773785505003590993978190702032812813359970239898;0.93837911625369456226833181328419322123903315125170;-0.21721573374664239771978098523358343585043316116067
p5b*p17b;(1,-1);[11, -2, 0]~;0.74573470340127424019222085810792945100537527612429;-0.88876113798215765446402518267317487440173029814313;1.03423653074186049156467194580885432746113427182868;-0.32263009304202037842950942840222965914774304681755
p5b*p17b;(1,-1);[12, -2, 0]~;1.42219774568105551100625854921785497011602708504091;-0.56796248746720356870313200436579773990550107852001;1.20064838876281205360289762924785138881710460158093;-0.23468293312308212579437455545976820044215635520379
p5b*p17b;(1,-1);[13, -2, 0]~;1.31536847108313371081842226661860985562932584567053;-0.85356680315691521591991617239171392043251459532818;1.23653888351198365085039748153715046213991995719768;-0.20375983127727593959700685607776353187200748923915
p5b*p17b;(1,-1);[14, -2, 0]~;2.19004303099014549371599169005044882664034810789773;0.32057919834646072570166967034585935131533233163736;1.37261172400825194794043218374255883080784263832845;0.04343874977348579841988144691081430429712603975992
p5b*p17b;(1,-1);[15, -2, 0]~;1.55193919806895690129680642979595863303743275332748;0.69212770719904668145623367159201541656102036757667;1.24889697956438644720991390897061342514172635348401;0.16278881477413303511482434958362697710995067553132
p5b*p17b;(2,1);[0, -1, -3/2]~;0.00000000000000000000000000000000000000000000000000;0.00000000000000000000000000000000000000000000000000;0.64298090110472724155027922745529470019776792728837;-0.24446621292937673117396502495233425697853131421654
p5b*p17b;(2,1);[1, -1, -3/2]~;0.00000000000000000000000000000000000000000000000000;0.00000000000000000000000000000000000000000000000000;0.41252303869963421541768558030791080365840457025960;-0.11718915039593348648403944293729983553515502080228
p5b*p17b;(2,1);[2, -1, -3/2]~;0.00000000000000000000000000000000000000000000000000;0.00000000000000000000000000000000000000000000000000;0.44116290048014676172564325577716780931296435775915;-0.91929721552293889446554157049669270404584147026093
p5b*p17b;(2,1);[3, -1, -3/2]~;0.00000000000000000000000000000000000000000000000000;0.00000000000000000000000000000000000000000000000000;0.66195871858096930839998626374403145413251488485929;0.35605414146938437897501293793264875991375910121446
p5b*p17b;(2,1);[4, -1, -3/2]~;0.00000000000000000000000000000000000000000000000000;0.00000000000000000000000000000000000000000000000000;0.85493509338885743229829553544110928387169721835891;-0.56848251381142875095217649031124384932111948335962
p5b*p17b;(2,1);[5, -1, -3/2]~;0.00000000000000000000000000000000000000000000000000;0.00000000000000000000000000000000000000000000000000;1.85357013331477313643696409280055673485123884523227;-0.97858163571197962766163208319351513963107226377649
p5b*p17b;(2,1);[6, -1, -3/2]~;0.00000000000000000000000000000000000000000000000000;0.00000000000000000000000000000000000000000000000000;1.55345905116417171454314329874209192444006298835411;-1.33444223131682392978549825241844759431633783695435
p5b*p17b;(2,1);[7, -1, -3/2]~;0.00000000000000000000000000000000000000000000000000;0.00000000000000000000000000000000000000000000000000;2.58376171506264951962324803734240546559315489444290;0.10223186569272270381700821515657378550052860602146
p5b*p17b;(2,1);[8, -1, -3/2]~;0.00000000000000000000000000000000000000000000000000;0.00000000000000000000000000000000000000000000000000;1.20603601040193104802257220589115384961998249844341;0.23487601174184751933549703230360322454332634978945
p5b*p17b;(2,1);[9, -1, -3/2]~;0.00000000000000000000000000000000000000000000000000;0.00000000000000000000000000000000000000000000000000;1.70516363736702688475725739101189108342807062302574;1.24613586321305134717696007132110225259394848813896
p5b*p17b;(2,1);[10, -1, -3/2]~;0.00000000000000000000000000000000000000000000000000;0.00000000000000000000000000000000000000000000000000;0.11892154416268537361608314882711652662667506466597;1.09439558551271101951586557871164368902858661667748
p5b*p17b;(2,1);[11, -1, -3/2]~;0.00000000000000000000000000000000000000000000000000;0.00000000000000000000000000000000000000000000000000;1.30814976898722696939612167822662160931245104287595;0.15177403032301589857039929852133204890067055685805
p5b*p17b;(2,1);[12, -1, -3/2]~;0.00000000000000000000000000000000000000000000000000;0.00000000000000000000000000000000000000000000000000;0.53262982414227154370096030832144096840520039846724;0.54166360376511708304166115380206591384700408876560
p5b*p17b;(2,1);[13, -1, -3/2]~;0.00000000000000000000000000000000000000000000000000;0.00000000000000000000000000000000000000000000000000;-0.00000000000000000000000000000000000000000000000000;0.00000000000000000000000000000000000000000000000000
p5b*p17b;(2,1);[14, -1, -3/2]~;0.00000000000000000000000000000000000000000000000000;0.00000000000000000000000000000000000000000000000000;0.75218637432353678506210466017838109861803512383220;0.59703925546727811146634799692908760937659769047004
p5b*p17b;(2,1);[15, -1, -3/2]~;0.00000000000000000000000000000000000000000000000000;0.00000000000000000000000000000000000000000000000000;0.73321181373929004828803170899017950060434651818461;-0.25807640566366907774430384681357849625453557111216
p5b*p17b;(1,2);[0, 1, -3/2]~;0.00000000000000000000000000000000000000000000000000;0.00000000000000000000000000000000000000000000000000;0.64298090110472724155027922745529470019776792728837;0.24446621292937673117396502495233425697853131421654
p5b*p17b;(1,2);[1, 1, -3/2]~;0.00000000000000000000000000000000000000000000000000;0.00000000000000000000000000000000000000000000000000;0.73321181373929004828803170899017950060434651818461;0.25807640566366907774430384681357849625453557111216
p5b*p17b;(1,2);[2, 1, -3/2]~;0.00000000000000000000000000000000000000000000000000;0.00000000000000000000000000000000000000000000000000;0.75218637432353678506210466017838109861803512383220;-0.59703925546727811146634799692908760937659769047004
p5b*p17b;(1,2);[3, 1, -3/2]~;0.00000000000000000000000000000000000000000000000000;0.00000000000000000000000000000000000000000000000000;-0.00000000000000000000000000000000000000000000000000;-0.00000000000000000000000000000000000000000000000000
p5b*p17b;(1,2);[4, 1, -3/2]~;0.00000000000000000000000000000000000000000000000000;0.00000000000000000000000000000000000000000000000000;0.53262982414227154370096030832144096840520039846724;-0.54166360376511708304166115380206591384700408876560
p5b*p17b;(1,2);[5, 1, -3/2]~;0.00000000000000000000000000000000000000000000000000;0.00000000000000000000000000000000000000000000000000;1.30814976898722696939612167822662160931245104287595;-0.15177403032301589857039929852133204890067055685805
p5b*p17b;(1,2);[6, 1, -3/2]~;0.00000000000000000000000000000000000000000000000000;0.00000000000000000000000000000000000000000000000000;0.11892154416268537361608314882711652662667506466597;-1.09439558551271101951586557871164368902858661667748
p5b*p17b;(1,2);[7, 1, -3/2]~;0.00000000000000000000000000000000000000000000000000;0.00000000000000000000000000000000000000000000000000;1.70516363736702688475725739101189108342807062302574;-1.24613586321305134717696007132110225259394848813896
p5b*p17b;(1,2);[8, 1, -3/2]~;0.00000000000000000000000000000000000000000000000000;0.00000000000000000000000000000000000000000000000000;1.20603601040193104802257220589115384961998249844341;-0.23487601174184751933549703230360322454332634978945
p5b*p17b;(1,2);[9, 1, -3/2]~;0.00000000000000000000000000000000000000000000000000;0.00000000000000000000000000000000000000000000000000;2.58376171506264951962324803734240546559315489444290;-0.10223186569272270381700821515657378550052860602146
p5b*p17b;(1,2);[10, 1, -3/2]~;0.00000000000000000000000000000000000000000000000000;0.00000000000000000000000000000000000000000000000000;1.55345905116417171454314329874209192444006298835411;1.33444223131682392978549825241844759431633783695435
p5b*p17b;(1,2);[11, 1, -3/2]~;0.00000000000000000000000000000000000000000000000000;0.00000000000000000000000000000000000000000000000000;1.85357013331477313643696409280055673485123884523227;0.97858163571197962766163208319351513963107226377649
p5b*p17b;(1,2);[12, 1, -3/2]~;0.00000000000000000000000000000000000000000000000000;0.00000000000000000000000000000000000000000000000000;0.85493509338885743229829553544110928387169721835891;0.56848251381142875095217649031124384932111948335962
p5b*p17b;(1,2);[13, 1, -3/2]~;0.00000000000000000000000000000000000000000000000000;0.00000000000000000000000000000000000000000000000000;0.66195871858096930839998626374403145413251488485929;-0.35605414146938437897501293793264875991375910121446
p5b*p17b;(1,2);[14, 1, -3/2]~;0.00000000000000000000000000000000000000000000000000;0.00000000000000000000000000000000000000000000000000;0.44116290048014676172564325577716780931296435775915;0.91929721552293889446554157049669270404584147026093
p5b*p17b;(1,2);[15, 1, -3/2]~;0.00000000000000000000000000000000000000000000000000;0.00000000000000000000000000000000000000000000000000;0.41252303869963421541768558030791080365840457025960;0.11718915039593348648403944293729983553515502080228
p5b*p17b;(3,0);[0, -3, -3/2]~;2.63307105634151623004808373545449698941496731531825;-2.25821232501908969629432488502450347054138031829079;1.31221955207175882331296506809159195936501669906229;-0.70673171078739927363063439102726546352745566320909
p5b*p17b;(3,0);[1, -3, -3/2]~;8.45348938449543960745587594532944574844527422011362;-12.78668647580109766678538743285014724099037508382451;0.97173401058690172667597010071767853851957573342267;-0.73417883881001310933393667796760160888223051019258
p5b*p17b;(3,0);[2, -3, -3/2]~;-13.14624445801171480211219743322330498329521235483481;12.71503582770420242963588050955029162878266911151417;-0.29001639069658835284594088606465778635858494802636;-0.42302963095693837142306124600010801126666019174380
p5b*p17b;(3,0);[3, -3, -3/2]~;1.10356306918926780167961832695524030927504371971892;-0.61527670860002014264717203053666199946426199944993;1.31007841021143951193628233615408463559181627227105;-0.50318479413505551197632025457725812184043532071741
p5b*p17b;(3,0);[4, -3, -3/2]~;1.97524445237490959018009335182472511336364956284666;-4.39075992383523537894915081786594322848580828008149;1.65904312841608722792478581221799697191810049620105;-1.44780238621311951259700626733928811741519696614145
p5b*p17b;(3,0);[5, -3, -3/2]~;27.29640058927187145083460391626590653905146982887642;8.93125161879602785291052291447146592295784545059324;4.21460242324909244425160275272724043707623260186039;0.78825976757358366967094442719452729670538779960507
p5b*p17b;(3,0);[6, -3, -3/2]~;-3.23413376526791731004610625724888393158976595317150;-22.14859687858016947454311447243999564860967635042412;1.10001247311773855694921409346543796210966948516687;-1.18947831635210953958300342128053309022157056457007
p5b*p17b;(3,0);[7, -3, -3/2]~;-11.87649804507401525965787599195297088212489777517306;20.20180323125588087606100559931954471966225918237952;0.86429075408388922105672370251080039006522618021357;2.51754059915657492397959780008759148963614086567929
p5b*p17b;(3,0);[8, -3, -3/2]~;-1.76705810687140800794583882040395891755878187603416;3.30180326512617922172369654854224267020790983635846;0.42456449676617202859808182935740547861300616154071;1.35401636789860853129748346304529442089199724618944
p5b*p17b;(3,0);[9, -3, -3/2]~;12.16655051414126107716569210364687928025875886478817;-12.40332861412487059029460701125267038190325106722443;1.40311195038009955887454975862051040092473129064538;-0.38688685354449030268222867664579770916104320888164
p5b*p17b;(3,0);[10, -3, -3/2]~;-12.87445843109823525616782684654582661861155937796669;6.55851202364800465265408240328680786090376008487979;0.04381037059568450970323121227299864602976365792349;0.96636188588807093883485364845589432422784370535436
p5b*p17b;(3,0);[11, -3, -3/2]~;-0.89502852336245102410849491048254740740245486882790;-13.88498852504541916487062670466821505345875546904862;0.71171289630931900793731651357300362465530461827428;-0.71064034881477372425280687355279779797497178115866
p5b*p17b;(3,0);[12, -3, -3/2]~;-1.98811520371758922835876820968223811247687985356785;-1.06989826608888674943215164312372696674113834776645;0.02758139603721756075732639860177807586391794717550;-0.08992240307033708018034764131595193659126464865063
p5b*p17b;(3,0);[13, -3, -3/2]~;11.43663660299244853421595997732353566938583047295108;-4.09857176614750966033217463098793376184188524383837;0.88490913259501934616082129746875338741418116670637;-0.17302298113935378916209948193552331740468517122598
p5b*p17b;(3,0);[14, -3, -3/2]~;6.41076185645687882118333283346973058101405140759996;12.91063014564435228221920592969502939735441180866426;1.18779826894448445289588358870757167110074961298718;0.73835056256937534799842423906575318220942363223221
p5b*p17b;(3,0);[15, -3, -3/2]~;8.06062096722363212584816061124112057753791373799694;9.60555913307165279133394911170652624998694038643009;0.63866529437720242316050471122380463422997725317472;0.22033590349528349730690573247054292857872063699944
p5b*p17b;(0,3);[0, 3, -3/2]~;2.63307105634151623004808373545449698941496731531825;2.25821232501908969629432488502450347054138031829079;1.31221955207175882331296506809159195936501669906229;0.70673171078739927363063439102726546352745566320909
p5b*p17b;(0,3);[1, 3, -3/2]~;8.06062096722363212584816061124112057753791373799694;-9.60555913307165279133394911170652624998694038643009;0.63866529437720242316050471122380463422997725317472;-0.22033590349528349730690573247054292857872063699944
p5b*p17b;(0,3);[2, 3, -3/2]~;6.41076185645687882118333283346973058101405140759996;-12.91063014564435228221920592969502939735441180866426;1.18779826894448445289588358870757167110074961298718;-0.73835056256937534799842423906575318220942363223221
p5b*p17b;(0,3);[3, 3, -3/2]~;11.43663660299244853421595997732353566938583047295108;4.09857176614750966033217463098793376184188524383837;0.88490913259501934616082129746875338741418116670637;0.17302298113935378916209948193552331740468517122598
p5b*p17b;(0,3);[4, 3, -3/2]~;-1.98811520371758922835876820968223811247687985356785;1.06989826608888674943215164312372696674113834776645;0.02758139603721756075732639860177807586391794717550;0.08992240307033708018034764131595193659126464865063
p5b*p17b;(0,3);[5, 3, -3/2]~;-0.89502852336245102410849491048254740740245486882790;13.88498852504541916487062670466821505345875546904862;0.71171289630931900793731651357300362465530461827428;0.71064034881477372425280687355279779797497178115866
p5b*p17b;(0,3);[6, 3, -3/2]~;-12.87445843109823525616782684654582661861155937796669;-6.55851202364800465265408240328680786090376008487979;0.04381037059568450970323121227299864602976365792349;-0.96636188588807093883485364845589432422784370535436
p5b*p17b;(0,3);[7, 3, -3/2]~;12.16655051414126107716569210364687928025875886478817;12.40332861412487059029460701125267038190325106722443;1.40311195038009955887454975862051040092473129064538;0.38688685354449030268222867664579770916104320888164
p5b*p17b;(0,3);[8, 3, -3/2]~;-1.76705810687140800794583882040395891755878187603416;-3.30180326512617922172369654854224267020790983635846;0.42456449676617202859808182935740547861300616154071;-1.35401636789860853129748346304529442089199724618944
p5b*p17b;(0,3);[9, 3, -3/2]~;-11.87649804507401525965787599195297088212489777517306;-20.20180323125588087606100559931954471966225918237952;0.86429075408388922105672370251080039006522618021357;-2.51754059915657492397959780008759148963614086567929
p5b*p17b;(0,3);[10, 3, -3/2]~;-3.23413376526791731004610625724888393158976595317150;22.14859687858016947454311447243999564860967635042412;1.10001247311773855694921409346543796210966948516687;1.18947831635210953958300342128053309022157056457007
p5b*p17b;(0,3);[11, 3, -3/2]~;27.29640058927187145083460391626590653905146982887642;-8.93125161879602785291052291447146592295784545059324;4.21460242324909244425160275272724043707623260186039;-0.78825976757358366967094442719452729670538779960507
p5b*p17b;(0,3);[12, 3, -3/2]~;1.97524445237490959018009335182472511336364956284666;4.39075992383523537894915081786594322848580828008149;1.65904312841608722792478581221799697191810049620105;1.44780238621311951259700626733928811741519696614145
p5b*p17b;(0,3);[13, 3, -3/2]~;1.10356306918926780167961832695524030927504371971892;0.61527670860002014264717203053666199946426199944993;1.31007841021143951193628233615408463559181627227105;0.50318479413505551197632025457725812184043532071741
p5b*p17b;(0,3);[14, 3, -3/2]~;-13.14624445801171480211219743322330498329521235483481;-12.71503582770420242963588050955029162878266911151417;-0.29001639069658835284594088606465778635858494802636;0.42302963095693837142306124600010801126666019174380
p5b*p17b;(0,3);[15, 3, -3/2]~;8.45348938449543960745587594532944574844527422011362;12.78668647580109766678538743285014724099037508382451;0.97173401058690172667597010071767853851957573342267;0.73417883881001310933393667796760160888223051019258
p2*p17a;(1,0);[0, -1, -1/2]~;0.64298090110472724155027922745529470019776792728837;0.24446621292937673117396502495233425697853131421654;0.78443602451107935365582433130987907916745599031341;0.13676828904784021798356448423371252816354830673145
p2*p17a;(1,0);[1, -1, -1/2]~;0.85493509338885743229829553544110928387169721835891;0.56848251381142875095217649031124384932111948335962;1.04137362273818127930341318768216364414888938359748;0.36227381910309058663466761744118113167998213680336
p2*p17a;(1,0);[2, -1, -1/2]~;1.20603601040193104802257220589115384961998249844341;-0.23487601174184751933549703230360322454332634978945;1.26839722043150853072893803462133899140148129837349;-0.15147472858187536596056343024932592371295073208703
p2*p17a;(1,0);[3, -1, -1/2]~;0.53262982414227154370096030832144096840520039846724;-0.54166360376511708304166115380206591384700408876560;0.80708137714871223760701932007042860713108122299433;-0.33725706228990956714914653395075252027322221881152
p2*p17a;(2,0);[0, -2, -1]~;1.38596734066845504419280050484808254170175226013345;-1.36246555538361302616150194719401344394795285486636;1.33215164587290644428145320968764623584836850161182;-0.64675524399931223061573479139208224912374197436683
p2*p17a;(2,0);[1, -2, -1]~;1.11234020837682007398528178225013248899699519238435;0.28040966913621831856980717572182371231698916324478;0.87405954495708935220602494322711237401498077636746;0.00171835289919967511824582271622927939398042722141
p2*p17a;(2,0);[2, -2, -1]~;-0.19483667038216475674759424108489756825389745092479;-0.55078638916972413244890193826106341749097929219353;0.44393639876673294744337812897390267395471248892423;-0.03290830967182236819117612411860703380735097083047
p2*p17a;(2,0);[3, -2, -1]~;1.63001033549197359955263151801825786248451751233790;1.17585190152797326549647554351086252135894230998180;1.42219774568105551100625854921785497011602708504091;0.56796248746720356870313200436579773990550107852001
p2*p17a;(1,1);[0, 0, -1]~;-0.25000000000000000000000000000000000000000000000000;0.00000000000000000000000000000000000000000000000000;0.00000000000000000000000000000000000000000000000000;0.00000000000000000000000000000000000000000000000000
p2*p17a;(1,1);[1, 0, -1]~;0.00000000000000000000000000000000000000000000000000;0.00000000000000000000000000000000000000000000000000;0.65362232723783574910648686944372525946947265383231;-0.25110895068210199393790116889945972106510994858596
p2*p17a;(1,1);[2, 0, -1]~;0.00000000000000000000000000000000000000000000000000;0.00000000000000000000000000000000000000000000000000;0.55839954151569709239457472080545941406836608461140;0.00000000000000000000000000000000000000000000000000
p2*p17a;(1,1);[3, 0, -1]~;0.00000000000000000000000000000000000000000000000000;0.00000000000000000000000000000000000000000000000000;0.65362232723783574910648686944372525946947265383231;0.25110895068210199393790116889945972106510994858596
p2*p17a;(0,1);[0, 1, -1/2]~;0.64298090110472724155027922745529470019776792728837;-0.24446621292937673117396502495233425697853131421654;0.78443602451107935365582433130987907916745599031341;-0.13676828904784021798356448423371252816354830673145
p2*p17a;(0,1);[1, 1, -1/2]~;0.53262982414227154370096030832144096840520039846724;0.54166360376511708304166115380206591384700408876560;0.80708137714871223760701932007042860713108122299433;0.33725706228990956714914653395075252027322221881152
p2*p17a;(0,1);[2, 1, -1/2]~;1.20603601040193104802257220589115384961998249844341;0.23487601174184751933549703230360322454332634978945;1.26839722043150853072893803462133899140148129837349;0.15147472858187536596056343024932592371295073208703
p2*p17a;(0,1);[3, 1, -1/2]~;0.85493509338885743229829553544110928387169721835891;-0.56848251381142875095217649031124384932111948335962;1.04137362273818127930341318768216364414888938359748;-0.36227381910309058663466761744118113167998213680336
p2*p17a;(0,2);[0, 2, -1]~;1.38596734066845504419280050484808254170175226013345;1.36246555538361302616150194719401344394795285486636;1.33215164587290644428145320968764623584836850161182;0.64675524399931223061573479139208224912374197436683
p2*p17a;(0,2);[1, 2, -1]~;1.63001033549197359955263151801825786248451751233790;-1.17585190152797326549647554351086252135894230998180;1.42219774568105551100625854921785497011602708504091;-0.56796248746720356870313200436579773990550107852001
p2*p17a;(0,2);[2, 2, -1]~;-0.19483667038216475674759424108489756825389745092479;0.55078638916972413244890193826106341749097929219353;0.44393639876673294744337812897390267395471248892423;0.03290830967182236819117612411860703380735097083047
p2*p17a;(0,2);[3, 2, -1]~;1.11234020837682007398528178225013248899699519238435;-0.28040966913621831856980717572182371231698916324478;0.87405954495708935220602494322711237401498077636746;-0.00171835289919967511824582271622927939398042722141
p2*p17a;(-1,0);[0, 1, 1/2]~;0.78443602451107935365582433130987907916745599031341;-0.13676828904784021798356448423371252816354830673145;0.86735325965309009482147033303840686829106939443746;-0.06544053051534260610990630004962915284266856488522
p2*p17a;(-1,0);[1, 1, 1/2]~;0.80708137714871223760701932007042860713108122299433;0.33725706228990956714914653395075252027322221881152;0.91683927021088719403090719499662502309142122999568;0.16773792090135467456548974284007759787471801377843
p2*p17a;(-1,0);[2, 1, 1/2]~;1.26839722043150853072893803462133899140148129837349;0.15147472858187536596056343024932592371295073208703;1.15865624254143581649216551065948548764168090252926;0.07576094108251080126504134044194496338508388541303
p2*p17a;(-1,0);[3, 1, 1/2]~;1.04137362273818127930341318768216364414888938359748;-0.36227381910309058663466761744118113167998213680336;1.04615654546377591325768319887871069153467414340230;-0.17982290452273994903365361009717392712393033058819
p2*p17a;(1,-1);[0, -2, 0]~;1.33215164587290644428145320968764623584836850161182;-0.64675524399931223061573479139208224912374197436683;1.17773378848831058635532758888315881924667961107450;-0.25690130519021858982506020914318733657895046504652
p2*p17a;(1,-1);[1, -2, 0]~;0.87405954495708935220602494322711237401498077636746;0.00171835289919967511824582271622927939398042722141;0.86728954010441173605500072504978059253105301137078;-0.07723202146847773113351554054778870041003741898556
p2*p17a;(1,-1);[2, -2, 0]~;0.44393639876673294744337812897390267395471248892423;-0.03290830967182236819117612411860703380735097083047;0.76942992853001817736062312866904953125271530713317;0.08311810427666737222234874097696956379801668673389
p2*p17a;(1,-1);[3, -2, 0]~;1.42219774568105551100625854921785497011602708504091;0.56796248746720356870313200436579773990550107852001;1.20064838876281205360289762924785138881710460158093;0.23468293312308212579437455545976820044215635520379
p2*p17a;(2,1);[0, -1, -3/2]~;0.00000000000000000000000000000000000000000000000000;0.00000000000000000000000000000000000000000000000000;0.64298090110472724155027922745529470019776792728837;0.24446621292937673117396502495233425697853131421654
p2*p17a;(2,1);[1, -1, -3/2]~;0.00000000000000000000000000000000000000000000000000;0.00000000000000000000000000000000000000000000000000;0.85493509338885743229829553544110928387169721835891;0.56848251381142875095217649031124384932111948335962
p2*p17a;(2,1);[2, -1, -3/2]~;0.00000000000000000000000000000000000000000000000000;0.00000000000000000000000000000000000000000000000000;1.20603601040193104802257220589115384961998249844341;-0.23487601174184751933549703230360322454332634978945
p2*p17a;(2,1);[3, -1, -3/2]~;0.00000000000000000000000000000000000000000000000000;0.00000000000000000000000000000000000000000000000000;0.53262982414227154370096030832144096840520039846724;-0.54166360376511708304166115380206591384700408876560
p2*p17a;(1,2);[0, 1, -3/2]~;0.00000000000000000000000000000000000000000000000000;0.00000000000000000000000000000000000000000000000000;0.64298090110472724155027922745529470019776792728837;-0.24446621292937673117396502495233425697853131421654
p2*p17a;(1,2);[1, 1, -3/2]~;0.00000000000000000000000000000000000000000000000000;0.00000000000000000000000000000000000000000000000000;0.53262982414227154370096030832144096840520039846724;0.54166360376511708304166115380206591384700408876560
p2*p17a;(1,2);[2, 1, -3/2]~;0.00000000000000000000000000000000000000000000000000;0.00000000000000000000000000000000000000000000000000;1.20603601040193104802257220589115384961998249844341;0.23487601174184751933549703230360322454332634978945
p2*p17a;(1,2);[3, 1, -3/2]~;0.00000000000000000000000000000000000000000000000000;0.00000000000000000000000000000000000000000000000000;0.85493509338885743229829553544110928387169721835891;-0.56848251381142875095217649031124384932111948335962
p2*p17a;(3,0);[0, -3, -3/2]~;2.63307105634151623004808373545449698941496731531825;2.25821232501908969629432488502450347054138031829079;1.31221955207175882331296506809159195936501669906229;0.70673171078739927363063439102726546352745566320909
p2*p17a;(3,0);[1, -3, -3/2]~;1.97524445237490959018009335182472511336364956284666;4.39075992383523537894915081786594322848580828008149;1.65904312841608722792478581221799697191810049620105;1.44780238621311951259700626733928811741519696614145
p2*p17a;(3,0);[2, -3, -3/2]~;-1.76705810687140800794583882040395891755878187603416;-3.30180326512617922172369654854224267020790983635846;0.42456449676617202859808182935740547861300616154071;-1.35401636789860853129748346304529442089199724618944
p2*p17a;(3,0);[3, -3, -3/2]~;-1.98811520371758922835876820968223811247687985356785;1.06989826608888674943215164312372696674113834776645;0.02758139603721756075732639860177807586391794717550;0.08992240307033708018034764131595193659126464865063
p2*p17a;(0,3);[0, 3, -3/2]~;2.63307105634151623004808373545449698941496731531825;-2.25821232501908969629432488502450347054138031829079;1.31221955207175882331296506809159195936501669906229;-0.70673171078739927363063439102726546352745566320909
p2*p17a;(0,3);[1, 3, -3/2]~;-1.98811520371758922835876820968223811247687985356785;-1.06989826608888674943215164312372696674113834776645;0.02758139603721756075732639860177807586391794717550;-0.08992240307033708018034764131595193659126464865063
p2*p17a;(0,3);[2, 3, -3/2]~;-1.76705810687140800794583882040395891755878187603416;3.30180326512617922172369654854224267020790983635846;0.42456449676617202859808182935740547861300616154071;1.35401636789860853129748346304529442089199724618944
p2*p17a;(0,3);[3, 3, -3/2]~;1.97524445237490959018009335182472511336364956284666;-4.39075992383523537894915081786594322848580828008149;1.65904312841608722792478581221799697191810049620105;-1.44780238621311951259700626733928811741519696614145
p2*p17b;(1,0);[0, -1, -1/2]~;0.64298090110472724155027922745529470019776792728837;-0.24446621292937673117396502495233425697853131421654;0.78443602451107935365582433130987907916745599031341;-0.13676828904784021798356448423371252816354830673145
p2*p17b;(1,0);[1, -1, -1/2]~;0.53262982414227154370096030832144096840520039846724;0.54166360376511708304166115380206591384700408876560;0.80708137714871223760701932007042860713108122299433;0.33725706228990956714914653395075252027322221881152
p2*p17b;(1,0);[2, -1, -1/2]~;1.20603601040193104802257220589115384961998249844341;0.23487601174184751933549703230360322454332634978945;1.26839722043150853072893803462133899140148129837349;0.15147472858187536596056343024932592371295073208703
p2*p17b;(1,0);[3, -1, -1/2]~;0.85493509338885743229829553544110928387169721835891;-0.56848251381142875095217649031124384932111948335962;1.04137362273818127930341318768216364414888938359748;-0.36227381910309058663466761744118113167998213680336
p2*p17b;(2,0);[0, -2, -1]~;1.38596734066845504419280050484808254170175226013345;1.36246555538361302616150194719401344394795285486636;1.33215164587290644428145320968764623584836850161182;0.64675524399931223061573479139208224912374197436683
p2*p17b;(2,0);[1, -2, -1]~;1.63001033549197359955263151801825786248451751233790;-1.17585190152797326549647554351086252135894230998180;1.42219774568105551100625854921785497011602708504091;-0.56796248746720356870313200436579773990550107852001
p2*p17b;(2,0);[2, -2, -1]~;-0.19483667038216475674759424108489756825389745092479;0.55078638916972413244890193826106341749097929219353;0.44393639876673294744337812897390267395471248892423;0.03290830967182236819117612411860703380735097083047
p2*p17b;(2,0);[3, -2, -1]~;1.11234020837682007398528178225013248899699519238435;-0.28040966913621831856980717572182371231698916324478;0.87405954495708935220602494322711237401498077636746;-0.00171835289919967511824582271622927939398042722141
p2*p17b;(1,1);[0, 0, -1]~;-0.25000000000000000000000000000000000000000000000000;0.00000000000000000000000000000000000000000000000000;0.00000000000000000000000000000000000000000000000000;0.00000000000000000000000000000000000000000000000000
p2*p17b;(1,1);[1, 0, -1]~;0.00000000000000000000000000000000000000000000000000;0.00000000000000000000000000000000000000000000000000;0.65362232723783574910648686944372525946947265383231;-0.25110895068210199393790116889945972106510994858596
p2*p17b;(1,1);[2, 0, -1]~;0.00000000000000000000000000000000000000000000000000;0.00000000000000000000000000000000000000000000000000;0.55839954151569709239457472080545941406836608461140;0.00000000000000000000000000000000000000000000000000
p2*p17b;(1,1);[3, 0, -1]~;0.00000000000000000000000000000000000000000000000000;0.00000000000000000000000000000000000000000000000000;0.65362232723783574910648686944372525946947265383231;0.25110895068210199393790116889945972106510994858596
p2*p17b;(0,1);[0, 1, -1/2]~;0.64298090110472724155027922745529470019776792728837;0.24446621292937673117396502495233425697853131421654;0.78443602451107935365582433130987907916745599031341;0.13676828904784021798356448423371252816354830673145
p2*p17b;(0,1);[1, 1, -1/2]~;0.85493509338885743229829553544110928387169721835891;0.56848251381142875095217649031124384932111948335962;1.04137362273818127930341318768216364414888938359748;0.36227381910309058663466761744118113167998213680336
p2*p17b;(0,1);[2, 1, -1/2]~;1.20603601040193104802257220589115384961998249844341;-0.23487601174184751933549703230360322454332634978945;1.26839722043150853072893803462133899140148129837349;-0.15147472858187536596056343024932592371295073208703
p2*p17b;(0,1);[3, 1, -1/2]~;0.53262982414227154370096030832144096840520039846724;-0.54166360376511708304166115380206591384700408876560;0.80708137714871223760701932007042860713108122299433;-0.33725706228990956714914653395075252027322221881152
p2*p17b;(0,2);[0, 2, -1]~;1.38596734066845504419280050484808254170175226013345;-1.36246555538361302616150194719401344394795285486636;1.33215164587290644428145320968764623584836850161182;-0.64675524399931223061573479139208224912374197436683
p2*p17b;(0,2);[1, 2, -1]~;1.11234020837682007398528178225013248899699519238435;0.28040966913621831856980717572182371231698916324478;0.87405954495708935220602494322711237401498077636746;0.00171835289919967511824582271622927939398042722141
p2*p17b;(0,2);[2, 2, -1]~;-0.19483667038216475674759424108489756825389745092479;-0.55078638916972413244890193826106341749097929219353;0.44393639876673294744337812897390267395471248892423;-0.03290830967182236819117612411860703380735097083047
p2*p17b;(0,2);[3, 2, -1]~;1.63001033549197359955263151801825786248451751233790;1.17585190152797326549647554351086252135894230998180;1.42219774568105551100625854921785497011602708504091;0.56796248746720356870313200436579773990550107852001
p2*p17b;(-1,0);[0, 1, 1/2]~;0.78443602451107935365582433130987907916745599031341;0.13676828904784021798356448423371252816354830673145;0.86735325965309009482147033303840686829106939443746;0.06544053051534260610990630004962915284266856488522
p2*p17b;(-1,0);[1, 1, 1/2]~;1.04137362273818127930341318768216364414888938359748;0.36227381910309058663466761744118113167998213680336;1.04615654546377591325768319887871069153467414340230;0.17982290452273994903365361009717392712393033058819
p2*p17b;(-1,0);[2, 1, 1/2]~;1.26839722043150853072893803462133899140148129837349;-0.15147472858187536596056343024932592371295073208703;1.15865624254143581649216551065948548764168090252926;-0.07576094108251080126504134044194496338508388541303
p2*p17b;(-1,0);[3, 1, 1/2]~;0.80708137714871223760701932007042860713108122299433;-0.33725706228990956714914653395075252027322221881152;0.91683927021088719403090719499662502309142122999568;-0.16773792090135467456548974284007759787471801377843
p2*p17b;(1,-1);[0, -2, 0]~;1.33215164587290644428145320968764623584836850161182;0.64675524399931223061573479139208224912374197436683;1.17773378848831058635532758888315881924667961107450;0.25690130519021858982506020914318733657895046504652
p2*p17b;(1,-1);[1, -2, 0]~;1.42219774568105551100625854921785497011602708504091;-0.56796248746720356870313200436579773990550107852001;1.20064838876281205360289762924785138881710460158093;-0.23468293312308212579437455545976820044215635520379
p2*p17b;(1,-1);[2, -2, 0]~;0.44393639876673294744337812897390267395471248892423;0.03290830967182236819117612411860703380735097083047;0.76942992853001817736062312866904953125271530713317;-0.08311810427666737222234874097696956379801668673389
p2*p17b;(1,-1);[3, -2, 0]~;0.87405954495708935220602494322711237401498077636746;-0.00171835289919967511824582271622927939398042722141;0.86728954010441173605500072504978059253105301137078;0.07723202146847773113351554054778870041003741898556
p2*p17b;(2,1);[0, -1, -3/2]~;0.00000000000000000000000000000000000000000000000000;0.00000000000000000000000000000000000000000000000000;0.64298090110472724155027922745529470019776792728837;-0.24446621292937673117396502495233425697853131421654
p2*p17b;(2,1);[1, -1, -3/2]~;0.00000000000000000000000000000000000000000000000000;0.00000000000000000000000000000000000000000000000000;0.53262982414227154370096030832144096840520039846724;0.54166360376511708304166115380206591384700408876560
p2*p17b;(2,1);[2, -1, -3/2]~;0.00000000000000000000000000000000000000000000000000;0.00000000000000000000000000000000000000000000000000;1.20603601040193104802257220589115384961998249844341;0.23487601174184751933549703230360322454332634978945
p2*p17b;(2,1);[3, -1, -3/2]~;0.00000000000000000000000000000000000000000000000000;0.00000000000000000000000000000000000000000000000000;0.85493509338885743229829553544110928387169721835891;-0.56848251381142875095217649031124384932111948335962
p2*p17b;(1,2);[0, 1, -3/2]~;0.00000000000000000000000000000000000000000000000000;0.00000000000000000000000000000000000000000000000000;0.64298090110472724155027922745529470019776792728837;0.24446621292937673117396502495233425697853131421654
p2*p17b;(1,2);[1, 1, -3/2]~;0.00000000000000000000000000000000000000000000000000;0.00000000000000000000000000000000000000000000000000;0.85493509338885743229829553544110928387169721835891;0.56848251381142875095217649031124384932111948335962
p2*p17b;(1,2);[2, 1, -3/2]~;0.00000000000000000000000000000000000000000000000000;0.00000000000000000000000000000000000000000000000000;1.20603601040193104802257220589115384961998249844341;-0.23487601174184751933549703230360322454332634978945
p2*p17b;(1,2);[3, 1, -3/2]~;0.00000000000000000000000000000000000000000000000000;0.00000000000000000000000000000000000000000000000000;0.53262982414227154370096030832144096840520039846724;-0.54166360376511708304166115380206591384700408876560
p2*p17b;(3,0);[0, -3, -3/2]~;2.63307105634151623004808373545449698941496731531825;-2.25821232501908969629432488502450347054138031829079;1.31221955207175882331296506809159195936501669906229;-0.70673171078739927363063439102726546352745566320909
p2*p17b;(3,0);[1, -3, -3/2]~;-1.98811520371758922835876820968223811247687985356785;-1.06989826608888674943215164312372696674113834776645;0.02758139603721756075732639860177807586391794717550;-0.08992240307033708018034764131595193659126464865063
p2*p17b;(3,0);[2, -3, -3/2]~;-1.76705810687140800794583882040395891755878187603416;3.30180326512617922172369654854224267020790983635846;0.42456449676617202859808182935740547861300616154071;1.35401636789860853129748346304529442089199724618944
p2*p17b;(3,0);[3, -3, -3/2]~;1.97524445237490959018009335182472511336364956284666;-4.39075992383523537894915081786594322848580828008149;1.65904312841608722792478581221799697191810049620105;-1.44780238621311951259700626733928811741519696614145
p2*p17b;(0,3);[0, 3, -3/2]~;2.63307105634151623004808373545449698941496731531825;2.25821232501908969629432488502450347054138031829079;1.31221955207175882331296506809159195936501669906229;0.70673171078739927363063439102726546352745566320909
p2*p17b;(0,3);[1, 3, -3/2]~;1.97524445237490959018009335182472511336364956284666;4.39075992383523537894915081786594322848580828008149;1.65904312841608722792478581221799697191810049620105;1.44780238621311951259700626733928811741519696614145
p2*p17b;(0,3);[2, 3, -3/2]~;-1.76705810687140800794583882040395891755878187603416;-3.30180326512617922172369654854224267020790983635846;0.42456449676617202859808182935740547861300616154071;-1.35401636789860853129748346304529442089199724618944
p2*p17b;(0,3);[3, 3, -3/2]~;-1.98811520371758922835876820968223811247687985356785;1.06989826608888674943215164312372696674113834776645;0.02758139603721756075732639860177807586391794717550;0.08992240307033708018034764131595193659126464865063
