r,ell,eps,c,a,b,absF,theta,s,J,phi_3r,cong_residual_q
2,0,0,1,1,0,15.5884572681,0.756309342531,None,None,1.083333,
2,0,0,1,4,1,15.5884572681,-1.338085759862,None,None,-1.916667,
2,0,0,1,7,2,15.5884572681,0.756309342531,None,None,1.083333,
2,1,0,10,1,0,15.5884572681,2.850704444924,None,None,4.083333,
2,1,0,10,4,1,15.5884572681,0.756309342531,None,None,1.083333,
2,1,0,10,7,2,15.5884572681,2.850704444924,None,None,4.083333,
2,2,0,19,1,0,15.5884572681,-1.338085759862,None,None,-1.916667,
2,2,0,19,4,1,15.5884572681,2.850704444924,None,None,4.083333,
2,2,0,19,7,2,15.5884572681,-1.338085759862,None,None,-1.916667,
2,0,1,2,2,0,15.5884572681,-0.058177641733,None,None,-0.083333,
2,0,1,2,5,1,15.5884572681,-0.058177641733,None,None,-0.083333,
2,0,1,2,8,2,15.5884572681,2.036217460660,None,None,2.916667,
2,1,1,20,2,0,15.5884572681,-2.152572744126,None,None,-3.083333,
2,1,1,20,5,1,15.5884572681,-2.152572744126,None,None,-3.083333,
2,1,1,20,8,2,15.5884572681,-0.058177641733,None,None,-0.083333,
2,2,1,11,2,0,15.5884572681,2.036217460660,None,None,2.916667,
2,2,1,11,5,1,15.5884572681,2.036217460660,None,None,2.916667,
2,2,1,11,8,2,15.5884572681,-2.152572744126,None,None,-3.083333,
3,0,0,1,1,0,27.0000000000,0.077570188978,2,4,0.333333,
3,0,0,1,4,1,27.0000000000,-0.620561511820,65,292,-2.666667,
3,0,0,1,7,2,27.0000000000,0.077570188978,2,4,0.333333,
3,0,0,1,10,3,27.0000000000,-2.016824913416,29,220,-8.666667,
3,0,0,1,13,4,27.0000000000,1.473833590573,38,76,6.333333,
3,0,0,1,16,5,27.0000000000,0.077570188978,2,4,0.333333,
3,0,0,1,19,6,27.0000000000,2.171965291371,56,112,9.333333,
3,0,0,1,22,7,27.0000000000,-2.714956614213,11,184,-11.666667,
3,0,0,1,25,8,27.0000000000,0.077570188978,2,4,0.333333,
3,1,0,28,1,0,27.0000000000,2.171965291371,56,112,9.333333,
3,1,0,28,4,1,27.0000000000,1.473833590573,38,76,6.333333,
3,1,0,28,7,2,27.0000000000,2.171965291371,56,112,9.333333,
3,1,0,28,10,3,27.0000000000,0.077570188978,2,4,0.333333,
3,1,0,28,13,4,27.0000000000,-2.714956614213,11,184,-11.666667,
3,1,0,28,16,5,27.0000000000,2.171965291371,56,112,9.333333,
3,1,0,28,19,6,27.0000000000,-2.016824913416,29,220,-8.666667,
3,1,0,28,22,7,27.0000000000,-0.620561511820,65,292,-2.666667,
3,1,0,28,25,8,27.0000000000,2.171965291371,56,112,9.333333,
3,2,0,55,1,0,27.0000000000,-2.016824913416,29,220,-8.666667,
3,2,0,55,4,1,27.0000000000,-2.714956614213,11,184,-11.666667,
3,2,0,55,7,2,27.0000000000,-2.016824913416,29,220,-8.666667,
3,2,0,55,10,3,27.0000000000,2.171965291371,56,112,9.333333,
3,2,0,55,13,4,27.0000000000,-0.620561511820,65,292,-2.666667,
3,2,0,55,16,5,27.0000000000,-2.016824913416,29,220,-8.666667,
3,2,0,55,19,6,27.0000000000,0.077570188978,2,4,0.333333,
3,2,0,55,22,7,27.0000000000,1.473833590573,38,76,6.333333,
3,2,0,55,25,8,27.0000000000,-2.016824913416,29,220,-8.666667,
3,0,1,2,2,0,27.0000000000,0.155140377955,4,8,0.666667,
3,0,1,2,5,1,27.0000000000,0.155140377955,4,8,0.666667,
3,0,1,2,8,2,27.0000000000,-1.241123023640,49,260,-5.333333,
3,0,1,2,11,3,27.0000000000,-1.939254724438,31,224,-8.333333,
3,0,1,2,14,4,27.0000000000,0.155140377955,4,8,0.666667,
3,0,1,2,17,5,27.0000000000,0.853272078753,22,44,3.666667,
3,0,1,2,20,6,27.0000000000,2.249535480348,58,116,9.666667,
3,0,1,2,23,7,27.0000000000,0.155140377955,4,8,0.666667,
3,0,1,2,26,8,27.0000000000,2.947667181146,76,152,12.666667,
3,1,1,56,2,0,27.0000000000,-1.939254724438,31,224,-8.333333,
3,1,1,56,5,1,27.0000000000,-1.939254724438,31,224,-8.333333,
3,1,1,56,8,2,27.0000000000,2.947667181146,76,152,12.666667,
3,1,1,56,11,3,27.0000000000,2.249535480348,58,116,9.666667,
3,1,1,56,14,4,27.0000000000,-1.939254724438,31,224,-8.333333,
3,1,1,56,17,5,27.0000000000,-1.241123023640,49,260,-5.333333,
3,1,1,56,20,6,27.0000000000,0.155140377955,4,8,0.666667,
3,1,1,56,23,7,27.0000000000,-1.939254724438,31,224,-8.333333,
3,1,1,56,26,8,27.0000000000,0.853272078753,22,44,3.666667,
3,2,1,29,2,0,27.0000000000,2.249535480348,58,116,9.666667,
3,2,1,29,5,1,27.0000000000,2.249535480348,58,116,9.666667,
3,2,1,29,8,2,27.0000000000,0.853272078753,22,44,3.666667,
3,2,1,29,11,3,27.0000000000,0.155140377955,4,8,0.666667,
3,2,1,29,14,4,27.0000000000,2.249535480348,58,116,9.666667,
3,2,1,29,17,5,27.0000000000,2.947667181146,76,152,12.666667,
3,2,1,29,20,6,27.0000000000,-1.939254724438,31,224,-8.333333,
3,2,1,29,23,7,27.0000000000,2.249535480348,58,116,9.666667,
3,2,1,29,26,8,27.0000000000,-1.241123023640,49,260,-5.333333,
4,0,0,1,1,0,46.7653718044,0.549455505257,None,None,7.083333,
4,0,0,1,4,1,46.7653718044,0.316744938325,None,None,4.083333,
4,0,0,1,7,2,46.7653718044,0.549455505257,None,None,7.083333,
4,0,0,1,10,3,46.7653718044,-2.243071297933,None,None,-28.916667,
4,0,0,1,13,4,46.7653718044,3.109271741516,None,None,40.083333,
4,0,0,1,16,5,46.7653718044,-1.544939597136,None,None,-19.916667,
4,0,0,1,19,6,46.7653718044,-0.846807896338,None,None,-10.916667,
4,0,0,1,22,7,46.7653718044,-2.475781864866,None,None,-31.916667,
4,0,0,1,25,8,46.7653718044,0.549455505257,None,None,7.083333,
4,0,0,1,28,9,46.7653718044,-1.544939597136,None,None,-19.916667,
4,0,0,1,31,10,46.7653718044,2.411140040718,None,None,31.083333,
4,0,0,1,34,11,46.7653718044,0.549455505257,None,None,7.083333,
4,0,0,1,37,12,46.7653718044,1.945718906853,None,None,25.083333,
4,0,0,1,40,13,46.7653718044,-1.079518463271,None,None,-13.916667,
4,0,0,1,43,14,46.7653718044,-1.544939597136,None,None,-19.916667,
4,0,0,1,46,15,46.7653718044,-2.941202998731,None,None,-37.916667,
4,0,0,1,49,16,46.7653718044,-0.381386762473,None,None,-4.916667,
4,0,0,1,52,17,46.7653718044,0.549455505257,None,None,7.083333,
4,0,0,1,55,18,46.7653718044,2.643850607651,None,None,34.083333,
4,0,0,1,58,19,46.7653718044,-1.777650164068,None,None,-22.916667,
4,0,0,1,61,20,46.7653718044,0.549455505257,None,None,7.083333,
4,0,0,1,64,21,46.7653718044,-0.148676195540,None,None,-1.916667,
4,0,0,1,67,22,46.7653718044,1.014876639123,None,None,13.083333,
4,0,0,1,70,23,46.7653718044,-1.544939597136,None,None,-19.916667,
4,0,0,1,73,24,46.7653718044,1.247587206055,None,None,16.083333,
4,0,0,1,76,25,46.7653718044,1.713008339920,None,None,22.083333,
4,0,0,1,79,26,46.7653718044,0.549455505257,None,None,7.083333,
4,1,0,82,1,0,46.7653718044,2.643850607651,None,None,34.083333,
4,1,0,82,4,1,46.7653718044,2.411140040718,None,None,31.083333,
4,1,0,82,7,2,46.7653718044,2.643850607651,None,None,34.083333,
4,1,0,82,10,3,46.7653718044,-0.148676195540,None,None,-1.916667,
4,1,0,82,13,4,46.7653718044,-1.079518463271,None,None,-13.916667,
4,1,0,82,16,5,46.7653718044,0.549455505257,None,None,7.083333,
4,1,0,82,19,6,46.7653718044,1.247587206055,None,None,16.083333,
4,1,0,82,22,7,46.7653718044,-0.381386762473,None,None,-4.916667,
4,1,0,82,25,8,46.7653718044,2.643850607651,None,None,34.083333,
4,1,0,82,28,9,46.7653718044,0.549455505257,None,None,7.083333,
4,1,0,82,31,10,46.7653718044,-1.777650164068,None,None,-22.916667,
4,1,0,82,34,11,46.7653718044,2.643850607651,None,None,34.083333,
4,1,0,82,37,12,46.7653718044,-2.243071297933,None,None,-28.916667,
4,1,0,82,40,13,46.7653718044,1.014876639123,None,None,13.083333,
4,1,0,82,43,14,46.7653718044,0.549455505257,None,None,7.083333,
4,1,0,82,46,15,46.7653718044,-0.846807896338,None,None,-10.916667,
4,1,0,82,49,16,46.7653718044,1.713008339920,None,None,22.083333,
4,1,0,82,52,17,46.7653718044,2.643850607651,None,None,34.083333,
4,1,0,82,55,18,46.7653718044,-1.544939597136,None,None,-19.916667,
4,1,0,82,58,19,46.7653718044,0.316744938325,None,None,4.083333,
4,1,0,82,61,20,46.7653718044,2.643850607651,None,None,34.083333,
4,1,0,82,64,21,46.7653718044,1.945718906853,None,None,25.083333,
4,1,0,82,67,22,46.7653718044,3.109271741516,None,None,40.083333,
4,1,0,82,70,23,46.7653718044,0.549455505257,None,None,7.083333,
4,1,0,82,73,24,46.7653718044,-2.941202998731,None,None,-37.916667,
4,1,0,82,76,25,46.7653718044,-2.475781864866,None,None,-31.916667,
4,1,0,82,79,26,46.7653718044,2.643850607651,None,None,34.083333,
4,2,0,163,1,0,46.7653718044,-1.544939597136,None,None,-19.916667,
4,2,0,163,4,1,46.7653718044,-1.777650164068,None,None,-22.916667,
4,2,0,163,7,2,46.7653718044,-1.544939597136,None,None,-19.916667,
4,2,0,163,10,3,46.7653718044,1.945718906853,None,None,25.083333,
4,2,0,163,13,4,46.7653718044,1.014876639123,None,None,13.083333,
4,2,0,163,16,5,46.7653718044,2.643850607651,None,None,34.083333,
4,2,0,163,19,6,46.7653718044,-2.941202998731,None,None,-37.916667,
4,2,0,163,22,7,46.7653718044,1.713008339920,None,None,22.083333,
4,2,0,163,25,8,46.7653718044,-1.544939597136,None,None,-19.916667,
4,2,0,163,28,9,46.7653718044,2.643850607651,None,None,34.083333,
4,2,0,163,31,10,46.7653718044,0.316744938325,None,None,4.083333,
4,2,0,163,34,11,46.7653718044,-1.544939597136,None,None,-19.916667,
4,2,0,163,37,12,46.7653718044,-0.148676195540,None,None,-1.916667,
4,2,0,163,40,13,46.7653718044,3.109271741516,None,None,40.083333,
4,2,0,163,43,14,46.7653718044,2.643850607651,None,None,34.083333,
4,2,0,163,46,15,46.7653718044,1.247587206055,None,None,16.083333,
4,2,0,163,49,16,46.7653718044,-2.475781864866,None,None,-31.916667,
4,2,0,163,52,17,46.7653718044,-1.544939597136,None,None,-19.916667,
4,2,0,163,55,18,46.7653718044,0.549455505257,None,None,7.083333,
4,2,0,163,58,19,46.7653718044,2.411140040718,None,None,31.083333,
4,2,0,163,61,20,46.7653718044,-1.544939597136,None,None,-19.916667,
4,2,0,163,64,21,46.7653718044,-2.243071297933,None,None,-28.916667,
4,2,0,163,67,22,46.7653718044,-1.079518463271,None,None,-13.916667,
4,2,0,163,70,23,46.7653718044,2.643850607651,None,None,34.083333,
4,2,0,163,73,24,46.7653718044,-0.846807896338,None,None,-10.916667,
4,2,0,163,76,25,46.7653718044,-0.381386762473,None,None,-4.916667,
4,2,0,163,79,26,46.7653718044,-1.544939597136,None,None,-19.916667,
4,0,1,2,2,0,46.7653718044,-0.471885316280,None,None,-6.083333,
4,0,1,2,5,1,46.7653718044,1.622509786113,None,None,20.916667,
4,0,1,2,8,2,46.7653718044,-0.937306450145,None,None,-12.083333,
4,0,1,2,11,3,46.7653718044,-1.170017017078,None,None,-15.083333,
4,0,1,2,14,4,46.7653718044,-0.471885316280,None,None,-6.083333,
4,0,1,2,17,5,46.7653718044,-2.333569851741,None,None,-30.083333,
4,0,1,2,20,6,46.7653718044,0.226246384518,None,None,2.916667,
4,0,1,2,23,7,46.7653718044,-0.471885316280,None,None,-6.083333,
4,0,1,2,26,8,46.7653718044,-1.635438150943,None,None,-21.083333,
4,0,1,2,29,9,46.7653718044,-2.566280418673,None,None,-33.083333,
4,0,1,2,32,10,46.7653718044,1.622509786113,None,None,20.916667,
4,0,1,2,35,11,46.7653718044,1.157088652248,None,None,14.916667,
4,0,1,2,38,12,46.7653718044,3.018773187709,None,None,38.916667,
4,0,1,2,41,13,46.7653718044,-0.471885316280,None,None,-6.083333,
4,0,1,2,44,14,46.7653718044,-0.239174749347,None,None,-3.083333,
4,0,1,2,47,15,46.7653718044,-1.868148717875,None,None,-24.083333,
4,0,1,2,50,16,46.7653718044,-0.471885316280,None,None,-6.083333,
4,0,1,2,53,17,46.7653718044,0.458956951450,None,None,5.916667,
4,0,1,2,56,18,46.7653718044,1.622509786113,None,None,20.916667,
4,0,1,2,59,19,46.7653718044,1.622509786113,None,None,20.916667,
4,0,1,2,62,20,46.7653718044,-3.031701552538,None,None,-39.083333,
4,0,1,2,65,21,46.7653718044,0.924378085316,None,None,11.916667,
4,0,1,2,68,22,46.7653718044,-0.471885316280,None,None,-6.083333,
4,0,1,2,71,23,46.7653718044,1.855220353046,None,None,23.916667,
4,0,1,2,74,24,46.7653718044,2.320641486911,None,None,29.916667,
4,0,1,2,77,25,46.7653718044,-0.471885316280,None,None,-6.083333,
4,0,1,2,80,26,46.7653718044,2.553352053844,None,None,32.916667,
4,1,1,164,2,0,46.7653718044,-2.566280418673,None,None,-33.083333,
4,1,1,164,5,1,46.7653718044,-0.471885316280,None,None,-6.083333,
4,1,1,164,8,2,46.7653718044,-3.031701552538,None,None,-39.083333,
4,1,1,164,11,3,46.7653718044,3.018773187709,None,None,38.916667,
4,1,1,164,14,4,46.7653718044,-2.566280418673,None,None,-33.083333,
4,1,1,164,17,5,46.7653718044,1.855220353046,None,None,23.916667,
4,1,1,164,20,6,46.7653718044,-1.868148717875,None,None,-24.083333,
4,1,1,164,23,7,46.7653718044,-2.566280418673,None,None,-33.083333,
4,1,1,164,26,8,46.7653718044,2.553352053844,None,None,32.916667,
4,1,1,164,29,9,46.7653718044,1.622509786113,None,None,20.916667,
4,1,1,164,32,10,46.7653718044,-0.471885316280,None,None,-6.083333,
4,1,1,164,35,11,46.7653718044,-0.937306450145,None,None,-12.083333,
4,1,1,164,38,12,46.7653718044,0.924378085316,None,None,11.916667,
4,1,1,164,41,13,46.7653718044,-2.566280418673,None,None,-33.083333,
4,1,1,164,44,14,46.7653718044,-2.333569851741,None,None,-30.083333,
4,1,1,164,47,15,46.7653718044,2.320641486911,None,None,29.916667,
4,1,1,164,50,16,46.7653718044,-2.566280418673,None,None,-33.083333,
4,1,1,164,53,17,46.7653718044,-1.635438150943,None,None,-21.083333,
4,1,1,164,56,18,46.7653718044,-0.471885316280,None,None,-6.083333,
4,1,1,164,59,19,46.7653718044,-0.471885316280,None,None,-6.083333,
4,1,1,164,62,20,46.7653718044,1.157088652248,None,None,14.916667,
4,1,1,164,65,21,46.7653718044,-1.170017017078,None,None,-15.083333,
4,1,1,164,68,22,46.7653718044,-2.566280418673,None,None,-33.083333,
4,1,1,164,71,23,46.7653718044,-0.239174749347,None,None,-3.083333,
4,1,1,164,74,24,46.7653718044,0.226246384518,None,None,2.916667,
4,1,1,164,77,25,46.7653718044,-2.566280418673,None,None,-33.083333,
4,1,1,164,80,26,46.7653718044,0.458956951450,None,None,5.916667,
4,2,1,83,2,0,46.7653718044,1.622509786113,None,None,20.916667,
4,2,1,83,5,1,46.7653718044,-2.566280418673,None,None,-33.083333,
4,2,1,83,8,2,46.7653718044,1.157088652248,None,None,14.916667,
4,2,1,83,11,3,46.7653718044,0.924378085316,None,None,11.916667,
4,2,1,83,14,4,46.7653718044,1.622509786113,None,None,20.916667,
4,2,1,83,17,5,46.7653718044,-0.239174749347,None,None,-3.083333,
4,2,1,83,20,6,46.7653718044,2.320641486911,None,None,29.916667,
4,2,1,83,23,7,46.7653718044,1.622509786113,None,None,20.916667,
4,2,1,83,26,8,46.7653718044,0.458956951450,None,None,5.916667,
4,2,1,83,29,9,46.7653718044,-0.471885316280,None,None,-6.083333,
4,2,1,83,32,10,46.7653718044,-2.566280418673,None,None,-33.083333,
4,2,1,83,35,11,46.7653718044,-3.031701552538,None,None,-39.083333,
4,2,1,83,38,12,46.7653718044,-1.170017017078,None,None,-15.083333,
4,2,1,83,41,13,46.7653718044,1.622509786113,None,None,20.916667,
4,2,1,83,44,14,46.7653718044,1.855220353046,None,None,23.916667,
4,2,1,83,47,15,46.7653718044,0.226246384518,None,None,2.916667,
4,2,1,83,50,16,46.7653718044,1.622509786113,None,None,20.916667,
4,2,1,83,53,17,46.7653718044,2.553352053844,None,None,32.916667,
4,2,1,83,56,18,46.7653718044,-2.566280418673,None,None,-33.083333,
4,2,1,83,59,19,46.7653718044,-2.566280418673,None,None,-33.083333,
4,2,1,83,62,20,46.7653718044,-0.937306450145,None,None,-12.083333,
4,2,1,83,65,21,46.7653718044,3.018773187709,None,None,38.916667,
4,2,1,83,68,22,46.7653718044,1.622509786113,None,None,20.916667,
4,2,1,83,71,23,46.7653718044,-2.333569851741,None,None,-30.083333,
4,2,1,83,74,24,46.7653718044,-1.868148717875,None,None,-24.083333,
4,2,1,83,77,25,46.7653718044,1.622509786113,None,None,20.916667,
4,2,1,83,80,26,46.7653718044,-1.635438150943,None,None,-21.083333,
5,0,0,1,1,0,81.0000000000,2.801145713077,650,1300,108.333333,
5,0,0,1,4,1,81.0000000000,-1.465214680687,389,2236,-56.666667,
5,0,0,1,7,2,81.0000000000,2.801145713077,650,1300,108.333333,
5,0,0,1,10,3,81.0000000000,-0.224091657046,677,2812,-8.666667,
5,0,0,1,13,4,81.0000000000,-0.534372412956,605,2668,-20.666667,
5,0,0,1,16,5,81.0000000000,0.008618909886,2,4,0.333333,
5,0,0,1,19,6,81.0000000000,0.241329476819,56,112,9.333333,
5,0,0,1,22,7,81.0000000000,-0.301661846024,659,2776,-11.666667,
5,0,0,1,25,8,81.0000000000,-1.387644491709,407,2272,-53.666667,
5,0,0,1,28,9,81.0000000000,-2.085776192507,245,1948,-80.666667,
5,0,0,1,31,10,81.0000000000,-0.767082979889,551,2560,-29.666667,
5,0,0,1,34,11,81.0000000000,-1.387644491709,407,2272,-53.666667,
5,0,0,1,37,12,81.0000000000,-0.922223357844,515,2488,-35.666667,
5,0,0,1,40,13,81.0000000000,-1.930635814552,281,2020,-74.666667,
5,0,0,1,43,14,81.0000000000,0.008618909886,2,4,0.333333,
5,0,0,1,46,15,81.0000000000,-2.551197326372,137,1732,-98.666667,
5,0,0,1,49,16,81.0000000000,2.490864957167,578,1156,96.333333,
5,0,0,1,52,17,81.0000000000,2.801145713077,650,1300,108.333333,
5,0,0,1,55,18,81.0000000000,-0.689512790911,569,2596,-26.666667,
5,0,0,1,58,19,81.0000000000,-0.068951279091,713,2884,-2.666667,
5,0,0,1,61,20,81.0000000000,0.706750610684,164,328,27.333333,
5,0,0,1,64,21,81.0000000000,-1.620355058642,353,2164,-62.666667,
5,0,0,1,67,22,81.0000000000,2.956286091032,686,1372,114.333333,
5,0,0,1,70,23,81.0000000000,0.008618909886,2,4,0.333333,
5,0,0,1,73,24,81.0000000000,0.939461177617,218,436,36.333333,
5,0,0,1,76,25,81.0000000000,-0.999793546821,497,2452,-38.666667,
5,0,0,1,79,26,81.0000000000,0.706750610684,164,328,27.333333,
5,0,0,1,82,27,81.0000000000,0.706750610684,164,328,27.333333,
5,0,0,1,85,28,81.0000000000,0.629180421707,146,292,24.333333,
5,0,0,1,88,29,81.0000000000,2.801145713077,650,1300,108.333333,
5,0,0,1,91,30,81.0000000000,-2.318486759439,191,1840,-89.666667,
5,0,0,1,94,31,81.0000000000,1.560022689437,362,724,60.333333,
5,0,0,1,97,32,81.0000000000,0.008618909886,2,4,0.333333,
5,0,0,1,100,33,81.0000000000,-1.853065625574,299,2056,-71.666667,
5,0,0,1,103,34,81.0000000000,1.792733256369,416,832,69.333333,
5,0,0,1,106,35,81.0000000000,-1.387644491709,407,2272,-53.666667,
5,0,0,1,109,36,81.0000000000,2.103014012280,488,976,81.333333,
5,0,0,1,112,37,81.0000000000,1.327312122504,308,616,51.333333,
5,0,0,1,115,38,81.0000000000,-1.387644491709,407,2272,-53.666667,
5,0,0,1,118,39,81.0000000000,-3.016618460237,29,1516,-116.666667,
5,0,0,1,121,40,81.0000000000,0.163759287841,38,76,6.333333,
5,0,0,1,124,41,81.0000000000,0.008618909886,2,4,0.333333,
5,0,0,1,127,42,81.0000000000,1.637592878414,380,760,63.333333,
5,0,0,1,130,43,81.0000000000,-1.697925247619,335,2128,-65.666667,
5,0,0,1,133,44,81.0000000000,2.801145713077,650,1300,108.333333,
5,0,0,1,136,45,81.0000000000,-2.783907893305,83,1624,-107.666667,
5,0,0,1,139,46,81.0000000000,2.025443823302,470,940,78.333333,
5,0,0,1,142,47,81.0000000000,0.706750610684,164,328,27.333333,
5,0,0,1,145,48,81.0000000000,2.568435146145,596,1192,99.333333,
5,0,0,1,148,49,81.0000000000,-1.232504113754,443,2344,-47.666667,
5,0,0,1,151,50,81.0000000000,0.008618909886,2,4,0.333333,
5,0,0,1,154,51,81.0000000000,-1.154933924776,461,2380,-44.666667,
5,0,0,1,157,52,81.0000000000,1.094601555572,254,508,42.333333,
5,0,0,1,160,53,81.0000000000,0.706750610684,164,328,27.333333,
5,0,0,1,163,54,81.0000000000,-1.387644491709,407,2272,-53.666667,
5,0,0,1,166,55,81.0000000000,2.723575524100,632,1264,105.333333,
5,0,0,1,169,56,81.0000000000,2.801145713077,650,1300,108.333333,
5,0,0,1,172,57,81.0000000000,1.870303445347,434,868,72.333333,
5,0,0,1,175,58,81.0000000000,-2.628767515349,119,1696,-101.666667,
5,0,0,1,178,59,81.0000000000,0.008618909886,2,4,0.333333,
5,0,0,1,181,60,81.0000000000,2.335724579212,542,1084,90.333333,
5,0,0,1,184,61,81.0000000000,-2.396056948417,173,1804,-92.666667,
5,0,0,1,187,62,81.0000000000,-1.387644491709,407,2272,-53.666667,
5,0,0,1,190,63,81.0000000000,0.008618909886,2,4,0.333333,
5,0,0,1,193,64,81.0000000000,-2.861478082282,65,1588,-110.666667,
5,0,0,1,196,65,81.0000000000,-1.387644491709,407,2272,-53.666667,
5,0,0,1,199,66,81.0000000000,1.172171744549,272,544,45.333333,
5,0,0,1,202,67,81.0000000000,2.258154390235,524,1048,87.333333,
5,0,0,1,205,68,81.0000000000,0.008618909886,2,4,0.333333,
5,0,0,1,208,69,81.0000000000,-0.456802223979,623,2704,-17.666667,
5,0,0,1,211,70,81.0000000000,0.396469854774,92,184,15.333333,
5,0,0,1,214,71,81.0000000000,2.801145713077,650,1300,108.333333,
5,0,0,1,217,72,81.0000000000,1.404882311482,326,652,54.333333,
5,0,0,1,220,73,81.0000000000,-2.163346381484,227,1912,-83.666667,
5,0,0,1,223,74,81.0000000000,0.706750610684,164,328,27.333333,
5,0,0,1,226,75,81.0000000000,0.474040043752,110,220,18.333333,
5,0,0,1,229,76,81.0000000000,0.861890988639,200,400,33.333333,
5,0,0,1,232,77,81.0000000000,0.008618909886,2,4,0.333333,
5,0,0,1,235,78,81.0000000000,3.033856280010,704,1408,117.333333,
5,0,0,1,238,79,81.0000000000,-3.094188649215,11,1480,-119.666667,
5,0,0,1,241,80,81.0000000000,0.706750610684,164,328,27.333333,
5,1,0,244,1,0,81.0000000000,-1.387644491709,407,2272,-53.666667,
5,1,0,244,4,1,81.0000000000,0.629180421707,146,292,24.333333,
5,1,0,244,7,2,81.0000000000,-1.387644491709,407,2272,-53.666667,
5,1,0,244,10,3,81.0000000000,1.870303445347,434,868,72.333333,
5,1,0,244,13,4,81.0000000000,1.560022689437,362,724,60.333333,
5,1,0,244,16,5,81.0000000000,2.103014012280,488,976,81.333333,
5,1,0,244,19,6,81.0000000000,2.335724579212,542,1084,90.333333,
5,1,0,244,22,7,81.0000000000,1.792733256369,416,832,69.333333,
5,1,0,244,25,8,81.0000000000,0.706750610684,164,328,27.333333,
5,1,0,244,28,9,81.0000000000,0.008618909886,2,4,0.333333,
5,1,0,244,31,10,81.0000000000,1.327312122504,308,616,51.333333,
5,1,0,244,34,11,81.0000000000,0.706750610684,164,328,27.333333,
5,1,0,244,37,12,81.0000000000,1.172171744549,272,544,45.333333,
5,1,0,244,40,13,81.0000000000,0.163759287841,38,76,6.333333,
5,1,0,244,43,14,81.0000000000,2.103014012280,488,976,81.333333,
5,1,0,244,46,15,81.0000000000,-0.456802223979,623,2704,-17.666667,
5,1,0,244,49,16,81.0000000000,-1.697925247619,335,2128,-65.666667,
5,1,0,244,52,17,81.0000000000,-1.387644491709,407,2272,-53.666667,
5,1,0,244,55,18,81.0000000000,1.404882311482,326,652,54.333333,
5,1,0,244,58,19,81.0000000000,2.025443823302,470,940,78.333333,
5,1,0,244,61,20,81.0000000000,2.801145713077,650,1300,108.333333,
5,1,0,244,64,21,81.0000000000,0.474040043752,110,220,18.333333,
5,1,0,244,67,22,81.0000000000,-1.232504113754,443,2344,-47.666667,
5,1,0,244,70,23,81.0000000000,2.103014012280,488,976,81.333333,
5,1,0,244,73,24,81.0000000000,3.033856280010,704,1408,117.333333,
5,1,0,244,76,25,81.0000000000,1.094601555572,254,508,42.333333,
5,1,0,244,79,26,81.0000000000,2.801145713077,650,1300,108.333333,
5,1,0,244,82,27,81.0000000000,2.801145713077,650,1300,108.333333,
5,1,0,244,85,28,81.0000000000,2.723575524100,632,1264,105.333333,
5,1,0,244,88,29,81.0000000000,-1.387644491709,407,2272,-53.666667,
5,1,0,244,91,30,81.0000000000,-0.224091657046,677,2812,-8.666667,
5,1,0,244,94,31,81.0000000000,-2.628767515349,119,1696,-101.666667,
5,1,0,244,97,32,81.0000000000,2.103014012280,488,976,81.333333,
5,1,0,244,100,33,81.0000000000,0.241329476819,56,112,9.333333,
5,1,0,244,103,34,81.0000000000,-2.396056948417,173,1804,-92.666667,
5,1,0,244,106,35,81.0000000000,0.706750610684,164,328,27.333333,
5,1,0,244,109,36,81.0000000000,-2.085776192507,245,1948,-80.666667,
5,1,0,244,112,37,81.0000000000,-2.861478082282,65,1588,-110.666667,
5,1,0,244,115,38,81.0000000000,0.706750610684,164,328,27.333333,
5,1,0,244,118,39,81.0000000000,-0.922223357844,515,2488,-35.666667,
5,1,0,244,121,40,81.0000000000,2.258154390235,524,1048,87.333333,
5,1,0,244,124,41,81.0000000000,2.103014012280,488,976,81.333333,
5,1,0,244,127,42,81.0000000000,-2.551197326372,137,1732,-98.666667,
5,1,0,244,130,43,81.0000000000,0.396469854774,92,184,15.333333,
5,1,0,244,133,44,81.0000000000,-1.387644491709,407,2272,-53.666667,
5,1,0,244,136,45,81.0000000000,-0.689512790911,569,2596,-26.666667,
5,1,0,244,139,46,81.0000000000,-2.163346381484,227,1912,-83.666667,
5,1,0,244,142,47,81.0000000000,2.801145713077,650,1300,108.333333,
5,1,0,244,145,48,81.0000000000,-1.620355058642,353,2164,-62.666667,
5,1,0,244,148,49,81.0000000000,0.861890988639,200,400,33.333333,
5,1,0,244,151,50,81.0000000000,2.103014012280,488,976,81.333333,
5,1,0,244,154,51,81.0000000000,0.939461177617,218,436,36.333333,
5,1,0,244,157,52,81.0000000000,-3.094188649215,11,1480,-119.666667,
5,1,0,244,160,53,81.0000000000,2.801145713077,650,1300,108.333333,
5,1,0,244,163,54,81.0000000000,0.706750610684,164,328,27.333333,
5,1,0,244,166,55,81.0000000000,-1.465214680687,389,2236,-56.666667,
5,1,0,244,169,56,81.0000000000,-1.387644491709,407,2272,-53.666667,
5,1,0,244,172,57,81.0000000000,-2.318486759439,191,1840,-89.666667,
5,1,0,244,175,58,81.0000000000,-0.534372412956,605,2668,-20.666667,
5,1,0,244,178,59,81.0000000000,2.103014012280,488,976,81.333333,
5,1,0,244,181,60,81.0000000000,-1.853065625574,299,2056,-71.666667,
5,1,0,244,184,61,81.0000000000,-0.301661846024,659,2776,-11.666667,
5,1,0,244,187,62,81.0000000000,0.706750610684,164,328,27.333333,
5,1,0,244,190,63,81.0000000000,2.103014012280,488,976,81.333333,
5,1,0,244,193,64,81.0000000000,-0.767082979889,551,2560,-29.666667,
5,1,0,244,196,65,81.0000000000,0.706750610684,164,328,27.333333,
5,1,0,244,199,66,81.0000000000,-3.016618460237,29,1516,-116.666667,
5,1,0,244,202,67,81.0000000000,-1.930635814552,281,2020,-74.666667,
5,1,0,244,205,68,81.0000000000,2.103014012280,488,976,81.333333,
5,1,0,244,208,69,81.0000000000,1.637592878414,380,760,63.333333,
5,1,0,244,211,70,81.0000000000,2.490864957167,578,1156,96.333333,
5,1,0,244,214,71,81.0000000000,-1.387644491709,407,2272,-53.666667,
5,1,0,244,217,72,81.0000000000,-2.783907893305,83,1624,-107.666667,
5,1,0,244,220,73,81.0000000000,-0.068951279091,713,2884,-2.666667,
5,1,0,244,223,74,81.0000000000,2.801145713077,650,1300,108.333333,
5,1,0,244,226,75,81.0000000000,2.568435146145,596,1192,99.333333,
5,1,0,244,229,76,81.0000000000,2.956286091032,686,1372,114.333333,
5,1,0,244,232,77,81.0000000000,2.103014012280,488,976,81.333333,
5,1,0,244,235,78,81.0000000000,-1.154933924776,461,2380,-44.666667,
5,1,0,244,238,79,81.0000000000,-0.999793546821,497,2452,-38.666667,
5,1,0,244,241,80,81.0000000000,2.801145713077,650,1300,108.333333,
5,2,0,487,1,0,81.0000000000,0.706750610684,164,328,27.333333,
5,2,0,487,4,1,81.0000000000,2.723575524100,632,1264,105.333333,
5,2,0,487,7,2,81.0000000000,0.706750610684,164,328,27.333333,
5,2,0,487,10,3,81.0000000000,-2.318486759439,191,1840,-89.666667,
5,2,0,487,13,4,81.0000000000,-2.628767515349,119,1696,-101.666667,
5,2,0,487,16,5,81.0000000000,-2.085776192507,245,1948,-80.666667,
5,2,0,487,19,6,81.0000000000,-1.853065625574,299,2056,-71.666667,
5,2,0,487,22,7,81.0000000000,-2.396056948417,173,1804,-92.666667,
5,2,0,487,25,8,81.0000000000,2.801145713077,650,1300,108.333333,
5,2,0,487,28,9,81.0000000000,2.103014012280,488,976,81.333333,
5,2,0,487,31,10,81.0000000000,-2.861478082282,65,1588,-110.666667,
5,2,0,487,34,11,81.0000000000,2.801145713077,650,1300,108.333333,
5,2,0,487,37,12,81.0000000000,-3.016618460237,29,1516,-116.666667,
5,2,0,487,40,13,81.0000000000,2.258154390235,524,1048,87.333333,
5,2,0,487,43,14,81.0000000000,-2.085776192507,245,1948,-80.666667,
5,2,0,487,46,15,81.0000000000,1.637592878414,380,760,63.333333,
5,2,0,487,49,16,81.0000000000,0.396469854774,92,184,15.333333,
5,2,0,487,52,17,81.0000000000,0.706750610684,164,328,27.333333,
5,2,0,487,55,18,81.0000000000,-2.783907893305,83,1624,-107.666667,
5,2,0,487,58,19,81.0000000000,-2.163346381484,227,1912,-83.666667,
5,2,0,487,61,20,81.0000000000,-1.387644491709,407,2272,-53.666667,
5,2,0,487,64,21,81.0000000000,2.568435146145,596,1192,99.333333,
5,2,0,487,67,22,81.0000000000,0.861890988639,200,400,33.333333,
5,2,0,487,70,23,81.0000000000,-2.085776192507,245,1948,-80.666667,
5,2,0,487,73,24,81.0000000000,-1.154933924776,461,2380,-44.666667,
5,2,0,487,76,25,81.0000000000,-3.094188649215,11,1480,-119.666667,
5,2,0,487,79,26,81.0000000000,-1.387644491709,407,2272,-53.666667,
5,2,0,487,82,27,81.0000000000,-1.387644491709,407,2272,-53.666667,
5,2,0,487,85,28,81.0000000000,-1.465214680687,389,2236,-56.666667,
5,2,0,487,88,29,81.0000000000,0.706750610684,164,328,27.333333,
5,2,0,487,91,30,81.0000000000,1.870303445347,434,868,72.333333,
5,2,0,487,94,31,81.0000000000,-0.534372412956,605,2668,-20.666667,
5,2,0,487,97,32,81.0000000000,-2.085776192507,245,1948,-80.666667,
5,2,0,487,100,33,81.0000000000,2.335724579212,542,1084,90.333333,
5,2,0,487,103,34,81.0000000000,-0.301661846024,659,2776,-11.666667,
5,2,0,487,106,35,81.0000000000,2.801145713077,650,1300,108.333333,
5,2,0,487,109,36,81.0000000000,0.008618909886,2,4,0.333333,
5,2,0,487,112,37,81.0000000000,-0.767082979889,551,2560,-29.666667,
5,2,0,487,115,38,81.0000000000,2.801145713077,650,1300,108.333333,
5,2,0,487,118,39,81.0000000000,1.172171744549,272,544,45.333333,
5,2,0,487,121,40,81.0000000000,-1.930635814552,281,2020,-74.666667,
5,2,0,487,124,41,81.0000000000,-2.085776192507,245,1948,-80.666667,
5,2,0,487,127,42,81.0000000000,-0.456802223979,623,2704,-17.666667,
5,2,0,487,130,43,81.0000000000,2.490864957167,578,1156,96.333333,
5,2,0,487,133,44,81.0000000000,0.706750610684,164,328,27.333333,
5,2,0,487,136,45,81.0000000000,1.404882311482,326,652,54.333333,
5,2,0,487,139,46,81.0000000000,-0.068951279091,713,2884,-2.666667,
5,2,0,487,142,47,81.0000000000,-1.387644491709,407,2272,-53.666667,
5,2,0,487,145,48,81.0000000000,0.474040043752,110,220,18.333333,
5,2,0,487,148,49,81.0000000000,2.956286091032,686,1372,114.333333,
5,2,0,487,151,50,81.0000000000,-2.085776192507,245,1948,-80.666667,
5,2,0,487,154,51,81.0000000000,3.033856280010,704,1408,117.333333,
5,2,0,487,157,52,81.0000000000,-0.999793546821,497,2452,-38.666667,
5,2,0,487,160,53,81.0000000000,-1.387644491709,407,2272,-53.666667,
5,2,0,487,163,54,81.0000000000,2.801145713077,650,1300,108.333333,
5,2,0,487,166,55,81.0000000000,0.629180421707,146,292,24.333333,
5,2,0,487,169,56,81.0000000000,0.706750610684,164,328,27.333333,
5,2,0,487,172,57,81.0000000000,-0.224091657046,677,2812,-8.666667,
5,2,0,487,175,58,81.0000000000,1.560022689437,362,724,60.333333,
5,2,0,487,178,59,81.0000000000,-2.085776192507,245,1948,-80.666667,
5,2,0,487,181,60,81.0000000000,0.241329476819,56,112,9.333333,
5,2,0,487,184,61,81.0000000000,1.792733256369,416,832,69.333333,
5,2,0,487,187,62,81.0000000000,2.801145713077,650,1300,108.333333,
5,2,0,487,190,63,81.0000000000,-2.085776192507,245,1948,-80.666667,
5,2,0,487,193,64,81.0000000000,1.327312122504,308,616,51.333333,
5,2,0,487,196,65,81.0000000000,2.801145713077,650,1300,108.333333,
5,2,0,487,199,66,81.0000000000,-0.922223357844,515,2488,-35.666667,
5,2,0,487,202,67,81.0000000000,0.163759287841,38,76,6.333333,
5,2,0,487,205,68,81.0000000000,-2.085776192507,245,1948,-80.666667,
5,2,0,487,208,69,81.0000000000,-2.551197326372,137,1732,-98.666667,
5,2,0,487,211,70,81.0000000000,-1.697925247619,335,2128,-65.666667,
5,2,0,487,214,71,81.0000000000,0.706750610684,164,328,27.333333,
5,2,0,487,217,72,81.0000000000,-0.689512790911,569,2596,-26.666667,
5,2,0,487,220,73,81.0000000000,2.025443823302,470,940,78.333333,
5,2,0,487,223,74,81.0000000000,-1.387644491709,407,2272,-53.666667,
5,2,0,487,226,75,81.0000000000,-1.620355058642,353,2164,-62.666667,
5,2,0,487,229,76,81.0000000000,-1.232504113754,443,2344,-47.666667,
5,2,0,487,232,77,81.0000000000,-2.085776192507,245,1948,-80.666667,
5,2,0,487,235,78,81.0000000000,0.939461177617,218,436,36.333333,
5,2,0,487,238,79,81.0000000000,1.094601555572,254,508,42.333333,
5,2,0,487,241,80,81.0000000000,-1.387644491709,407,2272,-53.666667,
5,0,1,2,2,0,81.0000000000,-0.680893881025,571,2600,-26.333333,
5,0,1,2,5,1,81.0000000000,0.017237819773,4,8,0.666667,
5,0,1,2,8,2,81.0000000000,-2.930429361373,49,1556,-113.333333,
5,0,1,2,11,3,81.0000000000,-3.007999550351,31,1520,-116.333333,
5,0,1,2,14,4,81.0000000000,-0.680893881025,571,2600,-26.333333,
5,0,1,2,17,5,81.0000000000,2.887334811941,670,1340,111.666667,
5,0,1,2,20,6,81.0000000000,-0.448183314092,625,2708,-17.333333,
5,0,1,2,23,7,81.0000000000,-0.680893881025,571,2600,-26.333333,
5,0,1,2,26,8,81.0000000000,-1.068744825913,481,2420,-41.333333,
5,0,1,2,29,9,81.0000000000,0.715369520571,166,332,27.666667,
5,0,1,2,32,10,81.0000000000,0.017237819773,4,8,0.666667,
5,0,1,2,35,11,81.0000000000,-2.232297660575,211,1880,-86.333333,
5,0,1,2,38,12,81.0000000000,0.482658953638,112,224,18.666667,
5,0,1,2,41,13,81.0000000000,1.413501221368,328,656,54.666667,
5,0,1,2,44,14,81.0000000000,-0.603323692047,589,2636,-23.333333,
5,0,1,2,47,15,81.0000000000,-1.146315014890,463,2384,-44.333333,
5,0,1,2,50,16,81.0000000000,-2.775288983418,85,1628,-107.333333,
5,0,1,2,53,17,81.0000000000,-2.465008227508,157,1772,-95.333333,
5,0,1,2,56,18,81.0000000000,2.111632922166,490,980,81.666667,
5,0,1,2,59,19,81.0000000000,0.017237819773,4,8,0.666667,
5,0,1,2,62,20,81.0000000000,-1.534165959778,373,2204,-59.333333,
5,0,1,2,65,21,81.0000000000,-2.309867849553,193,1844,-89.333333,
5,0,1,2,68,22,81.0000000000,-2.775288983418,85,1628,-107.333333,
5,0,1,2,71,23,81.0000000000,2.189203111144,508,1016,84.666667,
5,0,1,2,74,24,81.0000000000,-1.844446715688,301,2060,-71.333333,
5,0,1,2,77,25,81.0000000000,1.413501221368,328,656,54.666667,
5,0,1,2,80,26,81.0000000000,2.421913678076,562,1124,93.666667,
5,0,1,2,83,27,81.0000000000,-2.775288983418,85,1628,-107.333333,
5,0,1,2,86,28,81.0000000000,0.017237819773,4,8,0.666667,
5,0,1,2,89,29,81.0000000000,-0.836034258980,535,2528,-32.333333,
5,0,1,2,92,30,81.0000000000,1.180790654436,274,548,45.666667,
5,0,1,2,95,31,81.0000000000,-0.680893881025,571,2600,-26.333333,
5,0,1,2,98,32,81.0000000000,-1.301455392845,427,2312,-50.333333,
5,0,1,2,101,33,81.0000000000,-2.542578416486,139,1736,-98.333333,
5,0,1,2,104,34,81.0000000000,-0.680893881025,571,2600,-26.333333,
5,0,1,2,107,35,81.0000000000,1.025650276481,238,476,39.666667,
5,0,1,2,110,36,81.0000000000,-1.379025581823,409,2276,-53.333333,
5,0,1,2,113,37,81.0000000000,0.017237819773,4,8,0.666667,
5,0,1,2,116,38,81.0000000000,-0.137902558182,697,2852,-5.333333,
5,0,1,2,119,39,81.0000000000,-1.611736148755,355,2168,-62.333333,
5,0,1,2,122,40,81.0000000000,1.413501221368,328,656,54.666667,
5,0,1,2,125,41,81.0000000000,1.491071410346,346,692,57.666667,
5,0,1,2,128,42,81.0000000000,3.042475189896,706,1412,117.666667,
5,0,1,2,131,43,81.0000000000,-2.775288983418,85,1628,-107.333333,
5,0,1,2,134,44,81.0000000000,-0.370613125115,643,2744,-14.333333,
5,0,1,2,137,45,81.0000000000,0.017237819773,4,8,0.666667,
5,0,1,2,140,46,81.0000000000,0.017237819773,4,8,0.666667,
5,0,1,2,143,47,81.0000000000,0.560229142615,130,260,21.666667,
5,0,1,2,146,48,81.0000000000,1.878922355233,436,872,72.666667,
5,0,1,2,149,49,81.0000000000,-2.775288983418,85,1628,-107.333333,
5,0,1,2,152,50,81.0000000000,-1.999587093643,265,1988,-77.333333,
5,0,1,2,155,51,81.0000000000,2.344343489099,544,1088,90.666667,
5,0,1,2,158,52,81.0000000000,1.413501221368,328,656,54.666667,
5,0,1,2,161,53,81.0000000000,-1.766876526710,319,2096,-68.333333,
5,0,1,2,164,54,81.0000000000,1.413501221368,328,656,54.666667,
5,0,1,2,167,55,81.0000000000,0.017237819773,4,8,0.666667,
5,0,1,2,170,56,81.0000000000,1.258360843413,292,584,48.666667,
5,0,1,2,173,57,81.0000000000,-0.913604447958,517,2492,-35.333333,
5,0,1,2,176,58,81.0000000000,-0.680893881025,571,2600,-26.333333,
5,0,1,2,179,59,81.0000000000,0.792939709548,184,368,30.666667,
5,0,1,2,182,60,81.0000000000,1.646211788301,382,764,63.666667,
5,0,1,2,185,61,81.0000000000,-0.680893881025,571,2600,-26.333333,
5,0,1,2,188,62,81.0000000000,3.120045378874,724,1448,120.666667,
5,0,1,2,191,63,81.0000000000,2.809764622964,652,1304,108.666667,
5,0,1,2,194,64,81.0000000000,0.017237819773,4,8,0.666667,
5,0,1,2,197,65,81.0000000000,1.956492544211,454,908,75.666667,
5,0,1,2,200,66,81.0000000000,2.577054056031,598,1196,99.666667,
5,0,1,2,203,67,81.0000000000,1.413501221368,328,656,54.666667,
5,0,1,2,206,68,81.0000000000,-2.697718794441,103,1664,-104.333333,
5,0,1,2,209,69,81.0000000000,0.948080087503,220,440,36.666667,
5,0,1,2,212,70,81.0000000000,-2.775288983418,85,1628,-107.333333,
5,0,1,2,215,71,81.0000000000,1.723781977278,400,800,66.666667,
5,0,1,2,218,72,81.0000000000,-2.077157282620,247,1952,-80.333333,
5,0,1,2,221,73,81.0000000000,0.017237819773,4,8,0.666667,
5,0,1,2,224,74,81.0000000000,2.654624245009,616,1232,102.666667,
5,0,1,2,227,75,81.0000000000,-0.215472747160,679,2816,-8.333333,
5,0,1,2,230,76,81.0000000000,-2.775288983418,85,1628,-107.333333,
5,0,1,2,233,77,81.0000000000,0.094808008750,22,44,3.666667,
5,0,1,2,236,78,81.0000000000,0.249948386705,58,116,9.666667,
5,0,1,2,239,79,81.0000000000,1.413501221368,328,656,54.666667,
5,0,1,2,242,80,81.0000000000,0.327518575683,76,152,12.666667,
5,1,1,488,2,0,81.0000000000,-2.775288983418,85,1628,-107.333333,
5,1,1,488,5,1,81.0000000000,-2.077157282620,247,1952,-80.333333,
5,1,1,488,8,2,81.0000000000,1.258360843413,292,584,48.666667,
5,1,1,488,11,3,81.0000000000,1.180790654436,274,548,45.666667,
5,1,1,488,14,4,81.0000000000,-2.775288983418,85,1628,-107.333333,
5,1,1,488,17,5,81.0000000000,0.792939709548,184,368,30.666667,
5,1,1,488,20,6,81.0000000000,-2.542578416486,139,1736,-98.333333,
5,1,1,488,23,7,81.0000000000,-2.775288983418,85,1628,-107.333333,
5,1,1,488,26,8,81.0000000000,3.120045378874,724,1448,120.666667,
5,1,1,488,29,9,81.0000000000,-1.379025581823,409,2276,-53.333333,
5,1,1,488,32,10,81.0000000000,-2.077157282620,247,1952,-80.333333,
5,1,1,488,35,11,81.0000000000,1.956492544211,454,908,75.666667,
5,1,1,488,38,12,81.0000000000,-1.611736148755,355,2168,-62.333333,
5,1,1,488,41,13,81.0000000000,-0.680893881025,571,2600,-26.333333,
5,1,1,488,44,14,81.0000000000,-2.697718794441,103,1664,-104.333333,
5,1,1,488,47,15,81.0000000000,3.042475189896,706,1412,117.666667,
5,1,1,488,50,16,81.0000000000,1.413501221368,328,656,54.666667,
5,1,1,488,53,17,81.0000000000,1.723781977278,400,800,66.666667,
5,1,1,488,56,18,81.0000000000,0.017237819773,4,8,0.666667,
5,1,1,488,59,19,81.0000000000,-2.077157282620,247,1952,-80.333333,
5,1,1,488,62,20,81.0000000000,2.654624245009,616,1232,102.666667,
5,1,1,488,65,21,81.0000000000,1.878922355233,436,872,72.666667,
5,1,1,488,68,22,81.0000000000,1.413501221368,328,656,54.666667,
5,1,1,488,71,23,81.0000000000,0.094808008750,22,44,3.666667,
5,1,1,488,74,24,81.0000000000,2.344343489099,544,1088,90.666667,
5,1,1,488,77,25,81.0000000000,-0.680893881025,571,2600,-26.333333,
5,1,1,488,80,26,81.0000000000,0.327518575683,76,152,12.666667,
5,1,1,488,83,27,81.0000000000,1.413501221368,328,656,54.666667,
5,1,1,488,86,28,81.0000000000,-2.077157282620,247,1952,-80.333333,
5,1,1,488,89,29,81.0000000000,-2.930429361373,49,1556,-113.333333,
5,1,1,488,92,30,81.0000000000,-0.913604447958,517,2492,-35.333333,
5,1,1,488,95,31,81.0000000000,-2.775288983418,85,1628,-107.333333,
5,1,1,488,98,32,81.0000000000,2.887334811941,670,1340,111.666667,
5,1,1,488,101,33,81.0000000000,1.646211788301,382,764,63.666667,
5,1,1,488,104,34,81.0000000000,-2.775288983418,85,1628,-107.333333,
5,1,1,488,107,35,81.0000000000,-1.068744825913,481,2420,-41.333333,
5,1,1,488,110,36,81.0000000000,2.809764622964,652,1304,108.666667,
5,1,1,488,113,37,81.0000000000,-2.077157282620,247,1952,-80.333333,
5,1,1,488,116,38,81.0000000000,-2.232297660575,211,1880,-86.333333,
5,1,1,488,119,39,81.0000000000,2.577054056031,598,1196,99.666667,
5,1,1,488,122,40,81.0000000000,-0.680893881025,571,2600,-26.333333,
5,1,1,488,125,41,81.0000000000,-0.603323692047,589,2636,-23.333333,
5,1,1,488,128,42,81.0000000000,0.948080087503,220,440,36.666667,
5,1,1,488,131,43,81.0000000000,1.413501221368,328,656,54.666667,
5,1,1,488,134,44,81.0000000000,-2.465008227508,157,1772,-95.333333,
5,1,1,488,137,45,81.0000000000,-2.077157282620,247,1952,-80.333333,
5,1,1,488,140,46,81.0000000000,-2.077157282620,247,1952,-80.333333,
5,1,1,488,143,47,81.0000000000,-1.534165959778,373,2204,-59.333333,
5,1,1,488,146,48,81.0000000000,-0.215472747160,679,2816,-8.333333,
5,1,1,488,149,49,81.0000000000,1.413501221368,328,656,54.666667,
5,1,1,488,152,50,81.0000000000,2.189203111144,508,1016,84.666667,
5,1,1,488,155,51,81.0000000000,0.249948386705,58,116,9.666667,
5,1,1,488,158,52,81.0000000000,-0.680893881025,571,2600,-26.333333,
5,1,1,488,161,53,81.0000000000,2.421913678076,562,1124,93.666667,
5,1,1,488,164,54,81.0000000000,-0.680893881025,571,2600,-26.333333,
5,1,1,488,167,55,81.0000000000,-2.077157282620,247,1952,-80.333333,
5,1,1,488,170,56,81.0000000000,-0.836034258980,535,2528,-32.333333,
5,1,1,488,173,57,81.0000000000,-3.007999550351,31,1520,-116.333333,
5,1,1,488,176,58,81.0000000000,-2.775288983418,85,1628,-107.333333,
5,1,1,488,179,59,81.0000000000,-1.301455392845,427,2312,-50.333333,
5,1,1,488,182,60,81.0000000000,-0.448183314092,625,2708,-17.333333,
5,1,1,488,185,61,81.0000000000,-2.775288983418,85,1628,-107.333333,
5,1,1,488,188,62,81.0000000000,1.025650276481,238,476,39.666667,
5,1,1,488,191,63,81.0000000000,0.715369520571,166,332,27.666667,
5,1,1,488,194,64,81.0000000000,-2.077157282620,247,1952,-80.333333,
5,1,1,488,197,65,81.0000000000,-0.137902558182,697,2852,-5.333333,
5,1,1,488,200,66,81.0000000000,0.482658953638,112,224,18.666667,
5,1,1,488,203,67,81.0000000000,-0.680893881025,571,2600,-26.333333,
5,1,1,488,206,68,81.0000000000,1.491071410346,346,692,57.666667,
5,1,1,488,209,69,81.0000000000,-1.146315014890,463,2384,-44.333333,
5,1,1,488,212,70,81.0000000000,1.413501221368,328,656,54.666667,
5,1,1,488,215,71,81.0000000000,-0.370613125115,643,2744,-14.333333,
5,1,1,488,218,72,81.0000000000,2.111632922166,490,980,81.666667,
5,1,1,488,221,73,81.0000000000,-2.077157282620,247,1952,-80.333333,
5,1,1,488,224,74,81.0000000000,0.560229142615,130,260,21.666667,
5,1,1,488,227,75,81.0000000000,-2.309867849553,193,1844,-89.333333,
5,1,1,488,230,76,81.0000000000,1.413501221368,328,656,54.666667,
5,1,1,488,233,77,81.0000000000,-1.999587093643,265,1988,-77.333333,
5,1,1,488,236,78,81.0000000000,-1.844446715688,301,2060,-71.333333,
5,1,1,488,239,79,81.0000000000,-0.680893881025,571,2600,-26.333333,
5,1,1,488,242,80,81.0000000000,-1.766876526710,319,2096,-68.333333,
5,2,1,245,2,0,81.0000000000,1.413501221368,328,656,54.666667,
5,2,1,245,5,1,81.0000000000,2.111632922166,490,980,81.666667,
5,2,1,245,8,2,81.0000000000,-0.836034258980,535,2528,-32.333333,
5,2,1,245,11,3,81.0000000000,-0.913604447958,517,2492,-35.333333,
5,2,1,245,14,4,81.0000000000,1.413501221368,328,656,54.666667,
5,2,1,245,17,5,81.0000000000,-1.301455392845,427,2312,-50.333333,
5,2,1,245,20,6,81.0000000000,1.646211788301,382,764,63.666667,
5,2,1,245,23,7,81.0000000000,1.413501221368,328,656,54.666667,
5,2,1,245,26,8,81.0000000000,1.025650276481,238,476,39.666667,
5,2,1,245,29,9,81.0000000000,2.809764622964,652,1304,108.666667,
5,2,1,245,32,10,81.0000000000,2.111632922166,490,980,81.666667,
5,2,1,245,35,11,81.0000000000,-0.137902558182,697,2852,-5.333333,
5,2,1,245,38,12,81.0000000000,2.577054056031,598,1196,99.666667,
5,2,1,245,41,13,81.0000000000,-2.775288983418,85,1628,-107.333333,
5,2,1,245,44,14,81.0000000000,1.491071410346,346,692,57.666667,
5,2,1,245,47,15,81.0000000000,0.948080087503,220,440,36.666667,
5,2,1,245,50,16,81.0000000000,-0.680893881025,571,2600,-26.333333,
5,2,1,245,53,17,81.0000000000,-0.370613125115,643,2744,-14.333333,
5,2,1,245,56,18,81.0000000000,-2.077157282620,247,1952,-80.333333,
5,2,1,245,59,19,81.0000000000,2.111632922166,490,980,81.666667,
5,2,1,245,62,20,81.0000000000,0.560229142615,130,260,21.666667,
5,2,1,245,65,21,81.0000000000,-0.215472747160,679,2816,-8.333333,
5,2,1,245,68,22,81.0000000000,-0.680893881025,571,2600,-26.333333,
5,2,1,245,71,23,81.0000000000,-1.999587093643,265,1988,-77.333333,
5,2,1,245,74,24,81.0000000000,0.249948386705,58,116,9.666667,
5,2,1,245,77,25,81.0000000000,-2.775288983418,85,1628,-107.333333,
5,2,1,245,80,26,81.0000000000,-1.766876526710,319,2096,-68.333333,
5,2,1,245,83,27,81.0000000000,-0.680893881025,571,2600,-26.333333,
5,2,1,245,86,28,81.0000000000,2.111632922166,490,980,81.666667,
5,2,1,245,89,29,81.0000000000,1.258360843413,292,584,48.666667,
5,2,1,245,92,30,81.0000000000,-3.007999550351,31,1520,-116.333333,
5,2,1,245,95,31,81.0000000000,1.413501221368,328,656,54.666667,
5,2,1,245,98,32,81.0000000000,0.792939709548,184,368,30.666667,
5,2,1,245,101,33,81.0000000000,-0.448183314092,625,2708,-17.333333,
5,2,1,245,104,34,81.0000000000,1.413501221368,328,656,54.666667,
5,2,1,245,107,35,81.0000000000,3.120045378874,724,1448,120.666667,
5,2,1,245,110,36,81.0000000000,0.715369520571,166,332,27.666667,
5,2,1,245,113,37,81.0000000000,2.111632922166,490,980,81.666667,
5,2,1,245,116,38,81.0000000000,1.956492544211,454,908,75.666667,
5,2,1,245,119,39,81.0000000000,0.482658953638,112,224,18.666667,
5,2,1,245,122,40,81.0000000000,-2.775288983418,85,1628,-107.333333,
5,2,1,245,125,41,81.0000000000,-2.697718794441,103,1664,-104.333333,
5,2,1,245,128,42,81.0000000000,-1.146315014890,463,2384,-44.333333,
5,2,1,245,131,43,81.0000000000,-0.680893881025,571,2600,-26.333333,
5,2,1,245,134,44,81.0000000000,1.723781977278,400,800,66.666667,
5,2,1,245,137,45,81.0000000000,2.111632922166,490,980,81.666667,
5,2,1,245,140,46,81.0000000000,2.111632922166,490,980,81.666667,
5,2,1,245,143,47,81.0000000000,2.654624245009,616,1232,102.666667,
5,2,1,245,146,48,81.0000000000,-2.309867849553,193,1844,-89.333333,
5,2,1,245,149,49,81.0000000000,-0.680893881025,571,2600,-26.333333,
5,2,1,245,152,50,81.0000000000,0.094808008750,22,44,3.666667,
5,2,1,245,155,51,81.0000000000,-1.844446715688,301,2060,-71.333333,
5,2,1,245,158,52,81.0000000000,-2.775288983418,85,1628,-107.333333,
5,2,1,245,161,53,81.0000000000,0.327518575683,76,152,12.666667,
5,2,1,245,164,54,81.0000000000,-2.775288983418,85,1628,-107.333333,
5,2,1,245,167,55,81.0000000000,2.111632922166,490,980,81.666667,
5,2,1,245,170,56,81.0000000000,-2.930429361373,49,1556,-113.333333,
5,2,1,245,173,57,81.0000000000,1.180790654436,274,548,45.666667,
5,2,1,245,176,58,81.0000000000,1.413501221368,328,656,54.666667,
5,2,1,245,179,59,81.0000000000,2.887334811941,670,1340,111.666667,
5,2,1,245,182,60,81.0000000000,-2.542578416486,139,1736,-98.333333,
5,2,1,245,185,61,81.0000000000,1.413501221368,328,656,54.666667,
5,2,1,245,188,62,81.0000000000,-1.068744825913,481,2420,-41.333333,
5,2,1,245,191,63,81.0000000000,-1.379025581823,409,2276,-53.333333,
5,2,1,245,194,64,81.0000000000,2.111632922166,490,980,81.666667,
5,2,1,245,197,65,81.0000000000,-2.232297660575,211,1880,-86.333333,
5,2,1,245,200,66,81.0000000000,-1.611736148755,355,2168,-62.333333,
5,2,1,245,203,67,81.0000000000,-2.775288983418,85,1628,-107.333333,
5,2,1,245,206,68,81.0000000000,-0.603323692047,589,2636,-23.333333,
5,2,1,245,209,69,81.0000000000,3.042475189896,706,1412,117.666667,
5,2,1,245,212,70,81.0000000000,-0.680893881025,571,2600,-26.333333,
5,2,1,245,215,71,81.0000000000,-2.465008227508,157,1772,-95.333333,
5,2,1,245,218,72,81.0000000000,0.017237819773,4,8,0.666667,
5,2,1,245,221,73,81.0000000000,2.111632922166,490,980,81.666667,
5,2,1,245,224,74,81.0000000000,-1.534165959778,373,2204,-59.333333,
5,2,1,245,227,75,81.0000000000,1.878922355233,436,872,72.666667,
5,2,1,245,230,76,81.0000000000,-0.680893881025,571,2600,-26.333333,
5,2,1,245,233,77,81.0000000000,2.189203111144,508,1016,84.666667,
5,2,1,245,236,78,81.0000000000,2.344343489099,544,1088,90.666667,
5,2,1,245,239,79,81.0000000000,-2.775288983418,85,1628,-107.333333,
5,2,1,245,242,80,81.0000000000,2.421913678076,562,1124,93.666667,
6,0,0,1,1,0,140.2961154131,-2.731476191496,None,None,-316.916667,
6,0,0,1,4,1,140.2961154131,0.035193882036,None,None,4.083333,
6,0,0,1,7,2,140.2961154131,-2.731476191496,None,None,-316.916667,
6,0,0,1,10,3,140.2961154131,0.448901556583,None,None,52.083333,
6,0,0,1,13,4,140.2961154131,-1.748920464447,None,None,-202.916667,
6,0,0,1,16,5,140.2961154131,-1.567923356833,None,None,-181.916667,
6,0,0,1,19,6,140.2961154131,0.604041934538,None,None,70.083333,
6,0,0,1,22,7,140.2961154131,0.423044826924,None,None,49.083333,
6,0,0,1,25,8,140.2961154131,0.061050611695,None,None,7.083333,
6,0,0,1,28,9,140.2961154131,-0.171659955237,None,None,-19.916667,
6,0,0,1,31,10,140.2961154131,2.362299551362,None,None,274.083333,
6,0,0,1,34,11,140.2961154131,-2.033344490698,None,None,-235.916667,
6,0,0,1,37,12,140.2961154131,0.216190989650,None,None,25.083333,
6,0,0,1,40,13,140.2961154131,-0.119946495919,None,None,-13.916667,
6,0,0,1,43,14,140.2961154131,0.526471745560,None,None,61.083333,
6,0,0,1,46,15,140.2961154131,-2.421195435586,None,None,-280.916667,
6,0,0,1,49,16,140.2961154131,1.353887094654,None,None,157.083333,
6,0,0,1,52,17,140.2961154131,-2.731476191496,None,None,-316.916667,
6,0,0,1,55,18,140.2961154131,0.293761178628,None,None,34.083333,
6,0,0,1,58,19,140.2961154131,2.595010118294,None,None,301.083333,
6,0,0,1,61,20,140.2961154131,2.853577414886,None,None,331.083333,
6,0,0,1,64,21,140.2961154131,-2.110914679675,None,None,-244.916667,
6,0,0,1,67,22,140.2961154131,-0.585367629784,None,None,-67.916667,
6,0,0,1,70,23,140.2961154131,0.526471745560,None,None,61.083333,
6,0,0,1,73,24,140.2961154131,-1.257642600923,None,None,-145.916667,
6,0,0,1,76,25,140.2961154131,0.190334259991,None,None,22.083333,
6,0,0,1,79,26,140.2961154131,-1.335212789900,None,None,-154.916667,
6,0,0,1,82,27,140.2961154131,-1.335212789900,None,None,-154.916667,
6,0,0,1,85,28,140.2961154131,0.733325582834,None,None,85.083333,
6,0,0,1,88,29,140.2961154131,-0.637081089102,None,None,-73.916667,
6,0,0,1,91,30,140.2961154131,-0.249230144215,None,None,-28.916667,
6,0,0,1,94,31,140.2961154131,3.138001441137,None,None,364.083333,
6,0,0,1,97,32,140.2961154131,-1.567923356833,None,None,-181.916667,
6,0,0,1,100,33,140.2961154131,-2.188484868653,None,None,-253.916667,
6,0,0,1,103,34,140.2961154131,-3.067613677065,None,None,-355.916667,
6,0,0,1,106,35,140.2961154131,-2.033344490698,None,None,-235.916667,
6,0,0,1,109,36,140.2961154131,1.224603446358,None,None,142.083333,
6,0,0,1,112,37,140.2961154131,3.060431252160,None,None,355.083333,
6,0,0,1,115,38,140.2961154131,0.061050611695,None,None,7.083333,
6,0,0,1,118,39,140.2961154131,-0.481940711147,None,None,-55.916667,
6,0,0,1,121,40,140.2961154131,-1.516209897514,None,None,-175.916667,
6,0,0,1,124,41,140.2961154131,0.526471745560,None,None,61.083333,
6,0,0,1,127,42,140.2961154131,1.069463068403,None,None,124.083333,
6,0,0,1,130,43,140.2961154131,-2.136771409335,None,None,-247.916667,
6,0,0,1,133,44,140.2961154131,1.457314013291,None,None,169.083333,
6,0,0,1,136,45,140.2961154131,1.690024580223,None,None,196.083333,
6,0,0,1,139,46,140.2961154131,-2.990043488087,None,None,-346.916667,
6,0,0,1,142,47,140.2961154131,-1.335212789900,None,None,-154.916667,
6,0,0,1,145,48,140.2961154131,-2.809046380473,None,None,-325.916667,
6,0,0,1,148,49,140.2961154131,-1.981631031380,None,None,-229.916667,
6,0,0,1,151,50,140.2961154131,0.526471745560,None,None,61.083333,
6,0,0,1,154,51,140.2961154131,2.233015903066,None,None,259.083333,
6,0,0,1,157,52,140.2961154131,2.982861063182,None,None,346.083333,
6,0,0,1,160,53,140.2961154131,2.853577414886,None,None,331.083333,
6,0,0,1,163,54,140.2961154131,0.061050611695,None,None,7.083333,
6,0,0,1,166,55,140.2961154131,1.431457283632,None,None,166.083333,
6,0,0,1,169,56,140.2961154131,1.457314013291,None,None,169.083333,
6,0,0,1,172,57,140.2961154131,-0.947361845013,None,None,-109.916667,
6,0,0,1,175,58,140.2961154131,1.741738039542,None,None,202.083333,
6,0,0,1,178,59,140.2961154131,-1.567923356833,None,None,-181.916667,
6,0,0,1,181,60,140.2961154131,1.302173635336,None,None,151.083333,
6,0,0,1,184,61,140.2961154131,-0.275086873874,None,None,-31.916667,
6,0,0,1,187,62,140.2961154131,2.155445714088,None,None,250.083333,
6,0,0,1,190,63,140.2961154131,2.620866847954,None,None,304.083333,
6,0,0,1,193,64,140.2961154131,-2.524622354222,None,None,-292.916667,
6,0,0,1,196,65,140.2961154131,2.155445714088,None,None,250.083333,
6,0,0,1,199,66,140.2961154131,-1.180072411945,None,None,-136.916667,
6,0,0,1,202,67,140.2961154131,-2.912473299110,None,None,-337.916667,
6,0,0,1,205,68,140.2961154131,0.526471745560,None,None,61.083333,
6,0,0,1,208,69,140.2961154131,-1.723063734788,None,None,-199.916667,
6,0,0,1,211,70,140.2961154131,0.655755393856,None,None,76.083333,
6,0,0,1,214,71,140.2961154131,-0.637081089102,None,None,-73.916667,
6,0,0,1,217,72,140.2961154131,3.086287981819,None,None,358.083333,
6,0,0,1,220,73,140.2961154131,-2.291911787290,None,None,-265.916667,
6,0,0,1,223,74,140.2961154131,0.759182312493,None,None,88.083333,
6,0,0,1,226,75,140.2961154131,2.776007225909,None,None,322.083333,
6,0,0,1,229,76,140.2961154131,2.905290874205,None,None,337.083333,
6,0,0,1,232,77,140.2961154131,0.526471745560,None,None,61.083333,
6,0,0,1,235,78,140.2961154131,-0.559510900125,None,None,-64.916667,
6,0,0,1,238,79,140.2961154131,-0.507797440807,None,None,-58.916667,
6,0,0,1,241,80,140.2961154131,0.759182312493,None,None,88.083333,
6,0,0,1,244,81,140.2961154131,1.457314013291,None,None,169.083333,
6,0,0,1,247,82,140.2961154131,2.129588984429,None,None,247.083333,
6,0,0,1,250,83,140.2961154131,-2.731476191496,None,None,-316.916667,
6,0,0,1,253,84,140.2961154131,-1.645493545810,None,None,-190.916667,
6,0,0,1,256,85,140.2961154131,0.345474637946,None,None,40.083333,
6,0,0,1,259,86,140.2961154131,-1.567923356833,None,None,-181.916667,
6,0,0,1,262,87,140.2961154131,-1.490353167855,None,None,-172.916667,
6,0,0,1,265,88,140.2961154131,2.517439929317,None,None,292.083333,
6,0,0,1,268,89,140.2961154131,0.061050611695,None,None,7.083333,
6,0,0,1,271,90,140.2961154131,-2.266055057630,None,None,-262.916667,
6,0,0,1,274,91,140.2961154131,-1.826490653425,None,None,-211.916667,
6,0,0,1,277,92,140.2961154131,-2.033344490698,None,None,-235.916667,
6,0,0,1,280,93,140.2961154131,-1.878204112743,None,None,-217.916667,
6,0,0,1,283,94,140.2961154131,1.974448606474,None,None,229.083333,
6,0,0,1,286,95,140.2961154131,0.526471745560,None,None,61.083333,
6,0,0,1,289,96,140.2961154131,1.767594769201,None,None,205.083333,
6,0,0,1,292,97,140.2961154131,-2.834903110132,None,None,-328.916667,
6,0,0,1,295,98,140.2961154131,-2.731476191496,None,None,-316.916667,
6,0,0,1,298,99,140.2961154131,-1.800633923765,None,None,-208.916667,
6,0,0,1,301,100,140.2961154131,-1.593780086492,None,None,-184.916667,
6,0,0,1,304,101,140.2961154131,2.853577414886,None,None,331.083333,
6,0,0,1,307,102,140.2961154131,2.077875525111,None,None,241.083333,
6,0,0,1,310,103,140.2961154131,1.509027472609,None,None,175.083333,
6,0,0,1,313,104,140.2961154131,0.526471745560,None,None,61.083333,
6,0,0,1,316,105,140.2961154131,2.931147603864,None,None,340.083333,
6,0,0,1,319,106,140.2961154131,2.284729362384,None,None,265.083333,
6,0,0,1,322,107,140.2961154131,-1.335212789900,None,None,-154.916667,
6,0,0,1,325,108,140.2961154131,2.853577414886,None,None,331.083333,
6,0,0,1,328,109,140.2961154131,2.827720685227,None,None,328.083333,
6,0,0,1,331,110,140.2961154131,-0.637081089102,None,None,-73.916667,
6,0,0,1,334,111,140.2961154131,-2.343625246608,None,None,-271.916667,
6,0,0,1,337,112,140.2961154131,-1.050788763649,None,None,-121.916667,
6,0,0,1,340,113,140.2961154131,-1.567923356833,None,None,-181.916667,
6,0,0,1,343,114,140.2961154131,2.000305336133,None,None,232.083333,
6,0,0,1,346,115,140.2961154131,-0.973218574672,None,None,-112.916667,
6,0,0,1,349,116,140.2961154131,-2.033344490698,None,None,-235.916667,
6,0,0,1,352,117,140.2961154131,-0.869791656035,None,None,-100.916667,
6,0,0,1,355,118,140.2961154131,-1.128358952627,None,None,-130.916667,
6,0,0,1,358,119,140.2961154131,0.061050611695,None,None,7.083333,
6,0,0,1,361,120,140.2961154131,-2.576335813541,None,None,-298.916667,
6,0,0,1,364,121,140.2961154131,0.578185204879,None,None,67.083333,
6,0,0,1,367,122,140.2961154131,0.526471745560,None,None,61.083333,
6,0,0,1,370,123,140.2961154131,-1.024932033990,None,None,-118.916667,
6,0,0,1,373,124,140.2961154131,-0.042376306941,None,None,-4.916667,
6,0,0,1,376,125,140.2961154131,1.457314013291,None,None,169.083333,
6,0,0,1,379,126,140.2961154131,-0.404370522170,None,None,-46.916667,
6,0,0,1,382,127,140.2961154131,-0.895648385694,None,None,-103.916667,
6,0,0,1,385,128,140.2961154131,-1.335212789900,None,None,-154.916667,
6,0,0,1,388,129,140.2961154131,1.379743824313,None,None,160.083333,
6,0,0,1,391,130,140.2961154131,0.112764071014,None,None,13.083333,
6,0,0,1,394,131,140.2961154131,0.526471745560,None,None,61.083333,
6,0,0,1,397,132,140.2961154131,0.138620800673,None,None,16.083333,
6,0,0,1,400,133,140.2961154131,-1.205929141604,None,None,-139.916667,
6,0,0,1,403,134,140.2961154131,2.853577414886,None,None,331.083333,
6,0,0,1,406,135,140.2961154131,-2.033344490698,None,None,-235.916667,
6,0,0,1,409,136,140.2961154131,-2.757332921155,None,None,-319.916667,
6,0,0,1,412,137,140.2961154131,1.457314013291,None,None,169.083333,
6,0,0,1,415,138,140.2961154131,-3.041756947406,None,None,-352.916667,
6,0,0,1,418,139,140.2961154131,-2.447052165245,None,None,-283.916667,
6,0,0,1,421,140,140.2961154131,-1.567923356833,None,None,-181.916667,
6,0,0,1,424,141,140.2961154131,-0.792221467058,None,None,-91.916667,
6,0,0,1,427,142,140.2961154131,1.819308228519,None,None,211.083333,
6,0,0,1,430,143,140.2961154131,2.155445714088,None,None,250.083333,
6,0,0,1,433,144,140.2961154131,0.526471745560,None,None,61.083333,
6,0,0,1,436,145,140.2961154131,-0.430227251829,None,None,-49.916667,
6,0,0,1,439,146,140.2961154131,2.155445714088,None,None,250.083333,
6,0,0,1,442,147,140.2961154131,3.008717792841,None,None,349.083333,
6,0,0,1,445,148,140.2961154131,-0.818078196717,None,None,-94.916667,
6,0,0,1,448,149,140.2961154131,0.526471745560,None,None,61.083333,
6,0,0,1,451,150,140.2961154131,2.465726469999,None,None,286.083333,
6,0,0,1,454,151,140.2961154131,2.750150496250,None,None,319.083333,
6,0,0,1,457,152,140.2961154131,-0.637081089102,None,None,-73.916667,
6,0,0,1,460,153,140.2961154131,0.991892879426,None,None,115.083333,
6,0,0,1,463,154,140.2961154131,-0.197516684896,None,None,-22.916667,
6,0,0,1,466,155,140.2961154131,0.759182312493,None,None,88.083333,
6,0,0,1,469,156,140.2961154131,0.681612123515,None,None,79.083333,
6,0,0,1,472,157,140.2961154131,-1.283499330582,None,None,-148.916667,
6,0,0,1,475,158,140.2961154131,0.526471745560,None,None,61.083333,
6,0,0,1,478,159,140.2961154131,-2.653906002518,None,None,-307.916667,
6,0,0,1,481,160,140.2961154131,1.586597661587,None,None,184.083333,
6,0,0,1,484,161,140.2961154131,0.759182312493,None,None,88.083333,
6,0,0,1,487,162,140.2961154131,-0.637081089102,None,None,-73.916667,
6,0,0,1,490,163,140.2961154131,-2.059201220357,None,None,-238.916667,
6,0,0,1,493,164,140.2961154131,-2.731476191496,None,None,-316.916667,
6,0,0,1,496,165,140.2961154131,2.543296658976,None,None,295.083333,
6,0,0,1,499,166,140.2961154131,2.439869740339,None,None,283.083333,
6,0,0,1,502,167,140.2961154131,-1.567923356833,None,None,-181.916667,
6,0,0,1,505,168,140.2961154131,2.698437036931,None,None,313.083333,
6,0,0,1,508,169,140.2961154131,-1.671350275469,None,None,-193.916667,
6,0,0,1,511,170,140.2961154131,0.061050611695,None,None,7.083333,
6,0,0,1,514,171,140.2961154131,1.922735147156,None,None,223.083333,
6,0,0,1,517,172,140.2961154131,0.267904448969,None,None,31.083333,
6,0,0,1,520,173,140.2961154131,-2.033344490698,None,None,-235.916667,
6,0,0,1,523,174,140.2961154131,2.310586092044,None,None,268.083333,
6,0,0,1,526,175,140.2961154131,-2.214341598312,None,None,-256.916667,
6,0,0,1,529,176,140.2961154131,0.526471745560,None,None,61.083333,
6,0,0,1,532,177,140.2961154131,-0.326800333192,None,None,-37.916667,
6,0,0,1,535,178,140.2961154131,-0.740508007739,None,None,-85.916667,
6,0,0,1,538,179,140.2961154131,-2.731476191496,None,None,-316.916667,
6,0,0,1,541,180,140.2961154131,2.388156281021,None,None,277.083333,
6,0,0,1,544,181,140.2961154131,0.500615015901,None,None,58.083333,
6,0,0,1,547,182,140.2961154131,2.853577414886,None,None,331.083333,
6,0,0,1,550,183,140.2961154131,-0.016519577282,None,None,-1.916667,
6,0,0,1,553,184,140.2961154131,-2.679762732177,None,None,-310.916667,
6,0,0,1,556,185,140.2961154131,0.526471745560,None,None,61.083333,
6,0,0,1,559,186,140.2961154131,0.836752501471,None,None,97.083333,
6,0,0,1,562,187,140.2961154131,-1.904060842402,None,None,-220.916667,
6,0,0,1,565,188,140.2961154131,-1.335212789900,None,None,-154.916667,
6,0,0,1,568,189,140.2961154131,0.759182312493,None,None,88.083333,
6,0,0,1,571,190,140.2961154131,-1.361069519559,None,None,-157.916667,
6,0,0,1,574,191,140.2961154131,-0.637081089102,None,None,-73.916667,
6,0,0,1,577,192,140.2961154131,1.845164958178,None,None,214.083333,
6,0,0,1,580,193,140.2961154131,1.043606338744,None,None,121.083333,
6,0,0,1,583,194,140.2961154131,-1.567923356833,None,None,-181.916667,
6,0,0,1,586,195,140.2961154131,-0.094089766260,None,None,-10.916667,
6,0,0,1,589,196,140.2961154131,1.121176527721,None,None,130.083333,
6,0,0,1,592,197,140.2961154131,-2.033344490698,None,None,-235.916667,
6,0,0,1,595,198,140.2961154131,-2.964186758428,None,None,-343.916667,
6,0,0,1,598,199,140.2961154131,0.966036149766,None,None,112.083333,
6,0,0,1,601,200,140.2961154131,0.061050611695,None,None,7.083333,
6,0,0,1,604,201,140.2961154131,1.612454391246,None,None,187.083333,
6,0,0,1,607,202,140.2961154131,2.672580307272,None,None,310.083333,
6,0,0,1,610,203,140.2961154131,0.526471745560,None,None,61.083333,
6,0,0,1,613,204,140.2961154131,-3.119327136383,None,None,-361.916667,
6,0,0,1,616,205,140.2961154131,2.052018795452,None,None,238.083333,
6,0,0,1,619,206,140.2961154131,1.457314013291,None,None,169.083333,
6,0,0,1,622,207,140.2961154131,-2.498765624563,None,None,-289.916667,
6,0,0,1,625,208,140.2961154131,1.198746716699,None,None,139.083333,
6,0,0,1,628,209,140.2961154131,-1.335212789900,None,None,-154.916667,
6,0,0,1,631,210,140.2961154131,-0.714651278080,None,None,-82.916667,
6,0,0,1,634,211,140.2961154131,2.207159173407,None,None,256.083333,
6,0,0,1,637,212,140.2961154131,0.526471745560,None,None,61.083333,
6,0,0,1,640,213,140.2961154131,-1.955774301720,None,None,-226.916667,
6,0,0,1,643,214,140.2961154131,0.888465960789,None,None,103.083333,
6,0,0,1,646,215,140.2961154131,2.853577414886,None,None,331.083333,
6,0,0,1,649,216,140.2961154131,2.155445714088,None,None,250.083333,
6,0,0,1,652,217,140.2961154131,-0.662937818762,None,None,-76.916667,
6,0,0,1,655,218,140.2961154131,1.457314013291,None,None,169.083333,
6,0,0,1,658,219,140.2961154131,1.147033257381,None,None,133.083333,
6,0,0,1,661,220,140.2961154131,-0.352657062852,None,None,-40.916667,
6,0,0,1,664,221,140.2961154131,-1.567923356833,None,None,-181.916667,
6,0,0,1,667,222,140.2961154131,-2.886616569451,None,None,-334.916667,
6,0,0,1,670,223,140.2961154131,-2.369481976267,None,None,-274.916667,
6,0,0,1,673,224,140.2961154131,2.155445714088,None,None,250.083333,
6,0,0,1,676,225,140.2961154131,-1.567923356833,None,None,-181.916667,
6,0,0,1,679,226,140.2961154131,1.664167850564,None,None,193.083333,
6,0,0,1,682,227,140.2961154131,2.155445714088,None,None,250.083333,
6,0,0,1,685,228,140.2961154131,0.914322690448,None,None,106.083333,
6,0,0,1,688,229,140.2961154131,1.276316905677,None,None,148.083333,
6,0,0,1,691,230,140.2961154131,0.526471745560,None,None,61.083333,
6,0,0,1,694,231,140.2961154131,0.371331367605,None,None,43.083333,
6,0,0,1,697,232,140.2961154131,-1.438639708537,None,None,-166.916667,
6,0,0,1,700,233,140.2961154131,-0.637081089102,None,None,-73.916667,
6,0,0,1,703,234,140.2961154131,-1.102502222968,None,None,-127.916667,
6,0,0,1,706,235,140.2961154131,1.896878417497,None,None,220.083333,
6,0,0,1,709,236,140.2961154131,0.759182312493,None,None,88.083333,
6,0,0,1,712,237,140.2961154131,-1.412782978878,None,None,-163.916667,
6,0,0,1,715,238,140.2961154131,0.810895771811,None,None,94.083333,
6,0,0,1,718,239,140.2961154131,0.526471745560,None,None,61.083333,
6,0,0,1,721,240,140.2961154131,1.534884202268,None,None,178.083333,
6,0,0,1,724,241,140.2961154131,-2.602192543200,None,None,-301.916667,
6,0,0,1,727,242,140.2961154131,0.759182312493,None,None,88.083333,
6,1,0,730,1,0,140.2961154131,-0.637081089102,None,None,-73.916667,
6,1,0,730,4,1,140.2961154131,2.129588984429,None,None,247.083333,
6,1,0,730,7,2,140.2961154131,-0.637081089102,None,None,-73.916667,
6,1,0,730,10,3,140.2961154131,2.543296658976,None,None,295.083333,
6,1,0,730,13,4,140.2961154131,0.345474637946,None,None,40.083333,
6,1,0,730,16,5,140.2961154131,0.526471745560,None,None,61.083333,
6,1,0,730,19,6,140.2961154131,2.698437036931,None,None,313.083333,
6,1,0,730,22,7,140.2961154131,2.517439929317,None,None,292.083333,
6,1,0,730,25,8,140.2961154131,2.155445714088,None,None,250.083333,
6,1,0,730,28,9,140.2961154131,1.922735147156,None,None,223.083333,
6,1,0,730,31,10,140.2961154131,-1.826490653425,None,None,-211.916667,
6,1,0,730,34,11,140.2961154131,0.061050611695,None,None,7.083333,
6,1,0,730,37,12,140.2961154131,2.310586092044,None,None,268.083333,
6,1,0,730,40,13,140.2961154131,1.974448606474,None,None,229.083333,
6,1,0,730,43,14,140.2961154131,2.620866847954,None,None,304.083333,
6,1,0,730,46,15,140.2961154131,-0.326800333192,None,None,-37.916667,
6,1,0,730,49,16,140.2961154131,-2.834903110132,None,None,-328.916667,
6,1,0,730,52,17,140.2961154131,-0.637081089102,None,None,-73.916667,
6,1,0,730,55,18,140.2961154131,2.388156281021,None,None,277.083333,
6,1,0,730,58,19,140.2961154131,-1.593780086492,None,None,-184.916667,
6,1,0,730,61,20,140.2961154131,-1.335212789900,None,None,-154.916667,
6,1,0,730,64,21,140.2961154131,-0.016519577282,None,None,-1.916667,
6,1,0,730,67,22,140.2961154131,1.509027472609,None,None,175.083333,
6,1,0,730,70,23,140.2961154131,2.620866847954,None,None,304.083333,
6,1,0,730,73,24,140.2961154131,0.836752501471,None,None,97.083333,
6,1,0,730,76,25,140.2961154131,2.284729362384,None,None,265.083333,
6,1,0,730,79,26,140.2961154131,0.759182312493,None,None,88.083333,
6,1,0,730,82,27,140.2961154131,0.759182312493,None,None,88.083333,
6,1,0,730,85,28,140.2961154131,2.827720685227,None,None,328.083333,
6,1,0,730,88,29,140.2961154131,1.457314013291,None,None,169.083333,
6,1,0,730,91,30,140.2961154131,1.845164958178,None,None,214.083333,
6,1,0,730,94,31,140.2961154131,-1.050788763649,None,None,-121.916667,
6,1,0,730,97,32,140.2961154131,0.526471745560,None,None,61.083333,
6,1,0,730,100,33,140.2961154131,-0.094089766260,None,None,-10.916667,
6,1,0,730,103,34,140.2961154131,-0.973218574672,None,None,-112.916667,
6,1,0,730,106,35,140.2961154131,0.061050611695,None,None,7.083333,
6,1,0,730,109,36,140.2961154131,-2.964186758428,None,None,-343.916667,
6,1,0,730,112,37,140.2961154131,-1.128358952627,None,None,-130.916667,
6,1,0,730,115,38,140.2961154131,2.155445714088,None,None,250.083333,
6,1,0,730,118,39,140.2961154131,1.612454391246,None,None,187.083333,
6,1,0,730,121,40,140.2961154131,0.578185204879,None,None,67.083333,
6,1,0,730,124,41,140.2961154131,2.620866847954,None,None,304.083333,
6,1,0,730,127,42,140.2961154131,-3.119327136383,None,None,-361.916667,
6,1,0,730,130,43,140.2961154131,-0.042376306941,None,None,-4.916667,
6,1,0,730,133,44,140.2961154131,-2.731476191496,None,None,-316.916667,
6,1,0,730,136,45,140.2961154131,-2.498765624563,None,None,-289.916667,
6,1,0,730,139,46,140.2961154131,-0.895648385694,None,None,-103.916667,
6,1,0,730,142,47,140.2961154131,0.759182312493,None,None,88.083333,
6,1,0,730,145,48,140.2961154131,-0.714651278080,None,None,-82.916667,
6,1,0,730,148,49,140.2961154131,0.112764071014,None,None,13.083333,
6,1,0,730,151,50,140.2961154131,2.620866847954,None,None,304.083333,
6,1,0,730,154,51,140.2961154131,-1.955774301720,None,None,-226.916667,
6,1,0,730,157,52,140.2961154131,-1.205929141604,None,None,-139.916667,
6,1,0,730,160,53,140.2961154131,-1.335212789900,None,None,-154.916667,
6,1,0,730,163,54,140.2961154131,2.155445714088,None,None,250.083333,
6,1,0,730,166,55,140.2961154131,-2.757332921155,None,None,-319.916667,
6,1,0,730,169,56,140.2961154131,-2.731476191496,None,None,-316.916667,
6,1,0,730,172,57,140.2961154131,1.147033257381,None,None,133.083333,
6,1,0,730,175,58,140.2961154131,-2.447052165245,None,None,-283.916667,
6,1,0,730,178,59,140.2961154131,0.526471745560,None,None,61.083333,
6,1,0,730,181,60,140.2961154131,-2.886616569451,None,None,-334.916667,
6,1,0,730,184,61,140.2961154131,1.819308228519,None,None,211.083333,
6,1,0,730,187,62,140.2961154131,-2.033344490698,None,None,-235.916667,
6,1,0,730,190,63,140.2961154131,-1.567923356833,None,None,-181.916667,
6,1,0,730,193,64,140.2961154131,-0.430227251829,None,None,-49.916667,
6,1,0,730,196,65,140.2961154131,-2.033344490698,None,None,-235.916667,
6,1,0,730,199,66,140.2961154131,0.914322690448,None,None,106.083333,
6,1,0,730,202,67,140.2961154131,-0.818078196717,None,None,-94.916667,
6,1,0,730,205,68,140.2961154131,2.620866847954,None,None,304.083333,
6,1,0,730,208,69,140.2961154131,0.371331367605,None,None,43.083333,
6,1,0,730,211,70,140.2961154131,2.750150496250,None,None,319.083333,
6,1,0,730,214,71,140.2961154131,1.457314013291,None,None,169.083333,
6,1,0,730,217,72,140.2961154131,-1.102502222968,None,None,-127.916667,
6,1,0,730,220,73,140.2961154131,-0.197516684896,None,None,-22.916667,
6,1,0,730,223,74,140.2961154131,2.853577414886,None,None,331.083333,
6,1,0,730,226,75,140.2961154131,-1.412782978878,None,None,-163.916667,
6,1,0,730,229,76,140.2961154131,-1.283499330582,None,None,-148.916667,
6,1,0,730,232,77,140.2961154131,2.620866847954,None,None,304.083333,
6,1,0,730,235,78,140.2961154131,1.534884202268,None,None,178.083333,
6,1,0,730,238,79,140.2961154131,1.586597661587,None,None,184.083333,
6,1,0,730,241,80,140.2961154131,2.853577414886,None,None,331.083333,
6,1,0,730,244,81,140.2961154131,-2.731476191496,None,None,-316.916667,
6,1,0,730,247,82,140.2961154131,-2.059201220357,None,None,-238.916667,
6,1,0,730,250,83,140.2961154131,-0.637081089102,None,None,-73.916667,
6,1,0,730,253,84,140.2961154131,0.448901556583,None,None,52.083333,
6,1,0,730,256,85,140.2961154131,2.439869740339,None,None,283.083333,
6,1,0,730,259,86,140.2961154131,0.526471745560,None,None,61.083333,
6,1,0,730,262,87,140.2961154131,0.604041934538,None,None,70.083333,
6,1,0,730,265,88,140.2961154131,-1.671350275469,None,None,-193.916667,
6,1,0,730,268,89,140.2961154131,2.155445714088,None,None,250.083333,
6,1,0,730,271,90,140.2961154131,-0.171659955237,None,None,-19.916667,
6,1,0,730,274,91,140.2961154131,0.267904448969,None,None,31.083333,
6,1,0,730,277,92,140.2961154131,0.061050611695,None,None,7.083333,
6,1,0,730,280,93,140.2961154131,0.216190989650,None,None,25.083333,
6,1,0,730,283,94,140.2961154131,-2.214341598312,None,None,-256.916667,
6,1,0,730,286,95,140.2961154131,2.620866847954,None,None,304.083333,
6,1,0,730,289,96,140.2961154131,-2.421195435586,None,None,-280.916667,
6,1,0,730,292,97,140.2961154131,-0.740508007739,None,None,-85.916667,
6,1,0,730,295,98,140.2961154131,-0.637081089102,None,None,-73.916667,
6,1,0,730,298,99,140.2961154131,0.293761178628,None,None,34.083333,
6,1,0,730,301,100,140.2961154131,0.500615015901,None,None,58.083333,
6,1,0,730,304,101,140.2961154131,-1.335212789900,None,None,-154.916667,
6,1,0,730,307,102,140.2961154131,-2.110914679675,None,None,-244.916667,
6,1,0,730,310,103,140.2961154131,-2.679762732177,None,None,-310.916667,
6,1,0,730,313,104,140.2961154131,2.620866847954,None,None,304.083333,
6,1,0,730,316,105,140.2961154131,-1.257642600923,None,None,-145.916667,
6,1,0,730,319,106,140.2961154131,-1.904060842402,None,None,-220.916667,
6,1,0,730,322,107,140.2961154131,0.759182312493,None,None,88.083333,
6,1,0,730,325,108,140.2961154131,-1.335212789900,None,None,-154.916667,
6,1,0,730,328,109,140.2961154131,-1.361069519559,None,None,-157.916667,
6,1,0,730,331,110,140.2961154131,1.457314013291,None,None,169.083333,
6,1,0,730,334,111,140.2961154131,-0.249230144215,None,None,-28.916667,
6,1,0,730,337,112,140.2961154131,1.043606338744,None,None,121.083333,
6,1,0,730,340,113,140.2961154131,0.526471745560,None,None,61.083333,
6,1,0,730,343,114,140.2961154131,-2.188484868653,None,None,-253.916667,
6,1,0,730,346,115,140.2961154131,1.121176527721,None,None,130.083333,
6,1,0,730,349,116,140.2961154131,0.061050611695,None,None,7.083333,
6,1,0,730,352,117,140.2961154131,1.224603446358,None,None,142.083333,
6,1,0,730,355,118,140.2961154131,0.966036149766,None,None,112.083333,
6,1,0,730,358,119,140.2961154131,2.155445714088,None,None,250.083333,
6,1,0,730,361,120,140.2961154131,-0.481940711147,None,None,-55.916667,
6,1,0,730,364,121,140.2961154131,2.672580307272,None,None,310.083333,
6,1,0,730,367,122,140.2961154131,2.620866847954,None,None,304.083333,
6,1,0,730,370,123,140.2961154131,1.069463068403,None,None,124.083333,
6,1,0,730,373,124,140.2961154131,2.052018795452,None,None,238.083333,
6,1,0,730,376,125,140.2961154131,-2.731476191496,None,None,-316.916667,
6,1,0,730,379,126,140.2961154131,1.690024580223,None,None,196.083333,
6,1,0,730,382,127,140.2961154131,1.198746716699,None,None,139.083333,
6,1,0,730,385,128,140.2961154131,0.759182312493,None,None,88.083333,
6,1,0,730,388,129,140.2961154131,-2.809046380473,None,None,-325.916667,
6,1,0,730,391,130,140.2961154131,2.207159173407,None,None,256.083333,
6,1,0,730,394,131,140.2961154131,2.620866847954,None,None,304.083333,
6,1,0,730,397,132,140.2961154131,2.233015903066,None,None,259.083333,
6,1,0,730,400,133,140.2961154131,0.888465960789,None,None,103.083333,
6,1,0,730,403,134,140.2961154131,-1.335212789900,None,None,-154.916667,
6,1,0,730,406,135,140.2961154131,0.061050611695,None,None,7.083333,
6,1,0,730,409,136,140.2961154131,-0.662937818762,None,None,-76.916667,
6,1,0,730,412,137,140.2961154131,-2.731476191496,None,None,-316.916667,
6,1,0,730,415,138,140.2961154131,-0.947361845013,None,None,-109.916667,
6,1,0,730,418,139,140.2961154131,-0.352657062852,None,None,-40.916667,
6,1,0,730,421,140,140.2961154131,0.526471745560,None,None,61.083333,
6,1,0,730,424,141,140.2961154131,1.302173635336,None,None,151.083333,
6,1,0,730,427,142,140.2961154131,-2.369481976267,None,None,-274.916667,
6,1,0,730,430,143,140.2961154131,-2.033344490698,None,None,-235.916667,
6,1,0,730,433,144,140.2961154131,2.620866847954,None,None,304.083333,
6,1,0,730,436,145,140.2961154131,1.664167850564,None,None,193.083333,
6,1,0,730,439,146,140.2961154131,-2.033344490698,None,None,-235.916667,
6,1,0,730,442,147,140.2961154131,-1.180072411945,None,None,-136.916667,
6,1,0,730,445,148,140.2961154131,1.276316905677,None,None,148.083333,
6,1,0,730,448,149,140.2961154131,2.620866847954,None,None,304.083333,
6,1,0,730,451,150,140.2961154131,-1.723063734788,None,None,-199.916667,
6,1,0,730,454,151,140.2961154131,-1.438639708537,None,None,-166.916667,
6,1,0,730,457,152,140.2961154131,1.457314013291,None,None,169.083333,
6,1,0,730,460,153,140.2961154131,3.086287981819,None,None,358.083333,
6,1,0,730,463,154,140.2961154131,1.896878417497,None,None,220.083333,
6,1,0,730,466,155,140.2961154131,2.853577414886,None,None,331.083333,
6,1,0,730,469,156,140.2961154131,2.776007225909,None,None,322.083333,
6,1,0,730,472,157,140.2961154131,0.810895771811,None,None,94.083333,
6,1,0,730,475,158,140.2961154131,2.620866847954,None,None,304.083333,
6,1,0,730,478,159,140.2961154131,-0.559510900125,None,None,-64.916667,
6,1,0,730,481,160,140.2961154131,-2.602192543200,None,None,-301.916667,
6,1,0,730,484,161,140.2961154131,2.853577414886,None,None,331.083333,
6,1,0,730,487,162,140.2961154131,1.457314013291,None,None,169.083333,
6,1,0,730,490,163,140.2961154131,0.035193882036,None,None,4.083333,
6,1,0,730,493,164,140.2961154131,-0.637081089102,None,None,-73.916667,
6,1,0,730,496,165,140.2961154131,-1.645493545810,None,None,-190.916667,
6,1,0,730,499,166,140.2961154131,-1.748920464447,None,None,-202.916667,
6,1,0,730,502,167,140.2961154131,0.526471745560,None,None,61.083333,
6,1,0,730,505,168,140.2961154131,-1.490353167855,None,None,-172.916667,
6,1,0,730,508,169,140.2961154131,0.423044826924,None,None,49.083333,
6,1,0,730,511,170,140.2961154131,2.155445714088,None,None,250.083333,
6,1,0,730,514,171,140.2961154131,-2.266055057630,None,None,-262.916667,
6,1,0,730,517,172,140.2961154131,2.362299551362,None,None,274.083333,
6,1,0,730,520,173,140.2961154131,0.061050611695,None,None,7.083333,
6,1,0,730,523,174,140.2961154131,-1.878204112743,None,None,-217.916667,
6,1,0,730,526,175,140.2961154131,-0.119946495919,None,None,-13.916667,
6,1,0,730,529,176,140.2961154131,2.620866847954,None,None,304.083333,
6,1,0,730,532,177,140.2961154131,1.767594769201,None,None,205.083333,
6,1,0,730,535,178,140.2961154131,1.353887094654,None,None,157.083333,
6,1,0,730,538,179,140.2961154131,-0.637081089102,None,None,-73.916667,
6,1,0,730,541,180,140.2961154131,-1.800633923765,None,None,-208.916667,
6,1,0,730,544,181,140.2961154131,2.595010118294,None,None,301.083333,
6,1,0,730,547,182,140.2961154131,-1.335212789900,None,None,-154.916667,
6,1,0,730,550,183,140.2961154131,2.077875525111,None,None,241.083333,
6,1,0,730,553,184,140.2961154131,-0.585367629784,None,None,-67.916667,
6,1,0,730,556,185,140.2961154131,2.620866847954,None,None,304.083333,
6,1,0,730,559,186,140.2961154131,2.931147603864,None,None,340.083333,
6,1,0,730,562,187,140.2961154131,0.190334259991,None,None,22.083333,
6,1,0,730,565,188,140.2961154131,0.759182312493,None,None,88.083333,
6,1,0,730,568,189,140.2961154131,2.853577414886,None,None,331.083333,
6,1,0,730,571,190,140.2961154131,0.733325582834,None,None,85.083333,
6,1,0,730,574,191,140.2961154131,1.457314013291,None,None,169.083333,
6,1,0,730,577,192,140.2961154131,-2.343625246608,None,None,-271.916667,
6,1,0,730,580,193,140.2961154131,3.138001441137,None,None,364.083333,
6,1,0,730,583,194,140.2961154131,0.526471745560,None,None,61.083333,
6,1,0,730,586,195,140.2961154131,2.000305336133,None,None,232.083333,
6,1,0,730,589,196,140.2961154131,-3.067613677065,None,None,-355.916667,
6,1,0,730,592,197,140.2961154131,0.061050611695,None,None,7.083333,
6,1,0,730,595,198,140.2961154131,-0.869791656035,None,None,-100.916667,
6,1,0,730,598,199,140.2961154131,3.060431252160,None,None,355.083333,
6,1,0,730,601,200,140.2961154131,2.155445714088,None,None,250.083333,
6,1,0,730,604,201,140.2961154131,-2.576335813541,None,None,-298.916667,
6,1,0,730,607,202,140.2961154131,-1.516209897514,None,None,-175.916667,
6,1,0,730,610,203,140.2961154131,2.620866847954,None,None,304.083333,
6,1,0,730,613,204,140.2961154131,-1.024932033990,None,None,-118.916667,
6,1,0,730,616,205,140.2961154131,-2.136771409335,None,None,-247.916667,
6,1,0,730,619,206,140.2961154131,-2.731476191496,None,None,-316.916667,
6,1,0,730,622,207,140.2961154131,-0.404370522170,None,None,-46.916667,
6,1,0,730,625,208,140.2961154131,-2.990043488087,None,None,-346.916667,
6,1,0,730,628,209,140.2961154131,0.759182312493,None,None,88.083333,
6,1,0,730,631,210,140.2961154131,1.379743824313,None,None,160.083333,
6,1,0,730,634,211,140.2961154131,-1.981631031380,None,None,-229.916667,
6,1,0,730,637,212,140.2961154131,2.620866847954,None,None,304.083333,
6,1,0,730,640,213,140.2961154131,0.138620800673,None,None,16.083333,
6,1,0,730,643,214,140.2961154131,2.982861063182,None,None,346.083333,
6,1,0,730,646,215,140.2961154131,-1.335212789900,None,None,-154.916667,
6,1,0,730,649,216,140.2961154131,-2.033344490698,None,None,-235.916667,
6,1,0,730,652,217,140.2961154131,1.431457283632,None,None,166.083333,
6,1,0,730,655,218,140.2961154131,-2.731476191496,None,None,-316.916667,
6,1,0,730,658,219,140.2961154131,-3.041756947406,None,None,-352.916667,
6,1,0,730,661,220,140.2961154131,1.741738039542,None,None,202.083333,
6,1,0,730,664,221,140.2961154131,0.526471745560,None,None,61.083333,
6,1,0,730,667,222,140.2961154131,-0.792221467058,None,None,-91.916667,
6,1,0,730,670,223,140.2961154131,-0.275086873874,None,None,-31.916667,
6,1,0,730,673,224,140.2961154131,-2.033344490698,None,None,-235.916667,
6,1,0,730,676,225,140.2961154131,0.526471745560,None,None,61.083333,
6,1,0,730,679,226,140.2961154131,-2.524622354222,None,None,-292.916667,
6,1,0,730,682,227,140.2961154131,-2.033344490698,None,None,-235.916667,
6,1,0,730,685,228,140.2961154131,3.008717792841,None,None,349.083333,
6,1,0,730,688,229,140.2961154131,-2.912473299110,None,None,-337.916667,
6,1,0,730,691,230,140.2961154131,2.620866847954,None,None,304.083333,
6,1,0,730,694,231,140.2961154131,2.465726469999,None,None,286.083333,
6,1,0,730,697,232,140.2961154131,0.655755393856,None,None,76.083333,
6,1,0,730,700,233,140.2961154131,1.457314013291,None,None,169.083333,
6,1,0,730,703,234,140.2961154131,0.991892879426,None,None,115.083333,
6,1,0,730,706,235,140.2961154131,-2.291911787290,None,None,-265.916667,
6,1,0,730,709,236,140.2961154131,2.853577414886,None,None,331.083333,
6,1,0,730,712,237,140.2961154131,0.681612123515,None,None,79.083333,
6,1,0,730,715,238,140.2961154131,2.905290874205,None,None,337.083333,
6,1,0,730,718,239,140.2961154131,2.620866847954,None,None,304.083333,
6,1,0,730,721,240,140.2961154131,-2.653906002518,None,None,-307.916667,
6,1,0,730,724,241,140.2961154131,-0.507797440807,None,None,-58.916667,
6,1,0,730,727,242,140.2961154131,2.853577414886,None,None,331.083333,
6,2,0,1459,1,0,140.2961154131,1.457314013291,None,None,169.083333,
6,2,0,1459,4,1,140.2961154131,-2.059201220357,None,None,-238.916667,
6,2,0,1459,7,2,140.2961154131,1.457314013291,None,None,169.083333,
6,2,0,1459,10,3,140.2961154131,-1.645493545810,None,None,-190.916667,
6,2,0,1459,13,4,140.2961154131,2.439869740339,None,None,283.083333,
6,2,0,1459,16,5,140.2961154131,2.620866847954,None,None,304.083333,
6,2,0,1459,19,6,140.2961154131,-1.490353167855,None,None,-172.916667,
6,2,0,1459,22,7,140.2961154131,-1.671350275469,None,None,-193.916667,
6,2,0,1459,25,8,140.2961154131,-2.033344490698,None,None,-235.916667,
6,2,0,1459,28,9,140.2961154131,-2.266055057630,None,None,-262.916667,
6,2,0,1459,31,10,140.2961154131,0.267904448969,None,None,31.083333,
6,2,0,1459,34,11,140.2961154131,2.155445714088,None,None,250.083333,
6,2,0,1459,37,12,140.2961154131,-1.878204112743,None,None,-217.916667,
6,2,0,1459,40,13,140.2961154131,-2.214341598312,None,None,-256.916667,
6,2,0,1459,43,14,140.2961154131,-1.567923356833,None,None,-181.916667,
6,2,0,1459,46,15,140.2961154131,1.767594769201,None,None,205.083333,
6,2,0,1459,49,16,140.2961154131,-0.740508007739,None,None,-85.916667,
6,2,0,1459,52,17,140.2961154131,1.457314013291,None,None,169.083333,
6,2,0,1459,55,18,140.2961154131,-1.800633923765,None,None,-208.916667,
6,2,0,1459,58,19,140.2961154131,0.500615015901,None,None,58.083333,
6,2,0,1459,61,20,140.2961154131,0.759182312493,None,None,88.083333,
6,2,0,1459,64,21,140.2961154131,2.077875525111,None,None,241.083333,
6,2,0,1459,67,22,140.2961154131,-2.679762732177,None,None,-310.916667,
6,2,0,1459,70,23,140.2961154131,-1.567923356833,None,None,-181.916667,
6,2,0,1459,73,24,140.2961154131,2.931147603864,None,None,340.083333,
6,2,0,1459,76,25,140.2961154131,-1.904060842402,None,None,-220.916667,
6,2,0,1459,79,26,140.2961154131,2.853577414886,None,None,331.083333,
6,2,0,1459,82,27,140.2961154131,2.853577414886,None,None,331.083333,
6,2,0,1459,85,28,140.2961154131,-1.361069519559,None,None,-157.916667,
6,2,0,1459,88,29,140.2961154131,-2.731476191496,None,None,-316.916667,
6,2,0,1459,91,30,140.2961154131,-2.343625246608,None,None,-271.916667,
6,2,0,1459,94,31,140.2961154131,1.043606338744,None,None,121.083333,
6,2,0,1459,97,32,140.2961154131,2.620866847954,None,None,304.083333,
6,2,0,1459,100,33,140.2961154131,2.000305336133,None,None,232.083333,
6,2,0,1459,103,34,140.2961154131,1.121176527721,None,None,130.083333,
6,2,0,1459,106,35,140.2961154131,2.155445714088,None,None,250.083333,
6,2,0,1459,109,36,140.2961154131,-0.869791656035,None,None,-100.916667,
6,2,0,1459,112,37,140.2961154131,0.966036149766,None,None,112.083333,
6,2,0,1459,115,38,140.2961154131,-2.033344490698,None,None,-235.916667,
6,2,0,1459,118,39,140.2961154131,-2.576335813541,None,None,-298.916667,
6,2,0,1459,121,40,140.2961154131,2.672580307272,None,None,310.083333,
6,2,0,1459,124,41,140.2961154131,-1.567923356833,None,None,-181.916667,
6,2,0,1459,127,42,140.2961154131,-1.024932033990,None,None,-118.916667,
6,2,0,1459,130,43,140.2961154131,2.052018795452,None,None,238.083333,
6,2,0,1459,133,44,140.2961154131,-0.637081089102,None,None,-73.916667,
6,2,0,1459,136,45,140.2961154131,-0.404370522170,None,None,-46.916667,
6,2,0,1459,139,46,140.2961154131,1.198746716699,None,None,139.083333,
6,2,0,1459,142,47,140.2961154131,2.853577414886,None,None,331.083333,
6,2,0,1459,145,48,140.2961154131,1.379743824313,None,None,160.083333,
6,2,0,1459,148,49,140.2961154131,2.207159173407,None,None,256.083333,
6,2,0,1459,151,50,140.2961154131,-1.567923356833,None,None,-181.916667,
6,2,0,1459,154,51,140.2961154131,0.138620800673,None,None,16.083333,
6,2,0,1459,157,52,140.2961154131,0.888465960789,None,None,103.083333,
6,2,0,1459,160,53,140.2961154131,0.759182312493,None,None,88.083333,
6,2,0,1459,163,54,140.2961154131,-2.033344490698,None,None,-235.916667,
6,2,0,1459,166,55,140.2961154131,-0.662937818762,None,None,-76.916667,
6,2,0,1459,169,56,140.2961154131,-0.637081089102,None,None,-73.916667,
6,2,0,1459,172,57,140.2961154131,-3.041756947406,None,None,-352.916667,
6,2,0,1459,175,58,140.2961154131,-0.352657062852,None,None,-40.916667,
6,2,0,1459,178,59,140.2961154131,2.620866847954,None,None,304.083333,
6,2,0,1459,181,60,140.2961154131,-0.792221467058,None,None,-91.916667,
6,2,0,1459,184,61,140.2961154131,-2.369481976267,None,None,-274.916667,
6,2,0,1459,187,62,140.2961154131,0.061050611695,None,None,7.083333,
6,2,0,1459,190,63,140.2961154131,0.526471745560,None,None,61.083333,
6,2,0,1459,193,64,140.2961154131,1.664167850564,None,None,193.083333,
6,2,0,1459,196,65,140.2961154131,0.061050611695,None,None,7.083333,
6,2,0,1459,199,66,140.2961154131,3.008717792841,None,None,349.083333,
6,2,0,1459,202,67,140.2961154131,1.276316905677,None,None,148.083333,
6,2,0,1459,205,68,140.2961154131,-1.567923356833,None,None,-181.916667,
6,2,0,1459,208,69,140.2961154131,2.465726469999,None,None,286.083333,
6,2,0,1459,211,70,140.2961154131,-1.438639708537,None,None,-166.916667,
6,2,0,1459,214,71,140.2961154131,-2.731476191496,None,None,-316.916667,
6,2,0,1459,217,72,140.2961154131,0.991892879426,None,None,115.083333,
6,2,0,1459,220,73,140.2961154131,1.896878417497,None,None,220.083333,
6,2,0,1459,223,74,140.2961154131,-1.335212789900,None,None,-154.916667,
6,2,0,1459,226,75,140.2961154131,0.681612123515,None,None,79.083333,
6,2,0,1459,229,76,140.2961154131,0.810895771811,None,None,94.083333,
6,2,0,1459,232,77,140.2961154131,-1.567923356833,None,None,-181.916667,
6,2,0,1459,235,78,140.2961154131,-2.653906002518,None,None,-307.916667,
6,2,0,1459,238,79,140.2961154131,-2.602192543200,None,None,-301.916667,
6,2,0,1459,241,80,140.2961154131,-1.335212789900,None,None,-154.916667,
6,2,0,1459,244,81,140.2961154131,-0.637081089102,None,None,-73.916667,
6,2,0,1459,247,82,140.2961154131,0.035193882036,None,None,4.083333,
6,2,0,1459,250,83,140.2961154131,1.457314013291,None,None,169.083333,
6,2,0,1459,253,84,140.2961154131,2.543296658976,None,None,295.083333,
6,2,0,1459,256,85,140.2961154131,-1.748920464447,None,None,-202.916667,
6,2,0,1459,259,86,140.2961154131,2.620866847954,None,None,304.083333,
6,2,0,1459,262,87,140.2961154131,2.698437036931,None,None,313.083333,
6,2,0,1459,265,88,140.2961154131,0.423044826924,None,None,49.083333,
6,2,0,1459,268,89,140.2961154131,-2.033344490698,None,None,-235.916667,
6,2,0,1459,271,90,140.2961154131,1.922735147156,None,None,223.083333,
6,2,0,1459,274,91,140.2961154131,2.362299551362,None,None,274.083333,
6,2,0,1459,277,92,140.2961154131,2.155445714088,None,None,250.083333,
6,2,0,1459,280,93,140.2961154131,2.310586092044,None,None,268.083333,
6,2,0,1459,283,94,140.2961154131,-0.119946495919,None,None,-13.916667,
6,2,0,1459,286,95,140.2961154131,-1.567923356833,None,None,-181.916667,
6,2,0,1459,289,96,140.2961154131,-0.326800333192,None,None,-37.916667,
6,2,0,1459,292,97,140.2961154131,1.353887094654,None,None,157.083333,
6,2,0,1459,295,98,140.2961154131,1.457314013291,None,None,169.083333,
6,2,0,1459,298,99,140.2961154131,2.388156281021,None,None,277.083333,
6,2,0,1459,301,100,140.2961154131,2.595010118294,None,None,301.083333,
6,2,0,1459,304,101,140.2961154131,0.759182312493,None,None,88.083333,
6,2,0,1459,307,102,140.2961154131,-0.016519577282,None,None,-1.916667,
6,2,0,1459,310,103,140.2961154131,-0.585367629784,None,None,-67.916667,
6,2,0,1459,313,104,140.2961154131,-1.567923356833,None,None,-181.916667,
6,2,0,1459,316,105,140.2961154131,0.836752501471,None,None,97.083333,
6,2,0,1459,319,106,140.2961154131,0.190334259991,None,None,22.083333,
6,2,0,1459,322,107,140.2961154131,2.853577414886,None,None,331.083333,
6,2,0,1459,325,108,140.2961154131,0.759182312493,None,None,88.083333,
6,2,0,1459,328,109,140.2961154131,0.733325582834,None,None,85.083333,
6,2,0,1459,331,110,140.2961154131,-2.731476191496,None,None,-316.916667,
6,2,0,1459,334,111,140.2961154131,1.845164958178,None,None,214.083333,
6,2,0,1459,337,112,140.2961154131,3.138001441137,None,None,364.083333,
6,2,0,1459,340,113,140.2961154131,2.620866847954,None,None,304.083333,
6,2,0,1459,343,114,140.2961154131,-0.094089766260,None,None,-10.916667,
6,2,0,1459,346,115,140.2961154131,-3.067613677065,None,None,-355.916667,
6,2,0,1459,349,116,140.2961154131,2.155445714088,None,None,250.083333,
6,2,0,1459,352,117,140.2961154131,-2.964186758428,None,None,-343.916667,
6,2,0,1459,355,118,140.2961154131,3.060431252160,None,None,355.083333,
6,2,0,1459,358,119,140.2961154131,-2.033344490698,None,None,-235.916667,
6,2,0,1459,361,120,140.2961154131,1.612454391246,None,None,187.083333,
6,2,0,1459,364,121,140.2961154131,-1.516209897514,None,None,-175.916667,
6,2,0,1459,367,122,140.2961154131,-1.567923356833,None,None,-181.916667,
6,2,0,1459,370,123,140.2961154131,-3.119327136383,None,None,-361.916667,
6,2,0,1459,373,124,140.2961154131,-2.136771409335,None,None,-247.916667,
6,2,0,1459,376,125,140.2961154131,-0.637081089102,None,None,-73.916667,
6,2,0,1459,379,126,140.2961154131,-2.498765624563,None,None,-289.916667,
6,2,0,1459,382,127,140.2961154131,-2.990043488087,None,None,-346.916667,
6,2,0,1459,385,128,140.2961154131,2.853577414886,None,None,331.083333,
6,2,0,1459,388,129,140.2961154131,-0.714651278080,None,None,-82.916667,
6,2,0,1459,391,130,140.2961154131,-1.981631031380,None,None,-229.916667,
6,2,0,1459,394,131,140.2961154131,-1.567923356833,None,None,-181.916667,
6,2,0,1459,397,132,140.2961154131,-1.955774301720,None,None,-226.916667,
6,2,0,1459,400,133,140.2961154131,2.982861063182,None,None,346.083333,
6,2,0,1459,403,134,140.2961154131,0.759182312493,None,None,88.083333,
6,2,0,1459,406,135,140.2961154131,2.155445714088,None,None,250.083333,
6,2,0,1459,409,136,140.2961154131,1.431457283632,None,None,166.083333,
6,2,0,1459,412,137,140.2961154131,-0.637081089102,None,None,-73.916667,
6,2,0,1459,415,138,140.2961154131,1.147033257381,None,None,133.083333,
6,2,0,1459,418,139,140.2961154131,1.741738039542,None,None,202.083333,
6,2,0,1459,421,140,140.2961154131,2.620866847954,None,None,304.083333,
6,2,0,1459,424,141,140.2961154131,-2.886616569451,None,None,-334.916667,
6,2,0,1459,427,142,140.2961154131,-0.275086873874,None,None,-31.916667,
6,2,0,1459,430,143,140.2961154131,0.061050611695,None,None,7.083333,
6,2,0,1459,433,144,140.2961154131,-1.567923356833,None,None,-181.916667,
6,2,0,1459,436,145,140.2961154131,-2.524622354222,None,None,-292.916667,
6,2,0,1459,439,146,140.2961154131,0.061050611695,None,None,7.083333,
6,2,0,1459,442,147,140.2961154131,0.914322690448,None,None,106.083333,
6,2,0,1459,445,148,140.2961154131,-2.912473299110,None,None,-337.916667,
6,2,0,1459,448,149,140.2961154131,-1.567923356833,None,None,-181.916667,
6,2,0,1459,451,150,140.2961154131,0.371331367605,None,None,43.083333,
6,2,0,1459,454,151,140.2961154131,0.655755393856,None,None,76.083333,
6,2,0,1459,457,152,140.2961154131,-2.731476191496,None,None,-316.916667,
6,2,0,1459,460,153,140.2961154131,-1.102502222968,None,None,-127.916667,
6,2,0,1459,463,154,140.2961154131,-2.291911787290,None,None,-265.916667,
6,2,0,1459,466,155,140.2961154131,-1.335212789900,None,None,-154.916667,
6,2,0,1459,469,156,140.2961154131,-1.412782978878,None,None,-163.916667,
6,2,0,1459,472,157,140.2961154131,2.905290874205,None,None,337.083333,
6,2,0,1459,475,158,140.2961154131,-1.567923356833,None,None,-181.916667,
6,2,0,1459,478,159,140.2961154131,1.534884202268,None,None,178.083333,
6,2,0,1459,481,160,140.2961154131,-0.507797440807,None,None,-58.916667,
6,2,0,1459,484,161,140.2961154131,-1.335212789900,None,None,-154.916667,
6,2,0,1459,487,162,140.2961154131,-2.731476191496,None,None,-316.916667,
6,2,0,1459,490,163,140.2961154131,2.129588984429,None,None,247.083333,
6,2,0,1459,493,164,140.2961154131,1.457314013291,None,None,169.083333,
6,2,0,1459,496,165,140.2961154131,0.448901556583,None,None,52.083333,
6,2,0,1459,499,166,140.2961154131,0.345474637946,None,None,40.083333,
6,2,0,1459,502,167,140.2961154131,2.620866847954,None,None,304.083333,
6,2,0,1459,505,168,140.2961154131,0.604041934538,None,None,70.083333,
6,2,0,1459,508,169,140.2961154131,2.517439929317,None,None,292.083333,
6,2,0,1459,511,170,140.2961154131,-2.033344490698,None,None,-235.916667,
6,2,0,1459,514,171,140.2961154131,-0.171659955237,None,None,-19.916667,
6,2,0,1459,517,172,140.2961154131,-1.826490653425,None,None,-211.916667,
6,2,0,1459,520,173,140.2961154131,2.155445714088,None,None,250.083333,
6,2,0,1459,523,174,140.2961154131,0.216190989650,None,None,25.083333,
6,2,0,1459,526,175,140.2961154131,1.974448606474,None,None,229.083333,
6,2,0,1459,529,176,140.2961154131,-1.567923356833,None,None,-181.916667,
6,2,0,1459,532,177,140.2961154131,-2.421195435586,None,None,-280.916667,
6,2,0,1459,535,178,140.2961154131,-2.834903110132,None,None,-328.916667,
6,2,0,1459,538,179,140.2961154131,1.457314013291,None,None,169.083333,
6,2,0,1459,541,180,140.2961154131,0.293761178628,None,None,34.083333,
6,2,0,1459,544,181,140.2961154131,-1.593780086492,None,None,-184.916667,
6,2,0,1459,547,182,140.2961154131,0.759182312493,None,None,88.083333,
6,2,0,1459,550,183,140.2961154131,-2.110914679675,None,None,-244.916667,
6,2,0,1459,553,184,140.2961154131,1.509027472609,None,None,175.083333,
6,2,0,1459,556,185,140.2961154131,-1.567923356833,None,None,-181.916667,
6,2,0,1459,559,186,140.2961154131,-1.257642600923,None,None,-145.916667,
6,2,0,1459,562,187,140.2961154131,2.284729362384,None,None,265.083333,
6,2,0,1459,565,188,140.2961154131,2.853577414886,None,None,331.083333,
6,2,0,1459,568,189,140.2961154131,-1.335212789900,None,None,-154.916667,
6,2,0,1459,571,190,140.2961154131,2.827720685227,None,None,328.083333,
6,2,0,1459,574,191,140.2961154131,-2.731476191496,None,None,-316.916667,
6,2,0,1459,577,192,140.2961154131,-0.249230144215,None,None,-28.916667,
6,2,0,1459,580,193,140.2961154131,-1.050788763649,None,None,-121.916667,
6,2,0,1459,583,194,140.2961154131,2.620866847954,None,None,304.083333,
6,2,0,1459,586,195,140.2961154131,-2.188484868653,None,None,-253.916667,
6,2,0,1459,589,196,140.2961154131,-0.973218574672,None,None,-112.916667,
6,2,0,1459,592,197,140.2961154131,2.155445714088,None,None,250.083333,
6,2,0,1459,595,198,140.2961154131,1.224603446358,None,None,142.083333,
6,2,0,1459,598,199,140.2961154131,-1.128358952627,None,None,-130.916667,
6,2,0,1459,601,200,140.2961154131,-2.033344490698,None,None,-235.916667,
6,2,0,1459,604,201,140.2961154131,-0.481940711147,None,None,-55.916667,
6,2,0,1459,607,202,140.2961154131,0.578185204879,None,None,67.083333,
6,2,0,1459,610,203,140.2961154131,-1.567923356833,None,None,-181.916667,
6,2,0,1459,613,204,140.2961154131,1.069463068403,None,None,124.083333,
6,2,0,1459,616,205,140.2961154131,-0.042376306941,None,None,-4.916667,
6,2,0,1459,619,206,140.2961154131,-0.637081089102,None,None,-73.916667,
6,2,0,1459,622,207,140.2961154131,1.690024580223,None,None,196.083333,
6,2,0,1459,625,208,140.2961154131,-0.895648385694,None,None,-103.916667,
6,2,0,1459,628,209,140.2961154131,2.853577414886,None,None,331.083333,
6,2,0,1459,631,210,140.2961154131,-2.809046380473,None,None,-325.916667,
6,2,0,1459,634,211,140.2961154131,0.112764071014,None,None,13.083333,
6,2,0,1459,637,212,140.2961154131,-1.567923356833,None,None,-181.916667,
6,2,0,1459,640,213,140.2961154131,2.233015903066,None,None,259.083333,
6,2,0,1459,643,214,140.2961154131,-1.205929141604,None,None,-139.916667,
6,2,0,1459,646,215,140.2961154131,0.759182312493,None,None,88.083333,
6,2,0,1459,649,216,140.2961154131,0.061050611695,None,None,7.083333,
6,2,0,1459,652,217,140.2961154131,-2.757332921155,None,None,-319.916667,
6,2,0,1459,655,218,140.2961154131,-0.637081089102,None,None,-73.916667,
6,2,0,1459,658,219,140.2961154131,-0.947361845013,None,None,-109.916667,
6,2,0,1459,661,220,140.2961154131,-2.447052165245,None,None,-283.916667,
6,2,0,1459,664,221,140.2961154131,2.620866847954,None,None,304.083333,
6,2,0,1459,667,222,140.2961154131,1.302173635336,None,None,151.083333,
6,2,0,1459,670,223,140.2961154131,1.819308228519,None,None,211.083333,
6,2,0,1459,673,224,140.2961154131,0.061050611695,None,None,7.083333,
6,2,0,1459,676,225,140.2961154131,2.620866847954,None,None,304.083333,
6,2,0,1459,679,226,140.2961154131,-0.430227251829,None,None,-49.916667,
6,2,0,1459,682,227,140.2961154131,0.061050611695,None,None,7.083333,
6,2,0,1459,685,228,140.2961154131,-1.180072411945,None,None,-136.916667,
6,2,0,1459,688,229,140.2961154131,-0.818078196717,None,None,-94.916667,
6,2,0,1459,691,230,140.2961154131,-1.567923356833,None,None,-181.916667,
6,2,0,1459,694,231,140.2961154131,-1.723063734788,None,None,-199.916667,
6,2,0,1459,697,232,140.2961154131,2.750150496250,None,None,319.083333,
6,2,0,1459,700,233,140.2961154131,-2.731476191496,None,None,-316.916667,
6,2,0,1459,703,234,140.2961154131,3.086287981819,None,None,358.083333,
6,2,0,1459,706,235,140.2961154131,-0.197516684896,None,None,-22.916667,
6,2,0,1459,709,236,140.2961154131,-1.335212789900,None,None,-154.916667,
6,2,0,1459,712,237,140.2961154131,2.776007225909,None,None,322.083333,
6,2,0,1459,715,238,140.2961154131,-1.283499330582,None,None,-148.916667,
6,2,0,1459,718,239,140.2961154131,-1.567923356833,None,None,-181.916667,
6,2,0,1459,721,240,140.2961154131,-0.559510900125,None,None,-64.916667,
6,2,0,1459,724,241,140.2961154131,1.586597661587,None,None,184.083333,
6,2,0,1459,727,242,140.2961154131,-1.335212789900,None,None,-154.916667,
6,0,1,2,2,0,140.2961154131,-0.750563402607,None,None,-87.083333,
6,0,1,2,5,1,140.2961154131,-0.517852835674,None,None,-60.083333,
6,0,1,2,8,2,140.2961154131,-1.500408562723,None,None,-174.083333,
6,0,1,2,11,3,140.2961154131,2.662524912405,None,None,308.916667,
6,0,1,2,14,4,140.2961154131,-0.750563402607,None,None,-87.083333,
6,0,1,2,17,5,140.2961154131,-1.655548940678,None,None,-192.083333,
6,0,1,2,20,6,140.2961154131,-0.672993213629,None,None,-78.083333,
6,0,1,2,23,7,140.2961154131,1.343831699787,None,None,155.916667,
6,0,1,2,26,8,140.2961154131,1.214548051491,None,None,140.916667,
6,0,1,2,29,9,140.2961154131,-2.379537371135,None,None,-276.083333,
6,0,1,2,32,10,140.2961154131,1.576542266719,None,None,182.916667,
6,0,1,2,35,11,140.2961154131,2.921092208996,None,None,338.916667,
6,0,1,2,38,12,140.2961154131,-0.362712457719,None,None,-42.083333,
6,0,1,2,41,13,140.2961154131,2.041963400584,None,None,236.916667,
6,0,1,2,44,14,140.2961154131,-0.724706672947,None,None,-84.083333,
6,0,1,2,47,15,140.2961154131,1.188691321832,None,None,137.916667,
6,0,1,2,50,16,140.2961154131,-1.448695103404,None,None,-168.083333,
6,0,1,2,53,17,140.2961154131,-1.345268184768,None,None,-156.083333,
6,0,1,2,56,18,140.2961154131,-1.914116237270,None,None,-222.083333,
6,0,1,2,59,19,140.2961154131,-0.517852835674,None,None,-60.083333,
6,0,1,2,62,20,140.2961154131,-3.129382531251,None,None,-363.083333,
6,0,1,2,65,21,140.2961154131,-1.293554725449,None,None,-150.083333,
6,0,1,2,68,22,140.2961154131,0.645699998989,None,None,74.916667,
6,0,1,2,71,23,140.2961154131,2.300530697176,None,None,266.916667,
6,0,1,2,74,24,140.2961154131,-1.138414347494,None,None,-132.083333,
6,0,1,2,77,25,140.2961154131,-2.146826804202,None,None,-249.083333,
6,0,1,2,80,26,140.2961154131,-1.810689318633,None,None,-210.083333,
6,0,1,2,83,27,140.2961154131,0.645699998989,None,None,74.916667,
6,0,1,2,86,28,140.2961154131,-0.517852835674,None,None,-60.083333,
6,0,1,2,89,29,140.2961154131,-0.802276861925,None,None,-93.083333,
6,0,1,2,92,30,140.2961154131,-0.130001890786,None,None,-15.083333,
6,0,1,2,95,31,140.2961154131,1.343831699787,None,None,155.916667,
6,0,1,2,98,32,140.2961154131,1.136977862513,None,None,131.916667,
6,0,1,2,101,33,140.2961154131,-1.371124914427,None,None,-159.083333,
6,0,1,2,104,34,140.2961154131,-0.750563402607,None,None,-87.083333,
6,0,1,2,107,35,140.2961154131,-0.181715350105,None,None,-21.083333,
6,0,1,2,110,36,140.2961154131,-0.983273969539,None,None,-114.083333,
6,0,1,2,113,37,140.2961154131,1.576542266719,None,None,182.916667,
6,0,1,2,116,38,140.2961154131,-2.663961397386,None,None,-309.083333,
6,0,1,2,119,39,140.2961154131,3.127946046270,None,None,362.916667,
6,0,1,2,122,40,140.2961154131,-2.146826804202,None,None,-249.083333,
6,0,1,2,125,41,140.2961154131,2.067820130243,None,None,239.916667,
6,0,1,2,128,42,140.2961154131,0.490559621034,None,None,56.916667,
6,0,1,2,131,43,140.2961154131,2.740095101382,None,None,317.916667,
6,0,1,2,134,44,140.2961154131,-2.741531586363,None,None,-318.083333,
6,0,1,2,137,45,140.2961154131,-0.517852835674,None,None,-60.083333,
6,0,1,2,140,46,140.2961154131,-0.517852835674,None,None,-60.083333,
6,0,1,2,143,47,140.2961154131,-2.431250830453,None,None,-282.083333,
6,0,1,2,146,48,140.2961154131,2.197103778539,None,None,254.916667,
6,0,1,2,149,49,140.2961154131,2.740095101382,None,None,317.916667,
6,0,1,2,152,50,140.2961154131,-1.190127806813,None,None,-138.083333,
6,0,1,2,155,51,140.2961154131,-1.836546048292,None,None,-213.083333,
6,0,1,2,158,52,140.2961154131,2.041963400584,None,None,236.916667,
6,0,1,2,161,53,140.2961154131,3.076232586951,None,None,356.916667,
6,0,1,2,164,54,140.2961154131,2.041963400584,None,None,236.916667,
6,0,1,2,167,55,140.2961154131,-0.517852835674,None,None,-60.083333,
6,0,1,2,170,56,140.2961154131,-0.104145161127,None,None,-12.083333,
6,0,1,2,173,57,140.2961154131,-2.922528693977,None,None,-339.083333,
6,0,1,2,176,58,140.2961154131,-2.844958505000,None,None,-330.083333,
6,0,1,2,179,59,140.2961154131,-2.353680641475,None,None,-273.083333,
6,0,1,2,182,60,140.2961154131,-2.069256615225,None,None,-240.083333,
6,0,1,2,185,61,140.2961154131,-2.844958505000,None,None,-330.083333,
6,0,1,2,188,62,140.2961154131,-1.577978751700,None,None,-183.083333,
6,0,1,2,191,63,140.2961154131,0.412989432056,None,None,47.916667,
6,0,1,2,194,64,140.2961154131,1.576542266719,None,None,182.916667,
6,0,1,2,197,65,140.2961154131,-1.965829696588,None,None,-228.083333,
6,0,1,2,200,66,140.2961154131,0.335419243079,None,None,38.916667,
6,0,1,2,203,67,140.2961154131,-0.052431701809,None,None,-6.083333,
6,0,1,2,206,68,140.2961154131,-1.422838373745,None,None,-165.083333,
6,0,1,2,209,69,140.2961154131,-0.207572079764,None,None,-24.083333,
6,0,1,2,212,70,140.2961154131,0.645699998989,None,None,74.916667,
6,0,1,2,215,71,140.2961154131,2.145390319221,None,None,248.916667,
6,0,1,2,218,72,140.2961154131,0.878410565921,None,None,101.916667,
6,0,1,2,221,73,140.2961154131,-0.517852835674,None,None,-60.083333,
6,0,1,2,224,74,140.2961154131,-1.733119129655,None,None,-201.083333,
6,0,1,2,227,75,140.2961154131,-0.595423024652,None,None,-69.083333,
6,0,1,2,230,76,140.2961154131,-1.448695103404,None,None,-168.083333,
6,0,1,2,233,77,140.2961154131,1.602398996378,None,None,185.916667,
6,0,1,2,236,78,140.2961154131,-2.534677749090,None,None,-294.083333,
6,0,1,2,239,79,140.2961154131,-0.052431701809,None,None,-6.083333,
6,0,1,2,242,80,140.2961154131,1.679969185356,None,None,194.916667,
6,0,1,2,245,81,140.2961154131,-2.844958505000,None,None,-330.083333,
6,0,1,2,248,82,140.2961154131,-0.517852835674,None,None,-60.083333,
6,0,1,2,251,83,140.2961154131,0.593986539670,None,None,68.916667,
6,0,1,2,254,84,140.2961154131,0.568129810011,None,None,65.916667,
6,0,1,2,257,85,140.2961154131,-0.750563402607,None,None,-87.083333,
6,0,1,2,260,86,140.2961154131,0.438846161715,None,None,50.916667,
6,0,1,2,263,87,140.2961154131,-2.767388316022,None,None,-321.083333,
6,0,1,2,266,88,140.2961154131,1.343831699787,None,None,155.916667,
6,0,1,2,269,89,140.2961154131,-2.974242153296,None,None,-345.083333,
6,0,1,2,272,90,140.2961154131,1.809252833652,None,None,209.916667,
6,0,1,2,275,91,140.2961154131,1.576542266719,None,None,182.916667,
6,0,1,2,278,92,140.2961154131,-1.267697995790,None,None,-147.083333,
6,0,1,2,281,93,140.2961154131,-2.457107560112,None,None,-285.083333,
6,0,1,2,284,94,140.2961154131,2.041963400584,None,None,236.916667,
6,0,1,2,287,95,140.2961154131,1.369688429446,None,None,158.916667,
6,0,1,2,290,96,140.2961154131,-0.905703780562,None,None,-105.083333,
6,0,1,2,293,97,140.2961154131,-1.448695103404,None,None,-168.083333,
6,0,1,2,296,98,140.2961154131,0.749126917626,None,None,86.916667,
6,0,1,2,299,99,140.2961154131,2.274673967517,None,None,263.916667,
6,0,1,2,302,100,140.2961154131,-0.517852835674,None,None,-60.083333,
6,0,1,2,305,101,140.2961154131,-1.034987428858,None,None,-120.083333,
6,0,1,2,308,102,140.2961154131,2.895235479337,None,None,335.916667,
6,0,1,2,311,103,140.2961154131,0.645699998989,None,None,74.916667,
6,0,1,2,314,104,140.2961154131,-1.888259507610,None,None,-219.083333,
6,0,1,2,317,105,140.2961154131,3.050375857292,None,None,353.916667,
6,0,1,2,320,106,140.2961154131,-2.146826804202,None,None,-249.083333,
6,0,1,2,323,107,140.2961154131,0.283705783760,None,None,32.916667,
6,0,1,2,326,108,140.2961154131,-1.448695103404,None,None,-168.083333,
6,0,1,2,329,109,140.2961154131,-0.517852835674,None,None,-60.083333,
6,0,1,2,332,110,140.2961154131,1.292118240468,None,None,149.916667,
6,0,1,2,335,111,140.2961154131,-2.224396993180,None,None,-258.083333,
6,0,1,2,338,112,140.2961154131,1.343831699787,None,None,155.916667,
6,0,1,2,341,113,140.2961154131,-3.051812342273,None,None,-354.083333,
6,0,1,2,344,114,140.2961154131,2.817665290360,None,None,326.916667,
6,0,1,2,347,115,140.2961154131,-0.750563402607,None,None,-87.083333,
6,0,1,2,350,116,140.2961154131,1.912679752288,None,None,221.916667,
6,0,1,2,353,117,140.2961154131,-3.077669071932,None,None,-357.083333,
6,0,1,2,356,118,140.2961154131,1.576542266719,None,None,182.916667,
6,0,1,2,359,119,140.2961154131,-0.569566294992,None,None,-66.083333,
6,0,1,2,362,120,140.2961154131,1.033550943876,None,None,119.916667,
6,0,1,2,365,121,140.2961154131,-2.146826804202,None,None,-249.083333,
6,0,1,2,368,122,140.2961154131,-2.120970074543,None,None,-246.083333,
6,0,1,2,371,123,140.2961154131,-1.603835481359,None,None,-186.083333,
6,0,1,2,374,124,140.2961154131,2.740095101382,None,None,317.916667,
6,0,1,2,377,125,140.2961154131,-0.647136483970,None,None,-75.083333,
6,0,1,2,380,126,140.2961154131,-2.612247938067,None,None,-303.083333,
6,0,1,2,383,127,140.2961154131,-0.517852835674,None,None,-60.083333,
6,0,1,2,386,128,140.2961154131,-0.336855728060,None,None,-39.083333,
6,0,1,2,389,129,140.2961154131,0.102708676146,None,None,11.916667,
6,0,1,2,392,130,140.2961154131,2.740095101382,None,None,317.916667,
6,0,1,2,395,131,140.2961154131,0.904267295581,None,None,104.916667,
6,0,1,2,398,132,140.2961154131,2.352244156494,None,None,272.916667,
6,0,1,2,401,133,140.2961154131,2.041963400584,None,None,236.916667,
6,0,1,2,404,134,140.2961154131,-1.112557617835,None,None,-129.083333,
6,0,1,2,407,135,140.2961154131,-0.052431701809,None,None,-6.083333,
6,0,1,2,410,136,140.2961154131,-0.517852835674,None,None,-60.083333,
6,0,1,2,413,137,140.2961154131,1.990249941266,None,None,230.916667,
6,0,1,2,416,138,140.2961154131,1.266261510809,None,None,146.916667,
6,0,1,2,419,139,140.2961154131,-2.844958505000,None,None,-330.083333,
6,0,1,2,422,140,140.2961154131,-0.259285539082,None,None,-30.083333,
6,0,1,2,425,141,140.2961154131,2.119533589562,None,None,245.916667,
6,0,1,2,428,142,140.2961154131,-2.844958505000,None,None,-330.083333,
6,0,1,2,431,143,140.2961154131,0.516416350693,None,None,59.916667,
6,0,1,2,434,144,140.2961154131,-1.681405670337,None,None,-195.083333,
6,0,1,2,437,145,140.2961154131,1.576542266719,None,None,182.916667,
6,0,1,2,440,146,140.2961154131,0.128565405805,None,None,14.916667,
6,0,1,2,443,147,140.2961154131,-1.758975859314,None,None,-204.083333,
6,0,1,2,446,148,140.2961154131,-0.052431701809,None,None,-6.083333,
6,0,1,2,449,149,140.2961154131,0.671556728648,None,None,77.916667,
6,0,1,2,452,150,140.2961154131,-2.301967182157,None,None,-267.083333,
6,0,1,2,455,151,140.2961154131,0.645699998989,None,None,74.916667,
6,0,1,2,458,152,140.2961154131,-2.043399885565,None,None,-237.083333,
6,0,1,2,461,153,140.2961154131,-1.215984536472,None,None,-141.083333,
6,0,1,2,464,154,140.2961154131,-0.517852835674,None,None,-60.083333,
6,0,1,2,467,155,140.2961154131,0.361275972738,None,None,41.916667,
6,0,1,2,470,156,140.2961154131,-2.689818127045,None,None,-312.083333,
6,0,1,2,473,157,140.2961154131,-1.448695103404,None,None,-168.083333,
6,0,1,2,476,158,140.2961154131,-2.586391208408,None,None,-300.083333,
6,0,1,2,479,159,140.2961154131,1.654112455697,None,None,191.916667,
6,0,1,2,482,160,140.2961154131,-0.052431701809,None,None,-6.083333,
6,0,1,2,485,161,140.2961154131,-2.508821019431,None,None,-291.083333,
6,0,1,2,488,162,140.2961154131,1.343831699787,None,None,155.916667,
6,0,1,2,491,163,140.2961154131,-0.517852835674,None,None,-60.083333,
6,0,1,2,494,164,140.2961154131,2.688381642064,None,None,311.916667,
6,0,1,2,497,165,140.2961154131,-1.526265292382,None,None,-177.083333,
6,0,1,2,500,166,140.2961154131,-0.750563402607,None,None,-87.083333,
6,0,1,2,503,167,140.2961154131,2.533241264109,None,None,293.916667,
6,0,1,2,506,168,140.2961154131,1.421401888764,None,None,164.916667,
6,0,1,2,509,169,140.2961154131,1.343831699787,None,None,155.916667,
6,0,1,2,512,170,140.2961154131,-0.879847050902,None,None,-102.083333,
6,0,1,2,515,171,140.2961154131,-0.285142268741,None,None,-33.083333,
6,0,1,2,518,172,140.2961154131,1.576542266719,None,None,182.916667,
6,0,1,2,521,173,140.2961154131,0.826697106603,None,None,95.916667,
6,0,1,2,524,174,140.2961154131,1.731682644674,None,None,200.916667,
6,0,1,2,527,175,140.2961154131,2.041963400584,None,None,236.916667,
6,0,1,2,530,176,140.2961154131,-2.819101775341,None,None,-327.083333,
6,0,1,2,533,177,140.2961154131,-3.000098882955,None,None,-348.083333,
6,0,1,2,536,178,140.2961154131,-1.448695103404,None,None,-168.083333,
6,0,1,2,539,179,140.2961154131,2.843522020019,None,None,329.916667,
6,0,1,2,542,180,140.2961154131,0.180278865124,None,None,20.916667,
6,0,1,2,545,181,140.2961154131,-0.517852835674,None,None,-60.083333,
6,0,1,2,548,182,140.2961154131,1.059407673536,None,None,122.916667,
6,0,1,2,551,183,140.2961154131,0.800840376944,None,None,92.916667,
6,0,1,2,554,184,140.2961154131,0.645699998989,None,None,74.916667,
6,0,1,2,557,185,140.2961154131,0.206135594783,None,None,23.916667,
6,0,1,2,560,186,140.2961154131,0.955980754899,None,None,110.916667,
6,0,1,2,563,187,140.2961154131,-2.146826804202,None,None,-249.083333,
6,0,1,2,566,188,140.2961154131,2.378100886154,None,None,275.916667,
6,0,1,2,569,189,140.2961154131,2.740095101382,None,None,317.916667,
6,0,1,2,572,190,140.2961154131,-0.517852835674,None,None,-60.083333,
6,0,1,2,575,191,140.2961154131,-2.896671964318,None,None,-336.083333,
6,0,1,2,578,192,140.2961154131,1.964393211607,None,None,227.916667,
6,0,1,2,581,193,140.2961154131,1.343831699787,None,None,155.916667,
6,0,1,2,584,194,140.2961154131,-0.957417239880,None,None,-111.083333,
6,0,1,2,587,195,140.2961154131,0.723270187966,None,None,83.916667,
6,0,1,2,590,196,140.2961154131,-0.750563402607,None,None,-87.083333,
6,0,1,2,593,197,140.2961154131,-2.276110452498,None,None,-264.083333,
6,0,1,2,596,198,140.2961154131,1.111121132854,None,None,128.916667,
6,0,1,2,599,199,140.2961154131,1.576542266719,None,None,182.916667,
6,0,1,2,602,200,140.2961154131,1.524828807401,None,None,176.916667,
6,0,1,2,605,201,140.2961154131,-1.060844158517,None,None,-123.083333,
6,0,1,2,608,202,140.2961154131,-2.146826804202,None,None,-249.083333,
6,0,1,2,611,203,140.2961154131,-0.026574972150,None,None,-3.083333,
6,0,1,2,614,204,140.2961154131,2.584954723427,None,None,299.916667,
6,0,1,2,617,205,140.2961154131,2.740095101382,None,None,317.916667,
6,0,1,2,620,206,140.2961154131,1.447258618423,None,None,167.916667,
6,0,1,2,623,207,140.2961154131,1.576542266719,None,None,182.916667,
6,0,1,2,626,208,140.2961154131,-0.517852835674,None,None,-60.083333,
6,0,1,2,629,209,140.2961154131,1.757539374333,None,None,203.916667,
6,0,1,2,632,210,140.2961154131,-1.991686426247,None,None,-231.083333,
6,0,1,2,635,211,140.2961154131,2.740095101382,None,None,317.916667,
6,0,1,2,638,212,140.2961154131,2.998662397974,None,None,347.916667,
6,0,1,2,641,213,140.2961154131,0.257849054101,None,None,29.916667,
6,0,1,2,644,214,140.2961154131,2.041963400584,None,None,236.916667,
6,0,1,2,647,215,140.2961154131,0.981837484558,None,None,113.916667,
6,0,1,2,650,216,140.2961154131,-2.146826804202,None,None,-249.083333,
6,0,1,2,653,217,140.2961154131,-0.517852835674,None,None,-60.083333,
6,0,1,2,656,218,140.2961154131,-2.198540263520,None,None,-255.083333,
6,0,1,2,659,219,140.2961154131,-0.828133591584,None,None,-96.083333,
6,0,1,2,662,220,140.2961154131,-2.844958505000,None,None,-330.083333,
6,0,1,2,665,221,140.2961154131,1.835109563311,None,None,212.916667,
6,0,1,2,668,222,140.2961154131,0.025138487169,None,None,2.916667,
6,0,1,2,671,223,140.2961154131,-2.844958505000,None,None,-330.083333,
6,0,1,2,674,224,140.2961154131,2.610811453086,None,None,302.916667,
6,0,1,2,677,225,140.2961154131,2.507384534449,None,None,290.916667,
6,0,1,2,680,226,140.2961154131,1.576542266719,None,None,182.916667,
6,0,1,2,683,227,140.2961154131,2.222960508199,None,None,257.916667,
6,0,1,2,686,228,140.2961154131,2.429814345472,None,None,281.916667,
6,0,1,2,689,229,140.2961154131,-0.052431701809,None,None,-6.083333,
6,0,1,2,692,230,140.2961154131,2.765951831041,None,None,320.916667,
6,0,1,2,695,231,140.2961154131,1.886823022629,None,None,218.916667,
6,0,1,2,698,232,140.2961154131,0.645699998989,None,None,74.916667,
6,0,1,2,701,233,140.2961154131,0.050995216828,None,None,5.916667,
6,0,1,2,704,234,140.2961154131,2.972805668315,None,None,344.916667,
6,0,1,2,707,235,140.2961154131,-0.517852835674,None,None,-60.083333,
6,0,1,2,710,236,140.2961154131,2.455671075131,None,None,284.916667,
6,0,1,2,713,237,140.2961154131,1.498972077742,None,None,173.916667,
6,0,1,2,716,238,140.2961154131,-1.448695103404,None,None,-168.083333,
6,0,1,2,719,239,140.2961154131,-0.491996106015,None,None,-57.083333,
6,0,1,2,722,240,140.2961154131,-0.440282646697,None,None,-51.083333,
6,0,1,2,725,241,140.2961154131,-0.052431701809,None,None,-6.083333,
6,0,1,2,728,242,140.2961154131,-0.414425917037,None,None,-48.083333,
6,1,1,1460,2,0,140.2961154131,-2.844958505000,None,None,-330.083333,
6,1,1,1460,5,1,140.2961154131,-2.612247938067,None,None,-303.083333,
6,1,1,1460,8,2,140.2961154131,2.688381642064,None,None,311.916667,
6,1,1,1460,11,3,140.2961154131,0.568129810011,None,None,65.916667,
6,1,1,1460,14,4,140.2961154131,-2.844958505000,None,None,-330.083333,
6,1,1,1460,17,5,140.2961154131,2.533241264109,None,None,293.916667,
6,1,1,1460,20,6,140.2961154131,-2.767388316022,None,None,-321.083333,
6,1,1,1460,23,7,140.2961154131,-0.750563402607,None,None,-87.083333,
6,1,1,1460,26,8,140.2961154131,-0.879847050902,None,None,-102.083333,
6,1,1,1460,29,9,140.2961154131,1.809252833652,None,None,209.916667,
6,1,1,1460,32,10,140.2961154131,-0.517852835674,None,None,-60.083333,
6,1,1,1460,35,11,140.2961154131,0.826697106603,None,None,95.916667,
6,1,1,1460,38,12,140.2961154131,-2.457107560112,None,None,-285.083333,
6,1,1,1460,41,13,140.2961154131,-0.052431701809,None,None,-6.083333,
6,1,1,1460,44,14,140.2961154131,-2.819101775341,None,None,-327.083333,
6,1,1,1460,47,15,140.2961154131,-0.905703780562,None,None,-105.083333,
6,1,1,1460,50,16,140.2961154131,2.740095101382,None,None,317.916667,
6,1,1,1460,53,17,140.2961154131,2.843522020019,None,None,329.916667,
6,1,1,1460,56,18,140.2961154131,2.274673967517,None,None,263.916667,
6,1,1,1460,59,19,140.2961154131,-2.612247938067,None,None,-303.083333,
6,1,1,1460,62,20,140.2961154131,1.059407673536,None,None,122.916667,
6,1,1,1460,65,21,140.2961154131,2.895235479337,None,None,335.916667,
6,1,1,1460,68,22,140.2961154131,-1.448695103404,None,None,-168.083333,
6,1,1,1460,71,23,140.2961154131,0.206135594783,None,None,23.916667,
6,1,1,1460,74,24,140.2961154131,3.050375857292,None,None,353.916667,
6,1,1,1460,77,25,140.2961154131,2.041963400584,None,None,236.916667,
6,1,1,1460,80,26,140.2961154131,2.378100886154,None,None,275.916667,
6,1,1,1460,83,27,140.2961154131,-1.448695103404,None,None,-168.083333,
6,1,1,1460,86,28,140.2961154131,-2.612247938067,None,None,-303.083333,
6,1,1,1460,89,29,140.2961154131,-2.896671964318,None,None,-336.083333,
6,1,1,1460,92,30,140.2961154131,-2.224396993180,None,None,-258.083333,
6,1,1,1460,95,31,140.2961154131,-0.750563402607,None,None,-87.083333,
6,1,1,1460,98,32,140.2961154131,-0.957417239880,None,None,-111.083333,
6,1,1,1460,101,33,140.2961154131,2.817665290360,None,None,326.916667,
6,1,1,1460,104,34,140.2961154131,-2.844958505000,None,None,-330.083333,
6,1,1,1460,107,35,140.2961154131,-2.276110452498,None,None,-264.083333,
6,1,1,1460,110,36,140.2961154131,-3.077669071932,None,None,-357.083333,
6,1,1,1460,113,37,140.2961154131,-0.517852835674,None,None,-60.083333,
6,1,1,1460,116,38,140.2961154131,1.524828807401,None,None,176.916667,
6,1,1,1460,119,39,140.2961154131,1.033550943876,None,None,119.916667,
6,1,1,1460,122,40,140.2961154131,2.041963400584,None,None,236.916667,
6,1,1,1460,125,41,140.2961154131,-0.026574972150,None,None,-3.083333,
6,1,1,1460,128,42,140.2961154131,-1.603835481359,None,None,-186.083333,
6,1,1,1460,131,43,140.2961154131,0.645699998989,None,None,74.916667,
6,1,1,1460,134,44,140.2961154131,1.447258618423,None,None,167.916667,
6,1,1,1460,137,45,140.2961154131,-2.612247938067,None,None,-303.083333,
6,1,1,1460,140,46,140.2961154131,-2.612247938067,None,None,-303.083333,
6,1,1,1460,143,47,140.2961154131,1.757539374333,None,None,203.916667,
6,1,1,1460,146,48,140.2961154131,0.102708676146,None,None,11.916667,
6,1,1,1460,149,49,140.2961154131,0.645699998989,None,None,74.916667,
6,1,1,1460,152,50,140.2961154131,2.998662397974,None,None,347.916667,
6,1,1,1460,155,51,140.2961154131,2.352244156494,None,None,272.916667,
6,1,1,1460,158,52,140.2961154131,-0.052431701809,None,None,-6.083333,
6,1,1,1460,161,53,140.2961154131,0.981837484558,None,None,113.916667,
6,1,1,1460,164,54,140.2961154131,-0.052431701809,None,None,-6.083333,
6,1,1,1460,167,55,140.2961154131,-2.612247938067,None,None,-303.083333,
6,1,1,1460,170,56,140.2961154131,-2.198540263520,None,None,-255.083333,
6,1,1,1460,173,57,140.2961154131,1.266261510809,None,None,146.916667,
6,1,1,1460,176,58,140.2961154131,1.343831699787,None,None,155.916667,
6,1,1,1460,179,59,140.2961154131,1.835109563311,None,None,212.916667,
6,1,1,1460,182,60,140.2961154131,2.119533589562,None,None,245.916667,
6,1,1,1460,185,61,140.2961154131,1.343831699787,None,None,155.916667,
6,1,1,1460,188,62,140.2961154131,2.610811453086,None,None,302.916667,
6,1,1,1460,191,63,140.2961154131,-1.681405670337,None,None,-195.083333,
6,1,1,1460,194,64,140.2961154131,-0.517852835674,None,None,-60.083333,
6,1,1,1460,197,65,140.2961154131,2.222960508199,None,None,257.916667,
6,1,1,1460,200,66,140.2961154131,-1.758975859314,None,None,-204.083333,
6,1,1,1460,203,67,140.2961154131,-2.146826804202,None,None,-249.083333,
6,1,1,1460,206,68,140.2961154131,2.765951831041,None,None,320.916667,
6,1,1,1460,209,69,140.2961154131,-2.301967182157,None,None,-267.083333,
6,1,1,1460,212,70,140.2961154131,-1.448695103404,None,None,-168.083333,
6,1,1,1460,215,71,140.2961154131,0.050995216828,None,None,5.916667,
6,1,1,1460,218,72,140.2961154131,-1.215984536472,None,None,-141.083333,
6,1,1,1460,221,73,140.2961154131,-2.612247938067,None,None,-303.083333,
6,1,1,1460,224,74,140.2961154131,2.455671075131,None,None,284.916667,
6,1,1,1460,227,75,140.2961154131,-2.689818127045,None,None,-312.083333,
6,1,1,1460,230,76,140.2961154131,2.740095101382,None,None,317.916667,
6,1,1,1460,233,77,140.2961154131,-0.491996106015,None,None,-57.083333,
6,1,1,1460,236,78,140.2961154131,1.654112455697,None,None,191.916667,
6,1,1,1460,239,79,140.2961154131,-2.146826804202,None,None,-249.083333,
6,1,1,1460,242,80,140.2961154131,-0.414425917037,None,None,-48.083333,
6,1,1,1460,245,81,140.2961154131,1.343831699787,None,None,155.916667,
6,1,1,1460,248,82,140.2961154131,-2.612247938067,None,None,-303.083333,
6,1,1,1460,251,83,140.2961154131,-1.500408562723,None,None,-174.083333,
6,1,1,1460,254,84,140.2961154131,-1.526265292382,None,None,-177.083333,
6,1,1,1460,257,85,140.2961154131,-2.844958505000,None,None,-330.083333,
6,1,1,1460,260,86,140.2961154131,-1.655548940678,None,None,-192.083333,
6,1,1,1460,263,87,140.2961154131,1.421401888764,None,None,164.916667,
6,1,1,1460,266,88,140.2961154131,-0.750563402607,None,None,-87.083333,
6,1,1,1460,269,89,140.2961154131,1.214548051491,None,None,140.916667,
6,1,1,1460,272,90,140.2961154131,-0.285142268741,None,None,-33.083333,
6,1,1,1460,275,91,140.2961154131,-0.517852835674,None,None,-60.083333,
6,1,1,1460,278,92,140.2961154131,2.921092208996,None,None,338.916667,
6,1,1,1460,281,93,140.2961154131,1.731682644674,None,None,200.916667,
6,1,1,1460,284,94,140.2961154131,-0.052431701809,None,None,-6.083333,
6,1,1,1460,287,95,140.2961154131,-0.724706672947,None,None,-84.083333,
6,1,1,1460,290,96,140.2961154131,-3.000098882955,None,None,-348.083333,
6,1,1,1460,293,97,140.2961154131,2.740095101382,None,None,317.916667,
6,1,1,1460,296,98,140.2961154131,-1.345268184768,None,None,-156.083333,
6,1,1,1460,299,99,140.2961154131,0.180278865124,None,None,20.916667,
6,1,1,1460,302,100,140.2961154131,-2.612247938067,None,None,-303.083333,
6,1,1,1460,305,101,140.2961154131,-3.129382531251,None,None,-363.083333,
6,1,1,1460,308,102,140.2961154131,0.800840376944,None,None,92.916667,
6,1,1,1460,311,103,140.2961154131,-1.448695103404,None,None,-168.083333,
6,1,1,1460,314,104,140.2961154131,2.300530697176,None,None,266.916667,
6,1,1,1460,317,105,140.2961154131,0.955980754899,None,None,110.916667,
6,1,1,1460,320,106,140.2961154131,2.041963400584,None,None,236.916667,
6,1,1,1460,323,107,140.2961154131,-1.810689318633,None,None,-210.083333,
6,1,1,1460,326,108,140.2961154131,2.740095101382,None,None,317.916667,
6,1,1,1460,329,109,140.2961154131,-2.612247938067,None,None,-303.083333,
6,1,1,1460,332,110,140.2961154131,-0.802276861925,None,None,-93.083333,
6,1,1,1460,335,111,140.2961154131,1.964393211607,None,None,227.916667,
6,1,1,1460,338,112,140.2961154131,-0.750563402607,None,None,-87.083333,
6,1,1,1460,341,113,140.2961154131,1.136977862513,None,None,131.916667,
6,1,1,1460,344,114,140.2961154131,0.723270187966,None,None,83.916667,
6,1,1,1460,347,115,140.2961154131,-2.844958505000,None,None,-330.083333,
6,1,1,1460,350,116,140.2961154131,-0.181715350105,None,None,-21.083333,
6,1,1,1460,353,117,140.2961154131,1.111121132854,None,None,128.916667,
6,1,1,1460,356,118,140.2961154131,-0.517852835674,None,None,-60.083333,
6,1,1,1460,359,119,140.2961154131,-2.663961397386,None,None,-309.083333,
6,1,1,1460,362,120,140.2961154131,-1.060844158517,None,None,-123.083333,
6,1,1,1460,365,121,140.2961154131,2.041963400584,None,None,236.916667,
6,1,1,1460,368,122,140.2961154131,2.067820130243,None,None,239.916667,
6,1,1,1460,371,123,140.2961154131,2.584954723427,None,None,299.916667,
6,1,1,1460,374,124,140.2961154131,0.645699998989,None,None,74.916667,
6,1,1,1460,377,125,140.2961154131,-2.741531586363,None,None,-318.083333,
6,1,1,1460,380,126,140.2961154131,1.576542266719,None,None,182.916667,
6,1,1,1460,383,127,140.2961154131,-2.612247938067,None,None,-303.083333,
6,1,1,1460,386,128,140.2961154131,-2.431250830453,None,None,-282.083333,
6,1,1,1460,389,129,140.2961154131,-1.991686426247,None,None,-231.083333,
6,1,1,1460,392,130,140.2961154131,0.645699998989,None,None,74.916667,
6,1,1,1460,395,131,140.2961154131,-1.190127806813,None,None,-138.083333,
6,1,1,1460,398,132,140.2961154131,0.257849054101,None,None,29.916667,
6,1,1,1460,401,133,140.2961154131,-0.052431701809,None,None,-6.083333,
6,1,1,1460,404,134,140.2961154131,3.076232586951,None,None,356.916667,
6,1,1,1460,407,135,140.2961154131,-2.146826804202,None,None,-249.083333,
6,1,1,1460,410,136,140.2961154131,-2.612247938067,None,None,-303.083333,
6,1,1,1460,413,137,140.2961154131,-0.104145161127,None,None,-12.083333,
6,1,1,1460,416,138,140.2961154131,-0.828133591584,None,None,-96.083333,
6,1,1,1460,419,139,140.2961154131,1.343831699787,None,None,155.916667,
6,1,1,1460,422,140,140.2961154131,-2.353680641475,None,None,-273.083333,
6,1,1,1460,425,141,140.2961154131,0.025138487169,None,None,2.916667,
6,1,1,1460,428,142,140.2961154131,1.343831699787,None,None,155.916667,
6,1,1,1460,431,143,140.2961154131,-1.577978751700,None,None,-183.083333,
6,1,1,1460,434,144,140.2961154131,2.507384534449,None,None,290.916667,
6,1,1,1460,437,145,140.2961154131,-0.517852835674,None,None,-60.083333,
6,1,1,1460,440,146,140.2961154131,-1.965829696588,None,None,-228.083333,
6,1,1,1460,443,147,140.2961154131,2.429814345472,None,None,281.916667,
6,1,1,1460,446,148,140.2961154131,-2.146826804202,None,None,-249.083333,
6,1,1,1460,449,149,140.2961154131,-1.422838373745,None,None,-165.083333,
6,1,1,1460,452,150,140.2961154131,1.886823022629,None,None,218.916667,
6,1,1,1460,455,151,140.2961154131,-1.448695103404,None,None,-168.083333,
6,1,1,1460,458,152,140.2961154131,2.145390319221,None,None,248.916667,
6,1,1,1460,461,153,140.2961154131,2.972805668315,None,None,344.916667,
6,1,1,1460,464,154,140.2961154131,-2.612247938067,None,None,-303.083333,
6,1,1,1460,467,155,140.2961154131,-1.733119129655,None,None,-201.083333,
6,1,1,1460,470,156,140.2961154131,1.498972077742,None,None,173.916667,
6,1,1,1460,473,157,140.2961154131,2.740095101382,None,None,317.916667,
6,1,1,1460,476,158,140.2961154131,1.602398996378,None,None,185.916667,
6,1,1,1460,479,159,140.2961154131,-0.440282646697,None,None,-51.083333,
6,1,1,1460,482,160,140.2961154131,-2.146826804202,None,None,-249.083333,
6,1,1,1460,485,161,140.2961154131,1.679969185356,None,None,194.916667,
6,1,1,1460,488,162,140.2961154131,-0.750563402607,None,None,-87.083333,
6,1,1,1460,491,163,140.2961154131,-2.612247938067,None,None,-303.083333,
6,1,1,1460,494,164,140.2961154131,0.593986539670,None,None,68.916667,
6,1,1,1460,497,165,140.2961154131,2.662524912405,None,None,308.916667,
6,1,1,1460,500,166,140.2961154131,-2.844958505000,None,None,-330.083333,
6,1,1,1460,503,167,140.2961154131,0.438846161715,None,None,50.916667,
6,1,1,1460,506,168,140.2961154131,-0.672993213629,None,None,-78.083333,
6,1,1,1460,509,169,140.2961154131,-0.750563402607,None,None,-87.083333,
6,1,1,1460,512,170,140.2961154131,-2.974242153296,None,None,-345.083333,
6,1,1,1460,515,171,140.2961154131,-2.379537371135,None,None,-276.083333,
6,1,1,1460,518,172,140.2961154131,-0.517852835674,None,None,-60.083333,
6,1,1,1460,521,173,140.2961154131,-1.267697995790,None,None,-147.083333,
6,1,1,1460,524,174,140.2961154131,-0.362712457719,None,None,-42.083333,
6,1,1,1460,527,175,140.2961154131,-0.052431701809,None,None,-6.083333,
6,1,1,1460,530,176,140.2961154131,1.369688429446,None,None,158.916667,
6,1,1,1460,533,177,140.2961154131,1.188691321832,None,None,137.916667,
6,1,1,1460,536,178,140.2961154131,2.740095101382,None,None,317.916667,
6,1,1,1460,539,179,140.2961154131,0.749126917626,None,None,86.916667,
6,1,1,1460,542,180,140.2961154131,-1.914116237270,None,None,-222.083333,
6,1,1,1460,545,181,140.2961154131,-2.612247938067,None,None,-303.083333,
6,1,1,1460,548,182,140.2961154131,-1.034987428858,None,None,-120.083333,
6,1,1,1460,551,183,140.2961154131,-1.293554725449,None,None,-150.083333,
6,1,1,1460,554,184,140.2961154131,-1.448695103404,None,None,-168.083333,
6,1,1,1460,557,185,140.2961154131,-1.888259507610,None,None,-219.083333,
6,1,1,1460,560,186,140.2961154131,-1.138414347494,None,None,-132.083333,
6,1,1,1460,563,187,140.2961154131,2.041963400584,None,None,236.916667,
6,1,1,1460,566,188,140.2961154131,0.283705783760,None,None,32.916667,
6,1,1,1460,569,189,140.2961154131,0.645699998989,None,None,74.916667,
6,1,1,1460,572,190,140.2961154131,-2.612247938067,None,None,-303.083333,
6,1,1,1460,575,191,140.2961154131,1.292118240468,None,None,149.916667,
6,1,1,1460,578,192,140.2961154131,-0.130001890786,None,None,-15.083333,
6,1,1,1460,581,193,140.2961154131,-0.750563402607,None,None,-87.083333,
6,1,1,1460,584,194,140.2961154131,-3.051812342273,None,None,-354.083333,
6,1,1,1460,587,195,140.2961154131,-1.371124914427,None,None,-159.083333,
6,1,1,1460,590,196,140.2961154131,-2.844958505000,None,None,-330.083333,
6,1,1,1460,593,197,140.2961154131,1.912679752288,None,None,221.916667,
6,1,1,1460,596,198,140.2961154131,-0.983273969539,None,None,-114.083333,
6,1,1,1460,599,199,140.2961154131,-0.517852835674,None,None,-60.083333,
6,1,1,1460,602,200,140.2961154131,-0.569566294992,None,None,-66.083333,
6,1,1,1460,605,201,140.2961154131,3.127946046270,None,None,362.916667,
6,1,1,1460,608,202,140.2961154131,2.041963400584,None,None,236.916667,
6,1,1,1460,611,203,140.2961154131,-2.120970074543,None,None,-246.083333,
6,1,1,1460,614,204,140.2961154131,0.490559621034,None,None,56.916667,
6,1,1,1460,617,205,140.2961154131,0.645699998989,None,None,74.916667,
6,1,1,1460,620,206,140.2961154131,-0.647136483970,None,None,-75.083333,
6,1,1,1460,623,207,140.2961154131,-0.517852835674,None,None,-60.083333,
6,1,1,1460,626,208,140.2961154131,-2.612247938067,None,None,-303.083333,
6,1,1,1460,629,209,140.2961154131,-0.336855728060,None,None,-39.083333,
6,1,1,1460,632,210,140.2961154131,2.197103778539,None,None,254.916667,
6,1,1,1460,635,211,140.2961154131,0.645699998989,None,None,74.916667,
6,1,1,1460,638,212,140.2961154131,0.904267295581,None,None,104.916667,
6,1,1,1460,641,213,140.2961154131,-1.836546048292,None,None,-213.083333,
6,1,1,1460,644,214,140.2961154131,-0.052431701809,None,None,-6.083333,
6,1,1,1460,647,215,140.2961154131,-1.112557617835,None,None,-129.083333,
6,1,1,1460,650,216,140.2961154131,2.041963400584,None,None,236.916667,
6,1,1,1460,653,217,140.2961154131,-2.612247938067,None,None,-303.083333,
6,1,1,1460,656,218,140.2961154131,1.990249941266,None,None,230.916667,
6,1,1,1460,659,219,140.2961154131,-2.922528693977,None,None,-339.083333,
6,1,1,1460,662,220,140.2961154131,1.343831699787,None,None,155.916667,
6,1,1,1460,665,221,140.2961154131,-0.259285539082,None,None,-30.083333,
6,1,1,1460,668,222,140.2961154131,-2.069256615225,None,None,-240.083333,
6,1,1,1460,671,223,140.2961154131,1.343831699787,None,None,155.916667,
6,1,1,1460,674,224,140.2961154131,0.516416350693,None,None,59.916667,
6,1,1,1460,677,225,140.2961154131,0.412989432056,None,None,47.916667,
6,1,1,1460,680,226,140.2961154131,-0.517852835674,None,None,-60.083333,
6,1,1,1460,683,227,140.2961154131,0.128565405805,None,None,14.916667,
6,1,1,1460,686,228,140.2961154131,0.335419243079,None,None,38.916667,
6,1,1,1460,689,229,140.2961154131,-2.146826804202,None,None,-249.083333,
6,1,1,1460,692,230,140.2961154131,0.671556728648,None,None,77.916667,
6,1,1,1460,695,231,140.2961154131,-0.207572079764,None,None,-24.083333,
6,1,1,1460,698,232,140.2961154131,-1.448695103404,None,None,-168.083333,
6,1,1,1460,701,233,140.2961154131,-2.043399885565,None,None,-237.083333,
6,1,1,1460,704,234,140.2961154131,0.878410565921,None,None,101.916667,
6,1,1,1460,707,235,140.2961154131,-2.612247938067,None,None,-303.083333,
6,1,1,1460,710,236,140.2961154131,0.361275972738,None,None,41.916667,
6,1,1,1460,713,237,140.2961154131,-0.595423024652,None,None,-69.083333,
6,1,1,1460,716,238,140.2961154131,2.740095101382,None,None,317.916667,
6,1,1,1460,719,239,140.2961154131,-2.586391208408,None,None,-300.083333,
6,1,1,1460,722,240,140.2961154131,-2.534677749090,None,None,-294.083333,
6,1,1,1460,725,241,140.2961154131,-2.146826804202,None,None,-249.083333,
6,1,1,1460,728,242,140.2961154131,-2.508821019431,None,None,-291.083333,
6,2,1,731,2,0,140.2961154131,1.343831699787,None,None,155.916667,
6,2,1,731,5,1,140.2961154131,1.576542266719,None,None,182.916667,
6,2,1,731,8,2,140.2961154131,0.593986539670,None,None,68.916667,
6,2,1,731,11,3,140.2961154131,-1.526265292382,None,None,-177.083333,
6,2,1,731,14,4,140.2961154131,1.343831699787,None,None,155.916667,
6,2,1,731,17,5,140.2961154131,0.438846161715,None,None,50.916667,
6,2,1,731,20,6,140.2961154131,1.421401888764,None,None,164.916667,
6,2,1,731,23,7,140.2961154131,-2.844958505000,None,None,-330.083333,
6,2,1,731,26,8,140.2961154131,-2.974242153296,None,None,-345.083333,
6,2,1,731,29,9,140.2961154131,-0.285142268741,None,None,-33.083333,
6,2,1,731,32,10,140.2961154131,-2.612247938067,None,None,-303.083333,
6,2,1,731,35,11,140.2961154131,-1.267697995790,None,None,-147.083333,
6,2,1,731,38,12,140.2961154131,1.731682644674,None,None,200.916667,
6,2,1,731,41,13,140.2961154131,-2.146826804202,None,None,-249.083333,
6,2,1,731,44,14,140.2961154131,1.369688429446,None,None,158.916667,
6,2,1,731,47,15,140.2961154131,-3.000098882955,None,None,-348.083333,
6,2,1,731,50,16,140.2961154131,0.645699998989,None,None,74.916667,
6,2,1,731,53,17,140.2961154131,0.749126917626,None,None,86.916667,
6,2,1,731,56,18,140.2961154131,0.180278865124,None,None,20.916667,
6,2,1,731,59,19,140.2961154131,1.576542266719,None,None,182.916667,
6,2,1,731,62,20,140.2961154131,-1.034987428858,None,None,-120.083333,
6,2,1,731,65,21,140.2961154131,0.800840376944,None,None,92.916667,
6,2,1,731,68,22,140.2961154131,2.740095101382,None,None,317.916667,
6,2,1,731,71,23,140.2961154131,-1.888259507610,None,None,-219.083333,
6,2,1,731,74,24,140.2961154131,0.955980754899,None,None,110.916667,
6,2,1,731,77,25,140.2961154131,-0.052431701809,None,None,-6.083333,
6,2,1,731,80,26,140.2961154131,0.283705783760,None,None,32.916667,
6,2,1,731,83,27,140.2961154131,2.740095101382,None,None,317.916667,
6,2,1,731,86,28,140.2961154131,1.576542266719,None,None,182.916667,
6,2,1,731,89,29,140.2961154131,1.292118240468,None,None,149.916667,
6,2,1,731,92,30,140.2961154131,1.964393211607,None,None,227.916667,
6,2,1,731,95,31,140.2961154131,-2.844958505000,None,None,-330.083333,
6,2,1,731,98,32,140.2961154131,-3.051812342273,None,None,-354.083333,
6,2,1,731,101,33,140.2961154131,0.723270187966,None,None,83.916667,
6,2,1,731,104,34,140.2961154131,1.343831699787,None,None,155.916667,
6,2,1,731,107,35,140.2961154131,1.912679752288,None,None,221.916667,
6,2,1,731,110,36,140.2961154131,1.111121132854,None,None,128.916667,
6,2,1,731,113,37,140.2961154131,-2.612247938067,None,None,-303.083333,
6,2,1,731,116,38,140.2961154131,-0.569566294992,None,None,-66.083333,
6,2,1,731,119,39,140.2961154131,-1.060844158517,None,None,-123.083333,
6,2,1,731,122,40,140.2961154131,-0.052431701809,None,None,-6.083333,
6,2,1,731,125,41,140.2961154131,-2.120970074543,None,None,-246.083333,
6,2,1,731,128,42,140.2961154131,2.584954723427,None,None,299.916667,
6,2,1,731,131,43,140.2961154131,-1.448695103404,None,None,-168.083333,
6,2,1,731,134,44,140.2961154131,-0.647136483970,None,None,-75.083333,
6,2,1,731,137,45,140.2961154131,1.576542266719,None,None,182.916667,
6,2,1,731,140,46,140.2961154131,1.576542266719,None,None,182.916667,
6,2,1,731,143,47,140.2961154131,-0.336855728060,None,None,-39.083333,
6,2,1,731,146,48,140.2961154131,-1.991686426247,None,None,-231.083333,
6,2,1,731,149,49,140.2961154131,-1.448695103404,None,None,-168.083333,
6,2,1,731,152,50,140.2961154131,0.904267295581,None,None,104.916667,
6,2,1,731,155,51,140.2961154131,0.257849054101,None,None,29.916667,
6,2,1,731,158,52,140.2961154131,-2.146826804202,None,None,-249.083333,
6,2,1,731,161,53,140.2961154131,-1.112557617835,None,None,-129.083333,
6,2,1,731,164,54,140.2961154131,-2.146826804202,None,None,-249.083333,
6,2,1,731,167,55,140.2961154131,1.576542266719,None,None,182.916667,
6,2,1,731,170,56,140.2961154131,1.990249941266,None,None,230.916667,
6,2,1,731,173,57,140.2961154131,-0.828133591584,None,None,-96.083333,
6,2,1,731,176,58,140.2961154131,-0.750563402607,None,None,-87.083333,
6,2,1,731,179,59,140.2961154131,-0.259285539082,None,None,-30.083333,
6,2,1,731,182,60,140.2961154131,0.025138487169,None,None,2.916667,
6,2,1,731,185,61,140.2961154131,-0.750563402607,None,None,-87.083333,
6,2,1,731,188,62,140.2961154131,0.516416350693,None,None,59.916667,
6,2,1,731,191,63,140.2961154131,2.507384534449,None,None,290.916667,
6,2,1,731,194,64,140.2961154131,-2.612247938067,None,None,-303.083333,
6,2,1,731,197,65,140.2961154131,0.128565405805,None,None,14.916667,
6,2,1,731,200,66,140.2961154131,2.429814345472,None,None,281.916667,
6,2,1,731,203,67,140.2961154131,2.041963400584,None,None,236.916667,
6,2,1,731,206,68,140.2961154131,0.671556728648,None,None,77.916667,
6,2,1,731,209,69,140.2961154131,1.886823022629,None,None,218.916667,
6,2,1,731,212,70,140.2961154131,2.740095101382,None,None,317.916667,
6,2,1,731,215,71,140.2961154131,-2.043399885565,None,None,-237.083333,
6,2,1,731,218,72,140.2961154131,2.972805668315,None,None,344.916667,
6,2,1,731,221,73,140.2961154131,1.576542266719,None,None,182.916667,
6,2,1,731,224,74,140.2961154131,0.361275972738,None,None,41.916667,
6,2,1,731,227,75,140.2961154131,1.498972077742,None,None,173.916667,
6,2,1,731,230,76,140.2961154131,0.645699998989,None,None,74.916667,
6,2,1,731,233,77,140.2961154131,-2.586391208408,None,None,-300.083333,
6,2,1,731,236,78,140.2961154131,-0.440282646697,None,None,-51.083333,
6,2,1,731,239,79,140.2961154131,2.041963400584,None,None,236.916667,
6,2,1,731,242,80,140.2961154131,-2.508821019431,None,None,-291.083333,
6,2,1,731,245,81,140.2961154131,-0.750563402607,None,None,-87.083333,
6,2,1,731,248,82,140.2961154131,1.576542266719,None,None,182.916667,
6,2,1,731,251,83,140.2961154131,2.688381642064,None,None,311.916667,
6,2,1,731,254,84,140.2961154131,2.662524912405,None,None,308.916667,
6,2,1,731,257,85,140.2961154131,1.343831699787,None,None,155.916667,
6,2,1,731,260,86,140.2961154131,2.533241264109,None,None,293.916667,
6,2,1,731,263,87,140.2961154131,-0.672993213629,None,None,-78.083333,
6,2,1,731,266,88,140.2961154131,-2.844958505000,None,None,-330.083333,
6,2,1,731,269,89,140.2961154131,-0.879847050902,None,None,-102.083333,
6,2,1,731,272,90,140.2961154131,-2.379537371135,None,None,-276.083333,
6,2,1,731,275,91,140.2961154131,-2.612247938067,None,None,-303.083333,
6,2,1,731,278,92,140.2961154131,0.826697106603,None,None,95.916667,
6,2,1,731,281,93,140.2961154131,-0.362712457719,None,None,-42.083333,
6,2,1,731,284,94,140.2961154131,-2.146826804202,None,None,-249.083333,
6,2,1,731,287,95,140.2961154131,-2.819101775341,None,None,-327.083333,
6,2,1,731,290,96,140.2961154131,1.188691321832,None,None,137.916667,
6,2,1,731,293,97,140.2961154131,0.645699998989,None,None,74.916667,
6,2,1,731,296,98,140.2961154131,2.843522020019,None,None,329.916667,
6,2,1,731,299,99,140.2961154131,-1.914116237270,None,None,-222.083333,
6,2,1,731,302,100,140.2961154131,1.576542266719,None,None,182.916667,
6,2,1,731,305,101,140.2961154131,1.059407673536,None,None,122.916667,
6,2,1,731,308,102,140.2961154131,-1.293554725449,None,None,-150.083333,
6,2,1,731,311,103,140.2961154131,2.740095101382,None,None,317.916667,
6,2,1,731,314,104,140.2961154131,0.206135594783,None,None,23.916667,
6,2,1,731,317,105,140.2961154131,-1.138414347494,None,None,-132.083333,
6,2,1,731,320,106,140.2961154131,-0.052431701809,None,None,-6.083333,
6,2,1,731,323,107,140.2961154131,2.378100886154,None,None,275.916667,
6,2,1,731,326,108,140.2961154131,0.645699998989,None,None,74.916667,
6,2,1,731,329,109,140.2961154131,1.576542266719,None,None,182.916667,
6,2,1,731,332,110,140.2961154131,-2.896671964318,None,None,-336.083333,
6,2,1,731,335,111,140.2961154131,-0.130001890786,None,None,-15.083333,
6,2,1,731,338,112,140.2961154131,-2.844958505000,None,None,-330.083333,
6,2,1,731,341,113,140.2961154131,-0.957417239880,None,None,-111.083333,
6,2,1,731,344,114,140.2961154131,-1.371124914427,None,None,-159.083333,
6,2,1,731,347,115,140.2961154131,1.343831699787,None,None,155.916667,
6,2,1,731,350,116,140.2961154131,-2.276110452498,None,None,-264.083333,
6,2,1,731,353,117,140.2961154131,-0.983273969539,None,None,-114.083333,
6,2,1,731,356,118,140.2961154131,-2.612247938067,None,None,-303.083333,
6,2,1,731,359,119,140.2961154131,1.524828807401,None,None,176.916667,
6,2,1,731,362,120,140.2961154131,3.127946046270,None,None,362.916667,
6,2,1,731,365,121,140.2961154131,-0.052431701809,None,None,-6.083333,
6,2,1,731,368,122,140.2961154131,-0.026574972150,None,None,-3.083333,
6,2,1,731,371,123,140.2961154131,0.490559621034,None,None,56.916667,
6,2,1,731,374,124,140.2961154131,-1.448695103404,None,None,-168.083333,
6,2,1,731,377,125,140.2961154131,1.447258618423,None,None,167.916667,
6,2,1,731,380,126,140.2961154131,-0.517852835674,None,None,-60.083333,
6,2,1,731,383,127,140.2961154131,1.576542266719,None,None,182.916667,
6,2,1,731,386,128,140.2961154131,1.757539374333,None,None,203.916667,
6,2,1,731,389,129,140.2961154131,2.197103778539,None,None,254.916667,
6,2,1,731,392,130,140.2961154131,-1.448695103404,None,None,-168.083333,
6,2,1,731,395,131,140.2961154131,2.998662397974,None,None,347.916667,
6,2,1,731,398,132,140.2961154131,-1.836546048292,None,None,-213.083333,
6,2,1,731,401,133,140.2961154131,-2.146826804202,None,None,-249.083333,
6,2,1,731,404,134,140.2961154131,0.981837484558,None,None,113.916667,
6,2,1,731,407,135,140.2961154131,2.041963400584,None,None,236.916667,
6,2,1,731,410,136,140.2961154131,1.576542266719,None,None,182.916667,
6,2,1,731,413,137,140.2961154131,-2.198540263520,None,None,-255.083333,
6,2,1,731,416,138,140.2961154131,-2.922528693977,None,None,-339.083333,
6,2,1,731,419,139,140.2961154131,-0.750563402607,None,None,-87.083333,
6,2,1,731,422,140,140.2961154131,1.835109563311,None,None,212.916667,
6,2,1,731,425,141,140.2961154131,-2.069256615225,None,None,-240.083333,
6,2,1,731,428,142,140.2961154131,-0.750563402607,None,None,-87.083333,
6,2,1,731,431,143,140.2961154131,2.610811453086,None,None,302.916667,
6,2,1,731,434,144,140.2961154131,0.412989432056,None,None,47.916667,
6,2,1,731,437,145,140.2961154131,-2.612247938067,None,None,-303.083333,
6,2,1,731,440,146,140.2961154131,2.222960508199,None,None,257.916667,
6,2,1,731,443,147,140.2961154131,0.335419243079,None,None,38.916667,
6,2,1,731,446,148,140.2961154131,2.041963400584,None,None,236.916667,
6,2,1,731,449,149,140.2961154131,2.765951831041,None,None,320.916667,
6,2,1,731,452,150,140.2961154131,-0.207572079764,None,None,-24.083333,
6,2,1,731,455,151,140.2961154131,2.740095101382,None,None,317.916667,
6,2,1,731,458,152,140.2961154131,0.050995216828,None,None,5.916667,
6,2,1,731,461,153,140.2961154131,0.878410565921,None,None,101.916667,
6,2,1,731,464,154,140.2961154131,1.576542266719,None,None,182.916667,
6,2,1,731,467,155,140.2961154131,2.455671075131,None,None,284.916667,
6,2,1,731,470,156,140.2961154131,-0.595423024652,None,None,-69.083333,
6,2,1,731,473,157,140.2961154131,0.645699998989,None,None,74.916667,
6,2,1,731,476,158,140.2961154131,-0.491996106015,None,None,-57.083333,
6,2,1,731,479,159,140.2961154131,-2.534677749090,None,None,-294.083333,
6,2,1,731,482,160,140.2961154131,2.041963400584,None,None,236.916667,
6,2,1,731,485,161,140.2961154131,-0.414425917037,None,None,-48.083333,
6,2,1,731,488,162,140.2961154131,-2.844958505000,None,None,-330.083333,
6,2,1,731,491,163,140.2961154131,1.576542266719,None,None,182.916667,
6,2,1,731,494,164,140.2961154131,-1.500408562723,None,None,-174.083333,
6,2,1,731,497,165,140.2961154131,0.568129810011,None,None,65.916667,
6,2,1,731,500,166,140.2961154131,1.343831699787,None,None,155.916667,
6,2,1,731,503,167,140.2961154131,-1.655548940678,None,None,-192.083333,
6,2,1,731,506,168,140.2961154131,-2.767388316022,None,None,-321.083333,
6,2,1,731,509,169,140.2961154131,-2.844958505000,None,None,-330.083333,
6,2,1,731,512,170,140.2961154131,1.214548051491,None,None,140.916667,
6,2,1,731,515,171,140.2961154131,1.809252833652,None,None,209.916667,
6,2,1,731,518,172,140.2961154131,-2.612247938067,None,None,-303.083333,
6,2,1,731,521,173,140.2961154131,2.921092208996,None,None,338.916667,
6,2,1,731,524,174,140.2961154131,-2.457107560112,None,None,-285.083333,
6,2,1,731,527,175,140.2961154131,-2.146826804202,None,None,-249.083333,
6,2,1,731,530,176,140.2961154131,-0.724706672947,None,None,-84.083333,
6,2,1,731,533,177,140.2961154131,-0.905703780562,None,None,-105.083333,
6,2,1,731,536,178,140.2961154131,0.645699998989,None,None,74.916667,
6,2,1,731,539,179,140.2961154131,-1.345268184768,None,None,-156.083333,
6,2,1,731,542,180,140.2961154131,2.274673967517,None,None,263.916667,
6,2,1,731,545,181,140.2961154131,1.576542266719,None,None,182.916667,
6,2,1,731,548,182,140.2961154131,-3.129382531251,None,None,-363.083333,
6,2,1,731,551,183,140.2961154131,2.895235479337,None,None,335.916667,
6,2,1,731,554,184,140.2961154131,2.740095101382,None,None,317.916667,
6,2,1,731,557,185,140.2961154131,2.300530697176,None,None,266.916667,
6,2,1,731,560,186,140.2961154131,3.050375857292,None,None,353.916667,
6,2,1,731,563,187,140.2961154131,-0.052431701809,None,None,-6.083333,
6,2,1,731,566,188,140.2961154131,-1.810689318633,None,None,-210.083333,
6,2,1,731,569,189,140.2961154131,-1.448695103404,None,None,-168.083333,
6,2,1,731,572,190,140.2961154131,1.576542266719,None,None,182.916667,
6,2,1,731,575,191,140.2961154131,-0.802276861925,None,None,-93.083333,
6,2,1,731,578,192,140.2961154131,-2.224396993180,None,None,-258.083333,
6,2,1,731,581,193,140.2961154131,-2.844958505000,None,None,-330.083333,
6,2,1,731,584,194,140.2961154131,1.136977862513,None,None,131.916667,
6,2,1,731,587,195,140.2961154131,2.817665290360,None,None,326.916667,
6,2,1,731,590,196,140.2961154131,1.343831699787,None,None,155.916667,
6,2,1,731,593,197,140.2961154131,-0.181715350105,None,None,-21.083333,
6,2,1,731,596,198,140.2961154131,-3.077669071932,None,None,-357.083333,
6,2,1,731,599,199,140.2961154131,-2.612247938067,None,None,-303.083333,
6,2,1,731,602,200,140.2961154131,-2.663961397386,None,None,-309.083333,
6,2,1,731,605,201,140.2961154131,1.033550943876,None,None,119.916667,
6,2,1,731,608,202,140.2961154131,-0.052431701809,None,None,-6.083333,
6,2,1,731,611,203,140.2961154131,2.067820130243,None,None,239.916667,
6,2,1,731,614,204,140.2961154131,-1.603835481359,None,None,-186.083333,
6,2,1,731,617,205,140.2961154131,-1.448695103404,None,None,-168.083333,
6,2,1,731,620,206,140.2961154131,-2.741531586363,None,None,-318.083333,
6,2,1,731,623,207,140.2961154131,-2.612247938067,None,None,-303.083333,
6,2,1,731,626,208,140.2961154131,1.576542266719,None,None,182.916667,
6,2,1,731,629,209,140.2961154131,-2.431250830453,None,None,-282.083333,
6,2,1,731,632,210,140.2961154131,0.102708676146,None,None,11.916667,
6,2,1,731,635,211,140.2961154131,-1.448695103404,None,None,-168.083333,
6,2,1,731,638,212,140.2961154131,-1.190127806813,None,None,-138.083333,
6,2,1,731,641,213,140.2961154131,2.352244156494,None,None,272.916667,
6,2,1,731,644,214,140.2961154131,-2.146826804202,None,None,-249.083333,
6,2,1,731,647,215,140.2961154131,3.076232586951,None,None,356.916667,
6,2,1,731,650,216,140.2961154131,-0.052431701809,None,None,-6.083333,
6,2,1,731,653,217,140.2961154131,1.576542266719,None,None,182.916667,
6,2,1,731,656,218,140.2961154131,-0.104145161127,None,None,-12.083333,
6,2,1,731,659,219,140.2961154131,1.266261510809,None,None,146.916667,
6,2,1,731,662,220,140.2961154131,-0.750563402607,None,None,-87.083333,
6,2,1,731,665,221,140.2961154131,-2.353680641475,None,None,-273.083333,
6,2,1,731,668,222,140.2961154131,2.119533589562,None,None,245.916667,
6,2,1,731,671,223,140.2961154131,-0.750563402607,None,None,-87.083333,
6,2,1,731,674,224,140.2961154131,-1.577978751700,None,None,-183.083333,
6,2,1,731,677,225,140.2961154131,-1.681405670337,None,None,-195.083333,
6,2,1,731,680,226,140.2961154131,-2.612247938067,None,None,-303.083333,
6,2,1,731,683,227,140.2961154131,-1.965829696588,None,None,-228.083333,
6,2,1,731,686,228,140.2961154131,-1.758975859314,None,None,-204.083333,
6,2,1,731,689,229,140.2961154131,2.041963400584,None,None,236.916667,
6,2,1,731,692,230,140.2961154131,-1.422838373745,None,None,-165.083333,
6,2,1,731,695,231,140.2961154131,-2.301967182157,None,None,-267.083333,
6,2,1,731,698,232,140.2961154131,2.740095101382,None,None,317.916667,
6,2,1,731,701,233,140.2961154131,2.145390319221,None,None,248.916667,
6,2,1,731,704,234,140.2961154131,-1.215984536472,None,None,-141.083333,
6,2,1,731,707,235,140.2961154131,1.576542266719,None,None,182.916667,
6,2,1,731,710,236,140.2961154131,-1.733119129655,None,None,-201.083333,
6,2,1,731,713,237,140.2961154131,-2.689818127045,None,None,-312.083333,
6,2,1,731,716,238,140.2961154131,0.645699998989,None,None,74.916667,
6,2,1,731,719,239,140.2961154131,1.602398996378,None,None,185.916667,
6,2,1,731,722,240,140.2961154131,1.654112455697,None,None,191.916667,
6,2,1,731,725,241,140.2961154131,2.041963400584,None,None,236.916667,
6,2,1,731,728,242,140.2961154131,1.679969185356,None,None,194.916667,
