k_lower,rank,real,imag,magnitude,arg_rad,arg_deg,period_if_complex
3,1,0.0000000000,0.0000000000,0.0000000000,0.7534272818,43.168203,8.3395
3,2,0.0000000000,-0.0000000000,0.0000000000,-0.7534272818,-43.168203,8.3395
3,3,-0.0000000000,0.0000000000,0.0000000000,1.9061209117,109.212683,3.2963
3,4,-0.0000000000,-0.0000000000,0.0000000000,-1.9061209117,-109.212683,3.2963
3,5,-0.0000000000,0.0000000000,0.0000000000,3.1415926536,180.000000,2.0000
3,6,-0.0000000000,0.0000000000,0.0000000000,2.9393985730,168.415133,2.1376
3,7,-0.0000000000,-0.0000000000,0.0000000000,-2.9393985730,-168.415133,2.1376
3,8,0.0000000000,0.0000000000,0.0000000000,0.4969847711,28.475130,12.6426
3,9,0.0000000000,-0.0000000000,0.0000000000,-0.4969847711,-28.475130,12.6426
3,10,-0.0000000000,0.0000000000,0.0000000000,3.1415926536,180.000000,2.0000
3,11,-0.0000000000,0.0000000000,0.0000000000,3.1415926536,180.000000,2.0000
3,12,0.0000000000,0.0000000000,0.0000000000,0.0000000000,0.000000,inf
3,13,-0.0000000000,0.0000000000,0.0000000000,1.5707963715,90.000003,4.0000
3,14,-0.0000000000,-0.0000000000,0.0000000000,-1.5707963715,-90.000003,4.0000
3,15,0.0000000000,0.0000000000,0.0000000000,0.8903252672,51.011880,7.0572
3,16,0.0000000000,-0.0000000000,0.0000000000,-0.8903252672,-51.011880,7.0572
3,17,-0.0000000000,0.0000000000,0.0000000000,3.1415926536,180.000000,2.0000
3,18,0.0000000000,0.0000000000,0.0000000000,0.0000000000,0.000000,inf
3,19,0.0000000000,0.0000000000,0.0000000000,0.0000000000,0.000000,inf
3,20,0.0000000000,0.0000000000,0.0000000000,0.0000000000,0.000000,inf
3,21,0.0000000000,0.0000000000,0.0000000000,0.0000000000,0.000000,inf
3,22,0.0000000000,0.0000000000,0.0000000000,0.0000000000,0.000000,inf
3,23,0.0000000000,0.0000000000,0.0000000000,0.0000000000,0.000000,inf
3,24,0.0000000000,0.0000000000,0.0000000000,0.0000000000,0.000000,inf
3,25,0.0000000000,0.0000000000,0.0000000000,0.0000000000,0.000000,inf
3,26,0.0000000000,0.0000000000,0.0000000000,0.0000000000,0.000000,inf
3,27,0.0000000000,0.0000000000,0.0000000000,0.0000000000,0.000000,inf
3,28,0.0000000000,0.0000000000,0.0000000000,0.0000000000,0.000000,inf
3,29,0.0000000000,0.0000000000,0.0000000000,0.0000000000,0.000000,inf
3,30,0.0000000000,0.0000000000,0.0000000000,0.0000000000,0.000000,inf
3,31,0.0000000000,0.0000000000,0.0000000000,0.0000000000,0.000000,inf
3,32,0.0000000000,0.0000000000,0.0000000000,0.0000000000,0.000000,inf
3,33,0.0000000000,0.0000000000,0.0000000000,0.0000000000,0.000000,inf
3,34,0.0000000000,0.0000000000,0.0000000000,0.0000000000,0.000000,inf
3,35,0.0000000000,0.0000000000,0.0000000000,0.0000000000,0.000000,inf
3,36,0.0000000000,0.0000000000,0.0000000000,0.0000000000,0.000000,inf
4,1,-0.0000000000,0.0000000000,0.0000000000,2.1136585167,121.103712,2.9727
4,2,-0.0000000000,-0.0000000000,0.0000000000,-2.1136585167,-121.103712,2.9727
4,3,0.0000000000,0.0000000000,0.0000000000,0.0000000000,0.000000,inf
4,4,-0.0000000000,0.0000000000,0.0000000000,2.8290130218,162.090506,2.2210
4,5,-0.0000000000,-0.0000000000,0.0000000000,-2.8290130218,-162.090506,2.2210
4,6,-0.0000000000,0.0000000000,0.0000000000,3.1415926536,180.000000,2.0000
4,7,0.0000000000,0.0000000000,0.0000000000,0.7132153103,40.864227,8.8097
4,8,0.0000000000,-0.0000000000,0.0000000000,-0.7132153103,-40.864227,8.8097
4,9,-0.0000000000,-0.0000000000,0.0000000000,-1.6843039636,-96.503509,3.7304
4,10,-0.0000000000,0.0000000000,0.0000000000,1.6843039636,96.503509,3.7304
4,11,0.0000000000,-0.0000000000,0.0000000000,-0.2926259003,-16.766229,21.4717
4,12,0.0000000000,0.0000000000,0.0000000000,0.2926259003,16.766229,21.4717
4,13,0.0000000000,0.0000000000,0.0000000000,1.3459689150,77.118338,4.6682
4,14,0.0000000000,-0.0000000000,0.0000000000,-1.3459689150,-77.118338,4.6682
4,15,-0.0000000000,-0.0000000000,0.0000000000,-2.4456094736,-140.123101,2.5692
4,16,-0.0000000000,0.0000000000,0.0000000000,2.4456094736,140.123101,2.5692
4,17,0.0000000000,-0.0000000000,0.0000000000,-1.5011024649,-86.006836,4.1857
4,18,0.0000000000,0.0000000000,0.0000000000,1.5011024649,86.006836,4.1857
4,19,0.0000000000,0.0000000000,0.0000000000,0.0000000000,0.000000,inf
4,20,-0.0000000000,0.0000000000,0.0000000000,1.8586410980,106.492291,3.3805
4,21,-0.0000000000,-0.0000000000,0.0000000000,-1.8586410980,-106.492291,3.3805
4,22,-0.0000000000,0.0000000000,0.0000000000,2.4700383034,141.522770,2.5438
4,23,-0.0000000000,-0.0000000000,0.0000000000,-2.4700383034,-141.522770,2.5438
4,24,0.0000000000,0.0000000000,0.0000000000,0.6630921670,37.992383,9.4756
4,25,0.0000000000,-0.0000000000,0.0000000000,-0.6630921670,-37.992383,9.4756
4,26,0.0000000000,0.0000000000,0.0000000000,0.0000000000,0.000000,inf
4,27,-0.0000000000,0.0000000000,0.0000000000,2.2439468734,128.568685,2.8001
4,28,-0.0000000000,-0.0000000000,0.0000000000,-2.2439468734,-128.568685,2.8001
4,29,-0.0000000000,0.0000000000,0.0000000000,3.1415926536,180.000000,2.0000
4,30,0.0000000000,0.0000000000,0.0000000000,1.0471867167,59.999379,6.0001
4,31,0.0000000000,-0.0000000000,0.0000000000,-1.0471867167,-59.999379,6.0001
4,32,-0.0000000000,0.0000000000,0.0000000000,3.1415926536,180.000000,2.0000
4,33,0.0000000000,0.0000000000,0.0000000000,1.0471963348,59.999930,6.0000
4,34,0.0000000000,-0.0000000000,0.0000000000,-1.0471963348,-59.999930,6.0000
4,35,-0.0000000000,0.0000000000,0.0000000000,3.1415926536,180.000000,2.0000
4,36,0.0000000000,0.0000000000,0.0000000000,0.0000000000,0.000000,inf
4,37,0.0000000000,0.0000000000,0.0000000000,0.0000000000,0.000000,inf
4,38,-0.0000000000,0.0000000000,0.0000000000,3.1415926536,180.000000,2.0000
4,39,0.0000000000,0.0000000000,0.0000000000,1.5707962578,89.999996,4.0000
4,40,0.0000000000,-0.0000000000,0.0000000000,-1.5707962578,-89.999996,4.0000
4,41,-0.0000000000,0.0000000000,0.0000000000,3.1415926536,180.000000,2.0000
4,42,0.0000000000,0.0000000000,0.0000000000,0.0000000000,0.000000,inf
4,43,0.0000000000,0.0000000000,0.0000000000,0.0000000000,0.000000,inf
4,44,0.0000000000,0.0000000000,0.0000000000,0.0000000000,0.000000,inf
4,45,-0.0000000000,0.0000000000,0.0000000000,2.4410600278,139.862437,2.5740
4,46,-0.0000000000,-0.0000000000,0.0000000000,-2.4410600278,-139.862437,2.5740
4,47,-0.0000000000,0.0000000000,0.0000000000,3.1415926536,180.000000,2.0000
4,48,-0.0000000000,0.0000000000,0.0000000000,1.8727194726,107.298922,3.3551
4,49,-0.0000000000,-0.0000000000,0.0000000000,-1.8727194726,-107.298922,3.3551
4,50,0.0000000000,0.0000000000,0.0000000000,0.9012485432,51.637738,6.9716
4,51,0.0000000000,-0.0000000000,0.0000000000,-0.9012485432,-51.637738,6.9716
4,52,0.0000000000,0.0000000000,0.0000000000,1.3659833932,78.265083,4.5998
4,53,0.0000000000,-0.0000000000,0.0000000000,-1.3659833932,-78.265083,4.5998
4,54,-0.0000000000,0.0000000000,0.0000000000,3.1415926536,180.000000,2.0000
4,55,0.0000000000,0.0000000000,0.0000000000,0.0000000000,0.000000,inf
4,56,0.0000000000,0.0000000000,0.0000000000,0.0000000000,0.000000,inf
4,57,0.0000000000,0.0000000000,0.0000000000,0.0000000000,0.000000,inf
4,58,0.0000000000,0.0000000000,0.0000000000,0.0000000000,0.000000,inf
4,59,0.0000000000,0.0000000000,0.0000000000,0.0000000000,0.000000,inf
4,60,0.0000000000,0.0000000000,0.0000000000,0.0000000000,0.000000,inf
4,61,0.0000000000,0.0000000000,0.0000000000,0.0000000000,0.000000,inf
4,62,0.0000000000,0.0000000000,0.0000000000,0.0000000000,0.000000,inf
4,63,0.0000000000,0.0000000000,0.0000000000,0.0000000000,0.000000,inf
4,64,0.0000000000,0.0000000000,0.0000000000,0.0000000000,0.000000,inf
4,65,0.0000000000,0.0000000000,0.0000000000,0.0000000000,0.000000,inf
4,66,0.0000000000,0.0000000000,0.0000000000,0.0000000000,0.000000,inf
4,67,0.0000000000,0.0000000000,0.0000000000,0.0000000000,0.000000,inf
4,68,0.0000000000,0.0000000000,0.0000000000,0.0000000000,0.000000,inf
4,69,0.0000000000,0.0000000000,0.0000000000,0.0000000000,0.000000,inf
4,70,0.0000000000,0.0000000000,0.0000000000,0.0000000000,0.000000,inf
4,71,0.0000000000,0.0000000000,0.0000000000,0.0000000000,0.000000,inf
4,72,0.0000000000,0.0000000000,0.0000000000,0.0000000000,0.000000,inf
4,73,0.0000000000,0.0000000000,0.0000000000,0.0000000000,0.000000,inf
4,74,0.0000000000,0.0000000000,0.0000000000,0.0000000000,0.000000,inf
4,75,0.0000000000,0.0000000000,0.0000000000,0.0000000000,0.000000,inf
4,76,0.0000000000,0.0000000000,0.0000000000,0.0000000000,0.000000,inf
4,77,0.0000000000,0.0000000000,0.0000000000,0.0000000000,0.000000,inf
4,78,0.0000000000,0.0000000000,0.0000000000,0.0000000000,0.000000,inf
4,79,0.0000000000,0.0000000000,0.0000000000,0.0000000000,0.000000,inf
4,80,0.0000000000,0.0000000000,0.0000000000,0.0000000000,0.000000,inf
4,81,0.0000000000,0.0000000000,0.0000000000,0.0000000000,0.000000,inf
4,82,0.0000000000,0.0000000000,0.0000000000,0.0000000000,0.000000,inf
4,83,0.0000000000,0.0000000000,0.0000000000,0.0000000000,0.000000,inf
4,84,0.0000000000,0.0000000000,0.0000000000,0.0000000000,0.000000,inf
4,85,0.0000000000,0.0000000000,0.0000000000,0.0000000000,0.000000,inf
4,86,0.0000000000,0.0000000000,0.0000000000,0.0000000000,0.000000,inf
4,87,0.0000000000,0.0000000000,0.0000000000,0.0000000000,0.000000,inf
4,88,0.0000000000,0.0000000000,0.0000000000,0.0000000000,0.000000,inf
4,89,0.0000000000,0.0000000000,0.0000000000,0.0000000000,0.000000,inf
4,90,0.0000000000,0.0000000000,0.0000000000,0.0000000000,0.000000,inf
4,91,0.0000000000,0.0000000000,0.0000000000,0.0000000000,0.000000,inf
4,92,0.0000000000,0.0000000000,0.0000000000,0.0000000000,0.000000,inf
4,93,0.0000000000,0.0000000000,0.0000000000,0.0000000000,0.000000,inf
4,94,0.0000000000,0.0000000000,0.0000000000,0.0000000000,0.000000,inf
4,95,0.0000000000,0.0000000000,0.0000000000,0.0000000000,0.000000,inf
4,96,0.0000000000,0.0000000000,0.0000000000,0.0000000000,0.000000,inf
4,97,0.0000000000,0.0000000000,0.0000000000,0.0000000000,0.000000,inf
4,98,0.0000000000,0.0000000000,0.0000000000,0.0000000000,0.000000,inf
4,99,0.0000000000,0.0000000000,0.0000000000,0.0000000000,0.000000,inf
4,100,0.0000000000,0.0000000000,0.0000000000,0.0000000000,0.000000,inf
4,101,0.0000000000,0.0000000000,0.0000000000,0.0000000000,0.000000,inf
4,102,0.0000000000,0.0000000000,0.0000000000,0.0000000000,0.000000,inf
4,103,0.0000000000,0.0000000000,0.0000000000,0.0000000000,0.000000,inf
4,104,0.0000000000,0.0000000000,0.0000000000,0.0000000000,0.000000,inf
4,105,0.0000000000,0.0000000000,0.0000000000,0.0000000000,0.000000,inf
4,106,0.0000000000,0.0000000000,0.0000000000,0.0000000000,0.000000,inf
4,107,0.0000000000,0.0000000000,0.0000000000,0.0000000000,0.000000,inf
4,108,0.0000000000,0.0000000000,0.0000000000,0.0000000000,0.000000,inf
5,1,0.0000000000,0.0000000000,0.0000000000,0.0000000000,0.000000,inf
5,2,-0.0000000000,-0.0000000000,0.0000000000,-2.5731841299,-147.432591,2.4418
5,3,-0.0000000000,0.0000000000,0.0000000000,2.5731841299,147.432591,2.4418
5,4,-0.0000000000,0.0000000000,0.0000000000,2.2712516226,130.133132,2.7664
5,5,-0.0000000000,-0.0000000000,0.0000000000,-2.2712516226,-130.133132,2.7664
5,6,0.0000000000,0.0000000000,0.0000000000,1.2122869725,69.458927,5.1829
5,7,0.0000000000,-0.0000000000,0.0000000000,-1.2122869725,-69.458927,5.1829
5,8,-0.0000000000,0.0000000000,0.0000000000,3.1415926536,180.000000,2.0000
5,9,0.0000000000,0.0000000000,0.0000000000,0.9347829058,53.559115,6.7215
5,10,0.0000000000,-0.0000000000,0.0000000000,-0.9347829058,-53.559115,6.7215
5,11,-0.0000000000,0.0000000000,0.0000000000,2.6678875956,152.858699,2.3551
5,12,-0.0000000000,-0.0000000000,0.0000000000,-2.6678875956,-152.858699,2.3551
5,13,-0.0000000000,0.0000000000,0.0000000000,1.7757320331,101.741951,3.5384
5,14,-0.0000000000,-0.0000000000,0.0000000000,-1.7757320331,-101.741951,3.5384
5,15,0.0000000000,0.0000000000,0.0000000000,0.2525191000,14.468279,24.8820
5,16,0.0000000000,-0.0000000000,0.0000000000,-0.2525191000,-14.468279,24.8820
5,17,-0.0000000000,0.0000000000,0.0000000000,3.1415926536,180.000000,2.0000
5,18,-0.0000000000,-0.0000000000,0.0000000000,-1.6075289362,-92.104623,3.9086
5,19,-0.0000000000,0.0000000000,0.0000000000,1.6075289362,92.104623,3.9086
5,20,0.0000000000,-0.0000000000,0.0000000000,-1.0982325432,-62.924090,5.7212
5,21,0.0000000000,0.0000000000,0.0000000000,1.0982325432,62.924090,5.7212
5,22,0.0000000000,0.0000000000,0.0000000000,0.8182008543,46.879456,7.6793
5,23,0.0000000000,-0.0000000000,0.0000000000,-0.8182008543,-46.879456,7.6793
5,24,0.0000000000,0.0000000000,0.0000000000,0.4274233490,24.489554,14.7001
5,25,0.0000000000,-0.0000000000,0.0000000000,-0.4274233490,-24.489554,14.7001
5,26,-0.0000000000,0.0000000000,0.0000000000,1.7102734311,97.991449,3.6738
5,27,-0.0000000000,-0.0000000000,0.0000000000,-1.7102734311,-97.991449,3.6738
5,28,-0.0000000000,0.0000000000,0.0000000000,2.0612393641,118.100316,3.0483
5,29,-0.0000000000,-0.0000000000,0.0000000000,-2.0612393641,-118.100316,3.0483
5,30,-0.0000000000,0.0000000000,0.0000000000,2.9486868573,168.947312,2.1308
5,31,-0.0000000000,-0.0000000000,0.0000000000,-2.9486868573,-168.947312,2.1308
5,32,0.0000000000,0.0000000000,0.0000000000,0.0623353271,3.571551,100.7965
5,33,0.0000000000,-0.0000000000,0.0000000000,-0.0623353271,-3.571551,100.7965
5,34,-0.0000000000,0.0000000000,0.0000000000,2.6887930225,154.056492,2.3368
5,35,-0.0000000000,-0.0000000000,0.0000000000,-2.6887930225,-154.056492,2.3368
5,36,0.0000000000,0.0000000000,0.0000000000,0.6899786423,39.532864,9.1063
5,37,0.0000000000,-0.0000000000,0.0000000000,-0.6899786423,-39.532864,9.1063
5,38,-0.0000000000,0.0000000000,0.0000000000,2.0645173292,118.288130,3.0434
5,39,-0.0000000000,-0.0000000000,0.0000000000,-2.0645173292,-118.288130,3.0434
5,40,0.0000000000,0.0000000000,0.0000000000,1.5261810228,87.443731,4.1169
5,41,0.0000000000,-0.0000000000,0.0000000000,-1.5261810228,-87.443731,4.1169
5,42,0.0000000000,0.0000000000,0.0000000000,1.1951046501,68.474453,5.2574
5,43,0.0000000000,-0.0000000000,0.0000000000,-1.1951046501,-68.474453,5.2574
5,44,-0.0000000000,0.0000000000,0.0000000000,2.3784375621,136.274434,2.6417
5,45,-0.0000000000,-0.0000000000,0.0000000000,-2.3784375621,-136.274434,2.6417
5,46,-0.0000000000,0.0000000000,0.0000000000,3.0479105205,174.632409,2.0615
5,47,-0.0000000000,-0.0000000000,0.0000000000,-3.0479105205,-174.632409,2.0615
5,48,0.0000000000,0.0000000000,0.0000000000,0.4218478710,24.170103,14.8944
5,49,0.0000000000,-0.0000000000,0.0000000000,-0.4218478710,-24.170103,14.8944
5,50,0.0000000000,0.0000000000,0.0000000000,0.6990609434,40.053242,8.9880
5,51,0.0000000000,-0.0000000000,0.0000000000,-0.6990609434,-40.053242,8.9880
5,52,0.0000000000,0.0000000000,0.0000000000,0.0000000000,0.000000,inf
5,53,0.0000000000,0.0000000000,0.0000000000,1.4593006172,83.611766,4.3056
5,54,0.0000000000,-0.0000000000,0.0000000000,-1.4593006172,-83.611766,4.3056
5,55,-0.0000000000,0.0000000000,0.0000000000,2.6088018882,149.473338,2.4085
5,56,-0.0000000000,-0.0000000000,0.0000000000,-2.6088018882,-149.473338,2.4085
5,57,-0.0000000000,0.0000000000,0.0000000000,2.2155987407,126.944457,2.8359
5,58,-0.0000000000,-0.0000000000,0.0000000000,-2.2155987407,-126.944457,2.8359
5,59,0.0000000000,0.0000000000,0.0000000000,0.9481136234,54.322909,6.6270
5,60,0.0000000000,-0.0000000000,0.0000000000,-0.9481136234,-54.322909,6.6270
5,61,0.0000000000,0.0000000000,0.0000000000,0.0000000000,0.000000,inf
5,62,0.0000000000,0.0000000000,0.0000000000,0.1379734181,7.905295,45.5391
5,63,0.0000000000,-0.0000000000,0.0000000000,-0.1379734181,-7.905295,45.5391
5,64,-0.0000000000,0.0000000000,0.0000000000,3.0039836465,172.115585,2.0916
5,65,-0.0000000000,-0.0000000000,0.0000000000,-3.0039836465,-172.115585,2.0916
5,66,0.0000000000,0.0000000000,0.0000000000,1.5706284489,89.990381,4.0004
5,67,0.0000000000,-0.0000000000,0.0000000000,-1.5706284489,-89.990381,4.0004
5,68,-0.0000000000,0.0000000000,0.0000000000,1.5708268521,90.001749,3.9999
5,69,-0.0000000000,-0.0000000000,0.0000000000,-1.5708268521,-90.001749,3.9999
5,70,-0.0000000000,0.0000000000,0.0000000000,3.1415926536,180.000000,2.0000
5,71,0.0000000000,0.0000000000,0.0000000000,0.0000000000,0.000000,inf
5,72,0.0000000000,0.0000000000,0.0000000000,1.3826084484,79.217629,4.5444
5,73,0.0000000000,-0.0000000000,0.0000000000,-1.3826084484,-79.217629,4.5444
5,74,0.0000000000,0.0000000000,0.0000000000,0.3099908364,17.761167,20.2689
5,75,0.0000000000,-0.0000000000,0.0000000000,-0.3099908364,-17.761167,20.2689
5,76,-0.0000000000,0.0000000000,0.0000000000,1.5968622959,91.493470,3.9347
5,77,-0.0000000000,-0.0000000000,0.0000000000,-1.5968622959,-91.493470,3.9347
5,78,-0.0000000000,0.0000000000,0.0000000000,3.1415926536,180.000000,2.0000
5,79,0.0000000000,0.0000000000,0.0000000000,0.0000000000,0.000000,inf
5,80,-0.0000000000,0.0000000000,0.0000000000,3.1415926536,180.000000,2.0000
5,81,0.0000000000,0.0000000000,0.0000000000,0.0000000000,0.000000,inf
5,82,0.0000000000,0.0000000000,0.0000000000,0.0000000000,0.000000,inf
5,83,0.0000000000,0.0000000000,0.0000000000,0.0000000000,0.000000,inf
5,84,0.0000000000,0.0000000000,0.0000000000,0.0000000000,0.000000,inf
5,85,0.0000000000,0.0000000000,0.0000000000,0.0000000000,0.000000,inf
5,86,0.0000000000,0.0000000000,0.0000000000,0.0000000000,0.000000,inf
5,87,0.0000000000,0.0000000000,0.0000000000,0.0000000000,0.000000,inf
5,88,0.0000000000,0.0000000000,0.0000000000,0.0000000000,0.000000,inf
5,89,0.0000000000,0.0000000000,0.0000000000,0.0000000000,0.000000,inf
5,90,0.0000000000,0.0000000000,0.0000000000,0.0000000000,0.000000,inf
5,91,0.0000000000,0.0000000000,0.0000000000,0.0000000000,0.000000,inf
5,92,0.0000000000,0.0000000000,0.0000000000,0.0000000000,0.000000,inf
5,93,0.0000000000,0.0000000000,0.0000000000,0.0000000000,0.000000,inf
5,94,0.0000000000,0.0000000000,0.0000000000,0.0000000000,0.000000,inf
5,95,0.0000000000,0.0000000000,0.0000000000,0.0000000000,0.000000,inf
5,96,0.0000000000,0.0000000000,0.0000000000,0.0000000000,0.000000,inf
5,97,0.0000000000,0.0000000000,0.0000000000,0.0000000000,0.000000,inf
5,98,0.0000000000,0.0000000000,0.0000000000,0.0000000000,0.000000,inf
5,99,0.0000000000,0.0000000000,0.0000000000,0.0000000000,0.000000,inf
5,100,0.0000000000,0.0000000000,0.0000000000,0.0000000000,0.000000,inf
5,101,0.0000000000,0.0000000000,0.0000000000,0.0000000000,0.000000,inf
5,102,0.0000000000,0.0000000000,0.0000000000,0.0000000000,0.000000,inf
5,103,0.0000000000,0.0000000000,0.0000000000,0.0000000000,0.000000,inf
5,104,0.0000000000,0.0000000000,0.0000000000,0.0000000000,0.000000,inf
5,105,0.0000000000,0.0000000000,0.0000000000,0.0000000000,0.000000,inf
5,106,0.0000000000,0.0000000000,0.0000000000,0.0000000000,0.000000,inf
5,107,0.0000000000,0.0000000000,0.0000000000,0.0000000000,0.000000,inf
5,108,0.0000000000,0.0000000000,0.0000000000,0.0000000000,0.000000,inf
5,109,0.0000000000,0.0000000000,0.0000000000,0.0000000000,0.000000,inf
5,110,0.0000000000,0.0000000000,0.0000000000,0.0000000000,0.000000,inf
5,111,0.0000000000,0.0000000000,0.0000000000,0.0000000000,0.000000,inf
5,112,0.0000000000,0.0000000000,0.0000000000,0.0000000000,0.000000,inf
5,113,0.0000000000,0.0000000000,0.0000000000,0.0000000000,0.000000,inf
5,114,0.0000000000,0.0000000000,0.0000000000,0.0000000000,0.000000,inf
5,115,0.0000000000,0.0000000000,0.0000000000,0.0000000000,0.000000,inf
5,116,0.0000000000,0.0000000000,0.0000000000,0.0000000000,0.000000,inf
5,117,0.0000000000,0.0000000000,0.0000000000,0.0000000000,0.000000,inf
5,118,0.0000000000,0.0000000000,0.0000000000,0.0000000000,0.000000,inf
5,119,0.0000000000,0.0000000000,0.0000000000,0.0000000000,0.000000,inf
5,120,0.0000000000,0.0000000000,0.0000000000,0.0000000000,0.000000,inf
5,121,0.0000000000,0.0000000000,0.0000000000,0.0000000000,0.000000,inf
5,122,0.0000000000,0.0000000000,0.0000000000,0.0000000000,0.000000,inf
5,123,0.0000000000,0.0000000000,0.0000000000,0.0000000000,0.000000,inf
5,124,0.0000000000,0.0000000000,0.0000000000,0.0000000000,0.000000,inf
5,125,0.0000000000,0.0000000000,0.0000000000,0.0000000000,0.000000,inf
5,126,0.0000000000,0.0000000000,0.0000000000,0.0000000000,0.000000,inf
5,127,0.0000000000,0.0000000000,0.0000000000,0.0000000000,0.000000,inf
5,128,0.0000000000,0.0000000000,0.0000000000,0.0000000000,0.000000,inf
5,129,0.0000000000,0.0000000000,0.0000000000,0.0000000000,0.000000,inf
5,130,0.0000000000,0.0000000000,0.0000000000,0.0000000000,0.000000,inf
5,131,0.0000000000,0.0000000000,0.0000000000,0.0000000000,0.000000,inf
5,132,0.0000000000,0.0000000000,0.0000000000,0.0000000000,0.000000,inf
5,133,0.0000000000,0.0000000000,0.0000000000,0.0000000000,0.000000,inf
5,134,0.0000000000,0.0000000000,0.0000000000,0.0000000000,0.000000,inf
5,135,0.0000000000,0.0000000000,0.0000000000,0.0000000000,0.000000,inf
5,136,0.0000000000,0.0000000000,0.0000000000,0.0000000000,0.000000,inf
5,137,0.0000000000,0.0000000000,0.0000000000,0.0000000000,0.000000,inf
5,138,0.0000000000,0.0000000000,0.0000000000,0.0000000000,0.000000,inf
5,139,0.0000000000,0.0000000000,0.0000000000,0.0000000000,0.000000,inf
5,140,0.0000000000,0.0000000000,0.0000000000,0.0000000000,0.000000,inf
5,141,0.0000000000,0.0000000000,0.0000000000,0.0000000000,0.000000,inf
5,142,0.0000000000,0.0000000000,0.0000000000,0.0000000000,0.000000,inf
5,143,0.0000000000,0.0000000000,0.0000000000,0.0000000000,0.000000,inf
5,144,0.0000000000,0.0000000000,0.0000000000,0.0000000000,0.000000,inf
5,145,0.0000000000,0.0000000000,0.0000000000,0.0000000000,0.000000,inf
5,146,0.0000000000,0.0000000000,0.0000000000,0.0000000000,0.000000,inf
5,147,0.0000000000,0.0000000000,0.0000000000,0.0000000000,0.000000,inf
5,148,0.0000000000,0.0000000000,0.0000000000,0.0000000000,0.000000,inf
5,149,0.0000000000,0.0000000000,0.0000000000,0.0000000000,0.000000,inf
5,150,0.0000000000,0.0000000000,0.0000000000,0.0000000000,0.000000,inf
5,151,0.0000000000,0.0000000000,0.0000000000,0.0000000000,0.000000,inf
5,152,0.0000000000,0.0000000000,0.0000000000,0.0000000000,0.000000,inf
5,153,0.0000000000,0.0000000000,0.0000000000,0.0000000000,0.000000,inf
5,154,0.0000000000,0.0000000000,0.0000000000,0.0000000000,0.000000,inf
5,155,0.0000000000,0.0000000000,0.0000000000,0.0000000000,0.000000,inf
5,156,0.0000000000,0.0000000000,0.0000000000,0.0000000000,0.000000,inf
5,157,0.0000000000,0.0000000000,0.0000000000,0.0000000000,0.000000,inf
5,158,0.0000000000,0.0000000000,0.0000000000,0.0000000000,0.000000,inf
5,159,0.0000000000,0.0000000000,0.0000000000,0.0000000000,0.000000,inf
5,160,0.0000000000,0.0000000000,0.0000000000,0.0000000000,0.000000,inf
5,161,0.0000000000,0.0000000000,0.0000000000,0.0000000000,0.000000,inf
5,162,0.0000000000,0.0000000000,0.0000000000,0.0000000000,0.000000,inf
5,163,0.0000000000,0.0000000000,0.0000000000,0.0000000000,0.000000,inf
5,164,0.0000000000,0.0000000000,0.0000000000,0.0000000000,0.000000,inf
5,165,0.0000000000,0.0000000000,0.0000000000,0.0000000000,0.000000,inf
5,166,0.0000000000,0.0000000000,0.0000000000,0.0000000000,0.000000,inf
5,167,0.0000000000,0.0000000000,0.0000000000,0.0000000000,0.000000,inf
5,168,0.0000000000,0.0000000000,0.0000000000,0.0000000000,0.000000,inf
5,169,0.0000000000,0.0000000000,0.0000000000,0.0000000000,0.000000,inf
5,170,0.0000000000,0.0000000000,0.0000000000,0.0000000000,0.000000,inf
5,171,0.0000000000,0.0000000000,0.0000000000,0.0000000000,0.000000,inf
5,172,0.0000000000,0.0000000000,0.0000000000,0.0000000000,0.000000,inf
5,173,0.0000000000,0.0000000000,0.0000000000,0.0000000000,0.000000,inf
5,174,0.0000000000,0.0000000000,0.0000000000,0.0000000000,0.000000,inf
5,175,0.0000000000,0.0000000000,0.0000000000,0.0000000000,0.000000,inf
5,176,0.0000000000,0.0000000000,0.0000000000,0.0000000000,0.000000,inf
5,177,0.0000000000,0.0000000000,0.0000000000,0.0000000000,0.000000,inf
5,178,0.0000000000,0.0000000000,0.0000000000,0.0000000000,0.000000,inf
5,179,0.0000000000,0.0000000000,0.0000000000,0.0000000000,0.000000,inf
5,180,0.0000000000,0.0000000000,0.0000000000,0.0000000000,0.000000,inf
5,181,0.0000000000,0.0000000000,0.0000000000,0.0000000000,0.000000,inf
5,182,0.0000000000,0.0000000000,0.0000000000,0.0000000000,0.000000,inf
5,183,0.0000000000,0.0000000000,0.0000000000,0.0000000000,0.000000,inf
5,184,0.0000000000,0.0000000000,0.0000000000,0.0000000000,0.000000,inf
5,185,0.0000000000,0.0000000000,0.0000000000,0.0000000000,0.000000,inf
5,186,0.0000000000,0.0000000000,0.0000000000,0.0000000000,0.000000,inf
5,187,0.0000000000,0.0000000000,0.0000000000,0.0000000000,0.000000,inf
5,188,0.0000000000,0.0000000000,0.0000000000,0.0000000000,0.000000,inf
5,189,0.0000000000,0.0000000000,0.0000000000,0.0000000000,0.000000,inf
5,190,0.0000000000,0.0000000000,0.0000000000,0.0000000000,0.000000,inf
5,191,0.0000000000,0.0000000000,0.0000000000,0.0000000000,0.000000,inf
5,192,0.0000000000,0.0000000000,0.0000000000,0.0000000000,0.000000,inf
5,193,0.0000000000,0.0000000000,0.0000000000,0.0000000000,0.000000,inf
5,194,0.0000000000,0.0000000000,0.0000000000,0.0000000000,0.000000,inf
5,195,0.0000000000,0.0000000000,0.0000000000,0.0000000000,0.000000,inf
5,196,0.0000000000,0.0000000000,0.0000000000,0.0000000000,0.000000,inf
5,197,0.0000000000,0.0000000000,0.0000000000,0.0000000000,0.000000,inf
5,198,0.0000000000,0.0000000000,0.0000000000,0.0000000000,0.000000,inf
5,199,0.0000000000,0.0000000000,0.0000000000,0.0000000000,0.000000,inf
5,200,0.0000000000,0.0000000000,0.0000000000,0.0000000000,0.000000,inf
5,201,0.0000000000,0.0000000000,0.0000000000,0.0000000000,0.000000,inf
5,202,0.0000000000,0.0000000000,0.0000000000,0.0000000000,0.000000,inf
5,203,0.0000000000,0.0000000000,0.0000000000,0.0000000000,0.000000,inf
5,204,0.0000000000,0.0000000000,0.0000000000,0.0000000000,0.000000,inf
5,205,0.0000000000,0.0000000000,0.0000000000,0.0000000000,0.000000,inf
5,206,0.0000000000,0.0000000000,0.0000000000,0.0000000000,0.000000,inf
5,207,0.0000000000,0.0000000000,0.0000000000,0.0000000000,0.000000,inf
5,208,0.0000000000,0.0000000000,0.0000000000,0.0000000000,0.000000,inf
5,209,0.0000000000,0.0000000000,0.0000000000,0.0000000000,0.000000,inf
5,210,0.0000000000,0.0000000000,0.0000000000,0.0000000000,0.000000,inf
5,211,0.0000000000,0.0000000000,0.0000000000,0.0000000000,0.000000,inf
5,212,0.0000000000,0.0000000000,0.0000000000,0.0000000000,0.000000,inf
5,213,0.0000000000,0.0000000000,0.0000000000,0.0000000000,0.000000,inf
5,214,0.0000000000,0.0000000000,0.0000000000,0.0000000000,0.000000,inf
5,215,0.0000000000,0.0000000000,0.0000000000,0.0000000000,0.000000,inf
5,216,0.0000000000,0.0000000000,0.0000000000,0.0000000000,0.000000,inf
5,217,0.0000000000,0.0000000000,0.0000000000,0.0000000000,0.000000,inf
5,218,0.0000000000,0.0000000000,0.0000000000,0.0000000000,0.000000,inf
5,219,0.0000000000,0.0000000000,0.0000000000,0.0000000000,0.000000,inf
5,220,0.0000000000,0.0000000000,0.0000000000,0.0000000000,0.000000,inf
5,221,0.0000000000,0.0000000000,0.0000000000,0.0000000000,0.000000,inf
5,222,0.0000000000,0.0000000000,0.0000000000,0.0000000000,0.000000,inf
5,223,0.0000000000,0.0000000000,0.0000000000,0.0000000000,0.000000,inf
5,224,0.0000000000,0.0000000000,0.0000000000,0.0000000000,0.000000,inf
5,225,0.0000000000,0.0000000000,0.0000000000,0.0000000000,0.000000,inf
5,226,0.0000000000,0.0000000000,0.0000000000,0.0000000000,0.000000,inf
5,227,0.0000000000,0.0000000000,0.0000000000,0.0000000000,0.000000,inf
5,228,0.0000000000,0.0000000000,0.0000000000,0.0000000000,0.000000,inf
5,229,0.0000000000,0.0000000000,0.0000000000,0.0000000000,0.000000,inf
5,230,0.0000000000,0.0000000000,0.0000000000,0.0000000000,0.000000,inf
5,231,0.0000000000,0.0000000000,0.0000000000,0.0000000000,0.000000,inf
5,232,0.0000000000,0.0000000000,0.0000000000,0.0000000000,0.000000,inf
5,233,0.0000000000,0.0000000000,0.0000000000,0.0000000000,0.000000,inf
5,234,0.0000000000,0.0000000000,0.0000000000,0.0000000000,0.000000,inf
5,235,0.0000000000,0.0000000000,0.0000000000,0.0000000000,0.000000,inf
5,236,0.0000000000,0.0000000000,0.0000000000,0.0000000000,0.000000,inf
5,237,0.0000000000,0.0000000000,0.0000000000,0.0000000000,0.000000,inf
5,238,0.0000000000,0.0000000000,0.0000000000,0.0000000000,0.000000,inf
5,239,0.0000000000,0.0000000000,0.0000000000,0.0000000000,0.000000,inf
5,240,0.0000000000,0.0000000000,0.0000000000,0.0000000000,0.000000,inf
5,241,0.0000000000,0.0000000000,0.0000000000,0.0000000000,0.000000,inf
5,242,0.0000000000,0.0000000000,0.0000000000,0.0000000000,0.000000,inf
5,243,0.0000000000,0.0000000000,0.0000000000,0.0000000000,0.000000,inf
5,244,0.0000000000,0.0000000000,0.0000000000,0.0000000000,0.000000,inf
5,245,0.0000000000,0.0000000000,0.0000000000,0.0000000000,0.000000,inf
5,246,0.0000000000,0.0000000000,0.0000000000,0.0000000000,0.000000,inf
5,247,0.0000000000,0.0000000000,0.0000000000,0.0000000000,0.000000,inf
5,248,0.0000000000,0.0000000000,0.0000000000,0.0000000000,0.000000,inf
5,249,0.0000000000,0.0000000000,0.0000000000,0.0000000000,0.000000,inf
5,250,0.0000000000,0.0000000000,0.0000000000,0.0000000000,0.000000,inf
5,251,0.0000000000,0.0000000000,0.0000000000,0.0000000000,0.000000,inf
5,252,0.0000000000,0.0000000000,0.0000000000,0.0000000000,0.000000,inf
5,253,0.0000000000,0.0000000000,0.0000000000,0.0000000000,0.000000,inf
5,254,0.0000000000,0.0000000000,0.0000000000,0.0000000000,0.000000,inf
5,255,0.0000000000,0.0000000000,0.0000000000,0.0000000000,0.000000,inf
5,256,0.0000000000,0.0000000000,0.0000000000,0.0000000000,0.000000,inf
5,257,0.0000000000,0.0000000000,0.0000000000,0.0000000000,0.000000,inf
5,258,0.0000000000,0.0000000000,0.0000000000,0.0000000000,0.000000,inf
5,259,0.0000000000,0.0000000000,0.0000000000,0.0000000000,0.000000,inf
5,260,0.0000000000,0.0000000000,0.0000000000,0.0000000000,0.000000,inf
5,261,0.0000000000,0.0000000000,0.0000000000,0.0000000000,0.000000,inf
5,262,0.0000000000,0.0000000000,0.0000000000,0.0000000000,0.000000,inf
5,263,0.0000000000,0.0000000000,0.0000000000,0.0000000000,0.000000,inf
5,264,0.0000000000,0.0000000000,0.0000000000,0.0000000000,0.000000,inf
5,265,0.0000000000,0.0000000000,0.0000000000,0.0000000000,0.000000,inf
5,266,0.0000000000,0.0000000000,0.0000000000,0.0000000000,0.000000,inf
5,267,0.0000000000,0.0000000000,0.0000000000,0.0000000000,0.000000,inf
5,268,0.0000000000,0.0000000000,0.0000000000,0.0000000000,0.000000,inf
5,269,0.0000000000,0.0000000000,0.0000000000,0.0000000000,0.000000,inf
5,270,0.0000000000,0.0000000000,0.0000000000,0.0000000000,0.000000,inf
5,271,0.0000000000,0.0000000000,0.0000000000,0.0000000000,0.000000,inf
5,272,0.0000000000,0.0000000000,0.0000000000,0.0000000000,0.000000,inf
5,273,0.0000000000,0.0000000000,0.0000000000,0.0000000000,0.000000,inf
5,274,0.0000000000,0.0000000000,0.0000000000,0.0000000000,0.000000,inf
5,275,0.0000000000,0.0000000000,0.0000000000,0.0000000000,0.000000,inf
5,276,0.0000000000,0.0000000000,0.0000000000,0.0000000000,0.000000,inf
5,277,0.0000000000,0.0000000000,0.0000000000,0.0000000000,0.000000,inf
5,278,0.0000000000,0.0000000000,0.0000000000,0.0000000000,0.000000,inf
5,279,0.0000000000,0.0000000000,0.0000000000,0.0000000000,0.000000,inf
5,280,0.0000000000,0.0000000000,0.0000000000,0.0000000000,0.000000,inf
5,281,0.0000000000,0.0000000000,0.0000000000,0.0000000000,0.000000,inf
5,282,0.0000000000,0.0000000000,0.0000000000,0.0000000000,0.000000,inf
5,283,0.0000000000,0.0000000000,0.0000000000,0.0000000000,0.000000,inf
5,284,0.0000000000,0.0000000000,0.0000000000,0.0000000000,0.000000,inf
5,285,0.0000000000,0.0000000000,0.0000000000,0.0000000000,0.000000,inf
5,286,0.0000000000,0.0000000000,0.0000000000,0.0000000000,0.000000,inf
5,287,0.0000000000,0.0000000000,0.0000000000,0.0000000000,0.000000,inf
5,288,0.0000000000,0.0000000000,0.0000000000,0.0000000000,0.000000,inf
5,289,0.0000000000,0.0000000000,0.0000000000,0.0000000000,0.000000,inf
5,290,0.0000000000,0.0000000000,0.0000000000,0.0000000000,0.000000,inf
5,291,0.0000000000,0.0000000000,0.0000000000,0.0000000000,0.000000,inf
5,292,0.0000000000,0.0000000000,0.0000000000,0.0000000000,0.000000,inf
5,293,0.0000000000,0.0000000000,0.0000000000,0.0000000000,0.000000,inf
5,294,0.0000000000,0.0000000000,0.0000000000,0.0000000000,0.000000,inf
5,295,0.0000000000,0.0000000000,0.0000000000,0.0000000000,0.000000,inf
5,296,0.0000000000,0.0000000000,0.0000000000,0.0000000000,0.000000,inf
5,297,0.0000000000,0.0000000000,0.0000000000,0.0000000000,0.000000,inf
5,298,0.0000000000,0.0000000000,0.0000000000,0.0000000000,0.000000,inf
5,299,0.0000000000,0.0000000000,0.0000000000,0.0000000000,0.000000,inf
5,300,0.0000000000,0.0000000000,0.0000000000,0.0000000000,0.000000,inf
5,301,0.0000000000,0.0000000000,0.0000000000,0.0000000000,0.000000,inf
5,302,0.0000000000,0.0000000000,0.0000000000,0.0000000000,0.000000,inf
5,303,0.0000000000,0.0000000000,0.0000000000,0.0000000000,0.000000,inf
5,304,0.0000000000,0.0000000000,0.0000000000,0.0000000000,0.000000,inf
5,305,0.0000000000,0.0000000000,0.0000000000,0.0000000000,0.000000,inf
5,306,0.0000000000,0.0000000000,0.0000000000,0.0000000000,0.000000,inf
5,307,0.0000000000,0.0000000000,0.0000000000,0.0000000000,0.000000,inf
5,308,0.0000000000,0.0000000000,0.0000000000,0.0000000000,0.000000,inf
5,309,0.0000000000,0.0000000000,0.0000000000,0.0000000000,0.000000,inf
5,310,0.0000000000,0.0000000000,0.0000000000,0.0000000000,0.000000,inf
5,311,0.0000000000,0.0000000000,0.0000000000,0.0000000000,0.000000,inf
5,312,0.0000000000,0.0000000000,0.0000000000,0.0000000000,0.000000,inf
5,313,0.0000000000,0.0000000000,0.0000000000,0.0000000000,0.000000,inf
5,314,0.0000000000,0.0000000000,0.0000000000,0.0000000000,0.000000,inf
5,315,0.0000000000,0.0000000000,0.0000000000,0.0000000000,0.000000,inf
5,316,0.0000000000,0.0000000000,0.0000000000,0.0000000000,0.000000,inf
5,317,0.0000000000,0.0000000000,0.0000000000,0.0000000000,0.000000,inf
5,318,0.0000000000,0.0000000000,0.0000000000,0.0000000000,0.000000,inf
5,319,0.0000000000,0.0000000000,0.0000000000,0.0000000000,0.000000,inf
5,320,0.0000000000,0.0000000000,0.0000000000,0.0000000000,0.000000,inf
5,321,0.0000000000,0.0000000000,0.0000000000,0.0000000000,0.000000,inf
5,322,0.0000000000,0.0000000000,0.0000000000,0.0000000000,0.000000,inf
5,323,0.0000000000,0.0000000000,0.0000000000,0.0000000000,0.000000,inf
5,324,0.0000000000,0.0000000000,0.0000000000,0.0000000000,0.000000,inf
6,1,-0.0000000000,0.0000000000,0.0000000000,2.7399255647,156.986171,2.2932
6,2,-0.0000000000,-0.0000000000,0.0000000000,-2.7399255647,-156.986171,2.2932
6,3,-0.0000000000,0.0000000000,0.0000000000,1.9030400103,109.036161,3.3017
6,4,-0.0000000000,-0.0000000000,0.0000000000,-1.9030400103,-109.036161,3.3017
6,5,0.0000000000,0.0000000000,0.0000000000,1.2525345170,71.764942,5.0164
6,6,0.0000000000,-0.0000000000,0.0000000000,-1.2525345170,-71.764942,5.0164
6,7,-0.0000000000,-0.0000000000,0.0000000000,-3.0202749498,-173.049008,2.0803
6,8,-0.0000000000,0.0000000000,0.0000000000,3.0202749498,173.049008,2.0803
6,9,-0.0000000000,0.0000000000,0.0000000000,2.2320871185,127.889171,2.8149
6,10,-0.0000000000,-0.0000000000,0.0000000000,-2.2320871185,-127.889171,2.8149
6,11,0.0000000000,0.0000000000,0.0000000000,1.1401941796,65.328314,5.5106
6,12,0.0000000000,-0.0000000000,0.0000000000,-1.1401941796,-65.328314,5.5106
6,13,0.0000000000,0.0000000000,0.0000000000,0.4693425724,26.891349,13.3872
6,14,0.0000000000,-0.0000000000,0.0000000000,-0.4693425724,-26.891349,13.3872
6,15,0.0000000000,-0.0000000000,0.0000000000,-0.2263274583,-12.967608,27.7615
6,16,0.0000000000,0.0000000000,0.0000000000,0.2263274583,12.967608,27.7615
6,17,0.0000000000,0.0000000000,0.0000000000,0.5143084628,29.467704,12.2168
6,18,0.0000000000,-0.0000000000,0.0000000000,-0.5143084628,-29.467704,12.2168
6,19,0.0000000000,0.0000000000,0.0000000000,0.0000000000,0.000000,inf
6,20,-0.0000000000,0.0000000000,0.0000000000,2.5459994521,145.875023,2.4679
6,21,-0.0000000000,-0.0000000000,0.0000000000,-2.5459994521,-145.875023,2.4679
6,22,-0.0000000000,-0.0000000000,0.0000000000,-2.0689891088,-118.544344,3.0368
6,23,-0.0000000000,0.0000000000,0.0000000000,2.0689891088,118.544344,3.0368
6,24,0.0000000000,0.0000000000,0.0000000000,0.9601706503,55.013726,6.5438
6,25,0.0000000000,-0.0000000000,0.0000000000,-0.9601706503,-55.013726,6.5438
6,26,-0.0000000000,-0.0000000000,0.0000000000,-2.8859779940,-165.354359,2.1771
6,27,-0.0000000000,0.0000000000,0.0000000000,2.8859779940,165.354359,2.1771
6,28,-0.0000000000,-0.0000000000,0.0000000000,-1.8488452338,-105.931029,3.3984
6,29,-0.0000000000,0.0000000000,0.0000000000,1.8488452338,105.931029,3.3984
6,30,0.0000000000,-0.0000000000,0.0000000000,-1.5362152304,-88.018649,4.0900
6,31,0.0000000000,0.0000000000,0.0000000000,1.5362152304,88.018649,4.0900
6,32,0.0000000000,-0.0000000000,0.0000000000,-1.4236090563,-81.566791,4.4136
6,33,0.0000000000,0.0000000000,0.0000000000,1.4236090563,81.566791,4.4136
6,34,-0.0000000000,-0.0000000000,0.0000000000,-1.7530096088,-100.440052,3.5842
6,35,-0.0000000000,0.0000000000,0.0000000000,1.7530096088,100.440052,3.5842
6,36,0.0000000000,0.0000000000,0.0000000000,0.8870731037,50.825545,7.0831
6,37,0.0000000000,-0.0000000000,0.0000000000,-0.8870731037,-50.825545,7.0831
6,38,-0.0000000000,0.0000000000,0.0000000000,2.2078157187,126.498523,2.8459
6,39,-0.0000000000,-0.0000000000,0.0000000000,-2.2078157187,-126.498523,2.8459
6,40,-0.0000000000,-0.0000000000,0.0000000000,-2.3165672072,-132.729524,2.7123
6,41,-0.0000000000,0.0000000000,0.0000000000,2.3165672072,132.729524,2.7123
6,42,0.0000000000,-0.0000000000,0.0000000000,-0.3134568202,-17.959753,20.0448
6,43,0.0000000000,0.0000000000,0.0000000000,0.3134568202,17.959753,20.0448
6,44,0.0000000000,0.0000000000,0.0000000000,1.2382307804,70.945398,5.0743
6,45,0.0000000000,-0.0000000000,0.0000000000,-1.2382307804,-70.945398,5.0743
6,46,-0.0000000000,0.0000000000,0.0000000000,2.4561761010,140.728524,2.5581
6,47,-0.0000000000,-0.0000000000,0.0000000000,-2.4561761010,-140.728524,2.5581
6,48,0.0000000000,-0.0000000000,0.0000000000,-1.0546578677,-60.427445,5.9576
6,49,0.0000000000,0.0000000000,0.0000000000,1.0546578677,60.427445,5.9576
6,50,-0.0000000000,0.0000000000,0.0000000000,3.1415926536,180.000000,2.0000
6,51,0.0000000000,0.0000000000,0.0000000000,0.7105290863,40.710318,8.8430
6,52,0.0000000000,-0.0000000000,0.0000000000,-0.7105290863,-40.710318,8.8430
6,53,0.0000000000,-0.0000000000,0.0000000000,-0.4168239410,-23.882253,15.0740
6,54,0.0000000000,0.0000000000,0.0000000000,0.4168239410,23.882253,15.0740
6,55,0.0000000000,0.0000000000,0.0000000000,1.4630585361,83.827079,4.2946
6,56,0.0000000000,-0.0000000000,0.0000000000,-1.4630585361,-83.827079,4.2946
6,57,0.0000000000,-0.0000000000,0.0000000000,-0.0444127267,-2.544662,141.4726
6,58,0.0000000000,0.0000000000,0.0000000000,0.0444127267,2.544662,141.4726
6,59,-0.0000000000,-0.0000000000,0.0000000000,-2.8856392893,-165.334952,2.1774
6,60,-0.0000000000,0.0000000000,0.0000000000,2.8856392893,165.334952,2.1774
6,61,-0.0000000000,0.0000000000,0.0000000000,1.9328445264,110.743834,3.2507
6,62,-0.0000000000,-0.0000000000,0.0000000000,-1.9328445264,-110.743834,3.2507
6,63,0.0000000000,-0.0000000000,0.0000000000,-0.6091919153,-34.904126,10.3140
6,64,0.0000000000,0.0000000000,0.0000000000,0.6091919153,34.904126,10.3140
6,65,0.0000000000,0.0000000000,0.0000000000,0.2618776958,15.004487,23.9928
6,66,0.0000000000,-0.0000000000,0.0000000000,-0.2618776958,-15.004487,23.9928
6,67,-0.0000000000,0.0000000000,0.0000000000,2.7539005921,157.786881,2.2816
6,68,-0.0000000000,-0.0000000000,0.0000000000,-2.7539005921,-157.786881,2.2816
6,69,0.0000000000,0.0000000000,0.0000000000,0.8343816859,47.806549,7.5303
6,70,0.0000000000,-0.0000000000,0.0000000000,-0.8343816859,-47.806549,7.5303
6,71,-0.0000000000,0.0000000000,0.0000000000,1.7210756440,98.610371,3.6507
6,72,-0.0000000000,-0.0000000000,0.0000000000,-1.7210756440,-98.610371,3.6507
6,73,-0.0000000000,0.0000000000,0.0000000000,2.9667118076,169.980066,2.1179
6,74,-0.0000000000,-0.0000000000,0.0000000000,-2.9667118076,-169.980066,2.1179
6,75,-0.0000000000,-0.0000000000,0.0000000000,-2.1362428894,-122.397702,2.9412
6,76,-0.0000000000,0.0000000000,0.0000000000,2.1362428894,122.397702,2.9412
6,77,0.0000000000,-0.0000000000,0.0000000000,-0.3611321877,-20.691350,17.3986
6,78,0.0000000000,0.0000000000,0.0000000000,0.3611321877,20.691350,17.3986
6,79,-0.0000000000,0.0000000000,0.0000000000,1.8576661655,106.436431,3.3823
6,80,-0.0000000000,-0.0000000000,0.0000000000,-1.8576661655,-106.436431,3.3823
6,81,-0.0000000000,0.0000000000,0.0000000000,2.7912240806,159.925359,2.2511
6,82,-0.0000000000,-0.0000000000,0.0000000000,-2.7912240806,-159.925359,2.2511
6,83,0.0000000000,-0.0000000000,0.0000000000,-1.3493496206,-77.312038,4.6565
6,84,0.0000000000,0.0000000000,0.0000000000,1.3493496206,77.312038,4.6565
6,85,-0.0000000000,0.0000000000,0.0000000000,2.2053456423,126.356998,2.8491
6,86,-0.0000000000,-0.0000000000,0.0000000000,-2.2053456423,-126.356998,2.8491
6,87,0.0000000000,0.0000000000,0.0000000000,0.0000000000,0.000000,inf
6,88,0.0000000000,-0.0000000000,0.0000000000,-0.9954822582,-57.036932,6.3117
6,89,0.0000000000,0.0000000000,0.0000000000,0.9954822582,57.036932,6.3117
6,90,0.0000000000,-0.0000000000,0.0000000000,-1.1902416664,-68.195824,5.2789
6,91,0.0000000000,0.0000000000,0.0000000000,1.1902416664,68.195824,5.2789
6,92,-0.0000000000,0.0000000000,0.0000000000,3.1415926536,180.000000,2.0000
6,93,0.0000000000,0.0000000000,0.0000000000,0.0000000000,0.000000,inf
6,94,0.0000000000,-0.0000000000,0.0000000000,-0.9673273285,-55.423773,6.4954
6,95,0.0000000000,0.0000000000,0.0000000000,0.9673273285,55.423773,6.4954
6,96,-0.0000000000,0.0000000000,0.0000000000,2.5172716350,144.229041,2.4960
6,97,-0.0000000000,-0.0000000000,0.0000000000,-2.5172716350,-144.229041,2.4960
6,98,0.0000000000,0.0000000000,0.0000000000,0.0000000000,0.000000,inf
6,99,0.0000000000,0.0000000000,0.0000000000,0.5641694201,32.324527,11.1371
6,100,0.0000000000,-0.0000000000,0.0000000000,-0.5641694201,-32.324527,11.1371
6,101,0.0000000000,0.0000000000,0.0000000000,0.6645163861,38.073984,9.4553
6,102,0.0000000000,-0.0000000000,0.0000000000,-0.6645163861,-38.073984,9.4553
6,103,-0.0000000000,0.0000000000,0.0000000000,1.7559861394,100.610595,3.5782
6,104,-0.0000000000,-0.0000000000,0.0000000000,-1.7559861394,-100.610595,3.5782
6,105,-0.0000000000,-0.0000000000,0.0000000000,-2.6667049027,-152.790936,2.3562
6,106,-0.0000000000,0.0000000000,0.0000000000,2.6667049027,152.790936,2.3562
6,107,0.0000000000,-0.0000000000,0.0000000000,-1.5225066555,-87.233206,4.1269
6,108,0.0000000000,0.0000000000,0.0000000000,1.5225066555,87.233206,4.1269
6,109,-0.0000000000,0.0000000000,0.0000000000,3.1415926536,180.000000,2.0000
6,110,0.0000000000,-0.0000000000,0.0000000000,-1.3842058548,-79.309153,4.5392
6,111,0.0000000000,0.0000000000,0.0000000000,1.3842058548,79.309153,4.5392
6,112,0.0000000000,-0.0000000000,0.0000000000,-0.8143075725,-46.656387,7.7160
6,113,0.0000000000,0.0000000000,0.0000000000,0.8143075725,46.656387,7.7160
6,114,-0.0000000000,-0.0000000000,0.0000000000,-2.3660619527,-135.565364,2.6555
6,115,-0.0000000000,0.0000000000,0.0000000000,2.3660619527,135.565364,2.6555
6,116,-0.0000000000,0.0000000000,0.0000000000,1.8938091782,108.507273,3.3177
6,117,-0.0000000000,-0.0000000000,0.0000000000,-1.8938091782,-108.507273,3.3177
6,118,-0.0000000000,-0.0000000000,0.0000000000,-2.4997725055,-143.226414,2.5135
6,119,-0.0000000000,0.0000000000,0.0000000000,2.4997725055,143.226414,2.5135
6,120,-0.0000000000,-0.0000000000,0.0000000000,-2.8497929047,-163.281106,2.2048
6,121,-0.0000000000,0.0000000000,0.0000000000,2.8497929047,163.281106,2.2048
6,122,-0.0000000000,0.0000000000,0.0000000000,3.0699322265,175.894160,2.0467
6,123,-0.0000000000,-0.0000000000,0.0000000000,-3.0699322265,-175.894160,2.0467
6,124,0.0000000000,0.0000000000,0.0000000000,0.3043581415,17.438437,20.6441
6,125,0.0000000000,-0.0000000000,0.0000000000,-0.3043581415,-17.438437,20.6441
6,126,-0.0000000000,-0.0000000000,0.0000000000,-1.7140475896,-98.207693,3.6657
6,127,-0.0000000000,0.0000000000,0.0000000000,1.7140475896,98.207693,3.6657
6,128,-0.0000000000,-0.0000000000,0.0000000000,-2.4945259028,-142.925806,2.5188
6,129,-0.0000000000,0.0000000000,0.0000000000,2.4945259028,142.925806,2.5188
6,130,0.0000000000,0.0000000000,0.0000000000,0.0000000000,0.000000,inf
6,131,-0.0000000000,-0.0000000000,0.0000000000,-2.2998598711,-131.772264,2.7320
6,132,-0.0000000000,0.0000000000,0.0000000000,2.2998598711,131.772264,2.7320
6,133,0.0000000000,-0.0000000000,0.0000000000,-0.7698418725,-44.108690,8.1617
6,134,0.0000000000,0.0000000000,0.0000000000,0.7698418725,44.108690,8.1617
6,135,0.0000000000,-0.0000000000,0.0000000000,-0.2205567616,-12.636972,28.4878
6,136,0.0000000000,0.0000000000,0.0000000000,0.2205567616,12.636972,28.4878
6,137,-0.0000000000,0.0000000000,0.0000000000,2.1789105946,124.842381,2.8836
6,138,-0.0000000000,-0.0000000000,0.0000000000,-2.1789105946,-124.842381,2.8836
6,139,0.0000000000,-0.0000000000,0.0000000000,-1.0181767678,-58.337232,6.1710
6,140,0.0000000000,0.0000000000,0.0000000000,1.0181767678,58.337232,6.1710
6,141,0.0000000000,-0.0000000000,0.0000000000,-1.2493083552,-71.580096,5.0293
6,142,0.0000000000,0.0000000000,0.0000000000,1.2493083552,71.580096,5.0293
6,143,0.0000000000,0.0000000000,0.0000000000,1.4410400499,82.565513,4.3602
6,144,0.0000000000,-0.0000000000,0.0000000000,-1.4410400499,-82.565513,4.3602
6,145,-0.0000000000,0.0000000000,0.0000000000,1.6186334891,92.740868,3.8818
6,146,-0.0000000000,-0.0000000000,0.0000000000,-1.6186334891,-92.740868,3.8818
6,147,-0.0000000000,-0.0000000000,0.0000000000,-2.8421054426,-162.840647,2.2108
6,148,-0.0000000000,0.0000000000,0.0000000000,2.8421054426,162.840647,2.2108
6,149,-0.0000000000,0.0000000000,0.0000000000,1.9623666528,112.435327,3.2018
6,150,-0.0000000000,-0.0000000000,0.0000000000,-1.9623666528,-112.435327,3.2018
6,151,-0.0000000000,0.0000000000,0.0000000000,2.4071050599,137.916961,2.6103
6,152,-0.0000000000,-0.0000000000,0.0000000000,-2.4071050599,-137.916961,2.6103
6,153,0.0000000000,0.0000000000,0.0000000000,0.0000000000,0.000000,inf
6,154,0.0000000000,-0.0000000000,0.0000000000,-1.3968150493,-80.031607,4.4982
6,155,0.0000000000,0.0000000000,0.0000000000,1.3968150493,80.031607,4.4982
6,156,0.0000000000,-0.0000000000,0.0000000000,-0.6604297671,-37.839838,9.5138
6,157,0.0000000000,0.0000000000,0.0000000000,0.6604297671,37.839838,9.5138
6,158,-0.0000000000,-0.0000000000,0.0000000000,-1.9462586276,-111.512405,3.2283
6,159,-0.0000000000,0.0000000000,0.0000000000,1.9462586276,111.512405,3.2283
6,160,-0.0000000000,-0.0000000000,0.0000000000,-1.6946954333,-97.098896,3.7076
6,161,-0.0000000000,0.0000000000,0.0000000000,1.6946954333,97.098896,3.7076
6,162,-0.0000000000,0.0000000000,0.0000000000,2.8551465078,163.587845,2.2007
6,163,-0.0000000000,-0.0000000000,0.0000000000,-2.8551465078,-163.587845,2.2007
6,164,0.0000000000,0.0000000000,0.0000000000,1.1393221458,65.278350,5.5148
6,165,0.0000000000,-0.0000000000,0.0000000000,-1.1393221458,-65.278350,5.5148
6,166,-0.0000000000,0.0000000000,0.0000000000,2.2706852469,130.100681,2.7671
6,167,-0.0000000000,-0.0000000000,0.0000000000,-2.2706852469,-130.100681,2.7671
6,168,0.0000000000,0.0000000000,0.0000000000,0.1997437172,11.444472,31.4562
6,169,0.0000000000,-0.0000000000,0.0000000000,-0.1997437172,-11.444472,31.4562
6,170,0.0000000000,0.0000000000,0.0000000000,0.4361339316,24.988634,14.4066
6,171,0.0000000000,-0.0000000000,0.0000000000,-0.4361339316,-24.988634,14.4066
6,172,0.0000000000,0.0000000000,0.0000000000,0.6385003766,36.583377,9.8405
6,173,0.0000000000,-0.0000000000,0.0000000000,-0.6385003766,-36.583377,9.8405
6,174,-0.0000000000,0.0000000000,0.0000000000,1.8755906917,107.463431,3.3500
6,175,-0.0000000000,-0.0000000000,0.0000000000,-1.8755906917,-107.463431,3.3500
6,176,-0.0000000000,0.0000000000,0.0000000000,3.1415926536,180.000000,2.0000
6,177,0.0000000000,-0.0000000000,0.0000000000,-0.4871910114,-27.913989,12.8968
6,178,0.0000000000,0.0000000000,0.0000000000,0.4871910114,27.913989,12.8968
6,179,-0.0000000000,-0.0000000000,0.0000000000,-2.6459245432,-151.600309,2.3747
6,180,-0.0000000000,0.0000000000,0.0000000000,2.6459245432,151.600309,2.3747
6,181,0.0000000000,0.0000000000,0.0000000000,1.3286064764,76.123544,4.7292
6,182,0.0000000000,-0.0000000000,0.0000000000,-1.3286064764,-76.123544,4.7292
6,183,-0.0000000000,-0.0000000000,0.0000000000,-2.2039944854,-126.279582,2.8508
6,184,-0.0000000000,0.0000000000,0.0000000000,2.2039944854,126.279582,2.8508
6,185,0.0000000000,-0.0000000000,0.0000000000,-0.8937873521,-51.210243,7.0298
6,186,0.0000000000,0.0000000000,0.0000000000,0.8937873521,51.210243,7.0298
6,187,-0.0000000000,0.0000000000,0.0000000000,2.9981782441,171.782960,2.0957
6,188,-0.0000000000,-0.0000000000,0.0000000000,-2.9981782441,-171.782960,2.0957
6,189,0.0000000000,0.0000000000,0.0000000000,0.0000000000,0.000000,inf
6,190,-0.0000000000,0.0000000000,0.0000000000,2.7249014872,156.125355,2.3058
6,191,-0.0000000000,-0.0000000000,0.0000000000,-2.7249014872,-156.125355,2.3058
6,192,0.0000000000,-0.0000000000,0.0000000000,-1.3363420385,-76.566759,4.7018
6,193,0.0000000000,0.0000000000,0.0000000000,1.3363420385,76.566759,4.7018
6,194,-0.0000000000,0.0000000000,0.0000000000,2.4745285189,141.780040,2.5391
6,195,-0.0000000000,-0.0000000000,0.0000000000,-2.4745285189,-141.780040,2.5391
6,196,-0.0000000000,-0.0000000000,0.0000000000,-2.5709505105,-147.304614,2.4439
6,197,-0.0000000000,0.0000000000,0.0000000000,2.5709505105,147.304614,2.4439
6,198,0.0000000000,-0.0000000000,0.0000000000,-1.2542275904,-71.861947,5.0096
6,199,0.0000000000,0.0000000000,0.0000000000,1.2542275904,71.861947,5.0096
6,200,-0.0000000000,-0.0000000000,0.0000000000,-1.7959714632,-102.901585,3.4985
6,201,-0.0000000000,0.0000000000,0.0000000000,1.7959714632,102.901585,3.4985
6,202,0.0000000000,-0.0000000000,0.0000000000,-0.6100619593,-34.953976,10.2993
6,203,0.0000000000,0.0000000000,0.0000000000,0.6100619593,34.953976,10.2993
6,204,-0.0000000000,0.0000000000,0.0000000000,3.1415926536,180.000000,2.0000
6,205,-0.0000000000,0.0000000000,0.0000000000,2.3533960021,134.839658,2.6698
6,206,-0.0000000000,-0.0000000000,0.0000000000,-2.3533960021,-134.839658,2.6698
6,207,0.0000000000,-0.0000000000,0.0000000000,-0.6857395941,-39.289985,9.1626
6,208,0.0000000000,0.0000000000,0.0000000000,0.6857395941,39.289985,9.1626
6,209,0.0000000000,-0.0000000000,0.0000000000,-0.9364302731,-53.653502,6.7097
6,210,0.0000000000,0.0000000000,0.0000000000,0.9364302731,53.653502,6.7097
6,211,0.0000000000,0.0000000000,0.0000000000,0.3522184678,20.180632,17.8389
6,212,0.0000000000,-0.0000000000,0.0000000000,-0.3522184678,-20.180632,17.8389
6,213,-0.0000000000,0.0000000000,0.0000000000,1.6246191028,93.083818,3.8675
6,214,-0.0000000000,-0.0000000000,0.0000000000,-1.6246191028,-93.083818,3.8675
6,215,-0.0000000000,0.0000000000,0.0000000000,3.1415926536,180.000000,2.0000
6,216,0.0000000000,0.0000000000,0.0000000000,1.0637949612,60.950962,5.9064
6,217,0.0000000000,-0.0000000000,0.0000000000,-1.0637949612,-60.950962,5.9064
6,218,0.0000000000,0.0000000000,0.0000000000,0.1277944751,7.322084,49.1663
6,219,0.0000000000,-0.0000000000,0.0000000000,-0.1277944751,-7.322084,49.1663
6,220,0.0000000000,0.0000000000,0.0000000000,0.0000000000,0.000000,inf
6,221,-0.0000000000,0.0000000000,0.0000000000,3.1415926536,180.000000,2.0000
6,222,-0.0000000000,0.0000000000,0.0000000000,2.0702263376,118.615232,3.0350
6,223,-0.0000000000,-0.0000000000,0.0000000000,-2.0702263376,-118.615232,3.0350
6,224,-0.0000000000,0.0000000000,0.0000000000,2.1252111641,121.765630,2.9565
6,225,-0.0000000000,-0.0000000000,0.0000000000,-2.1252111641,-121.765630,2.9565
6,226,0.0000000000,0.0000000000,0.0000000000,1.2476639292,71.485877,5.0360
6,227,0.0000000000,-0.0000000000,0.0000000000,-1.2476639292,-71.485877,5.0360
6,228,0.0000000000,0.0000000000,0.0000000000,0.6704019667,38.411203,9.3723
6,229,0.0000000000,-0.0000000000,0.0000000000,-0.6704019667,-38.411203,9.3723
6,230,-0.0000000000,0.0000000000,0.0000000000,1.9145823100,109.697486,3.2818
6,231,-0.0000000000,-0.0000000000,0.0000000000,-1.9145823100,-109.697486,3.2818
6,232,0.0000000000,0.0000000000,0.0000000000,0.0000000000,0.000000,inf
6,233,-0.0000000000,0.0000000000,0.0000000000,2.8848133695,165.287631,2.1780
6,234,-0.0000000000,-0.0000000000,0.0000000000,-2.8848133695,-165.287631,2.1780
6,235,0.0000000000,0.0000000000,0.0000000000,1.1522741140,66.020444,5.4529
6,236,0.0000000000,-0.0000000000,0.0000000000,-1.1522741140,-66.020444,5.4529
6,237,-0.0000000000,0.0000000000,0.0000000000,3.1415926536,180.000000,2.0000
6,238,0.0000000000,0.0000000000,0.0000000000,0.0000000000,0.000000,inf
6,239,-0.0000000000,0.0000000000,0.0000000000,2.1603118952,123.776754,2.9085
6,240,-0.0000000000,-0.0000000000,0.0000000000,-2.1603118952,-123.776754,2.9085
6,241,-0.0000000000,0.0000000000,0.0000000000,3.1415926536,180.000000,2.0000
6,242,0.0000000000,0.0000000000,0.0000000000,0.9673111307,55.422845,6.4955
6,243,0.0000000000,-0.0000000000,0.0000000000,-0.9673111307,-55.422845,6.4955
6,244,0.0000000000,0.0000000000,0.0000000000,0.0000000000,0.000000,inf
6,245,0.0000000000,0.0000000000,0.0000000000,0.6523812290,37.378691,9.6312
6,246,0.0000000000,-0.0000000000,0.0000000000,-0.6523812290,-37.378691,9.6312
6,247,-0.0000000000,0.0000000000,0.0000000000,1.9158275187,109.768831,3.2796
6,248,-0.0000000000,-0.0000000000,0.0000000000,-1.9158275187,-109.768831,3.2796
6,249,-0.0000000000,0.0000000000,0.0000000000,3.1415926536,180.000000,2.0000
6,250,0.0000000000,0.0000000000,0.0000000000,0.0000000000,0.000000,inf
6,251,0.0000000000,0.0000000000,0.0000000000,1.2584602499,72.104461,4.9928
6,252,0.0000000000,-0.0000000000,0.0000000000,-1.2584602499,-72.104461,4.9928
6,253,-0.0000000000,0.0000000000,0.0000000000,2.5144564644,144.067743,2.4988
6,254,-0.0000000000,-0.0000000000,0.0000000000,-2.5144564644,-144.067743,2.4988
6,255,-0.0000000000,0.0000000000,0.0000000000,3.1415926536,180.000000,2.0000
6,256,0.0000000000,0.0000000000,0.0000000000,1.5693270324,89.915816,4.0037
6,257,0.0000000000,-0.0000000000,0.0000000000,-1.5693270324,-89.915816,4.0037
6,258,0.0000000000,0.0000000000,0.0000000000,0.0000000000,0.000000,inf
6,259,-0.0000000000,0.0000000000,0.0000000000,2.3546707180,134.912694,2.6684
6,260,-0.0000000000,-0.0000000000,0.0000000000,-2.3546707180,-134.912694,2.6684
6,261,0.0000000000,-0.0000000000,0.0000000000,-0.7839072272,-44.914576,8.0152
6,262,0.0000000000,0.0000000000,0.0000000000,0.7839072272,44.914576,8.0152
6,263,0.0000000000,-0.0000000000,0.0000000000,-0.6192804809,-35.482158,10.1459
6,264,0.0000000000,0.0000000000,0.0000000000,0.6192804809,35.482158,10.1459
6,265,0.0000000000,-0.0000000000,0.0000000000,-0.9635538910,-55.207571,6.5208
6,266,0.0000000000,0.0000000000,0.0000000000,0.9635538910,55.207571,6.5208
6,267,-0.0000000000,-0.0000000000,0.0000000000,-2.1940810478,-125.711584,2.8637
6,268,-0.0000000000,0.0000000000,0.0000000000,2.1940810478,125.711584,2.8637
6,269,-0.0000000000,-0.0000000000,0.0000000000,-2.5327706735,-145.117070,2.4808
6,270,-0.0000000000,0.0000000000,0.0000000000,2.5327706735,145.117070,2.4808
6,271,-0.0000000000,0.0000000000,0.0000000000,2.0860594944,119.522405,3.0120
6,272,-0.0000000000,-0.0000000000,0.0000000000,-2.0860594944,-119.522405,3.0120
6,273,0.0000000000,0.0000000000,0.0000000000,0.0000000000,0.000000,inf
6,274,0.0000000000,-0.0000000000,0.0000000000,-1.0472752419,-60.004451,5.9996
6,275,0.0000000000,0.0000000000,0.0000000000,1.0472752419,60.004451,5.9996
6,276,-0.0000000000,0.0000000000,0.0000000000,3.1415926536,180.000000,2.0000
6,277,0.0000000000,0.0000000000,0.0000000000,0.2439361906,13.976514,25.7575
6,278,0.0000000000,-0.0000000000,0.0000000000,-0.2439361906,-13.976514,25.7575
6,279,-0.0000000000,-0.0000000000,0.0000000000,-1.8505332357,-106.027744,3.3953
6,280,-0.0000000000,0.0000000000,0.0000000000,1.8505332357,106.027744,3.3953
6,281,-0.0000000000,-0.0000000000,0.0000000000,-2.3382953304,-133.974454,2.6871
6,282,-0.0000000000,0.0000000000,0.0000000000,2.3382953304,133.974454,2.6871
6,283,0.0000000000,0.0000000000,0.0000000000,0.0000000000,0.000000,inf
6,284,-0.0000000000,-0.0000000000,0.0000000000,-2.0943985087,-120.000195,3.0000
6,285,-0.0000000000,0.0000000000,0.0000000000,2.0943985087,120.000195,3.0000
6,286,0.0000000000,-0.0000000000,0.0000000000,-0.8422214170,-48.255733,7.4603
6,287,0.0000000000,0.0000000000,0.0000000000,0.8422214170,48.255733,7.4603
6,288,-0.0000000000,-0.0000000000,0.0000000000,-2.9366371113,-168.256912,2.1396
6,289,-0.0000000000,0.0000000000,0.0000000000,2.9366371113,168.256912,2.1396
6,290,0.0000000000,-0.0000000000,0.0000000000,-1.2521815027,-71.744715,5.0178
6,291,0.0000000000,0.0000000000,0.0000000000,1.2521815027,71.744715,5.0178
6,292,0.0000000000,-0.0000000000,0.0000000000,-1.5508944960,-88.859709,4.0513
6,293,0.0000000000,0.0000000000,0.0000000000,1.5508944960,88.859709,4.0513
6,294,-0.0000000000,0.0000000000,0.0000000000,2.6378807334,151.139433,2.3819
6,295,-0.0000000000,-0.0000000000,0.0000000000,-2.6378807334,-151.139433,2.3819
6,296,0.0000000000,-0.0000000000,0.0000000000,-0.5435022788,-31.140387,11.5606
6,297,0.0000000000,0.0000000000,0.0000000000,0.5435022788,31.140387,11.5606
6,298,-0.0000000000,0.0000000000,0.0000000000,2.0943851541,119.999430,3.0000
6,299,-0.0000000000,-0.0000000000,0.0000000000,-2.0943851541,-119.999430,3.0000
6,300,0.0000000000,0.0000000000,0.0000000000,0.0000000000,0.000000,inf
6,301,-0.0000000000,0.0000000000,0.0000000000,2.6909052377,154.177513,2.3350
6,302,-0.0000000000,-0.0000000000,0.0000000000,-2.6909052377,-154.177513,2.3350
6,303,0.0000000000,0.0000000000,0.0000000000,1.4978755091,85.821945,4.1947
6,304,0.0000000000,-0.0000000000,0.0000000000,-1.4978755091,-85.821945,4.1947
6,305,0.0000000000,-0.0000000000,0.0000000000,-0.5965049141,-34.177214,10.5333
6,306,0.0000000000,0.0000000000,0.0000000000,0.5965049141,34.177214,10.5333
6,307,-0.0000000000,0.0000000000,0.0000000000,1.5707966639,90.000019,4.0000
6,308,-0.0000000000,-0.0000000000,0.0000000000,-1.5707966639,-90.000019,4.0000
6,309,0.0000000000,0.0000000000,0.0000000000,0.0899759526,5.155242,69.8318
6,310,0.0000000000,-0.0000000000,0.0000000000,-0.0899759526,-5.155242,69.8318
6,311,-0.0000000000,0.0000000000,0.0000000000,3.0516159560,174.844715,2.0590
6,312,-0.0000000000,-0.0000000000,0.0000000000,-3.0516159560,-174.844715,2.0590
6,313,0.0000000000,0.0000000000,0.0000000000,1.0607691905,60.777598,5.9232
6,314,0.0000000000,-0.0000000000,0.0000000000,-1.0607691905,-60.777598,5.9232
6,315,-0.0000000000,0.0000000000,0.0000000000,2.0808235074,119.222405,3.0196
6,316,-0.0000000000,-0.0000000000,0.0000000000,-2.0808235074,-119.222405,3.0196
6,317,0.0000000000,0.0000000000,0.0000000000,1.5707962216,89.999994,4.0000
6,318,0.0000000000,-0.0000000000,0.0000000000,-1.5707962216,-89.999994,4.0000
6,319,-0.0000000000,-0.0000000000,0.0000000000,-2.6569863052,-152.234102,2.3648
6,320,-0.0000000000,0.0000000000,0.0000000000,2.6569863052,152.234102,2.3648
6,321,0.0000000000,-0.0000000000,0.0000000000,-0.4846059756,-27.765877,12.9656
6,322,0.0000000000,0.0000000000,0.0000000000,0.4846059756,27.765877,12.9656
6,323,0.0000000000,-0.0000000000,0.0000000000,-0.7099097346,-40.674832,8.8507
6,324,0.0000000000,0.0000000000,0.0000000000,0.7099097346,40.674832,8.8507
6,325,-0.0000000000,0.0000000000,0.0000000000,2.4316829960,139.325173,2.5839
6,326,-0.0000000000,-0.0000000000,0.0000000000,-2.4316829960,-139.325173,2.5839
6,327,0.0000000000,0.0000000000,0.0000000000,0.9711371496,55.642060,6.4699
6,328,0.0000000000,-0.0000000000,0.0000000000,-0.9711371496,-55.642060,6.4699
6,329,-0.0000000000,-0.0000000000,0.0000000000,-2.1704558131,-124.357958,2.8949
6,330,-0.0000000000,0.0000000000,0.0000000000,2.1704558131,124.357958,2.8949
6,331,0.0000000000,0.0000000000,0.0000000000,0.0000000000,0.000000,inf
6,332,-0.0000000000,0.0000000000,0.0000000000,3.1415926536,180.000000,2.0000
6,333,-0.0000000000,-0.0000000000,0.0000000000,-2.2931335921,-131.386877,2.7400
6,334,-0.0000000000,0.0000000000,0.0000000000,2.2931335921,131.386877,2.7400
6,335,0.0000000000,-0.0000000000,0.0000000000,-0.8484591184,-48.613127,7.4054
6,336,0.0000000000,0.0000000000,0.0000000000,0.8484591184,48.613127,7.4054
6,337,-0.0000000000,0.0000000000,0.0000000000,1.8541973398,106.237682,3.3886
6,338,-0.0000000000,-0.0000000000,0.0000000000,-1.8541973398,-106.237682,3.3886
6,339,0.0000000000,-0.0000000000,0.0000000000,-1.2873953767,-73.762322,4.8805
6,340,0.0000000000,0.0000000000,0.0000000000,1.2873953767,73.762322,4.8805
6,341,0.0000000000,0.0000000000,0.0000000000,0.0000000000,0.000000,inf
6,342,-0.0000000000,0.0000000000,0.0000000000,3.1415926536,180.000000,2.0000
6,343,0.0000000000,-0.0000000000,0.0000000000,-0.5553993604,-31.822039,11.3129
6,344,0.0000000000,0.0000000000,0.0000000000,0.5553993604,31.822039,11.3129
6,345,-0.0000000000,-0.0000000000,0.0000000000,-2.5861928125,-148.177933,2.4295
6,346,-0.0000000000,0.0000000000,0.0000000000,2.5861928125,148.177933,2.4295
6,347,0.0000000000,0.0000000000,0.0000000000,1.4564179362,83.446601,4.3141
6,348,0.0000000000,-0.0000000000,0.0000000000,-1.4564179362,-83.446601,4.3141
6,349,-0.0000000000,-0.0000000000,0.0000000000,-1.6851745864,-96.553392,3.7285
6,350,-0.0000000000,0.0000000000,0.0000000000,1.6851745864,96.553392,3.7285
6,351,-0.0000000000,0.0000000000,0.0000000000,3.1415926536,180.000000,2.0000
6,352,0.0000000000,0.0000000000,0.0000000000,0.0000000000,0.000000,inf
6,353,-0.0000000000,-0.0000000000,0.0000000000,-2.6725472196,-153.125676,2.3510
6,354,-0.0000000000,0.0000000000,0.0000000000,2.6725472196,153.125676,2.3510
6,355,0.0000000000,0.0000000000,0.0000000000,0.4690456338,26.874335,13.3957
6,356,0.0000000000,-0.0000000000,0.0000000000,-0.4690456338,-26.874335,13.3957
6,357,-0.0000000000,-0.0000000000,0.0000000000,-2.7520722171,-157.682123,2.2831
6,358,-0.0000000000,0.0000000000,0.0000000000,2.7520722171,157.682123,2.2831
6,359,0.0000000000,0.0000000000,0.0000000000,0.3895204067,22.317875,16.1306
6,360,0.0000000000,-0.0000000000,0.0000000000,-0.3895204067,-22.317875,16.1306
6,361,-0.0000000000,0.0000000000,0.0000000000,2.1189377004,121.406187,2.9653
6,362,-0.0000000000,-0.0000000000,0.0000000000,-2.1189377004,-121.406187,2.9653
6,363,0.0000000000,0.0000000000,0.0000000000,1.0226548331,58.593806,6.1440
6,364,0.0000000000,-0.0000000000,0.0000000000,-1.0226548331,-58.593806,6.1440
6,365,0.0000000000,-0.0000000000,0.0000000000,-1.5707962872,-89.999998,4.0000
6,366,0.0000000000,0.0000000000,0.0000000000,1.5707962872,89.999998,4.0000
6,367,0.0000000000,0.0000000000,0.0000000000,1.5707962893,89.999998,4.0000
6,368,0.0000000000,-0.0000000000,0.0000000000,-1.5707962893,-89.999998,4.0000
6,369,0.0000000000,0.0000000000,0.0000000000,0.0000000000,0.000000,inf
6,370,-0.0000000000,0.0000000000,0.0000000000,3.1415926536,180.000000,2.0000
6,371,0.0000000000,-0.0000000000,0.0000000000,-0.4983391693,-28.552731,12.6083
6,372,0.0000000000,0.0000000000,0.0000000000,0.4983391693,28.552731,12.6083
6,373,-0.0000000000,0.0000000000,0.0000000000,2.6432535179,151.447271,2.3771
6,374,-0.0000000000,-0.0000000000,0.0000000000,-2.6432535179,-151.447271,2.3771
6,375,0.0000000000,0.0000000000,0.0000000000,1.5707962806,89.999997,4.0000
6,376,0.0000000000,-0.0000000000,0.0000000000,-1.5707962806,-89.999997,4.0000
6,377,-0.0000000000,0.0000000000,0.0000000000,3.1415926536,180.000000,2.0000
6,378,0.0000000000,0.0000000000,0.0000000000,0.0000000000,0.000000,inf
6,379,0.0000000000,0.0000000000,0.0000000000,0.0000000000,0.000000,inf
6,380,-0.0000000000,-0.0000000000,0.0000000000,-1.9784124084,-113.354681,3.1759
6,381,-0.0000000000,0.0000000000,0.0000000000,1.9784124084,113.354681,3.1759
6,382,0.0000000000,0.0000000000,0.0000000000,0.2384689947,13.663267,26.3480
6,383,0.0000000000,-0.0000000000,0.0000000000,-0.2384689947,-13.663267,26.3480
6,384,-0.0000000000,0.0000000000,0.0000000000,3.1415926536,180.000000,2.0000
6,385,0.0000000000,0.0000000000,0.0000000000,0.0000000000,0.000000,inf
6,386,-0.0000000000,-0.0000000000,0.0000000000,-2.4699743430,-141.519105,2.5438
6,387,-0.0000000000,0.0000000000,0.0000000000,2.4699743430,141.519105,2.5438
6,388,0.0000000000,-0.0000000000,0.0000000000,-0.5146280457,-29.486015,12.2092
6,389,0.0000000000,0.0000000000,0.0000000000,0.5146280457,29.486015,12.2092
6,390,-0.0000000000,0.0000000000,0.0000000000,3.1415926536,180.000000,2.0000
6,391,-0.0000000000,0.0000000000,0.0000000000,2.3274869715,133.355180,2.6996
6,392,-0.0000000000,-0.0000000000,0.0000000000,-2.3274869715,-133.355180,2.6996
6,393,0.0000000000,-0.0000000000,0.0000000000,-1.2338025010,-70.691676,5.0925
6,394,0.0000000000,0.0000000000,0.0000000000,1.2338025010,70.691676,5.0925
6,395,-0.0000000000,-0.0000000000,0.0000000000,-1.8483558571,-105.902990,3.3993
6,396,-0.0000000000,0.0000000000,0.0000000000,1.8483558571,105.902990,3.3993
6,397,0.0000000000,0.0000000000,0.0000000000,0.0000000000,0.000000,inf
6,398,-0.0000000000,0.0000000000,0.0000000000,2.6897809791,154.113098,2.3359
6,399,-0.0000000000,-0.0000000000,0.0000000000,-2.6897809791,-154.113098,2.3359
6,400,0.0000000000,-0.0000000000,0.0000000000,-0.5006894906,-28.687395,12.5491
6,401,0.0000000000,0.0000000000,0.0000000000,0.5006894906,28.687395,12.5491
6,402,-0.0000000000,0.0000000000,0.0000000000,2.4641511722,141.185462,2.5498
6,403,-0.0000000000,-0.0000000000,0.0000000000,-2.4641511722,-141.185462,2.5498
6,404,0.0000000000,0.0000000000,0.0000000000,0.4417511099,25.310474,14.2234
6,405,0.0000000000,-0.0000000000,0.0000000000,-0.4417511099,-25.310474,14.2234
6,406,-0.0000000000,0.0000000000,0.0000000000,3.1415926536,180.000000,2.0000
6,407,-0.0000000000,0.0000000000,0.0000000000,2.1912531170,125.549555,2.8674
6,408,-0.0000000000,-0.0000000000,0.0000000000,-2.1912531170,-125.549555,2.8674
6,409,0.0000000000,0.0000000000,0.0000000000,1.2858930529,73.676245,4.8862
6,410,0.0000000000,-0.0000000000,0.0000000000,-1.2858930529,-73.676245,4.8862
6,411,0.0000000000,-0.0000000000,0.0000000000,-0.7417151611,-42.497148,8.4712
6,412,0.0000000000,0.0000000000,0.0000000000,0.7417151611,42.497148,8.4712
6,413,0.0000000000,0.0000000000,0.0000000000,0.0000000000,0.000000,inf
6,414,0.0000000000,0.0000000000,0.0000000000,1.0079158913,57.749327,6.2338
6,415,0.0000000000,-0.0000000000,0.0000000000,-1.0079158913,-57.749327,6.2338
6,416,0.0000000000,0.0000000000,0.0000000000,1.2394835206,71.017175,5.0692
6,417,0.0000000000,-0.0000000000,0.0000000000,-1.2394835206,-71.017175,5.0692
6,418,-0.0000000000,0.0000000000,0.0000000000,3.1415926536,180.000000,2.0000
6,419,-0.0000000000,-0.0000000000,0.0000000000,-2.7689397772,-158.648563,2.2692
6,420,-0.0000000000,0.0000000000,0.0000000000,2.7689397772,158.648563,2.2692
6,421,-0.0000000000,-0.0000000000,0.0000000000,-1.7476564769,-100.133340,3.5952
6,422,-0.0000000000,0.0000000000,0.0000000000,1.7476564769,100.133340,3.5952
6,423,-0.0000000000,0.0000000000,0.0000000000,3.1415926536,180.000000,2.0000
6,424,-0.0000000000,-0.0000000000,0.0000000000,-2.3091541477,-132.304787,2.7210
6,425,-0.0000000000,0.0000000000,0.0000000000,2.3091541477,132.304787,2.7210
6,426,-0.0000000000,-0.0000000000,0.0000000000,-2.5742565410,-147.494035,2.4408
6,427,-0.0000000000,0.0000000000,0.0000000000,2.5742565410,147.494035,2.4408
6,428,0.0000000000,-0.0000000000,0.0000000000,-0.3338672763,-19.129186,18.8194
6,429,0.0000000000,0.0000000000,0.0000000000,0.3338672763,19.129186,18.8194
6,430,0.0000000000,0.0000000000,0.0000000000,0.0000000000,0.000000,inf
6,431,0.0000000000,0.0000000000,0.0000000000,0.5193759888,29.758052,12.0976
6,432,0.0000000000,-0.0000000000,0.0000000000,-0.5193759888,-29.758052,12.0976
6,433,-0.0000000000,-0.0000000000,0.0000000000,-2.3064065540,-132.147361,2.7242
6,434,-0.0000000000,0.0000000000,0.0000000000,2.3064065540,132.147361,2.7242
6,435,0.0000000000,-0.0000000000,0.0000000000,-1.3509097933,-77.401430,4.6511
6,436,0.0000000000,0.0000000000,0.0000000000,1.3509097933,77.401430,4.6511
6,437,0.0000000000,-0.0000000000,0.0000000000,-0.7119443773,-40.791408,8.8254
6,438,0.0000000000,0.0000000000,0.0000000000,0.7119443773,40.791408,8.8254
6,439,-0.0000000000,0.0000000000,0.0000000000,1.5825558531,90.673771,3.9703
6,440,-0.0000000000,-0.0000000000,0.0000000000,-1.5825558531,-90.673771,3.9703
6,441,-0.0000000000,-0.0000000000,0.0000000000,-2.3127008109,-132.507996,2.7168
6,442,-0.0000000000,0.0000000000,0.0000000000,2.3127008109,132.507996,2.7168
6,443,-0.0000000000,0.0000000000,0.0000000000,2.7373459538,156.838370,2.2954
6,444,-0.0000000000,-0.0000000000,0.0000000000,-2.7373459538,-156.838370,2.2954
6,445,-0.0000000000,0.0000000000,0.0000000000,3.0812829153,176.544507,2.0391
6,446,-0.0000000000,-0.0000000000,0.0000000000,-3.0812829153,-176.544507,2.0391
6,447,0.0000000000,0.0000000000,0.0000000000,0.4660621654,26.703395,13.4814
6,448,0.0000000000,-0.0000000000,0.0000000000,-0.4660621654,-26.703395,13.4814
6,449,0.0000000000,-0.0000000000,0.0000000000,-0.9635565832,-55.207726,6.5208
6,450,0.0000000000,0.0000000000,0.0000000000,0.9635565832,55.207726,6.5208
6,451,-0.0000000000,-0.0000000000,0.0000000000,-1.8474115139,-105.848883,3.4011
6,452,-0.0000000000,0.0000000000,0.0000000000,1.8474115139,105.848883,3.4011
6,453,-0.0000000000,0.0000000000,0.0000000000,1.6748153173,95.959849,3.7516
6,454,-0.0000000000,-0.0000000000,0.0000000000,-1.6748153173,-95.959849,3.7516
6,455,0.0000000000,0.0000000000,0.0000000000,0.0000000000,0.000000,inf
6,456,0.0000000000,0.0000000000,0.0000000000,0.4420882238,25.329789,14.2125
6,457,0.0000000000,-0.0000000000,0.0000000000,-0.4420882238,-25.329789,14.2125
6,458,-0.0000000000,0.0000000000,0.0000000000,3.1415926536,180.000000,2.0000
6,459,0.0000000000,0.0000000000,0.0000000000,1.3774144046,78.920032,4.5616
6,460,0.0000000000,-0.0000000000,0.0000000000,-1.3774144046,-78.920032,4.5616
6,461,0.0000000000,-0.0000000000,0.0000000000,-1.5395170129,-88.207827,4.0813
6,462,0.0000000000,0.0000000000,0.0000000000,1.5395170129,88.207827,4.0813
6,463,0.0000000000,0.0000000000,0.0000000000,0.0000000000,0.000000,inf
6,464,-0.0000000000,-0.0000000000,0.0000000000,-2.9012253511,-166.227968,2.1657
6,465,-0.0000000000,0.0000000000,0.0000000000,2.9012253511,166.227968,2.1657
6,466,0.0000000000,-0.0000000000,0.0000000000,-1.3519002011,-77.458176,4.6477
6,467,0.0000000000,0.0000000000,0.0000000000,1.3519002011,77.458176,4.6477
6,468,0.0000000000,0.0000000000,0.0000000000,0.2044602969,11.714712,30.7306
6,469,0.0000000000,-0.0000000000,0.0000000000,-0.2044602969,-11.714712,30.7306
6,470,-0.0000000000,-0.0000000000,0.0000000000,-2.5454858761,-145.845598,2.4684
6,471,-0.0000000000,0.0000000000,0.0000000000,2.5454858761,145.845598,2.4684
6,472,0.0000000000,-0.0000000000,0.0000000000,-0.8437706970,-48.344500,7.4466
6,473,0.0000000000,0.0000000000,0.0000000000,0.8437706970,48.344500,7.4466
6,474,-0.0000000000,0.0000000000,0.0000000000,1.7724723698,101.555186,3.5449
6,475,-0.0000000000,-0.0000000000,0.0000000000,-1.7724723698,-101.555186,3.5449
6,476,-0.0000000000,-0.0000000000,0.0000000000,-2.4979265187,-143.120647,2.5154
6,477,-0.0000000000,0.0000000000,0.0000000000,2.4979265187,143.120647,2.5154
6,478,0.0000000000,-0.0000000000,0.0000000000,-0.7367411602,-42.212159,8.5283
6,479,0.0000000000,0.0000000000,0.0000000000,0.7367411602,42.212159,8.5283
6,480,-0.0000000000,-0.0000000000,0.0000000000,-3.0062088558,-172.243080,2.0901
6,481,-0.0000000000,0.0000000000,0.0000000000,3.0062088558,172.243080,2.0901
6,482,-0.0000000000,-0.0000000000,0.0000000000,-1.8760657297,-107.490648,3.3491
6,483,-0.0000000000,0.0000000000,0.0000000000,1.8760657297,107.490648,3.3491
6,484,0.0000000000,0.0000000000,0.0000000000,0.8916352365,51.086936,7.0468
6,485,0.0000000000,-0.0000000000,0.0000000000,-0.8916352365,-51.086936,7.0468
6,486,-0.0000000000,0.0000000000,0.0000000000,3.1415926536,180.000000,2.0000
6,487,-0.0000000000,0.0000000000,0.0000000000,3.1415926536,180.000000,2.0000
6,488,-0.0000000000,0.0000000000,0.0000000000,3.1415926536,180.000000,2.0000
6,489,-0.0000000000,0.0000000000,0.0000000000,3.1415926536,180.000000,2.0000
6,490,-0.0000000000,0.0000000000,0.0000000000,3.1415926536,180.000000,2.0000
6,491,0.0000000000,0.0000000000,0.0000000000,0.0000000000,0.000000,inf
6,492,-0.0000000000,0.0000000000,0.0000000000,3.1415926536,180.000000,2.0000
6,493,0.0000000000,0.0000000000,0.0000000000,0.0000000000,0.000000,inf
6,494,-0.0000000000,0.0000000000,0.0000000000,3.1415926536,180.000000,2.0000
6,495,-0.0000000000,0.0000000000,0.0000000000,3.1415926536,180.000000,2.0000
6,496,-0.0000000000,0.0000000000,0.0000000000,3.1415926536,180.000000,2.0000
6,497,-0.0000000000,0.0000000000,0.0000000000,3.1415926536,180.000000,2.0000
6,498,-0.0000000000,0.0000000000,0.0000000000,3.1415926536,180.000000,2.0000
6,499,-0.0000000000,0.0000000000,0.0000000000,3.1415926536,180.000000,2.0000
6,500,0.0000000000,0.0000000000,0.0000000000,0.0000000000,0.000000,inf
6,501,-0.0000000000,0.0000000000,0.0000000000,3.1415926536,180.000000,2.0000
6,502,0.0000000000,0.0000000000,0.0000000000,0.0000000000,0.000000,inf
6,503,0.0000000000,0.0000000000,0.0000000000,0.0000000000,0.000000,inf
6,504,0.0000000000,0.0000000000,0.0000000000,0.0000000000,0.000000,inf
6,505,0.0000000000,0.0000000000,0.0000000000,0.0000000000,0.000000,inf
6,506,-0.0000000000,0.0000000000,0.0000000000,3.1415926536,180.000000,2.0000
6,507,0.0000000000,0.0000000000,0.0000000000,0.0000000000,0.000000,inf
6,508,0.0000000000,0.0000000000,0.0000000000,0.0000000000,0.000000,inf
6,509,-0.0000000000,0.0000000000,0.0000000000,3.1415926536,180.000000,2.0000
6,510,0.0000000000,0.0000000000,0.0000000000,0.0000000000,0.000000,inf
6,511,-0.0000000000,0.0000000000,0.0000000000,3.1415926536,180.000000,2.0000
6,512,-0.0000000000,0.0000000000,0.0000000000,3.1415926536,180.000000,2.0000
6,513,-0.0000000000,0.0000000000,0.0000000000,3.1415926536,180.000000,2.0000
6,514,0.0000000000,0.0000000000,0.0000000000,0.0000000000,0.000000,inf
6,515,-0.0000000000,0.0000000000,0.0000000000,3.1415926536,180.000000,2.0000
6,516,-0.0000000000,0.0000000000,0.0000000000,3.1415926536,180.000000,2.0000
6,517,0.0000000000,0.0000000000,0.0000000000,0.0000000000,0.000000,inf
6,518,-0.0000000000,0.0000000000,0.0000000000,3.1415926536,180.000000,2.0000
6,519,-0.0000000000,0.0000000000,0.0000000000,3.1415926536,180.000000,2.0000
6,520,0.0000000000,0.0000000000,0.0000000000,0.0000000000,0.000000,inf
6,521,-0.0000000000,0.0000000000,0.0000000000,3.1415926536,180.000000,2.0000
6,522,-0.0000000000,0.0000000000,0.0000000000,3.1415926536,180.000000,2.0000
6,523,-0.0000000000,0.0000000000,0.0000000000,3.1415926536,180.000000,2.0000
6,524,-0.0000000000,0.0000000000,0.0000000000,3.1415926536,180.000000,2.0000
6,525,0.0000000000,0.0000000000,0.0000000000,0.0000000000,0.000000,inf
6,526,-0.0000000000,0.0000000000,0.0000000000,3.1415926536,180.000000,2.0000
6,527,-0.0000000000,0.0000000000,0.0000000000,3.1415926536,180.000000,2.0000
6,528,0.0000000000,0.0000000000,0.0000000000,0.0000000000,0.000000,inf
6,529,-0.0000000000,0.0000000000,0.0000000000,3.1415926536,180.000000,2.0000
6,530,0.0000000000,0.0000000000,0.0000000000,0.0000000000,0.000000,inf
6,531,0.0000000000,0.0000000000,0.0000000000,0.0000000000,0.000000,inf
6,532,0.0000000000,0.0000000000,0.0000000000,0.0000000000,0.000000,inf
6,533,-0.0000000000,0.0000000000,0.0000000000,3.1415926536,180.000000,2.0000
6,534,-0.0000000000,0.0000000000,0.0000000000,3.1415926536,180.000000,2.0000
6,535,0.0000000000,0.0000000000,0.0000000000,0.0000000000,0.000000,inf
6,536,0.0000000000,0.0000000000,0.0000000000,0.0000000000,0.000000,inf
6,537,0.0000000000,0.0000000000,0.0000000000,0.0000000000,0.000000,inf
6,538,-0.0000000000,0.0000000000,0.0000000000,3.1415926536,180.000000,2.0000
6,539,0.0000000000,0.0000000000,0.0000000000,0.0000000000,0.000000,inf
6,540,-0.0000000000,0.0000000000,0.0000000000,3.1415926536,180.000000,2.0000
6,541,0.0000000000,0.0000000000,0.0000000000,0.0000000000,0.000000,inf
6,542,-0.0000000000,0.0000000000,0.0000000000,3.1415926536,180.000000,2.0000
6,543,-0.0000000000,0.0000000000,0.0000000000,3.1415926536,180.000000,2.0000
6,544,-0.0000000000,0.0000000000,0.0000000000,3.1415926536,180.000000,2.0000
6,545,-0.0000000000,0.0000000000,0.0000000000,3.1415926536,180.000000,2.0000
6,546,-0.0000000000,0.0000000000,0.0000000000,3.1415926536,180.000000,2.0000
6,547,-0.0000000000,0.0000000000,0.0000000000,3.1415926536,180.000000,2.0000
6,548,-0.0000000000,0.0000000000,0.0000000000,3.1415926536,180.000000,2.0000
6,549,-0.0000000000,0.0000000000,0.0000000000,3.1415926536,180.000000,2.0000
6,550,0.0000000000,0.0000000000,0.0000000000,0.0000000000,0.000000,inf
6,551,-0.0000000000,0.0000000000,0.0000000000,3.1415926536,180.000000,2.0000
6,552,-0.0000000000,0.0000000000,0.0000000000,3.1415926536,180.000000,2.0000
6,553,0.0000000000,0.0000000000,0.0000000000,0.0000000000,0.000000,inf
6,554,0.0000000000,0.0000000000,0.0000000000,0.0000000000,0.000000,inf
6,555,0.0000000000,0.0000000000,0.0000000000,0.0000000000,0.000000,inf
6,556,-0.0000000000,0.0000000000,0.0000000000,3.1415926536,180.000000,2.0000
6,557,-0.0000000000,0.0000000000,0.0000000000,3.1415926536,180.000000,2.0000
6,558,-0.0000000000,0.0000000000,0.0000000000,3.1415926536,180.000000,2.0000
6,559,0.0000000000,0.0000000000,0.0000000000,0.0000000000,0.000000,inf
6,560,-0.0000000000,0.0000000000,0.0000000000,3.1415926536,180.000000,2.0000
6,561,0.0000000000,0.0000000000,0.0000000000,0.0000000000,0.000000,inf
6,562,-0.0000000000,0.0000000000,0.0000000000,3.1415926536,180.000000,2.0000
6,563,-0.0000000000,0.0000000000,0.0000000000,3.1415926536,180.000000,2.0000
6,564,-0.0000000000,0.0000000000,0.0000000000,3.1415926536,180.000000,2.0000
6,565,0.0000000000,0.0000000000,0.0000000000,0.0000000000,0.000000,inf
6,566,0.0000000000,0.0000000000,0.0000000000,0.0000000000,0.000000,inf
6,567,0.0000000000,0.0000000000,0.0000000000,0.0000000000,0.000000,inf
6,568,0.0000000000,0.0000000000,0.0000000000,0.0000000000,0.000000,inf
6,569,-0.0000000000,0.0000000000,0.0000000000,3.1415926536,180.000000,2.0000
6,570,0.0000000000,0.0000000000,0.0000000000,0.0000000000,0.000000,inf
6,571,0.0000000000,0.0000000000,0.0000000000,0.0000000000,0.000000,inf
6,572,-0.0000000000,0.0000000000,0.0000000000,3.1415926536,180.000000,2.0000
6,573,-0.0000000000,0.0000000000,0.0000000000,3.1415926536,180.000000,2.0000
6,574,-0.0000000000,0.0000000000,0.0000000000,3.1415926536,180.000000,2.0000
6,575,0.0000000000,0.0000000000,0.0000000000,0.0000000000,0.000000,inf
6,576,0.0000000000,0.0000000000,0.0000000000,0.0000000000,0.000000,inf
6,577,-0.0000000000,0.0000000000,0.0000000000,3.1415926536,180.000000,2.0000
6,578,0.0000000000,0.0000000000,0.0000000000,0.0000000000,0.000000,inf
6,579,-0.0000000000,0.0000000000,0.0000000000,3.1415926536,180.000000,2.0000
6,580,0.0000000000,0.0000000000,0.0000000000,0.0000000000,0.000000,inf
6,581,0.0000000000,0.0000000000,0.0000000000,0.0000000000,0.000000,inf
6,582,-0.0000000000,0.0000000000,0.0000000000,3.1415926536,180.000000,2.0000
6,583,-0.0000000000,0.0000000000,0.0000000000,3.1415926536,180.000000,2.0000
6,584,0.0000000000,0.0000000000,0.0000000000,0.0000000000,0.000000,inf
6,585,-0.0000000000,0.0000000000,0.0000000000,3.1415926536,180.000000,2.0000
6,586,-0.0000000000,0.0000000000,0.0000000000,3.1415926536,180.000000,2.0000
6,587,-0.0000000000,0.0000000000,0.0000000000,3.1415926536,180.000000,2.0000
6,588,-0.0000000000,0.0000000000,0.0000000000,3.1415926536,180.000000,2.0000
6,589,-0.0000000000,0.0000000000,0.0000000000,3.1415926536,180.000000,2.0000
6,590,-0.0000000000,0.0000000000,0.0000000000,3.1415926536,180.000000,2.0000
6,591,0.0000000000,0.0000000000,0.0000000000,0.0000000000,0.000000,inf
6,592,-0.0000000000,0.0000000000,0.0000000000,3.1415926536,180.000000,2.0000
6,593,-0.0000000000,0.0000000000,0.0000000000,3.1415926536,180.000000,2.0000
6,594,-0.0000000000,0.0000000000,0.0000000000,3.1415926536,180.000000,2.0000
6,595,-0.0000000000,0.0000000000,0.0000000000,3.1415926536,180.000000,2.0000
6,596,-0.0000000000,0.0000000000,0.0000000000,3.1415926536,180.000000,2.0000
6,597,-0.0000000000,0.0000000000,0.0000000000,3.1415926536,180.000000,2.0000
6,598,0.0000000000,0.0000000000,0.0000000000,0.0000000000,0.000000,inf
6,599,-0.0000000000,0.0000000000,0.0000000000,3.1415926536,180.000000,2.0000
6,600,-0.0000000000,0.0000000000,0.0000000000,3.1415926536,180.000000,2.0000
6,601,0.0000000000,0.0000000000,0.0000000000,0.0000000000,0.000000,inf
6,602,-0.0000000000,0.0000000000,0.0000000000,3.1415926536,180.000000,2.0000
6,603,-0.0000000000,0.0000000000,0.0000000000,3.1415926536,180.000000,2.0000
6,604,0.0000000000,0.0000000000,0.0000000000,0.0000000000,0.000000,inf
6,605,0.0000000000,0.0000000000,0.0000000000,0.0000000000,0.000000,inf
6,606,0.0000000000,0.0000000000,0.0000000000,0.0000000000,0.000000,inf
6,607,-0.0000000000,0.0000000000,0.0000000000,3.1415926536,180.000000,2.0000
6,608,0.0000000000,0.0000000000,0.0000000000,0.0000000000,0.000000,inf
6,609,-0.0000000000,0.0000000000,0.0000000000,3.1415926536,180.000000,2.0000
6,610,0.0000000000,0.0000000000,0.0000000000,0.0000000000,0.000000,inf
6,611,0.0000000000,0.0000000000,0.0000000000,0.0000000000,0.000000,inf
6,612,0.0000000000,0.0000000000,0.0000000000,0.0000000000,0.000000,inf
6,613,-0.0000000000,0.0000000000,0.0000000000,3.1415926536,180.000000,2.0000
6,614,0.0000000000,0.0000000000,0.0000000000,0.0000000000,0.000000,inf
6,615,0.0000000000,0.0000000000,0.0000000000,0.0000000000,0.000000,inf
6,616,-0.0000000000,0.0000000000,0.0000000000,3.1415926536,180.000000,2.0000
6,617,0.0000000000,0.0000000000,0.0000000000,0.0000000000,0.000000,inf
6,618,0.0000000000,0.0000000000,0.0000000000,0.0000000000,0.000000,inf
6,619,0.0000000000,0.0000000000,0.0000000000,0.0000000000,0.000000,inf
6,620,-0.0000000000,0.0000000000,0.0000000000,3.1415926536,180.000000,2.0000
6,621,0.0000000000,0.0000000000,0.0000000000,0.0000000000,0.000000,inf
6,622,0.0000000000,0.0000000000,0.0000000000,0.0000000000,0.000000,inf
6,623,0.0000000000,0.0000000000,0.0000000000,0.0000000000,0.000000,inf
6,624,-0.0000000000,0.0000000000,0.0000000000,3.1415926536,180.000000,2.0000
6,625,0.0000000000,0.0000000000,0.0000000000,0.0000000000,0.000000,inf
6,626,0.0000000000,0.0000000000,0.0000000000,0.0000000000,0.000000,inf
6,627,-0.0000000000,0.0000000000,0.0000000000,3.1415926536,180.000000,2.0000
6,628,0.0000000000,0.0000000000,0.0000000000,0.0000000000,0.000000,inf
6,629,-0.0000000000,0.0000000000,0.0000000000,3.1415926536,180.000000,2.0000
6,630,-0.0000000000,0.0000000000,0.0000000000,3.1415926536,180.000000,2.0000
6,631,-0.0000000000,0.0000000000,0.0000000000,3.1415926536,180.000000,2.0000
6,632,0.0000000000,0.0000000000,0.0000000000,0.0000000000,0.000000,inf
6,633,-0.0000000000,0.0000000000,0.0000000000,3.1415926536,180.000000,2.0000
6,634,-0.0000000000,0.0000000000,0.0000000000,3.1415926536,180.000000,2.0000
6,635,-0.0000000000,0.0000000000,0.0000000000,3.1415926536,180.000000,2.0000
6,636,-0.0000000000,0.0000000000,0.0000000000,3.1415926536,180.000000,2.0000
6,637,-0.0000000000,0.0000000000,0.0000000000,3.1415926536,180.000000,2.0000
6,638,0.0000000000,0.0000000000,0.0000000000,0.0000000000,0.000000,inf
6,639,0.0000000000,0.0000000000,0.0000000000,0.0000000000,0.000000,inf
6,640,-0.0000000000,0.0000000000,0.0000000000,3.1415926536,180.000000,2.0000
6,641,0.0000000000,0.0000000000,0.0000000000,0.0000000000,0.000000,inf
6,642,0.0000000000,0.0000000000,0.0000000000,0.0000000000,0.000000,inf
6,643,-0.0000000000,0.0000000000,0.0000000000,3.1415926536,180.000000,2.0000
6,644,-0.0000000000,0.0000000000,0.0000000000,3.1415926536,180.000000,2.0000
6,645,-0.0000000000,0.0000000000,0.0000000000,3.1415926536,180.000000,2.0000
6,646,0.0000000000,0.0000000000,0.0000000000,0.0000000000,0.000000,inf
6,647,-0.0000000000,0.0000000000,0.0000000000,3.1415926536,180.000000,2.0000
6,648,0.0000000000,0.0000000000,0.0000000000,0.0000000000,0.000000,inf
6,649,-0.0000000000,0.0000000000,0.0000000000,3.1415926536,180.000000,2.0000
6,650,-0.0000000000,0.0000000000,0.0000000000,3.1415926536,180.000000,2.0000
6,651,-0.0000000000,0.0000000000,0.0000000000,3.1415926536,180.000000,2.0000
6,652,0.0000000000,0.0000000000,0.0000000000,0.0000000000,0.000000,inf
6,653,0.0000000000,0.0000000000,0.0000000000,0.0000000000,0.000000,inf
6,654,-0.0000000000,0.0000000000,0.0000000000,3.1415926536,180.000000,2.0000
6,655,-0.0000000000,0.0000000000,0.0000000000,3.1415926536,180.000000,2.0000
6,656,0.0000000000,0.0000000000,0.0000000000,0.0000000000,0.000000,inf
6,657,0.0000000000,0.0000000000,0.0000000000,0.0000000000,0.000000,inf
6,658,-0.0000000000,0.0000000000,0.0000000000,3.1415926536,180.000000,2.0000
6,659,0.0000000000,0.0000000000,0.0000000000,0.0000000000,0.000000,inf
6,660,0.0000000000,0.0000000000,0.0000000000,0.0000000000,0.000000,inf
6,661,-0.0000000000,0.0000000000,0.0000000000,3.1415926536,180.000000,2.0000
6,662,0.0000000000,0.0000000000,0.0000000000,0.0000000000,0.000000,inf
6,663,0.0000000000,0.0000000000,0.0000000000,0.0000000000,0.000000,inf
6,664,-0.0000000000,0.0000000000,0.0000000000,3.1415926536,180.000000,2.0000
6,665,0.0000000000,0.0000000000,0.0000000000,0.0000000000,0.000000,inf
6,666,0.0000000000,0.0000000000,0.0000000000,0.0000000000,0.000000,inf
6,667,0.0000000000,0.0000000000,0.0000000000,0.0000000000,0.000000,inf
6,668,0.0000000000,0.0000000000,0.0000000000,0.0000000000,0.000000,inf
6,669,0.0000000000,0.0000000000,0.0000000000,0.0000000000,0.000000,inf
6,670,0.0000000000,0.0000000000,0.0000000000,0.0000000000,0.000000,inf
6,671,0.0000000000,0.0000000000,0.0000000000,0.0000000000,0.000000,inf
6,672,0.0000000000,0.0000000000,0.0000000000,0.0000000000,0.000000,inf
6,673,-0.0000000000,0.0000000000,0.0000000000,3.1415926536,180.000000,2.0000
6,674,-0.0000000000,0.0000000000,0.0000000000,3.1415926536,180.000000,2.0000
6,675,0.0000000000,0.0000000000,0.0000000000,0.0000000000,0.000000,inf
6,676,-0.0000000000,0.0000000000,0.0000000000,3.1415926536,180.000000,2.0000
6,677,0.0000000000,0.0000000000,0.0000000000,0.0000000000,0.000000,inf
6,678,0.0000000000,0.0000000000,0.0000000000,0.0000000000,0.000000,inf
6,679,0.0000000000,0.0000000000,0.0000000000,0.0000000000,0.000000,inf
6,680,-0.0000000000,0.0000000000,0.0000000000,3.1415926536,180.000000,2.0000
6,681,-0.0000000000,0.0000000000,0.0000000000,3.1415926536,180.000000,2.0000
6,682,0.0000000000,0.0000000000,0.0000000000,0.0000000000,0.000000,inf
6,683,-0.0000000000,0.0000000000,0.0000000000,3.1415926536,180.000000,2.0000
6,684,-0.0000000000,0.0000000000,0.0000000000,3.1415926536,180.000000,2.0000
6,685,0.0000000000,0.0000000000,0.0000000000,0.0000000000,0.000000,inf
6,686,0.0000000000,0.0000000000,0.0000000000,0.0000000000,0.000000,inf
6,687,-0.0000000000,0.0000000000,0.0000000000,3.1415926536,180.000000,2.0000
6,688,-0.0000000000,0.0000000000,0.0000000000,3.1415926536,180.000000,2.0000
6,689,0.0000000000,0.0000000000,0.0000000000,0.0000000000,0.000000,inf
6,690,0.0000000000,0.0000000000,0.0000000000,0.0000000000,0.000000,inf
6,691,0.0000000000,0.0000000000,0.0000000000,0.0000000000,0.000000,inf
6,692,-0.0000000000,0.0000000000,0.0000000000,3.1415926536,180.000000,2.0000
6,693,-0.0000000000,0.0000000000,0.0000000000,3.1415926536,180.000000,2.0000
6,694,-0.0000000000,0.0000000000,0.0000000000,3.1415926536,180.000000,2.0000
6,695,0.0000000000,0.0000000000,0.0000000000,0.0000000000,0.000000,inf
6,696,0.0000000000,0.0000000000,0.0000000000,0.0000000000,0.000000,inf
6,697,0.0000000000,0.0000000000,0.0000000000,0.0000000000,0.000000,inf
6,698,-0.0000000000,0.0000000000,0.0000000000,3.1415926536,180.000000,2.0000
6,699,-0.0000000000,0.0000000000,0.0000000000,3.1415926536,180.000000,2.0000
6,700,0.0000000000,0.0000000000,0.0000000000,0.0000000000,0.000000,inf
6,701,0.0000000000,0.0000000000,0.0000000000,0.0000000000,0.000000,inf
6,702,-0.0000000000,0.0000000000,0.0000000000,3.1415926536,180.000000,2.0000
6,703,-0.0000000000,0.0000000000,0.0000000000,3.1415926536,180.000000,2.0000
6,704,0.0000000000,0.0000000000,0.0000000000,0.0000000000,0.000000,inf
6,705,0.0000000000,0.0000000000,0.0000000000,0.0000000000,0.000000,inf
6,706,0.0000000000,0.0000000000,0.0000000000,0.0000000000,0.000000,inf
6,707,0.0000000000,0.0000000000,0.0000000000,0.0000000000,0.000000,inf
6,708,-0.0000000000,0.0000000000,0.0000000000,3.1415926536,180.000000,2.0000
6,709,-0.0000000000,0.0000000000,0.0000000000,3.1415926536,180.000000,2.0000
6,710,-0.0000000000,0.0000000000,0.0000000000,3.1415926536,180.000000,2.0000
6,711,0.0000000000,0.0000000000,0.0000000000,0.0000000000,0.000000,inf
6,712,-0.0000000000,0.0000000000,0.0000000000,3.1415926536,180.000000,2.0000
6,713,-0.0000000000,0.0000000000,0.0000000000,3.1415926536,180.000000,2.0000
6,714,0.0000000000,0.0000000000,0.0000000000,0.0000000000,0.000000,inf
6,715,-0.0000000000,0.0000000000,0.0000000000,3.1415926536,180.000000,2.0000
6,716,-0.0000000000,0.0000000000,0.0000000000,3.1415926536,180.000000,2.0000
6,717,-0.0000000000,0.0000000000,0.0000000000,3.1415926536,180.000000,2.0000
6,718,0.0000000000,0.0000000000,0.0000000000,0.0000000000,0.000000,inf
6,719,0.0000000000,0.0000000000,0.0000000000,0.0000000000,0.000000,inf
6,720,-0.0000000000,0.0000000000,0.0000000000,3.1415926536,180.000000,2.0000
6,721,-0.0000000000,0.0000000000,0.0000000000,3.1415926536,180.000000,2.0000
6,722,-0.0000000000,0.0000000000,0.0000000000,3.1415926536,180.000000,2.0000
6,723,0.0000000000,0.0000000000,0.0000000000,0.0000000000,0.000000,inf
6,724,-0.0000000000,0.0000000000,0.0000000000,3.1415926536,180.000000,2.0000
6,725,-0.0000000000,0.0000000000,0.0000000000,3.1415926536,180.000000,2.0000
6,726,0.0000000000,0.0000000000,0.0000000000,0.0000000000,0.000000,inf
6,727,-0.0000000000,0.0000000000,0.0000000000,3.1415926536,180.000000,2.0000
6,728,0.0000000000,0.0000000000,0.0000000000,0.0000000000,0.000000,inf
6,729,0.0000000000,0.0000000000,0.0000000000,0.0000000000,0.000000,inf
6,730,0.0000000000,0.0000000000,0.0000000000,0.0000000000,0.000000,inf
6,731,0.0000000000,0.0000000000,0.0000000000,0.0000000000,0.000000,inf
6,732,0.0000000000,0.0000000000,0.0000000000,0.0000000000,0.000000,inf
6,733,-0.0000000000,0.0000000000,0.0000000000,3.1415926536,180.000000,2.0000
6,734,-0.0000000000,0.0000000000,0.0000000000,3.1415926536,180.000000,2.0000
6,735,0.0000000000,0.0000000000,0.0000000000,0.0000000000,0.000000,inf
6,736,0.0000000000,0.0000000000,0.0000000000,0.0000000000,0.000000,inf
6,737,0.0000000000,0.0000000000,0.0000000000,0.0000000000,0.000000,inf
6,738,-0.0000000000,0.0000000000,0.0000000000,3.1415926536,180.000000,2.0000
6,739,0.0000000000,0.0000000000,0.0000000000,0.0000000000,0.000000,inf
6,740,-0.0000000000,0.0000000000,0.0000000000,3.1415926536,180.000000,2.0000
6,741,-0.0000000000,0.0000000000,0.0000000000,3.1415926536,180.000000,2.0000
6,742,0.0000000000,0.0000000000,0.0000000000,0.0000000000,0.000000,inf
6,743,0.0000000000,0.0000000000,0.0000000000,0.0000000000,0.000000,inf
6,744,-0.0000000000,0.0000000000,0.0000000000,3.1415926536,180.000000,2.0000
6,745,-0.0000000000,0.0000000000,0.0000000000,3.1415926536,180.000000,2.0000
6,746,0.0000000000,0.0000000000,0.0000000000,0.0000000000,0.000000,inf
6,747,0.0000000000,0.0000000000,0.0000000000,0.0000000000,0.000000,inf
6,748,0.0000000000,0.0000000000,0.0000000000,0.0000000000,0.000000,inf
6,749,0.0000000000,0.0000000000,0.0000000000,0.0000000000,0.000000,inf
6,750,0.0000000000,0.0000000000,0.0000000000,0.0000000000,0.000000,inf
6,751,-0.0000000000,0.0000000000,0.0000000000,3.1415926536,180.000000,2.0000
6,752,0.0000000000,0.0000000000,0.0000000000,0.0000000000,0.000000,inf
6,753,0.0000000000,0.0000000000,0.0000000000,0.0000000000,0.000000,inf
6,754,0.0000000000,0.0000000000,0.0000000000,0.0000000000,0.000000,inf
6,755,-0.0000000000,0.0000000000,0.0000000000,3.1415926536,180.000000,2.0000
6,756,-0.0000000000,0.0000000000,0.0000000000,3.1415926536,180.000000,2.0000
6,757,-0.0000000000,0.0000000000,0.0000000000,3.1415926536,180.000000,2.0000
6,758,0.0000000000,0.0000000000,0.0000000000,0.0000000000,0.000000,inf
6,759,-0.0000000000,0.0000000000,0.0000000000,3.1415926536,180.000000,2.0000
6,760,0.0000000000,0.0000000000,0.0000000000,0.0000000000,0.000000,inf
6,761,0.0000000000,0.0000000000,0.0000000000,0.0000000000,0.000000,inf
6,762,-0.0000000000,0.0000000000,0.0000000000,3.1415926536,180.000000,2.0000
6,763,-0.0000000000,0.0000000000,0.0000000000,3.1415926536,180.000000,2.0000
6,764,-0.0000000000,0.0000000000,0.0000000000,3.1415926536,180.000000,2.0000
6,765,-0.0000000000,0.0000000000,0.0000000000,3.1415926536,180.000000,2.0000
6,766,-0.0000000000,0.0000000000,0.0000000000,3.1415926536,180.000000,2.0000
6,767,-0.0000000000,0.0000000000,0.0000000000,3.1415926536,180.000000,2.0000
6,768,-0.0000000000,0.0000000000,0.0000000000,3.1415926536,180.000000,2.0000
6,769,-0.0000000000,0.0000000000,0.0000000000,3.1415926536,180.000000,2.0000
6,770,0.0000000000,0.0000000000,0.0000000000,0.0000000000,0.000000,inf
6,771,-0.0000000000,0.0000000000,0.0000000000,3.1415926536,180.000000,2.0000
6,772,0.0000000000,0.0000000000,0.0000000000,0.0000000000,0.000000,inf
6,773,-0.0000000000,0.0000000000,0.0000000000,3.1415926536,180.000000,2.0000
6,774,-0.0000000000,0.0000000000,0.0000000000,3.1415926536,180.000000,2.0000
6,775,-0.0000000000,0.0000000000,0.0000000000,3.1415926536,180.000000,2.0000
6,776,-0.0000000000,0.0000000000,0.0000000000,3.1415926536,180.000000,2.0000
6,777,-0.0000000000,0.0000000000,0.0000000000,3.1415926536,180.000000,2.0000
6,778,-0.0000000000,0.0000000000,0.0000000000,3.1415926536,180.000000,2.0000
6,779,0.0000000000,0.0000000000,0.0000000000,0.0000000000,0.000000,inf
6,780,0.0000000000,0.0000000000,0.0000000000,0.0000000000,0.000000,inf
6,781,0.0000000000,0.0000000000,0.0000000000,0.0000000000,0.000000,inf
6,782,0.0000000000,0.0000000000,0.0000000000,0.0000000000,0.000000,inf
6,783,0.0000000000,0.0000000000,0.0000000000,0.0000000000,0.000000,inf
6,784,0.0000000000,0.0000000000,0.0000000000,0.0000000000,0.000000,inf
6,785,0.0000000000,0.0000000000,0.0000000000,0.0000000000,0.000000,inf
6,786,-0.0000000000,0.0000000000,0.0000000000,3.1415926536,180.000000,2.0000
6,787,0.0000000000,0.0000000000,0.0000000000,0.0000000000,0.000000,inf
6,788,-0.0000000000,0.0000000000,0.0000000000,3.1415926536,180.000000,2.0000
6,789,0.0000000000,0.0000000000,0.0000000000,0.0000000000,0.000000,inf
6,790,0.0000000000,0.0000000000,0.0000000000,0.0000000000,0.000000,inf
6,791,-0.0000000000,0.0000000000,0.0000000000,3.1415926536,180.000000,2.0000
6,792,0.0000000000,0.0000000000,0.0000000000,0.0000000000,0.000000,inf
6,793,0.0000000000,0.0000000000,0.0000000000,0.0000000000,0.000000,inf
6,794,-0.0000000000,0.0000000000,0.0000000000,3.1415926536,180.000000,2.0000
6,795,-0.0000000000,0.0000000000,0.0000000000,3.1415926536,180.000000,2.0000
6,796,0.0000000000,0.0000000000,0.0000000000,0.0000000000,0.000000,inf
6,797,0.0000000000,0.0000000000,0.0000000000,0.0000000000,0.000000,inf
6,798,-0.0000000000,0.0000000000,0.0000000000,3.1415926536,180.000000,2.0000
6,799,0.0000000000,0.0000000000,0.0000000000,0.0000000000,0.000000,inf
6,800,-0.0000000000,0.0000000000,0.0000000000,3.1415926536,180.000000,2.0000
6,801,-0.0000000000,0.0000000000,0.0000000000,3.1415926536,180.000000,2.0000
6,802,0.0000000000,0.0000000000,0.0000000000,0.0000000000,0.000000,inf
6,803,0.0000000000,0.0000000000,0.0000000000,0.0000000000,0.000000,inf
6,804,0.0000000000,0.0000000000,0.0000000000,0.0000000000,0.000000,inf
6,805,0.0000000000,0.0000000000,0.0000000000,0.0000000000,0.000000,inf
6,806,0.0000000000,0.0000000000,0.0000000000,0.0000000000,0.000000,inf
6,807,0.0000000000,0.0000000000,0.0000000000,0.0000000000,0.000000,inf
6,808,-0.0000000000,0.0000000000,0.0000000000,3.1415926536,180.000000,2.0000
6,809,0.0000000000,0.0000000000,0.0000000000,0.0000000000,0.000000,inf
6,810,-0.0000000000,0.0000000000,0.0000000000,3.1415926536,180.000000,2.0000
6,811,-0.0000000000,0.0000000000,0.0000000000,3.1415926536,180.000000,2.0000
6,812,-0.0000000000,0.0000000000,0.0000000000,3.1415926536,180.000000,2.0000
6,813,0.0000000000,0.0000000000,0.0000000000,0.0000000000,0.000000,inf
6,814,-0.0000000000,0.0000000000,0.0000000000,3.1415926536,180.000000,2.0000
6,815,0.0000000000,0.0000000000,0.0000000000,0.0000000000,0.000000,inf
6,816,0.0000000000,0.0000000000,0.0000000000,0.0000000000,0.000000,inf
6,817,0.0000000000,0.0000000000,0.0000000000,0.0000000000,0.000000,inf
6,818,-0.0000000000,0.0000000000,0.0000000000,3.1415926536,180.000000,2.0000
6,819,0.0000000000,0.0000000000,0.0000000000,0.0000000000,0.000000,inf
6,820,-0.0000000000,0.0000000000,0.0000000000,3.1415926536,180.000000,2.0000
6,821,-0.0000000000,0.0000000000,0.0000000000,3.1415926536,180.000000,2.0000
6,822,0.0000000000,0.0000000000,0.0000000000,0.0000000000,0.000000,inf
6,823,0.0000000000,0.0000000000,0.0000000000,0.0000000000,0.000000,inf
6,824,0.0000000000,0.0000000000,0.0000000000,0.0000000000,0.000000,inf
6,825,-0.0000000000,0.0000000000,0.0000000000,3.1415926536,180.000000,2.0000
6,826,-0.0000000000,0.0000000000,0.0000000000,3.1415926536,180.000000,2.0000
6,827,-0.0000000000,0.0000000000,0.0000000000,3.1415926536,180.000000,2.0000
6,828,-0.0000000000,0.0000000000,0.0000000000,3.1415926536,180.000000,2.0000
6,829,0.0000000000,0.0000000000,0.0000000000,0.0000000000,0.000000,inf
6,830,0.0000000000,0.0000000000,0.0000000000,0.0000000000,0.000000,inf
6,831,-0.0000000000,0.0000000000,0.0000000000,3.1415926536,180.000000,2.0000
6,832,0.0000000000,0.0000000000,0.0000000000,0.0000000000,0.000000,inf
6,833,-0.0000000000,0.0000000000,0.0000000000,3.1415926536,180.000000,2.0000
6,834,-0.0000000000,0.0000000000,0.0000000000,3.1415926536,180.000000,2.0000
6,835,-0.0000000000,0.0000000000,0.0000000000,3.1415926536,180.000000,2.0000
6,836,-0.0000000000,0.0000000000,0.0000000000,3.1415926536,180.000000,2.0000
6,837,-0.0000000000,0.0000000000,0.0000000000,3.1415926536,180.000000,2.0000
6,838,0.0000000000,0.0000000000,0.0000000000,0.0000000000,0.000000,inf
6,839,0.0000000000,0.0000000000,0.0000000000,0.0000000000,0.000000,inf
6,840,-0.0000000000,0.0000000000,0.0000000000,3.1415926536,180.000000,2.0000
6,841,0.0000000000,0.0000000000,0.0000000000,0.0000000000,0.000000,inf
6,842,0.0000000000,0.0000000000,0.0000000000,0.0000000000,0.000000,inf
6,843,-0.0000000000,0.0000000000,0.0000000000,3.1415926536,180.000000,2.0000
6,844,0.0000000000,0.0000000000,0.0000000000,0.0000000000,0.000000,inf
6,845,0.0000000000,0.0000000000,0.0000000000,0.0000000000,0.000000,inf
6,846,0.0000000000,0.0000000000,0.0000000000,0.0000000000,0.000000,inf
6,847,-0.0000000000,0.0000000000,0.0000000000,3.1415926536,180.000000,2.0000
6,848,0.0000000000,0.0000000000,0.0000000000,0.0000000000,0.000000,inf
6,849,-0.0000000000,0.0000000000,0.0000000000,3.1415926536,180.000000,2.0000
6,850,0.0000000000,0.0000000000,0.0000000000,0.0000000000,0.000000,inf
6,851,0.0000000000,0.0000000000,0.0000000000,0.0000000000,0.000000,inf
6,852,0.0000000000,0.0000000000,0.0000000000,0.0000000000,0.000000,inf
6,853,0.0000000000,0.0000000000,0.0000000000,0.0000000000,0.000000,inf
6,854,0.0000000000,0.0000000000,0.0000000000,0.0000000000,0.000000,inf
6,855,0.0000000000,0.0000000000,0.0000000000,0.0000000000,0.000000,inf
6,856,0.0000000000,0.0000000000,0.0000000000,0.0000000000,0.000000,inf
6,857,-0.0000000000,0.0000000000,0.0000000000,3.1415926536,180.000000,2.0000
6,858,0.0000000000,0.0000000000,0.0000000000,0.0000000000,0.000000,inf
6,859,0.0000000000,0.0000000000,0.0000000000,0.0000000000,0.000000,inf
6,860,-0.0000000000,0.0000000000,0.0000000000,3.1415926536,180.000000,2.0000
6,861,0.0000000000,0.0000000000,0.0000000000,0.0000000000,0.000000,inf
6,862,0.0000000000,0.0000000000,0.0000000000,0.0000000000,0.000000,inf
6,863,0.0000000000,0.0000000000,0.0000000000,0.0000000000,0.000000,inf
6,864,-0.0000000000,0.0000000000,0.0000000000,3.1415926536,180.000000,2.0000
6,865,0.0000000000,0.0000000000,0.0000000000,0.0000000000,0.000000,inf
6,866,0.0000000000,0.0000000000,0.0000000000,0.0000000000,0.000000,inf
6,867,0.0000000000,0.0000000000,0.0000000000,0.0000000000,0.000000,inf
6,868,-0.0000000000,0.0000000000,0.0000000000,3.1415926536,180.000000,2.0000
6,869,0.0000000000,0.0000000000,0.0000000000,0.0000000000,0.000000,inf
6,870,-0.0000000000,0.0000000000,0.0000000000,3.1415926536,180.000000,2.0000
6,871,0.0000000000,0.0000000000,0.0000000000,0.0000000000,0.000000,inf
6,872,-0.0000000000,0.0000000000,0.0000000000,3.1415926536,180.000000,2.0000
6,873,0.0000000000,0.0000000000,0.0000000000,0.0000000000,0.000000,inf
6,874,-0.0000000000,0.0000000000,0.0000000000,3.1415926536,180.000000,2.0000
6,875,-0.0000000000,0.0000000000,0.0000000000,3.1415926536,180.000000,2.0000
6,876,0.0000000000,0.0000000000,0.0000000000,0.0000000000,0.000000,inf
6,877,-0.0000000000,0.0000000000,0.0000000000,3.1415926536,180.000000,2.0000
6,878,-0.0000000000,0.0000000000,0.0000000000,3.1415926536,180.000000,2.0000
6,879,-0.0000000000,0.0000000000,0.0000000000,3.1415926536,180.000000,2.0000
6,880,-0.0000000000,0.0000000000,0.0000000000,3.1415926536,180.000000,2.0000
6,881,-0.0000000000,0.0000000000,0.0000000000,3.1415926536,180.000000,2.0000
6,882,0.0000000000,0.0000000000,0.0000000000,0.0000000000,0.000000,inf
6,883,0.0000000000,0.0000000000,0.0000000000,0.0000000000,0.000000,inf
6,884,-0.0000000000,0.0000000000,0.0000000000,3.1415926536,180.000000,2.0000
6,885,-0.0000000000,0.0000000000,0.0000000000,3.1415926536,180.000000,2.0000
6,886,0.0000000000,0.0000000000,0.0000000000,0.0000000000,0.000000,inf
6,887,-0.0000000000,0.0000000000,0.0000000000,3.1415926536,180.000000,2.0000
6,888,0.0000000000,0.0000000000,0.0000000000,0.0000000000,0.000000,inf
6,889,0.0000000000,0.0000000000,0.0000000000,0.0000000000,0.000000,inf
6,890,0.0000000000,0.0000000000,0.0000000000,0.0000000000,0.000000,inf
6,891,0.0000000000,0.0000000000,0.0000000000,0.0000000000,0.000000,inf
6,892,-0.0000000000,0.0000000000,0.0000000000,3.1415926536,180.000000,2.0000
6,893,-0.0000000000,0.0000000000,0.0000000000,3.1415926536,180.000000,2.0000
6,894,0.0000000000,0.0000000000,0.0000000000,0.0000000000,0.000000,inf
6,895,-0.0000000000,0.0000000000,0.0000000000,3.1415926536,180.000000,2.0000
6,896,-0.0000000000,0.0000000000,0.0000000000,3.1415926536,180.000000,2.0000
6,897,0.0000000000,0.0000000000,0.0000000000,0.0000000000,0.000000,inf
6,898,-0.0000000000,0.0000000000,0.0000000000,3.1415926536,180.000000,2.0000
6,899,-0.0000000000,0.0000000000,0.0000000000,3.1415926536,180.000000,2.0000
6,900,0.0000000000,0.0000000000,0.0000000000,0.0000000000,0.000000,inf
6,901,0.0000000000,0.0000000000,0.0000000000,0.0000000000,0.000000,inf
6,902,0.0000000000,0.0000000000,0.0000000000,0.0000000000,0.000000,inf
6,903,0.0000000000,0.0000000000,0.0000000000,0.0000000000,0.000000,inf
6,904,-0.0000000000,0.0000000000,0.0000000000,3.1415926536,180.000000,2.0000
6,905,-0.0000000000,0.0000000000,0.0000000000,3.1415926536,180.000000,2.0000
6,906,-0.0000000000,0.0000000000,0.0000000000,3.1415926536,180.000000,2.0000
6,907,0.0000000000,0.0000000000,0.0000000000,0.0000000000,0.000000,inf
6,908,-0.0000000000,0.0000000000,0.0000000000,3.1415926536,180.000000,2.0000
6,909,-0.0000000000,0.0000000000,0.0000000000,3.1415926536,180.000000,2.0000
6,910,0.0000000000,0.0000000000,0.0000000000,0.0000000000,0.000000,inf
6,911,0.0000000000,0.0000000000,0.0000000000,0.0000000000,0.000000,inf
6,912,-0.0000000000,0.0000000000,0.0000000000,3.1415926536,180.000000,2.0000
6,913,0.0000000000,0.0000000000,0.0000000000,0.0000000000,0.000000,inf
6,914,0.0000000000,0.0000000000,0.0000000000,0.0000000000,0.000000,inf
6,915,-0.0000000000,0.0000000000,0.0000000000,3.1415926536,180.000000,2.0000
6,916,0.0000000000,0.0000000000,0.0000000000,0.0000000000,0.000000,inf
6,917,0.0000000000,0.0000000000,0.0000000000,0.0000000000,0.000000,inf
6,918,-0.0000000000,0.0000000000,0.0000000000,3.1415926536,180.000000,2.0000
6,919,0.0000000000,0.0000000000,0.0000000000,0.0000000000,0.000000,inf
6,920,-0.0000000000,0.0000000000,0.0000000000,3.1415926536,180.000000,2.0000
6,921,0.0000000000,0.0000000000,0.0000000000,0.0000000000,0.000000,inf
6,922,-0.0000000000,0.0000000000,0.0000000000,3.1415926536,180.000000,2.0000
6,923,-0.0000000000,0.0000000000,0.0000000000,3.1415926536,180.000000,2.0000
6,924,0.0000000000,0.0000000000,0.0000000000,0.0000000000,0.000000,inf
6,925,-0.0000000000,0.0000000000,0.0000000000,3.1415926536,180.000000,2.0000
6,926,-0.0000000000,0.0000000000,0.0000000000,3.1415926536,180.000000,2.0000
6,927,0.0000000000,0.0000000000,0.0000000000,0.0000000000,0.000000,inf
6,928,-0.0000000000,0.0000000000,0.0000000000,3.1415926536,180.000000,2.0000
6,929,0.0000000000,0.0000000000,0.0000000000,0.0000000000,0.000000,inf
6,930,0.0000000000,0.0000000000,0.0000000000,0.0000000000,0.000000,inf
6,931,-0.0000000000,0.0000000000,0.0000000000,3.1415926536,180.000000,2.0000
6,932,-0.0000000000,0.0000000000,0.0000000000,3.1415926536,180.000000,2.0000
6,933,0.0000000000,0.0000000000,0.0000000000,0.0000000000,0.000000,inf
6,934,0.0000000000,0.0000000000,0.0000000000,0.0000000000,0.000000,inf
6,935,0.0000000000,0.0000000000,0.0000000000,0.0000000000,0.000000,inf
6,936,0.0000000000,0.0000000000,0.0000000000,0.0000000000,0.000000,inf
6,937,-0.0000000000,0.0000000000,0.0000000000,3.1415926536,180.000000,2.0000
6,938,0.0000000000,0.0000000000,0.0000000000,0.0000000000,0.000000,inf
6,939,0.0000000000,0.0000000000,0.0000000000,0.0000000000,0.000000,inf
6,940,-0.0000000000,0.0000000000,0.0000000000,3.1415926536,180.000000,2.0000
6,941,-0.0000000000,0.0000000000,0.0000000000,3.1415926536,180.000000,2.0000
6,942,-0.0000000000,0.0000000000,0.0000000000,3.1415926536,180.000000,2.0000
6,943,-0.0000000000,0.0000000000,0.0000000000,3.1415926536,180.000000,2.0000
6,944,0.0000000000,0.0000000000,0.0000000000,0.0000000000,0.000000,inf
6,945,0.0000000000,0.0000000000,0.0000000000,0.0000000000,0.000000,inf
6,946,0.0000000000,0.0000000000,0.0000000000,0.0000000000,0.000000,inf
6,947,0.0000000000,0.0000000000,0.0000000000,0.0000000000,0.000000,inf
6,948,-0.0000000000,0.0000000000,0.0000000000,3.1415926536,180.000000,2.0000
6,949,-0.0000000000,0.0000000000,0.0000000000,3.1415926536,180.000000,2.0000
6,950,-0.0000000000,0.0000000000,0.0000000000,3.1415926536,180.000000,2.0000
6,951,0.0000000000,0.0000000000,0.0000000000,0.0000000000,0.000000,inf
6,952,0.0000000000,0.0000000000,0.0000000000,0.0000000000,0.000000,inf
6,953,0.0000000000,0.0000000000,0.0000000000,0.0000000000,0.000000,inf
6,954,0.0000000000,0.0000000000,0.0000000000,0.0000000000,0.000000,inf
6,955,-0.0000000000,0.0000000000,0.0000000000,3.1415926536,180.000000,2.0000
6,956,0.0000000000,0.0000000000,0.0000000000,0.0000000000,0.000000,inf
6,957,0.0000000000,0.0000000000,0.0000000000,0.0000000000,0.000000,inf
6,958,-0.0000000000,0.0000000000,0.0000000000,3.1415926536,180.000000,2.0000
6,959,0.0000000000,0.0000000000,0.0000000000,0.0000000000,0.000000,inf
6,960,0.0000000000,0.0000000000,0.0000000000,0.0000000000,0.000000,inf
6,961,0.0000000000,0.0000000000,0.0000000000,0.0000000000,0.000000,inf
6,962,0.0000000000,0.0000000000,0.0000000000,0.0000000000,0.000000,inf
6,963,0.0000000000,0.0000000000,0.0000000000,0.0000000000,0.000000,inf
6,964,0.0000000000,0.0000000000,0.0000000000,0.0000000000,0.000000,inf
6,965,-0.0000000000,0.0000000000,0.0000000000,3.1415926536,180.000000,2.0000
6,966,-0.0000000000,0.0000000000,0.0000000000,3.1415926536,180.000000,2.0000
6,967,-0.0000000000,0.0000000000,0.0000000000,3.1415926536,180.000000,2.0000
6,968,-0.0000000000,0.0000000000,0.0000000000,3.1415926536,180.000000,2.0000
6,969,-0.0000000000,0.0000000000,0.0000000000,3.1415926536,180.000000,2.0000
6,970,0.0000000000,0.0000000000,0.0000000000,0.0000000000,0.000000,inf
6,971,0.0000000000,0.0000000000,0.0000000000,0.0000000000,0.000000,inf
6,972,0.0000000000,0.0000000000,0.0000000000,0.0000000000,0.000000,inf
