# compressed Lmat[src,dst], S=(e_rho,gamma) FULL gauge-invariant, q=3 L=3, dim=486
# APPROXIMATE handoff: partner captured to rel 3.2e-03 (Galerkin; NOT exact -- see C3 lumpability)
# row/col label = (e_rho,gamma); (theta=e mod 3 reduction REFUTED -- needs full e_rho)
src\dst	(0,0)	(0,1)	(0,2)	(0,3)	(0,4)	(0,5)	(0,6)	(0,7)	(0,8)	(0,9)	(0,10)	(0,11)	(0,12)	(0,13)	(0,14)	(0,15)	(0,16)	(0,17)	(0,18)	(0,19)	(0,20)	(0,21)	(0,22)	(0,23)	(0,24)	(0,25)	(0,26)	(1,0)	(1,1)	(1,2)	(1,3)	(1,4)	(1,5)	(1,6)	(1,7)	(1,8)	(1,9)	(1,10)	(1,11)	(1,12)	(1,13)	(1,14)	(1,15)	(1,16)	(1,17)	(1,18)	(1,19)	(1,20)	(1,21)	(1,22)	(1,23)	(1,24)	(1,25)	(1,26)	(2,0)	(2,1)	(2,2)	(2,3)	(2,4)	(2,5)	(2,6)	(2,7)	(2,8)	(2,9)	(2,10)	(2,11)	(2,12)	(2,13)	(2,14)	(2,15)	(2,16)	(2,17)	(2,18)	(2,19)	(2,20)	(2,21)	(2,22)	(2,23)	(2,24)	(2,25)	(2,26)	(3,0)	(3,1)	(3,2)	(3,3)	(3,4)	(3,5)	(3,6)	(3,7)	(3,8)	(3,9)	(3,10)	(3,11)	(3,12)	(3,13)	(3,14)	(3,15)	(3,16)	(3,17)	(3,18)	(3,19)	(3,20)	(3,21)	(3,22)	(3,23)	(3,24)	(3,25)	(3,26)	(4,0)	(4,1)	(4,2)	(4,3)	(4,4)	(4,5)	(4,6)	(4,7)	(4,8)	(4,9)	(4,10)	(4,11)	(4,12)	(4,13)	(4,14)	(4,15)	(4,16)	(4,17)	(4,18)	(4,19)	(4,20)	(4,21)	(4,22)	(4,23)	(4,24)	(4,25)	(4,26)	(5,0)	(5,1)	(5,2)	(5,3)	(5,4)	(5,5)	(5,6)	(5,7)	(5,8)	(5,9)	(5,10)	(5,11)	(5,12)	(5,13)	(5,14)	(5,15)	(5,16)	(5,17)	(5,18)	(5,19)	(5,20)	(5,21)	(5,22)	(5,23)	(5,24)	(5,25)	(5,26)	(6,0)	(6,1)	(6,2)	(6,3)	(6,4)	(6,5)	(6,6)	(6,7)	(6,8)	(6,9)	(6,10)	(6,11)	(6,12)	(6,13)	(6,14)	(6,15)	(6,16)	(6,17)	(6,18)	(6,19)	(6,20)	(6,21)	(6,22)	(6,23)	(6,24)	(6,25)	(6,26)	(7,0)	(7,1)	(7,2)	(7,3)	(7,4)	(7,5)	(7,6)	(7,7)	(7,8)	(7,9)	(7,10)	(7,11)	(7,12)	(7,13)	(7,14)	(7,15)	(7,16)	(7,17)	(7,18)	(7,19)	(7,20)	(7,21)	(7,22)	(7,23)	(7,24)	(7,25)	(7,26)	(8,0)	(8,1)	(8,2)	(8,3)	(8,4)	(8,5)	(8,6)	(8,7)	(8,8)	(8,9)	(8,10)	(8,11)	(8,12)	(8,13)	(8,14)	(8,15)	(8,16)	(8,17)	(8,18)	(8,19)	(8,20)	(8,21)	(8,22)	(8,23)	(8,24)	(8,25)	(8,26)	(9,0)	(9,1)	(9,2)	(9,3)	(9,4)	(9,5)	(9,6)	(9,7)	(9,8)	(9,9)	(9,10)	(9,11)	(9,12)	(9,13)	(9,14)	(9,15)	(9,16)	(9,17)	(9,18)	(9,19)	(9,20)	(9,21)	(9,22)	(9,23)	(9,24)	(9,25)	(9,26)	(10,0)	(10,1)	(10,2)	(10,3)	(10,4)	(10,5)	(10,6)	(10,7)	(10,8)	(10,9)	(10,10)	(10,11)	(10,12)	(10,13)	(10,14)	(10,15)	(10,16)	(10,17)	(10,18)	(10,19)	(10,20)	(10,21)	(10,22)	(10,23)	(10,24)	(10,25)	(10,26)	(11,0)	(11,1)	(11,2)	(11,3)	(11,4)	(11,5)	(11,6)	(11,7)	(11,8)	(11,9)	(11,10)	(11,11)	(11,12)	(11,13)	(11,14)	(11,15)	(11,16)	(11,17)	(11,18)	(11,19)	(11,20)	(11,21)	(11,22)	(11,23)	(11,24)	(11,25)	(11,26)	(12,0)	(12,1)	(12,2)	(12,3)	(12,4)	(12,5)	(12,6)	(12,7)	(12,8)	(12,9)	(12,10)	(12,11)	(12,12)	(12,13)	(12,14)	(12,15)	(12,16)	(12,17)	(12,18)	(12,19)	(12,20)	(12,21)	(12,22)	(12,23)	(12,24)	(12,25)	(12,26)	(13,0)	(13,1)	(13,2)	(13,3)	(13,4)	(13,5)	(13,6)	(13,7)	(13,8)	(13,9)	(13,10)	(13,11)	(13,12)	(13,13)	(13,14)	(13,15)	(13,16)	(13,17)	(13,18)	(13,19)	(13,20)	(13,21)	(13,22)	(13,23)	(13,24)	(13,25)	(13,26)	(14,0)	(14,1)	(14,2)	(14,3)	(14,4)	(14,5)	(14,6)	(14,7)	(14,8)	(14,9)	(14,10)	(14,11)	(14,12)	(14,13)	(14,14)	(14,15)	(14,16)	(14,17)	(14,18)	(14,19)	(14,20)	(14,21)	(14,22)	(14,23)	(14,24)	(14,25)	(14,26)	(15,0)	(15,1)	(15,2)	(15,3)	(15,4)	(15,5)	(15,6)	(15,7)	(15,8)	(15,9)	(15,10)	(15,11)	(15,12)	(15,13)	(15,14)	(15,15)	(15,16)	(15,17)	(15,18)	(15,19)	(15,20)	(15,21)	(15,22)	(15,23)	(15,24)	(15,25)	(15,26)	(16,0)	(16,1)	(16,2)	(16,3)	(16,4)	(16,5)	(16,6)	(16,7)	(16,8)	(16,9)	(16,10)	(16,11)	(16,12)	(16,13)	(16,14)	(16,15)	(16,16)	(16,17)	(16,18)	(16,19)	(16,20)	(16,21)	(16,22)	(16,23)	(16,24)	(16,25)	(16,26)	(17,0)	(17,1)	(17,2)	(17,3)	(17,4)	(17,5)	(17,6)	(17,7)	(17,8)	(17,9)	(17,10)	(17,11)	(17,12)	(17,13)	(17,14)	(17,15)	(17,16)	(17,17)	(17,18)	(17,19)	(17,20)	(17,21)	(17,22)	(17,23)	(17,24)	(17,25)	(17,26)
(0,0)	0.3333358765	0	0	0	0	0	0	0	0	0	0	0	0	0	0	0	0	0	0	0	0	0	0	0	0	0	0	0	0	0	0	0	0	0	0	0	0	0	0	0	0	0	0	0	0	0	0	0	0	0	0	0	0	0	0	0.01388978958	0.01388978958	0	0.01388978958	0.01388978958	0	0.01388978958	0.01388978958	0	0	0	0	0	0	0	0	0	0	0	0	0	0	0	0	0	0	0	0	0	0	0	0	0	0	0	0	0	0	0	0	0	0	0	0	0	0	0	0	0	0	0	0	0	0	0.003475626323	0.003475626323	0	0.003475626323	0.003475626323	0	0.003475626323	0.003475626323	0	0	0	0	0	0	0	0	0	0	0	0	0	0	0	0	0	0	0	0	0	0	0	0	0	0	0	0	0	0	0	0	0	0	0	0	0	0	0	0	0	0	0	0	0	0	0	0	0.00264486686	0	0	0.00264486686	0	0	0	0	0	0	0	0	0	0	0	0	0	0	0	0	0	0	0	0	0	0	0	0	0	0	0	0	0	0	0	0	0	0	0	0	0	0	0	0	0	0	0	0	0	0	0	0	0.0002712683959	0.0002712683959	0	0.0002712683959	0.0002712683959	0	0.0002712683959	0.0002712683959	0	0	0	0	0	0	0	0	0	0	0	0	0	0	0	0	0	0	0	0	0	0	0	0	0	0	0	0	0	0	0	0	0	0	0	0	0	0	0	0	0	0	0	0	0	0	0.0002712683959	0.0002712683959	0	0.0002712683959	0.0002712683959	0	0.0002712683959	0.0002712683959	0	0	0	0	0	0	0	0	0	0	0	0	0	0	0	0	0	0	0	0	0	0	0	0	0	0	0	0	0	0	0	0	0	0	0	0	0	0	0	0	0	0	0	0	0	0	0	0	0.00264486686	0	0	0.00264486686	0	0	0	0	0	0	0	0	0	0	0	0	0	0	0	0	0	0	0	0	0	0	0	0	0	0	0	0	0	0	0	0	0	0	0	0	0	0	0	0	0	0	0	0	0	0	0	0	0.003475626323	0.003475626323	0	0.003475626323	0.003475626323	0	0.003475626323	0.003475626323	0	0	0	0	0	0	0	0	0	0	0	0	0	0	0	0	0	0	0	0	0	0	0	0	0	0	0	0	0	0	0	0	0	0	0	0	0	0	0	0	0	0	0	0	0	0	0.01388978958	0.01388978958	0	0.01388978958	0.01388978958	0	0.01388978958	0.01388978958	0	0	0	0	0	0	0	0	0	0	0	0	0	0	0	0	0	0	0	0	0	0	0	0	0	0	0	0	0	0	0	0	0	0	0	0	0	0	0	0	0	0	0	0	0
(0,1)	0	0	0	0	0	0	0	0	0	0	0	0	0	0	0	0	0	0	0	0	0	0	0	0	0	0	0	0	0.009259435866	0.009259435866	0.009259435866	0.009259435866	0.009259435866	0.009259435866	0.009259435866	0.009259435866	0.009259435866	0	0	0	0	0	0	0	0	0	0	0	0	0	0	0	0	0	0	0	0	0	0	0	0	0	0	0	0	0	0	0	0	0	0	0	0	0	0	0	0	0	0	0	0	0	0.002315388788	0.002315388788	0.002315388788	0.002315388788	0.002315388788	0.002315388788	0.002315388788	0.002315388788	0.002315388788	0	0	0	0	0	0	0	0	0	0	0	0	0	0	0	0	0	0	0	0	0	0	0	0	0	0	0	0	0	0	0	0	0	0	0	0	0	0	0	0	0	0	0	0	0	0.0005809664813	0.0005809664813	0.0005809664813	0.0005809664813	0.0005809664813	0.0005809664813	0.0005809664813	0.0005809664813	0.0005809664813	0	0	0	0	0	0	0	0	0	0	0	0	0	0	0	0	0	0	0	0	0	0	0	0	0	0	0	0	0	0	0	0	0	0	0	0	0	0	0	0	0	0	0	0	0	0.0001537187577	0.0001537187577	0.0001537187577	0.0001537187577	0.0001537187577	0.0001537187577	0.0001537187577	0.0001537187577	0.0001537187577	0	0	0	0	0	0	0	0	0	0	0	0	0	0	0	0	0	0	0	0	0	0	0	0	0	0	0	0	0	0	0	0	0	0	0	0	0	0	0	0	0	0	0	0	0	7.233823891e-05	7.233823891e-05	7.233823891e-05	7.233823891e-05	7.233823891e-05	7.233823891e-05	7.233823891e-05	7.233823891e-05	7.233823891e-05	0	0	0	0	0	0	0	0	0	0	0	0	0	0	0	0	0	0	0	0	0	0	0	0	0	0	0	0	0	0	0	0	0	0	0	0	0	0	0	0	0	0	0	0	0	0.0001537187577	0.0001537187577	0.0001537187577	0.0001537187577	0.0001537187577	0.0001537187577	0.0001537187577	0.0001537187577	0.0001537187577	0	0	0	0	0	0	0	0	0	0	0	0	0	0	0	0	0	0	0	0	0	0	0	0	0	0	0	0	0	0	0	0	0	0	0	0	0	0	0	0	0	0	0	0	0	0.0005809664813	0.0005809664813	0.0005809664813	0.0005809664813	0.0005809664813	0.0005809664813	0.0005809664813	0.0005809664813	0.0005809664813	0	0	0	0	0	0	0	0	0	0	0	0	0	0	0	0	0	0	0	0	0	0	0	0	0	0	0	0	0	0	0	0	0	0	0	0	0	0	0	0	0	0	0	0	0	0.002315388788	0.002315388788	0.002315388788	0.002315388788	0.002315388788	0.002315388788	0.002315388788	0.002315388788	0.002315388788	0	0	0	0	0	0	0	0	0	0	0	0	0	0	0	0	0	0	0	0	0	0	0	0	0	0	0	0	0	0	0	0	0	0	0	0	0	0	0	0	0	0	0	0	0	0.009259435866	0.009259435866	0.009259435866	0.009259435866	0.009259435866	0.009259435866	0.009259435866	0.009259435866	0.009259435866	0	0	0	0	0	0	0	0	0	0	0	0	0	0	0	0	0
(0,2)	0	0	0	0	0	0	0	0	0	0	0	0	0	0	0	0	0	0	0	0	0	0	0	0	0	0	0	0	0.009259435866	0.009259435866	0.009259435866	0.009259435866	0.009259435866	0.009259435866	0.009259435866	0.009259435866	0.009259435866	0	0	0	0	0	0	0	0	0	0	0	0	0	0	0	0	0	0	0	0	0	0	0	0	0	0	0	0	0	0	0	0	0	0	0	0	0	0	0	0	0	0	0	0	0	0.002315388788	0.002315388788	0.002315388788	0.002315388788	0.002315388788	0.002315388788	0.002315388788	0.002315388788	0.002315388788	0	0	0	0	0	0	0	0	0	0	0	0	0	0	0	0	0	0	0	0	0	0	0	0	0	0	0	0	0	0	0	0	0	0	0	0	0	0	0	0	0	0	0	0	0	0.0005809664813	0.0005809664813	0.0005809664813	0.0005809664813	0.0005809664813	0.0005809664813	0.0005809664813	0.0005809664813	0.0005809664813	0	0	0	0	0	0	0	0	0	0	0	0	0	0	0	0	0	0	0	0	0	0	0	0	0	0	0	0	0	0	0	0	0	0	0	0	0	0	0	0	0	0	0	0	0	0.0001537187577	0.0001537187577	0.0001537187577	0.0001537187577	0.0001537187577	0.0001537187577	0.0001537187577	0.0001537187577	0.0001537187577	0	0	0	0	0	0	0	0	0	0	0	0	0	0	0	0	0	0	0	0	0	0	0	0	0	0	0	0	0	0	0	0	0	0	0	0	0	0	0	0	0	0	0	0	0	7.233823891e-05	7.233823891e-05	7.233823891e-05	7.233823891e-05	7.233823891e-05	7.233823891e-05	7.233823891e-05	7.233823891e-05	7.233823891e-05	0	0	0	0	0	0	0	0	0	0	0	0	0	0	0	0	0	0	0	0	0	0	0	0	0	0	0	0	0	0	0	0	0	0	0	0	0	0	0	0	0	0	0	0	0	0.0001537187577	0.0001537187577	0.0001537187577	0.0001537187577	0.0001537187577	0.0001537187577	0.0001537187577	0.0001537187577	0.0001537187577	0	0	0	0	0	0	0	0	0	0	0	0	0	0	0	0	0	0	0	0	0	0	0	0	0	0	0	0	0	0	0	0	0	0	0	0	0	0	0	0	0	0	0	0	0	0.0005809664813	0.0005809664813	0.0005809664813	0.0005809664813	0.0005809664813	0.0005809664813	0.0005809664813	0.0005809664813	0.0005809664813	0	0	0	0	0	0	0	0	0	0	0	0	0	0	0	0	0	0	0	0	0	0	0	0	0	0	0	0	0	0	0	0	0	0	0	0	0	0	0	0	0	0	0	0	0	0.002315388788	0.002315388788	0.002315388788	0.002315388788	0.002315388788	0.002315388788	0.002315388788	0.002315388788	0.002315388788	0	0	0	0	0	0	0	0	0	0	0	0	0	0	0	0	0	0	0	0	0	0	0	0	0	0	0	0	0	0	0	0	0	0	0	0	0	0	0	0	0	0	0	0	0	0.009259435866	0.009259435866	0.009259435866	0.009259435866	0.009259435866	0.009259435866	0.009259435866	0.009259435866	0.009259435866	0	0	0	0	0	0	0	0	0	0	0	0	0	0	0	0	0
(0,3)	0	0.3333358765	0	0	0	0	0	0	0	0	0	0	0	0	0	0	0	0	0	0	0	0	0	0	0	0	0	0	0	0	0	0	0	0	0	0	0	0	0	0	0	0	0	0	0	0	0	0	0	0	0	0	0	0	0	0	0.01388978958	0.01388978958	0	0.01388978958	0.01388978958	0	0.01388978958	0.01388978958	0	0	0	0	0	0	0	0	0	0	0	0	0	0	0	0	0	0	0	0	0	0	0	0	0	0	0	0	0	0	0	0	0	0	0	0	0	0	0	0	0	0	0	0	0	0	0.003475626323	0.003475626323	0	0.003475626323	0.003475626323	0	0.003475626323	0.003475626323	0	0	0	0	0	0	0	0	0	0	0	0	0	0	0	0	0	0	0	0	0	0	0	0	0	0	0	0	0	0	0	0	0	0	0	0	0	0	0	0	0	0	0	0	0	0	0	0	0.00264486686	0	0	0.00264486686	0	0	0	0	0	0	0	0	0	0	0	0	0	0	0	0	0	0	0	0	0	0	0	0	0	0	0	0	0	0	0	0	0	0	0	0	0	0	0	0	0	0	0	0	0	0	0	0	0.0002712683959	0.0002712683959	0	0.0002712683959	0.0002712683959	0	0.0002712683959	0.0002712683959	0	0	0	0	0	0	0	0	0	0	0	0	0	0	0	0	0	0	0	0	0	0	0	0	0	0	0	0	0	0	0	0	0	0	0	0	0	0	0	0	0	0	0	0	0	0	0.0002712683959	0.0002712683959	0	0.0002712683959	0.0002712683959	0	0.0002712683959	0.0002712683959	0	0	0	0	0	0	0	0	0	0	0	0	0	0	0	0	0	0	0	0	0	0	0	0	0	0	0	0	0	0	0	0	0	0	0	0	0	0	0	0	0	0	0	0	0	0	0	0	0.00264486686	0	0	0.00264486686	0	0	0	0	0	0	0	0	0	0	0	0	0	0	0	0	0	0	0	0	0	0	0	0	0	0	0	0	0	0	0	0	0	0	0	0	0	0	0	0	0	0	0	0	0	0	0	0	0.003475626323	0.003475626323	0	0.003475626323	0.003475626323	0	0.003475626323	0.003475626323	0	0	0	0	0	0	0	0	0	0	0	0	0	0	0	0	0	0	0	0	0	0	0	0	0	0	0	0	0	0	0	0	0	0	0	0	0	0	0	0	0	0	0	0	0	0	0.01388978958	0.01388978958	0	0.01388978958	0.01388978958	0	0.01388978958	0.01388978958	0	0	0	0	0	0	0	0	0	0	0	0	0	0	0	0	0	0	0	0	0	0	0	0	0	0	0	0	0	0	0	0	0	0	0	0	0	0	0	0	0	0	0	0
(0,4)	0	0	0	0	0	0	0	0	0	0	0	0	0	0	0	0	0	0	0	0	0	0	0	0	0	0	0	0	0	0.009259435866	0.009259435866	0.009259435866	0.009259435866	0.009259435866	0.009259435866	0.009259435866	0.009259435866	0.009259435866	0	0	0	0	0	0	0	0	0	0	0	0	0	0	0	0	0	0	0	0	0	0	0	0	0	0	0	0	0	0	0	0	0	0	0	0	0	0	0	0	0	0	0	0	0	0.002315388788	0.002315388788	0.002315388788	0.002315388788	0.002315388788	0.002315388788	0.002315388788	0.002315388788	0.002315388788	0	0	0	0	0	0	0	0	0	0	0	0	0	0	0	0	0	0	0	0	0	0	0	0	0	0	0	0	0	0	0	0	0	0	0	0	0	0	0	0	0	0	0	0	0	0.0005809664813	0.0005809664813	0.0005809664813	0.0005809664813	0.0005809664813	0.0005809664813	0.0005809664813	0.0005809664813	0.0005809664813	0	0	0	0	0	0	0	0	0	0	0	0	0	0	0	0	0	0	0	0	0	0	0	0	0	0	0	0	0	0	0	0	0	0	0	0	0	0	0	0	0	0	0	0	0	0.0001537187577	0.0001537187577	0.0001537187577	0.0001537187577	0.0001537187577	0.0001537187577	0.0001537187577	0.0001537187577	0.0001537187577	0	0	0	0	0	0	0	0	0	0	0	0	0	0	0	0	0	0	0	0	0	0	0	0	0	0	0	0	0	0	0	0	0	0	0	0	0	0	0	0	0	0	0	0	0	7.233823891e-05	7.233823891e-05	7.233823891e-05	7.233823891e-05	7.233823891e-05	7.233823891e-05	7.233823891e-05	7.233823891e-05	7.233823891e-05	0	0	0	0	0	0	0	0	0	0	0	0	0	0	0	0	0	0	0	0	0	0	0	0	0	0	0	0	0	0	0	0	0	0	0	0	0	0	0	0	0	0	0	0	0	0.0001537187577	0.0001537187577	0.0001537187577	0.0001537187577	0.0001537187577	0.0001537187577	0.0001537187577	0.0001537187577	0.0001537187577	0	0	0	0	0	0	0	0	0	0	0	0	0	0	0	0	0	0	0	0	0	0	0	0	0	0	0	0	0	0	0	0	0	0	0	0	0	0	0	0	0	0	0	0	0	0.0005809664813	0.0005809664813	0.0005809664813	0.0005809664813	0.0005809664813	0.0005809664813	0.0005809664813	0.0005809664813	0.0005809664813	0	0	0	0	0	0	0	0	0	0	0	0	0	0	0	0	0	0	0	0	0	0	0	0	0	0	0	0	0	0	0	0	0	0	0	0	0	0	0	0	0	0	0	0	0	0.002315388788	0.002315388788	0.002315388788	0.002315388788	0.002315388788	0.002315388788	0.002315388788	0.002315388788	0.002315388788	0	0	0	0	0	0	0	0	0	0	0	0	0	0	0	0	0	0	0	0	0	0	0	0	0	0	0	0	0	0	0	0	0	0	0	0	0	0	0	0	0	0	0	0	0	0.009259435866	0.009259435866	0.009259435866	0.009259435866	0.009259435866	0.009259435866	0.009259435866	0.009259435866	0.009259435866	0	0	0	0	0	0	0	0	0	0	0	0	0	0	0	0
(0,5)	0	0	0	0	0	0	0	0	0	0	0	0	0	0	0	0	0	0	0	0	0	0	0	0	0	0	0	0	0	0.009259435866	0.009259435866	0.009259435866	0.009259435866	0.009259435866	0.009259435866	0.009259435866	0.009259435866	0.009259435866	0	0	0	0	0	0	0	0	0	0	0	0	0	0	0	0	0	0	0	0	0	0	0	0	0	0	0	0	0	0	0	0	0	0	0	0	0	0	0	0	0	0	0	0	0	0.002315388788	0.002315388788	0.002315388788	0.002315388788	0.002315388788	0.002315388788	0.002315388788	0.002315388788	0.002315388788	0	0	0	0	0	0	0	0	0	0	0	0	0	0	0	0	0	0	0	0	0	0	0	0	0	0	0	0	0	0	0	0	0	0	0	0	0	0	0	0	0	0	0	0	0	0.0005809664813	0.0005809664813	0.0005809664813	0.0005809664813	0.0005809664813	0.0005809664813	0.0005809664813	0.0005809664813	0.0005809664813	0	0	0	0	0	0	0	0	0	0	0	0	0	0	0	0	0	0	0	0	0	0	0	0	0	0	0	0	0	0	0	0	0	0	0	0	0	0	0	0	0	0	0	0	0	0.0001537187577	0.0001537187577	0.0001537187577	0.0001537187577	0.0001537187577	0.0001537187577	0.0001537187577	0.0001537187577	0.0001537187577	0	0	0	0	0	0	0	0	0	0	0	0	0	0	0	0	0	0	0	0	0	0	0	0	0	0	0	0	0	0	0	0	0	0	0	0	0	0	0	0	0	0	0	0	0	7.233823891e-05	7.233823891e-05	7.233823891e-05	7.233823891e-05	7.233823891e-05	7.233823891e-05	7.233823891e-05	7.233823891e-05	7.233823891e-05	0	0	0	0	0	0	0	0	0	0	0	0	0	0	0	0	0	0	0	0	0	0	0	0	0	0	0	0	0	0	0	0	0	0	0	0	0	0	0	0	0	0	0	0	0	0.0001537187577	0.0001537187577	0.0001537187577	0.0001537187577	0.0001537187577	0.0001537187577	0.0001537187577	0.0001537187577	0.0001537187577	0	0	0	0	0	0	0	0	0	0	0	0	0	0	0	0	0	0	0	0	0	0	0	0	0	0	0	0	0	0	0	0	0	0	0	0	0	0	0	0	0	0	0	0	0	0.0005809664813	0.0005809664813	0.0005809664813	0.0005809664813	0.0005809664813	0.0005809664813	0.0005809664813	0.0005809664813	0.0005809664813	0	0	0	0	0	0	0	0	0	0	0	0	0	0	0	0	0	0	0	0	0	0	0	0	0	0	0	0	0	0	0	0	0	0	0	0	0	0	0	0	0	0	0	0	0	0.002315388788	0.002315388788	0.002315388788	0.002315388788	0.002315388788	0.002315388788	0.002315388788	0.002315388788	0.002315388788	0	0	0	0	0	0	0	0	0	0	0	0	0	0	0	0	0	0	0	0	0	0	0	0	0	0	0	0	0	0	0	0	0	0	0	0	0	0	0	0	0	0	0	0	0	0.009259435866	0.009259435866	0.009259435866	0.009259435866	0.009259435866	0.009259435866	0.009259435866	0.009259435866	0.009259435866	0	0	0	0	0	0	0	0	0	0	0	0	0	0	0	0
(0,6)	0	0	0.3333358765	0	0	0	0	0	0	0	0	0	0	0	0	0	0	0	0	0	0	0	0	0	0	0	0	0	0	0	0	0	0	0	0	0	0	0	0	0	0	0	0	0	0	0	0	0	0	0	0	0	0	0	0	0	0	0.01388978958	0.01388978958	0	0.01388978958	0.01388978958	0	0.01388978958	0.01388978958	0	0	0	0	0	0	0	0	0	0	0	0	0	0	0	0	0	0	0	0	0	0	0	0	0	0	0	0	0	0	0	0	0	0	0	0	0	0	0	0	0	0	0	0	0	0	0.003475626323	0.003475626323	0	0.003475626323	0.003475626323	0	0.003475626323	0.003475626323	0	0	0	0	0	0	0	0	0	0	0	0	0	0	0	0	0	0	0	0	0	0	0	0	0	0	0	0	0	0	0	0	0	0	0	0	0	0	0	0	0	0	0	0	0	0	0	0	0.00264486686	0	0	0.00264486686	0	0	0	0	0	0	0	0	0	0	0	0	0	0	0	0	0	0	0	0	0	0	0	0	0	0	0	0	0	0	0	0	0	0	0	0	0	0	0	0	0	0	0	0	0	0	0	0	0.0002712683959	0.0002712683959	0	0.0002712683959	0.0002712683959	0	0.0002712683959	0.0002712683959	0	0	0	0	0	0	0	0	0	0	0	0	0	0	0	0	0	0	0	0	0	0	0	0	0	0	0	0	0	0	0	0	0	0	0	0	0	0	0	0	0	0	0	0	0	0	0.0002712683959	0.0002712683959	0	0.0002712683959	0.0002712683959	0	0.0002712683959	0.0002712683959	0	0	0	0	0	0	0	0	0	0	0	0	0	0	0	0	0	0	0	0	0	0	0	0	0	0	0	0	0	0	0	0	0	0	0	0	0	0	0	0	0	0	0	0	0	0	0	0	0.00264486686	0	0	0.00264486686	0	0	0	0	0	0	0	0	0	0	0	0	0	0	0	0	0	0	0	0	0	0	0	0	0	0	0	0	0	0	0	0	0	0	0	0	0	0	0	0	0	0	0	0	0	0	0	0	0.003475626323	0.003475626323	0	0.003475626323	0.003475626323	0	0.003475626323	0.003475626323	0	0	0	0	0	0	0	0	0	0	0	0	0	0	0	0	0	0	0	0	0	0	0	0	0	0	0	0	0	0	0	0	0	0	0	0	0	0	0	0	0	0	0	0	0	0	0.01388978958	0.01388978958	0	0.01388978958	0.01388978958	0	0.01388978958	0.01388978958	0	0	0	0	0	0	0	0	0	0	0	0	0	0	0	0	0	0	0	0	0	0	0	0	0	0	0	0	0	0	0	0	0	0	0	0	0	0	0	0	0	0	0
(0,7)	0	0	0	0	0	0	0	0	0	0	0	0	0	0	0	0	0	0	0	0	0	0	0	0	0	0	0	0	0	0	0.009259435866	0.009259435866	0.009259435866	0.009259435866	0.009259435866	0.009259435866	0.009259435866	0.009259435866	0.009259435866	0	0	0	0	0	0	0	0	0	0	0	0	0	0	0	0	0	0	0	0	0	0	0	0	0	0	0	0	0	0	0	0	0	0	0	0	0	0	0	0	0	0	0	0	0	0.002315388788	0.002315388788	0.002315388788	0.002315388788	0.002315388788	0.002315388788	0.002315388788	0.002315388788	0.002315388788	0	0	0	0	0	0	0	0	0	0	0	0	0	0	0	0	0	0	0	0	0	0	0	0	0	0	0	0	0	0	0	0	0	0	0	0	0	0	0	0	0	0	0	0	0	0.0005809664813	0.0005809664813	0.0005809664813	0.0005809664813	0.0005809664813	0.0005809664813	0.0005809664813	0.0005809664813	0.0005809664813	0	0	0	0	0	0	0	0	0	0	0	0	0	0	0	0	0	0	0	0	0	0	0	0	0	0	0	0	0	0	0	0	0	0	0	0	0	0	0	0	0	0	0	0	0	0.0001537187577	0.0001537187577	0.0001537187577	0.0001537187577	0.0001537187577	0.0001537187577	0.0001537187577	0.0001537187577	0.0001537187577	0	0	0	0	0	0	0	0	0	0	0	0	0	0	0	0	0	0	0	0	0	0	0	0	0	0	0	0	0	0	0	0	0	0	0	0	0	0	0	0	0	0	0	0	0	7.233823891e-05	7.233823891e-05	7.233823891e-05	7.233823891e-05	7.233823891e-05	7.233823891e-05	7.233823891e-05	7.233823891e-05	7.233823891e-05	0	0	0	0	0	0	0	0	0	0	0	0	0	0	0	0	0	0	0	0	0	0	0	0	0	0	0	0	0	0	0	0	0	0	0	0	0	0	0	0	0	0	0	0	0	0.0001537187577	0.0001537187577	0.0001537187577	0.0001537187577	0.0001537187577	0.0001537187577	0.0001537187577	0.0001537187577	0.0001537187577	0	0	0	0	0	0	0	0	0	0	0	0	0	0	0	0	0	0	0	0	0	0	0	0	0	0	0	0	0	0	0	0	0	0	0	0	0	0	0	0	0	0	0	0	0	0.0005809664813	0.0005809664813	0.0005809664813	0.0005809664813	0.0005809664813	0.0005809664813	0.0005809664813	0.0005809664813	0.0005809664813	0	0	0	0	0	0	0	0	0	0	0	0	0	0	0	0	0	0	0	0	0	0	0	0	0	0	0	0	0	0	0	0	0	0	0	0	0	0	0	0	0	0	0	0	0	0.002315388788	0.002315388788	0.002315388788	0.002315388788	0.002315388788	0.002315388788	0.002315388788	0.002315388788	0.002315388788	0	0	0	0	0	0	0	0	0	0	0	0	0	0	0	0	0	0	0	0	0	0	0	0	0	0	0	0	0	0	0	0	0	0	0	0	0	0	0	0	0	0	0	0	0	0.009259435866	0.009259435866	0.009259435866	0.009259435866	0.009259435866	0.009259435866	0.009259435866	0.009259435866	0.009259435866	0	0	0	0	0	0	0	0	0	0	0	0	0	0	0
(0,8)	0	0	0	0	0	0	0	0	0	0	0	0	0	0	0	0	0	0	0	0	0	0	0	0	0	0	0	0	0	0	0.009259435866	0.009259435866	0.009259435866	0.009259435866	0.009259435866	0.009259435866	0.009259435866	0.009259435866	0.009259435866	0	0	0	0	0	0	0	0	0	0	0	0	0	0	0	0	0	0	0	0	0	0	0	0	0	0	0	0	0	0	0	0	0	0	0	0	0	0	0	0	0	0	0	0	0	0.002315388788	0.002315388788	0.002315388788	0.002315388788	0.002315388788	0.002315388788	0.002315388788	0.002315388788	0.002315388788	0	0	0	0	0	0	0	0	0	0	0	0	0	0	0	0	0	0	0	0	0	0	0	0	0	0	0	0	0	0	0	0	0	0	0	0	0	0	0	0	0	0	0	0	0	0.0005809664813	0.0005809664813	0.0005809664813	0.0005809664813	0.0005809664813	0.0005809664813	0.0005809664813	0.0005809664813	0.0005809664813	0	0	0	0	0	0	0	0	0	0	0	0	0	0	0	0	0	0	0	0	0	0	0	0	0	0	0	0	0	0	0	0	0	0	0	0	0	0	0	0	0	0	0	0	0	0.0001537187577	0.0001537187577	0.0001537187577	0.0001537187577	0.0001537187577	0.0001537187577	0.0001537187577	0.0001537187577	0.0001537187577	0	0	0	0	0	0	0	0	0	0	0	0	0	0	0	0	0	0	0	0	0	0	0	0	0	0	0	0	0	0	0	0	0	0	0	0	0	0	0	0	0	0	0	0	0	7.233823891e-05	7.233823891e-05	7.233823891e-05	7.233823891e-05	7.233823891e-05	7.233823891e-05	7.233823891e-05	7.233823891e-05	7.233823891e-05	0	0	0	0	0	0	0	0	0	0	0	0	0	0	0	0	0	0	0	0	0	0	0	0	0	0	0	0	0	0	0	0	0	0	0	0	0	0	0	0	0	0	0	0	0	0.0001537187577	0.0001537187577	0.0001537187577	0.0001537187577	0.0001537187577	0.0001537187577	0.0001537187577	0.0001537187577	0.0001537187577	0	0	0	0	0	0	0	0	0	0	0	0	0	0	0	0	0	0	0	0	0	0	0	0	0	0	0	0	0	0	0	0	0	0	0	0	0	0	0	0	0	0	0	0	0	0.0005809664813	0.0005809664813	0.0005809664813	0.0005809664813	0.0005809664813	0.0005809664813	0.0005809664813	0.0005809664813	0.0005809664813	0	0	0	0	0	0	0	0	0	0	0	0	0	0	0	0	0	0	0	0	0	0	0	0	0	0	0	0	0	0	0	0	0	0	0	0	0	0	0	0	0	0	0	0	0	0.002315388788	0.002315388788	0.002315388788	0.002315388788	0.002315388788	0.002315388788	0.002315388788	0.002315388788	0.002315388788	0	0	0	0	0	0	0	0	0	0	0	0	0	0	0	0	0	0	0	0	0	0	0	0	0	0	0	0	0	0	0	0	0	0	0	0	0	0	0	0	0	0	0	0	0	0.009259435866	0.009259435866	0.009259435866	0.009259435866	0.009259435866	0.009259435866	0.009259435866	0.009259435866	0.009259435866	0	0	0	0	0	0	0	0	0	0	0	0	0	0	0
(0,9)	0	0	0	0.3333358765	0	0	0	0	0	0	0	0	0	0	0	0	0	0	0	0	0	0	0	0	0	0	0	0	0	0	0	0	0	0	0	0	0	0	0	0	0	0	0	0	0	0	0	0	0	0	0	0	0	0	0	0	0	0	0.01388978958	0.01388978958	0	0.01388978958	0.01388978958	0	0.01388978958	0.01388978958	0	0	0	0	0	0	0	0	0	0	0	0	0	0	0	0	0	0	0	0	0	0	0	0	0	0	0	0	0	0	0	0	0	0	0	0	0	0	0	0	0	0	0	0	0	0	0.003475626323	0.003475626323	0	0.003475626323	0.003475626323	0	0.003475626323	0.003475626323	0	0	0	0	0	0	0	0	0	0	0	0	0	0	0	0	0	0	0	0	0	0	0	0	0	0	0	0	0	0	0	0	0	0	0	0	0	0	0	0	0	0	0	0	0	0	0	0	0.00264486686	0	0	0.00264486686	0	0	0	0	0	0	0	0	0	0	0	0	0	0	0	0	0	0	0	0	0	0	0	0	0	0	0	0	0	0	0	0	0	0	0	0	0	0	0	0	0	0	0	0	0	0	0	0	0.0002712683959	0.0002712683959	0	0.0002712683959	0.0002712683959	0	0.0002712683959	0.0002712683959	0	0	0	0	0	0	0	0	0	0	0	0	0	0	0	0	0	0	0	0	0	0	0	0	0	0	0	0	0	0	0	0	0	0	0	0	0	0	0	0	0	0	0	0	0	0	0.0002712683959	0.0002712683959	0	0.0002712683959	0.0002712683959	0	0.0002712683959	0.0002712683959	0	0	0	0	0	0	0	0	0	0	0	0	0	0	0	0	0	0	0	0	0	0	0	0	0	0	0	0	0	0	0	0	0	0	0	0	0	0	0	0	0	0	0	0	0	0	0	0	0.00264486686	0	0	0.00264486686	0	0	0	0	0	0	0	0	0	0	0	0	0	0	0	0	0	0	0	0	0	0	0	0	0	0	0	0	0	0	0	0	0	0	0	0	0	0	0	0	0	0	0	0	0	0	0	0	0.003475626323	0.003475626323	0	0.003475626323	0.003475626323	0	0.003475626323	0.003475626323	0	0	0	0	0	0	0	0	0	0	0	0	0	0	0	0	0	0	0	0	0	0	0	0	0	0	0	0	0	0	0	0	0	0	0	0	0	0	0	0	0	0	0	0	0	0	0.01388978958	0.01388978958	0	0.01388978958	0.01388978958	0	0.01388978958	0.01388978958	0	0	0	0	0	0	0	0	0	0	0	0	0	0	0	0	0	0	0	0	0	0	0	0	0	0	0	0	0	0	0	0	0	0	0	0	0	0	0	0	0	0
(0,10)	0	0	0	0	0	0	0	0	0	0	0	0	0	0	0	0	0	0	0	0	0	0	0	0	0	0	0	0	0	0	0	0.009259435866	0.009259435866	0.009259435866	0.009259435866	0.009259435866	0.009259435866	0.009259435866	0.009259435866	0.009259435866	0	0	0	0	0	0	0	0	0	0	0	0	0	0	0	0	0	0	0	0	0	0	0	0	0	0	0	0	0	0	0	0	0	0	0	0	0	0	0	0	0	0	0	0	0	0.002315388788	0.002315388788	0.002315388788	0.002315388788	0.002315388788	0.002315388788	0.002315388788	0.002315388788	0.002315388788	0	0	0	0	0	0	0	0	0	0	0	0	0	0	0	0	0	0	0	0	0	0	0	0	0	0	0	0	0	0	0	0	0	0	0	0	0	0	0	0	0	0	0	0	0	0.0005809664813	0.0005809664813	0.0005809664813	0.0005809664813	0.0005809664813	0.0005809664813	0.0005809664813	0.0005809664813	0.0005809664813	0	0	0	0	0	0	0	0	0	0	0	0	0	0	0	0	0	0	0	0	0	0	0	0	0	0	0	0	0	0	0	0	0	0	0	0	0	0	0	0	0	0	0	0	0	0.0001537187577	0.0001537187577	0.0001537187577	0.0001537187577	0.0001537187577	0.0001537187577	0.0001537187577	0.0001537187577	0.0001537187577	0	0	0	0	0	0	0	0	0	0	0	0	0	0	0	0	0	0	0	0	0	0	0	0	0	0	0	0	0	0	0	0	0	0	0	0	0	0	0	0	0	0	0	0	0	7.233823891e-05	7.233823891e-05	7.233823891e-05	7.233823891e-05	7.233823891e-05	7.233823891e-05	7.233823891e-05	7.233823891e-05	7.233823891e-05	0	0	0	0	0	0	0	0	0	0	0	0	0	0	0	0	0	0	0	0	0	0	0	0	0	0	0	0	0	0	0	0	0	0	0	0	0	0	0	0	0	0	0	0	0	0.0001537187577	0.0001537187577	0.0001537187577	0.0001537187577	0.0001537187577	0.0001537187577	0.0001537187577	0.0001537187577	0.0001537187577	0	0	0	0	0	0	0	0	0	0	0	0	0	0	0	0	0	0	0	0	0	0	0	0	0	0	0	0	0	0	0	0	0	0	0	0	0	0	0	0	0	0	0	0	0	0.0005809664813	0.0005809664813	0.0005809664813	0.0005809664813	0.0005809664813	0.0005809664813	0.0005809664813	0.0005809664813	0.0005809664813	0	0	0	0	0	0	0	0	0	0	0	0	0	0	0	0	0	0	0	0	0	0	0	0	0	0	0	0	0	0	0	0	0	0	0	0	0	0	0	0	0	0	0	0	0	0.002315388788	0.002315388788	0.002315388788	0.002315388788	0.002315388788	0.002315388788	0.002315388788	0.002315388788	0.002315388788	0	0	0	0	0	0	0	0	0	0	0	0	0	0	0	0	0	0	0	0	0	0	0	0	0	0	0	0	0	0	0	0	0	0	0	0	0	0	0	0	0	0	0	0	0	0.009259435866	0.009259435866	0.009259435866	0.009259435866	0.009259435866	0.009259435866	0.009259435866	0.009259435866	0.009259435866	0	0	0	0	0	0	0	0	0	0	0	0	0	0
(0,11)	0	0	0	0	0	0	0	0	0	0	0	0	0	0	0	0	0	0	0	0	0	0	0	0	0	0	0	0	0	0	0	0.009259435866	0.009259435866	0.009259435866	0.009259435866	0.009259435866	0.009259435866	0.009259435866	0.009259435866	0.009259435866	0	0	0	0	0	0	0	0	0	0	0	0	0	0	0	0	0	0	0	0	0	0	0	0	0	0	0	0	0	0	0	0	0	0	0	0	0	0	0	0	0	0	0	0	0	0.002315388788	0.002315388788	0.002315388788	0.002315388788	0.002315388788	0.002315388788	0.002315388788	0.002315388788	0.002315388788	0	0	0	0	0	0	0	0	0	0	0	0	0	0	0	0	0	0	0	0	0	0	0	0	0	0	0	0	0	0	0	0	0	0	0	0	0	0	0	0	0	0	0	0	0	0.0005809664813	0.0005809664813	0.0005809664813	0.0005809664813	0.0005809664813	0.0005809664813	0.0005809664813	0.0005809664813	0.0005809664813	0	0	0	0	0	0	0	0	0	0	0	0	0	0	0	0	0	0	0	0	0	0	0	0	0	0	0	0	0	0	0	0	0	0	0	0	0	0	0	0	0	0	0	0	0	0.0001537187577	0.0001537187577	0.0001537187577	0.0001537187577	0.0001537187577	0.0001537187577	0.0001537187577	0.0001537187577	0.0001537187577	0	0	0	0	0	0	0	0	0	0	0	0	0	0	0	0	0	0	0	0	0	0	0	0	0	0	0	0	0	0	0	0	0	0	0	0	0	0	0	0	0	0	0	0	0	7.233823891e-05	7.233823891e-05	7.233823891e-05	7.233823891e-05	7.233823891e-05	7.233823891e-05	7.233823891e-05	7.233823891e-05	7.233823891e-05	0	0	0	0	0	0	0	0	0	0	0	0	0	0	0	0	0	0	0	0	0	0	0	0	0	0	0	0	0	0	0	0	0	0	0	0	0	0	0	0	0	0	0	0	0	0.0001537187577	0.0001537187577	0.0001537187577	0.0001537187577	0.0001537187577	0.0001537187577	0.0001537187577	0.0001537187577	0.0001537187577	0	0	0	0	0	0	0	0	0	0	0	0	0	0	0	0	0	0	0	0	0	0	0	0	0	0	0	0	0	0	0	0	0	0	0	0	0	0	0	0	0	0	0	0	0	0.0005809664813	0.0005809664813	0.0005809664813	0.0005809664813	0.0005809664813	0.0005809664813	0.0005809664813	0.0005809664813	0.0005809664813	0	0	0	0	0	0	0	0	0	0	0	0	0	0	0	0	0	0	0	0	0	0	0	0	0	0	0	0	0	0	0	0	0	0	0	0	0	0	0	0	0	0	0	0	0	0.002315388788	0.002315388788	0.002315388788	0.002315388788	0.002315388788	0.002315388788	0.002315388788	0.002315388788	0.002315388788	0	0	0	0	0	0	0	0	0	0	0	0	0	0	0	0	0	0	0	0	0	0	0	0	0	0	0	0	0	0	0	0	0	0	0	0	0	0	0	0	0	0	0	0	0	0.009259435866	0.009259435866	0.009259435866	0.009259435866	0.009259435866	0.009259435866	0.009259435866	0.009259435866	0.009259435866	0	0	0	0	0	0	0	0	0	0	0	0	0	0
(0,12)	0	0	0	0	0.3333358765	0	0	0	0	0	0	0	0	0	0	0	0	0	0	0	0	0	0	0	0	0	0	0	0	0	0	0	0	0	0	0	0	0	0	0	0	0	0	0	0	0	0	0	0	0	0	0	0	0	0	0	0	0	0	0.01388978958	0.01388978958	0	0.01388978958	0.01388978958	0	0.01388978958	0.01388978958	0	0	0	0	0	0	0	0	0	0	0	0	0	0	0	0	0	0	0	0	0	0	0	0	0	0	0	0	0	0	0	0	0	0	0	0	0	0	0	0	0	0	0	0	0	0	0.003475626323	0.003475626323	0	0.003475626323	0.003475626323	0	0.003475626323	0.003475626323	0	0	0	0	0	0	0	0	0	0	0	0	0	0	0	0	0	0	0	0	0	0	0	0	0	0	0	0	0	0	0	0	0	0	0	0	0	0	0	0	0	0	0	0	0	0	0	0	0.00264486686	0	0	0.00264486686	0	0	0	0	0	0	0	0	0	0	0	0	0	0	0	0	0	0	0	0	0	0	0	0	0	0	0	0	0	0	0	0	0	0	0	0	0	0	0	0	0	0	0	0	0	0	0	0	0.0002712683959	0.0002712683959	0	0.0002712683959	0.0002712683959	0	0.0002712683959	0.0002712683959	0	0	0	0	0	0	0	0	0	0	0	0	0	0	0	0	0	0	0	0	0	0	0	0	0	0	0	0	0	0	0	0	0	0	0	0	0	0	0	0	0	0	0	0	0	0	0.0002712683959	0.0002712683959	0	0.0002712683959	0.0002712683959	0	0.0002712683959	0.0002712683959	0	0	0	0	0	0	0	0	0	0	0	0	0	0	0	0	0	0	0	0	0	0	0	0	0	0	0	0	0	0	0	0	0	0	0	0	0	0	0	0	0	0	0	0	0	0	0	0	0.00264486686	0	0	0.00264486686	0	0	0	0	0	0	0	0	0	0	0	0	0	0	0	0	0	0	0	0	0	0	0	0	0	0	0	0	0	0	0	0	0	0	0	0	0	0	0	0	0	0	0	0	0	0	0	0	0.003475626323	0.003475626323	0	0.003475626323	0.003475626323	0	0.003475626323	0.003475626323	0	0	0	0	0	0	0	0	0	0	0	0	0	0	0	0	0	0	0	0	0	0	0	0	0	0	0	0	0	0	0	0	0	0	0	0	0	0	0	0	0	0	0	0	0	0	0.01388978958	0.01388978958	0	0.01388978958	0.01388978958	0	0.01388978958	0.01388978958	0	0	0	0	0	0	0	0	0	0	0	0	0	0	0	0	0	0	0	0	0	0	0	0	0	0	0	0	0	0	0	0	0	0	0	0	0	0	0	0	0
(0,13)	0	0	0	0	0	0	0	0	0	0	0	0	0	0	0	0	0	0	0	0	0	0	0	0	0	0	0	0	0	0	0	0	0.009259435866	0.009259435866	0.009259435866	0.009259435866	0.009259435866	0.009259435866	0.009259435866	0.009259435866	0.009259435866	0	0	0	0	0	0	0	0	0	0	0	0	0	0	0	0	0	0	0	0	0	0	0	0	0	0	0	0	0	0	0	0	0	0	0	0	0	0	0	0	0	0	0	0	0	0.002315388788	0.002315388788	0.002315388788	0.002315388788	0.002315388788	0.002315388788	0.002315388788	0.002315388788	0.002315388788	0	0	0	0	0	0	0	0	0	0	0	0	0	0	0	0	0	0	0	0	0	0	0	0	0	0	0	0	0	0	0	0	0	0	0	0	0	0	0	0	0	0	0	0	0	0.0005809664813	0.0005809664813	0.0005809664813	0.0005809664813	0.0005809664813	0.0005809664813	0.0005809664813	0.0005809664813	0.0005809664813	0	0	0	0	0	0	0	0	0	0	0	0	0	0	0	0	0	0	0	0	0	0	0	0	0	0	0	0	0	0	0	0	0	0	0	0	0	0	0	0	0	0	0	0	0	0.0001537187577	0.0001537187577	0.0001537187577	0.0001537187577	0.0001537187577	0.0001537187577	0.0001537187577	0.0001537187577	0.0001537187577	0	0	0	0	0	0	0	0	0	0	0	0	0	0	0	0	0	0	0	0	0	0	0	0	0	0	0	0	0	0	0	0	0	0	0	0	0	0	0	0	0	0	0	0	0	7.233823891e-05	7.233823891e-05	7.233823891e-05	7.233823891e-05	7.233823891e-05	7.233823891e-05	7.233823891e-05	7.233823891e-05	7.233823891e-05	0	0	0	0	0	0	0	0	0	0	0	0	0	0	0	0	0	0	0	0	0	0	0	0	0	0	0	0	0	0	0	0	0	0	0	0	0	0	0	0	0	0	0	0	0	0.0001537187577	0.0001537187577	0.0001537187577	0.0001537187577	0.0001537187577	0.0001537187577	0.0001537187577	0.0001537187577	0.0001537187577	0	0	0	0	0	0	0	0	0	0	0	0	0	0	0	0	0	0	0	0	0	0	0	0	0	0	0	0	0	0	0	0	0	0	0	0	0	0	0	0	0	0	0	0	0	0.0005809664813	0.0005809664813	0.0005809664813	0.0005809664813	0.0005809664813	0.0005809664813	0.0005809664813	0.0005809664813	0.0005809664813	0	0	0	0	0	0	0	0	0	0	0	0	0	0	0	0	0	0	0	0	0	0	0	0	0	0	0	0	0	0	0	0	0	0	0	0	0	0	0	0	0	0	0	0	0	0.002315388788	0.002315388788	0.002315388788	0.002315388788	0.002315388788	0.002315388788	0.002315388788	0.002315388788	0.002315388788	0	0	0	0	0	0	0	0	0	0	0	0	0	0	0	0	0	0	0	0	0	0	0	0	0	0	0	0	0	0	0	0	0	0	0	0	0	0	0	0	0	0	0	0	0	0.009259435866	0.009259435866	0.009259435866	0.009259435866	0.009259435866	0.009259435866	0.009259435866	0.009259435866	0.009259435866	0	0	0	0	0	0	0	0	0	0	0	0	0
(0,14)	0	0	0	0	0	0	0	0	0	0	0	0	0	0	0	0	0	0	0	0	0	0	0	0	0	0	0	0	0	0	0	0	0.009259435866	0.009259435866	0.009259435866	0.009259435866	0.009259435866	0.009259435866	0.009259435866	0.009259435866	0.009259435866	0	0	0	0	0	0	0	0	0	0	0	0	0	0	0	0	0	0	0	0	0	0	0	0	0	0	0	0	0	0	0	0	0	0	0	0	0	0	0	0	0	0	0	0	0	0.002315388788	0.002315388788	0.002315388788	0.002315388788	0.002315388788	0.002315388788	0.002315388788	0.002315388788	0.002315388788	0	0	0	0	0	0	0	0	0	0	0	0	0	0	0	0	0	0	0	0	0	0	0	0	0	0	0	0	0	0	0	0	0	0	0	0	0	0	0	0	0	0	0	0	0	0.0005809664813	0.0005809664813	0.0005809664813	0.0005809664813	0.0005809664813	0.0005809664813	0.0005809664813	0.0005809664813	0.0005809664813	0	0	0	0	0	0	0	0	0	0	0	0	0	0	0	0	0	0	0	0	0	0	0	0	0	0	0	0	0	0	0	0	0	0	0	0	0	0	0	0	0	0	0	0	0	0.0001537187577	0.0001537187577	0.0001537187577	0.0001537187577	0.0001537187577	0.0001537187577	0.0001537187577	0.0001537187577	0.0001537187577	0	0	0	0	0	0	0	0	0	0	0	0	0	0	0	0	0	0	0	0	0	0	0	0	0	0	0	0	0	0	0	0	0	0	0	0	0	0	0	0	0	0	0	0	0	7.233823891e-05	7.233823891e-05	7.233823891e-05	7.233823891e-05	7.233823891e-05	7.233823891e-05	7.233823891e-05	7.233823891e-05	7.233823891e-05	0	0	0	0	0	0	0	0	0	0	0	0	0	0	0	0	0	0	0	0	0	0	0	0	0	0	0	0	0	0	0	0	0	0	0	0	0	0	0	0	0	0	0	0	0	0.0001537187577	0.0001537187577	0.0001537187577	0.0001537187577	0.0001537187577	0.0001537187577	0.0001537187577	0.0001537187577	0.0001537187577	0	0	0	0	0	0	0	0	0	0	0	0	0	0	0	0	0	0	0	0	0	0	0	0	0	0	0	0	0	0	0	0	0	0	0	0	0	0	0	0	0	0	0	0	0	0.0005809664813	0.0005809664813	0.0005809664813	0.0005809664813	0.0005809664813	0.0005809664813	0.0005809664813	0.0005809664813	0.0005809664813	0	0	0	0	0	0	0	0	0	0	0	0	0	0	0	0	0	0	0	0	0	0	0	0	0	0	0	0	0	0	0	0	0	0	0	0	0	0	0	0	0	0	0	0	0	0.002315388788	0.002315388788	0.002315388788	0.002315388788	0.002315388788	0.002315388788	0.002315388788	0.002315388788	0.002315388788	0	0	0	0	0	0	0	0	0	0	0	0	0	0	0	0	0	0	0	0	0	0	0	0	0	0	0	0	0	0	0	0	0	0	0	0	0	0	0	0	0	0	0	0	0	0.009259435866	0.009259435866	0.009259435866	0.009259435866	0.009259435866	0.009259435866	0.009259435866	0.009259435866	0.009259435866	0	0	0	0	0	0	0	0	0	0	0	0	0
(0,15)	0	0	0	0	0	0.3333358765	0	0	0	0	0	0	0	0	0	0	0	0	0	0	0	0	0	0	0	0	0	0	0	0	0	0	0	0	0	0	0	0	0	0	0	0	0	0	0	0	0	0	0	0	0	0	0	0	0	0	0	0	0	0	0.01388978958	0.01388978958	0	0.01388978958	0.01388978958	0	0.01388978958	0.01388978958	0	0	0	0	0	0	0	0	0	0	0	0	0	0	0	0	0	0	0	0	0	0	0	0	0	0	0	0	0	0	0	0	0	0	0	0	0	0	0	0	0	0	0	0	0	0	0.003475626323	0.003475626323	0	0.003475626323	0.003475626323	0	0.003475626323	0.003475626323	0	0	0	0	0	0	0	0	0	0	0	0	0	0	0	0	0	0	0	0	0	0	0	0	0	0	0	0	0	0	0	0	0	0	0	0	0	0	0	0	0	0	0	0	0	0	0	0	0.00264486686	0	0	0.00264486686	0	0	0	0	0	0	0	0	0	0	0	0	0	0	0	0	0	0	0	0	0	0	0	0	0	0	0	0	0	0	0	0	0	0	0	0	0	0	0	0	0	0	0	0	0	0	0	0	0.0002712683959	0.0002712683959	0	0.0002712683959	0.0002712683959	0	0.0002712683959	0.0002712683959	0	0	0	0	0	0	0	0	0	0	0	0	0	0	0	0	0	0	0	0	0	0	0	0	0	0	0	0	0	0	0	0	0	0	0	0	0	0	0	0	0	0	0	0	0	0	0.0002712683959	0.0002712683959	0	0.0002712683959	0.0002712683959	0	0.0002712683959	0.0002712683959	0	0	0	0	0	0	0	0	0	0	0	0	0	0	0	0	0	0	0	0	0	0	0	0	0	0	0	0	0	0	0	0	0	0	0	0	0	0	0	0	0	0	0	0	0	0	0	0	0.00264486686	0	0	0.00264486686	0	0	0	0	0	0	0	0	0	0	0	0	0	0	0	0	0	0	0	0	0	0	0	0	0	0	0	0	0	0	0	0	0	0	0	0	0	0	0	0	0	0	0	0	0	0	0	0	0.003475626323	0.003475626323	0	0.003475626323	0.003475626323	0	0.003475626323	0.003475626323	0	0	0	0	0	0	0	0	0	0	0	0	0	0	0	0	0	0	0	0	0	0	0	0	0	0	0	0	0	0	0	0	0	0	0	0	0	0	0	0	0	0	0	0	0	0	0.01388978958	0.01388978958	0	0.01388978958	0.01388978958	0	0.01388978958	0.01388978958	0	0	0	0	0	0	0	0	0	0	0	0	0	0	0	0	0	0	0	0	0	0	0	0	0	0	0	0	0	0	0	0	0	0	0	0	0	0	0	0
(0,16)	0	0	0	0	0	0	0	0	0	0	0	0	0	0	0	0	0	0	0	0	0	0	0	0	0	0	0	0	0	0	0	0	0	0.009259435866	0.009259435866	0.009259435866	0.009259435866	0.009259435866	0.009259435866	0.009259435866	0.009259435866	0.009259435866	0	0	0	0	0	0	0	0	0	0	0	0	0	0	0	0	0	0	0	0	0	0	0	0	0	0	0	0	0	0	0	0	0	0	0	0	0	0	0	0	0	0	0	0	0	0.002315388788	0.002315388788	0.002315388788	0.002315388788	0.002315388788	0.002315388788	0.002315388788	0.002315388788	0.002315388788	0	0	0	0	0	0	0	0	0	0	0	0	0	0	0	0	0	0	0	0	0	0	0	0	0	0	0	0	0	0	0	0	0	0	0	0	0	0	0	0	0	0	0	0	0	0.0005809664813	0.0005809664813	0.0005809664813	0.0005809664813	0.0005809664813	0.0005809664813	0.0005809664813	0.0005809664813	0.0005809664813	0	0	0	0	0	0	0	0	0	0	0	0	0	0	0	0	0	0	0	0	0	0	0	0	0	0	0	0	0	0	0	0	0	0	0	0	0	0	0	0	0	0	0	0	0	0.0001537187577	0.0001537187577	0.0001537187577	0.0001537187577	0.0001537187577	0.0001537187577	0.0001537187577	0.0001537187577	0.0001537187577	0	0	0	0	0	0	0	0	0	0	0	0	0	0	0	0	0	0	0	0	0	0	0	0	0	0	0	0	0	0	0	0	0	0	0	0	0	0	0	0	0	0	0	0	0	7.233823891e-05	7.233823891e-05	7.233823891e-05	7.233823891e-05	7.233823891e-05	7.233823891e-05	7.233823891e-05	7.233823891e-05	7.233823891e-05	0	0	0	0	0	0	0	0	0	0	0	0	0	0	0	0	0	0	0	0	0	0	0	0	0	0	0	0	0	0	0	0	0	0	0	0	0	0	0	0	0	0	0	0	0	0.0001537187577	0.0001537187577	0.0001537187577	0.0001537187577	0.0001537187577	0.0001537187577	0.0001537187577	0.0001537187577	0.0001537187577	0	0	0	0	0	0	0	0	0	0	0	0	0	0	0	0	0	0	0	0	0	0	0	0	0	0	0	0	0	0	0	0	0	0	0	0	0	0	0	0	0	0	0	0	0	0.0005809664813	0.0005809664813	0.0005809664813	0.0005809664813	0.0005809664813	0.0005809664813	0.0005809664813	0.0005809664813	0.0005809664813	0	0	0	0	0	0	0	0	0	0	0	0	0	0	0	0	0	0	0	0	0	0	0	0	0	0	0	0	0	0	0	0	0	0	0	0	0	0	0	0	0	0	0	0	0	0.002315388788	0.002315388788	0.002315388788	0.002315388788	0.002315388788	0.002315388788	0.002315388788	0.002315388788	0.002315388788	0	0	0	0	0	0	0	0	0	0	0	0	0	0	0	0	0	0	0	0	0	0	0	0	0	0	0	0	0	0	0	0	0	0	0	0	0	0	0	0	0	0	0	0	0	0.009259435866	0.009259435866	0.009259435866	0.009259435866	0.009259435866	0.009259435866	0.009259435866	0.009259435866	0.009259435866	0	0	0	0	0	0	0	0	0	0	0	0
(0,17)	0	0	0	0	0	0	0	0	0	0	0	0	0	0	0	0	0	0	0	0	0	0	0	0	0	0	0	0	0	0	0	0	0	0.009259435866	0.009259435866	0.009259435866	0.009259435866	0.009259435866	0.009259435866	0.009259435866	0.009259435866	0.009259435866	0	0	0	0	0	0	0	0	0	0	0	0	0	0	0	0	0	0	0	0	0	0	0	0	0	0	0	0	0	0	0	0	0	0	0	0	0	0	0	0	0	0	0	0	0	0.002315388788	0.002315388788	0.002315388788	0.002315388788	0.002315388788	0.002315388788	0.002315388788	0.002315388788	0.002315388788	0	0	0	0	0	0	0	0	0	0	0	0	0	0	0	0	0	0	0	0	0	0	0	0	0	0	0	0	0	0	0	0	0	0	0	0	0	0	0	0	0	0	0	0	0	0.0005809664813	0.0005809664813	0.0005809664813	0.0005809664813	0.0005809664813	0.0005809664813	0.0005809664813	0.0005809664813	0.0005809664813	0	0	0	0	0	0	0	0	0	0	0	0	0	0	0	0	0	0	0	0	0	0	0	0	0	0	0	0	0	0	0	0	0	0	0	0	0	0	0	0	0	0	0	0	0	0.0001537187577	0.0001537187577	0.0001537187577	0.0001537187577	0.0001537187577	0.0001537187577	0.0001537187577	0.0001537187577	0.0001537187577	0	0	0	0	0	0	0	0	0	0	0	0	0	0	0	0	0	0	0	0	0	0	0	0	0	0	0	0	0	0	0	0	0	0	0	0	0	0	0	0	0	0	0	0	0	7.233823891e-05	7.233823891e-05	7.233823891e-05	7.233823891e-05	7.233823891e-05	7.233823891e-05	7.233823891e-05	7.233823891e-05	7.233823891e-05	0	0	0	0	0	0	0	0	0	0	0	0	0	0	0	0	0	0	0	0	0	0	0	0	0	0	0	0	0	0	0	0	0	0	0	0	0	0	0	0	0	0	0	0	0	0.0001537187577	0.0001537187577	0.0001537187577	0.0001537187577	0.0001537187577	0.0001537187577	0.0001537187577	0.0001537187577	0.0001537187577	0	0	0	0	0	0	0	0	0	0	0	0	0	0	0	0	0	0	0	0	0	0	0	0	0	0	0	0	0	0	0	0	0	0	0	0	0	0	0	0	0	0	0	0	0	0.0005809664813	0.0005809664813	0.0005809664813	0.0005809664813	0.0005809664813	0.0005809664813	0.0005809664813	0.0005809664813	0.0005809664813	0	0	0	0	0	0	0	0	0	0	0	0	0	0	0	0	0	0	0	0	0	0	0	0	0	0	0	0	0	0	0	0	0	0	0	0	0	0	0	0	0	0	0	0	0	0.002315388788	0.002315388788	0.002315388788	0.002315388788	0.002315388788	0.002315388788	0.002315388788	0.002315388788	0.002315388788	0	0	0	0	0	0	0	0	0	0	0	0	0	0	0	0	0	0	0	0	0	0	0	0	0	0	0	0	0	0	0	0	0	0	0	0	0	0	0	0	0	0	0	0	0	0.009259435866	0.009259435866	0.009259435866	0.009259435866	0.009259435866	0.009259435866	0.009259435866	0.009259435866	0.009259435866	0	0	0	0	0	0	0	0	0	0	0	0
(0,18)	0	0	0	0	0	0	0.3333358765	0	0	0	0	0	0	0	0	0	0	0	0	0	0	0	0	0	0	0	0	0	0	0	0	0	0	0	0	0	0	0	0	0	0	0	0	0	0	0	0	0	0	0	0	0	0	0	0	0	0	0	0	0	0	0.01388978958	0.01388978958	0	0.01388978958	0.01388978958	0	0.01388978958	0.01388978958	0	0	0	0	0	0	0	0	0	0	0	0	0	0	0	0	0	0	0	0	0	0	0	0	0	0	0	0	0	0	0	0	0	0	0	0	0	0	0	0	0	0	0	0	0	0	0.003475626323	0.003475626323	0	0.003475626323	0.003475626323	0	0.003475626323	0.003475626323	0	0	0	0	0	0	0	0	0	0	0	0	0	0	0	0	0	0	0	0	0	0	0	0	0	0	0	0	0	0	0	0	0	0	0	0	0	0	0	0	0	0	0	0	0	0	0	0	0.00264486686	0	0	0.00264486686	0	0	0	0	0	0	0	0	0	0	0	0	0	0	0	0	0	0	0	0	0	0	0	0	0	0	0	0	0	0	0	0	0	0	0	0	0	0	0	0	0	0	0	0	0	0	0	0	0.0002712683959	0.0002712683959	0	0.0002712683959	0.0002712683959	0	0.0002712683959	0.0002712683959	0	0	0	0	0	0	0	0	0	0	0	0	0	0	0	0	0	0	0	0	0	0	0	0	0	0	0	0	0	0	0	0	0	0	0	0	0	0	0	0	0	0	0	0	0	0	0.0002712683959	0.0002712683959	0	0.0002712683959	0.0002712683959	0	0.0002712683959	0.0002712683959	0	0	0	0	0	0	0	0	0	0	0	0	0	0	0	0	0	0	0	0	0	0	0	0	0	0	0	0	0	0	0	0	0	0	0	0	0	0	0	0	0	0	0	0	0	0	0	0	0.00264486686	0	0	0.00264486686	0	0	0	0	0	0	0	0	0	0	0	0	0	0	0	0	0	0	0	0	0	0	0	0	0	0	0	0	0	0	0	0	0	0	0	0	0	0	0	0	0	0	0	0	0	0	0	0	0.003475626323	0.003475626323	0	0.003475626323	0.003475626323	0	0.003475626323	0.003475626323	0	0	0	0	0	0	0	0	0	0	0	0	0	0	0	0	0	0	0	0	0	0	0	0	0	0	0	0	0	0	0	0	0	0	0	0	0	0	0	0	0	0	0	0	0	0	0.01388978958	0.01388978958	0	0.01388978958	0.01388978958	0	0.01388978958	0.01388978958	0	0	0	0	0	0	0	0	0	0	0	0	0	0	0	0	0	0	0	0	0	0	0	0	0	0	0	0	0	0	0	0	0	0	0	0	0	0	0
(0,19)	0	0	0	0	0	0	0	0	0	0	0	0	0	0	0	0	0	0	0	0	0	0	0	0	0	0	0	0	0	0	0	0	0	0	0.009259435866	0.009259435866	0.009259435866	0.009259435866	0.009259435866	0.009259435866	0.009259435866	0.009259435866	0.009259435866	0	0	0	0	0	0	0	0	0	0	0	0	0	0	0	0	0	0	0	0	0	0	0	0	0	0	0	0	0	0	0	0	0	0	0	0	0	0	0	0	0	0	0	0	0	0.002315388788	0.002315388788	0.002315388788	0.002315388788	0.002315388788	0.002315388788	0.002315388788	0.002315388788	0.002315388788	0	0	0	0	0	0	0	0	0	0	0	0	0	0	0	0	0	0	0	0	0	0	0	0	0	0	0	0	0	0	0	0	0	0	0	0	0	0	0	0	0	0	0	0	0	0.0005809664813	0.0005809664813	0.0005809664813	0.0005809664813	0.0005809664813	0.0005809664813	0.0005809664813	0.0005809664813	0.0005809664813	0	0	0	0	0	0	0	0	0	0	0	0	0	0	0	0	0	0	0	0	0	0	0	0	0	0	0	0	0	0	0	0	0	0	0	0	0	0	0	0	0	0	0	0	0	0.0001537187577	0.0001537187577	0.0001537187577	0.0001537187577	0.0001537187577	0.0001537187577	0.0001537187577	0.0001537187577	0.0001537187577	0	0	0	0	0	0	0	0	0	0	0	0	0	0	0	0	0	0	0	0	0	0	0	0	0	0	0	0	0	0	0	0	0	0	0	0	0	0	0	0	0	0	0	0	0	7.233823891e-05	7.233823891e-05	7.233823891e-05	7.233823891e-05	7.233823891e-05	7.233823891e-05	7.233823891e-05	7.233823891e-05	7.233823891e-05	0	0	0	0	0	0	0	0	0	0	0	0	0	0	0	0	0	0	0	0	0	0	0	0	0	0	0	0	0	0	0	0	0	0	0	0	0	0	0	0	0	0	0	0	0	0.0001537187577	0.0001537187577	0.0001537187577	0.0001537187577	0.0001537187577	0.0001537187577	0.0001537187577	0.0001537187577	0.0001537187577	0	0	0	0	0	0	0	0	0	0	0	0	0	0	0	0	0	0	0	0	0	0	0	0	0	0	0	0	0	0	0	0	0	0	0	0	0	0	0	0	0	0	0	0	0	0.0005809664813	0.0005809664813	0.0005809664813	0.0005809664813	0.0005809664813	0.0005809664813	0.0005809664813	0.0005809664813	0.0005809664813	0	0	0	0	0	0	0	0	0	0	0	0	0	0	0	0	0	0	0	0	0	0	0	0	0	0	0	0	0	0	0	0	0	0	0	0	0	0	0	0	0	0	0	0	0	0.002315388788	0.002315388788	0.002315388788	0.002315388788	0.002315388788	0.002315388788	0.002315388788	0.002315388788	0.002315388788	0	0	0	0	0	0	0	0	0	0	0	0	0	0	0	0	0	0	0	0	0	0	0	0	0	0	0	0	0	0	0	0	0	0	0	0	0	0	0	0	0	0	0	0	0	0.009259435866	0.009259435866	0.009259435866	0.009259435866	0.009259435866	0.009259435866	0.009259435866	0.009259435866	0.009259435866	0	0	0	0	0	0	0	0	0	0	0
(0,20)	0	0	0	0	0	0	0	0	0	0	0	0	0	0	0	0	0	0	0	0	0	0	0	0	0	0	0	0	0	0	0	0	0	0	0.009259435866	0.009259435866	0.009259435866	0.009259435866	0.009259435866	0.009259435866	0.009259435866	0.009259435866	0.009259435866	0	0	0	0	0	0	0	0	0	0	0	0	0	0	0	0	0	0	0	0	0	0	0	0	0	0	0	0	0	0	0	0	0	0	0	0	0	0	0	0	0	0	0	0	0	0.002315388788	0.002315388788	0.002315388788	0.002315388788	0.002315388788	0.002315388788	0.002315388788	0.002315388788	0.002315388788	0	0	0	0	0	0	0	0	0	0	0	0	0	0	0	0	0	0	0	0	0	0	0	0	0	0	0	0	0	0	0	0	0	0	0	0	0	0	0	0	0	0	0	0	0	0.0005809664813	0.0005809664813	0.0005809664813	0.0005809664813	0.0005809664813	0.0005809664813	0.0005809664813	0.0005809664813	0.0005809664813	0	0	0	0	0	0	0	0	0	0	0	0	0	0	0	0	0	0	0	0	0	0	0	0	0	0	0	0	0	0	0	0	0	0	0	0	0	0	0	0	0	0	0	0	0	0.0001537187577	0.0001537187577	0.0001537187577	0.0001537187577	0.0001537187577	0.0001537187577	0.0001537187577	0.0001537187577	0.0001537187577	0	0	0	0	0	0	0	0	0	0	0	0	0	0	0	0	0	0	0	0	0	0	0	0	0	0	0	0	0	0	0	0	0	0	0	0	0	0	0	0	0	0	0	0	0	7.233823891e-05	7.233823891e-05	7.233823891e-05	7.233823891e-05	7.233823891e-05	7.233823891e-05	7.233823891e-05	7.233823891e-05	7.233823891e-05	0	0	0	0	0	0	0	0	0	0	0	0	0	0	0	0	0	0	0	0	0	0	0	0	0	0	0	0	0	0	0	0	0	0	0	0	0	0	0	0	0	0	0	0	0	0.0001537187577	0.0001537187577	0.0001537187577	0.0001537187577	0.0001537187577	0.0001537187577	0.0001537187577	0.0001537187577	0.0001537187577	0	0	0	0	0	0	0	0	0	0	0	0	0	0	0	0	0	0	0	0	0	0	0	0	0	0	0	0	0	0	0	0	0	0	0	0	0	0	0	0	0	0	0	0	0	0.0005809664813	0.0005809664813	0.0005809664813	0.0005809664813	0.0005809664813	0.0005809664813	0.0005809664813	0.0005809664813	0.0005809664813	0	0	0	0	0	0	0	0	0	0	0	0	0	0	0	0	0	0	0	0	0	0	0	0	0	0	0	0	0	0	0	0	0	0	0	0	0	0	0	0	0	0	0	0	0	0.002315388788	0.002315388788	0.002315388788	0.002315388788	0.002315388788	0.002315388788	0.002315388788	0.002315388788	0.002315388788	0	0	0	0	0	0	0	0	0	0	0	0	0	0	0	0	0	0	0	0	0	0	0	0	0	0	0	0	0	0	0	0	0	0	0	0	0	0	0	0	0	0	0	0	0	0.009259435866	0.009259435866	0.009259435866	0.009259435866	0.009259435866	0.009259435866	0.009259435866	0.009259435866	0.009259435866	0	0	0	0	0	0	0	0	0	0	0
(0,21)	0	0	0	0	0	0	0	0.3333358765	0	0	0	0	0	0	0	0	0	0	0	0	0	0	0	0	0	0	0	0	0	0	0	0	0	0	0	0	0	0	0	0	0	0	0	0	0	0	0	0	0	0	0	0	0	0	0	0	0	0	0	0	0	0	0.01388978958	0.01388978958	0	0.01388978958	0.01388978958	0	0.01388978958	0.01388978958	0	0	0	0	0	0	0	0	0	0	0	0	0	0	0	0	0	0	0	0	0	0	0	0	0	0	0	0	0	0	0	0	0	0	0	0	0	0	0	0	0	0	0	0	0	0	0.003475626323	0.003475626323	0	0.003475626323	0.003475626323	0	0.003475626323	0.003475626323	0	0	0	0	0	0	0	0	0	0	0	0	0	0	0	0	0	0	0	0	0	0	0	0	0	0	0	0	0	0	0	0	0	0	0	0	0	0	0	0	0	0	0	0	0	0	0	0	0.00264486686	0	0	0.00264486686	0	0	0	0	0	0	0	0	0	0	0	0	0	0	0	0	0	0	0	0	0	0	0	0	0	0	0	0	0	0	0	0	0	0	0	0	0	0	0	0	0	0	0	0	0	0	0	0	0.0002712683959	0.0002712683959	0	0.0002712683959	0.0002712683959	0	0.0002712683959	0.0002712683959	0	0	0	0	0	0	0	0	0	0	0	0	0	0	0	0	0	0	0	0	0	0	0	0	0	0	0	0	0	0	0	0	0	0	0	0	0	0	0	0	0	0	0	0	0	0	0.0002712683959	0.0002712683959	0	0.0002712683959	0.0002712683959	0	0.0002712683959	0.0002712683959	0	0	0	0	0	0	0	0	0	0	0	0	0	0	0	0	0	0	0	0	0	0	0	0	0	0	0	0	0	0	0	0	0	0	0	0	0	0	0	0	0	0	0	0	0	0	0	0	0.00264486686	0	0	0.00264486686	0	0	0	0	0	0	0	0	0	0	0	0	0	0	0	0	0	0	0	0	0	0	0	0	0	0	0	0	0	0	0	0	0	0	0	0	0	0	0	0	0	0	0	0	0	0	0	0	0.003475626323	0.003475626323	0	0.003475626323	0.003475626323	0	0.003475626323	0.003475626323	0	0	0	0	0	0	0	0	0	0	0	0	0	0	0	0	0	0	0	0	0	0	0	0	0	0	0	0	0	0	0	0	0	0	0	0	0	0	0	0	0	0	0	0	0	0	0.01388978958	0.01388978958	0	0.01388978958	0.01388978958	0	0.01388978958	0.01388978958	0	0	0	0	0	0	0	0	0	0	0	0	0	0	0	0	0	0	0	0	0	0	0	0	0	0	0	0	0	0	0	0	0	0	0	0	0	0
(0,22)	0	0	0	0	0	0	0	0	0	0	0	0	0	0	0	0	0	0	0	0	0	0	0	0	0	0	0	0	0	0	0	0	0	0	0	0.009259435866	0.009259435866	0.009259435866	0.009259435866	0.009259435866	0.009259435866	0.009259435866	0.009259435866	0.009259435866	0	0	0	0	0	0	0	0	0	0	0	0	0	0	0	0	0	0	0	0	0	0	0	0	0	0	0	0	0	0	0	0	0	0	0	0	0	0	0	0	0	0	0	0	0	0.002315388788	0.002315388788	0.002315388788	0.002315388788	0.002315388788	0.002315388788	0.002315388788	0.002315388788	0.002315388788	0	0	0	0	0	0	0	0	0	0	0	0	0	0	0	0	0	0	0	0	0	0	0	0	0	0	0	0	0	0	0	0	0	0	0	0	0	0	0	0	0	0	0	0	0	0.0005809664813	0.0005809664813	0.0005809664813	0.0005809664813	0.0005809664813	0.0005809664813	0.0005809664813	0.0005809664813	0.0005809664813	0	0	0	0	0	0	0	0	0	0	0	0	0	0	0	0	0	0	0	0	0	0	0	0	0	0	0	0	0	0	0	0	0	0	0	0	0	0	0	0	0	0	0	0	0	0.0001537187577	0.0001537187577	0.0001537187577	0.0001537187577	0.0001537187577	0.0001537187577	0.0001537187577	0.0001537187577	0.0001537187577	0	0	0	0	0	0	0	0	0	0	0	0	0	0	0	0	0	0	0	0	0	0	0	0	0	0	0	0	0	0	0	0	0	0	0	0	0	0	0	0	0	0	0	0	0	7.233823891e-05	7.233823891e-05	7.233823891e-05	7.233823891e-05	7.233823891e-05	7.233823891e-05	7.233823891e-05	7.233823891e-05	7.233823891e-05	0	0	0	0	0	0	0	0	0	0	0	0	0	0	0	0	0	0	0	0	0	0	0	0	0	0	0	0	0	0	0	0	0	0	0	0	0	0	0	0	0	0	0	0	0	0.0001537187577	0.0001537187577	0.0001537187577	0.0001537187577	0.0001537187577	0.0001537187577	0.0001537187577	0.0001537187577	0.0001537187577	0	0	0	0	0	0	0	0	0	0	0	0	0	0	0	0	0	0	0	0	0	0	0	0	0	0	0	0	0	0	0	0	0	0	0	0	0	0	0	0	0	0	0	0	0	0.0005809664813	0.0005809664813	0.0005809664813	0.0005809664813	0.0005809664813	0.0005809664813	0.0005809664813	0.0005809664813	0.0005809664813	0	0	0	0	0	0	0	0	0	0	0	0	0	0	0	0	0	0	0	0	0	0	0	0	0	0	0	0	0	0	0	0	0	0	0	0	0	0	0	0	0	0	0	0	0	0.002315388788	0.002315388788	0.002315388788	0.002315388788	0.002315388788	0.002315388788	0.002315388788	0.002315388788	0.002315388788	0	0	0	0	0	0	0	0	0	0	0	0	0	0	0	0	0	0	0	0	0	0	0	0	0	0	0	0	0	0	0	0	0	0	0	0	0	0	0	0	0	0	0	0	0	0.009259435866	0.009259435866	0.009259435866	0.009259435866	0.009259435866	0.009259435866	0.009259435866	0.009259435866	0.009259435866	0	0	0	0	0	0	0	0	0	0
(0,23)	0	0	0	0	0	0	0	0	0	0	0	0	0	0	0	0	0	0	0	0	0	0	0	0	0	0	0	0	0	0	0	0	0	0	0	0.009259435866	0.009259435866	0.009259435866	0.009259435866	0.009259435866	0.009259435866	0.009259435866	0.009259435866	0.009259435866	0	0	0	0	0	0	0	0	0	0	0	0	0	0	0	0	0	0	0	0	0	0	0	0	0	0	0	0	0	0	0	0	0	0	0	0	0	0	0	0	0	0	0	0	0	0.002315388788	0.002315388788	0.002315388788	0.002315388788	0.002315388788	0.002315388788	0.002315388788	0.002315388788	0.002315388788	0	0	0	0	0	0	0	0	0	0	0	0	0	0	0	0	0	0	0	0	0	0	0	0	0	0	0	0	0	0	0	0	0	0	0	0	0	0	0	0	0	0	0	0	0	0.0005809664813	0.0005809664813	0.0005809664813	0.0005809664813	0.0005809664813	0.0005809664813	0.0005809664813	0.0005809664813	0.0005809664813	0	0	0	0	0	0	0	0	0	0	0	0	0	0	0	0	0	0	0	0	0	0	0	0	0	0	0	0	0	0	0	0	0	0	0	0	0	0	0	0	0	0	0	0	0	0.0001537187577	0.0001537187577	0.0001537187577	0.0001537187577	0.0001537187577	0.0001537187577	0.0001537187577	0.0001537187577	0.0001537187577	0	0	0	0	0	0	0	0	0	0	0	0	0	0	0	0	0	0	0	0	0	0	0	0	0	0	0	0	0	0	0	0	0	0	0	0	0	0	0	0	0	0	0	0	0	7.233823891e-05	7.233823891e-05	7.233823891e-05	7.233823891e-05	7.233823891e-05	7.233823891e-05	7.233823891e-05	7.233823891e-05	7.233823891e-05	0	0	0	0	0	0	0	0	0	0	0	0	0	0	0	0	0	0	0	0	0	0	0	0	0	0	0	0	0	0	0	0	0	0	0	0	0	0	0	0	0	0	0	0	0	0.0001537187577	0.0001537187577	0.0001537187577	0.0001537187577	0.0001537187577	0.0001537187577	0.0001537187577	0.0001537187577	0.0001537187577	0	0	0	0	0	0	0	0	0	0	0	0	0	0	0	0	0	0	0	0	0	0	0	0	0	0	0	0	0	0	0	0	0	0	0	0	0	0	0	0	0	0	0	0	0	0.0005809664813	0.0005809664813	0.0005809664813	0.0005809664813	0.0005809664813	0.0005809664813	0.0005809664813	0.0005809664813	0.0005809664813	0	0	0	0	0	0	0	0	0	0	0	0	0	0	0	0	0	0	0	0	0	0	0	0	0	0	0	0	0	0	0	0	0	0	0	0	0	0	0	0	0	0	0	0	0	0.002315388788	0.002315388788	0.002315388788	0.002315388788	0.002315388788	0.002315388788	0.002315388788	0.002315388788	0.002315388788	0	0	0	0	0	0	0	0	0	0	0	0	0	0	0	0	0	0	0	0	0	0	0	0	0	0	0	0	0	0	0	0	0	0	0	0	0	0	0	0	0	0	0	0	0	0.009259435866	0.009259435866	0.009259435866	0.009259435866	0.009259435866	0.009259435866	0.009259435866	0.009259435866	0.009259435866	0	0	0	0	0	0	0	0	0	0
(0,24)	0	0	0	0	0	0	0	0	0.3333358765	0	0	0	0	0	0	0	0	0	0	0	0	0	0	0	0	0	0	0	0	0	0	0	0	0	0	0	0	0	0	0	0	0	0	0	0	0	0	0	0	0	0	0	0	0	0	0	0	0	0	0	0	0	0	0.01388978958	0.01388978958	0	0.01388978958	0.01388978958	0	0.01388978958	0.01388978958	0	0	0	0	0	0	0	0	0	0	0	0	0	0	0	0	0	0	0	0	0	0	0	0	0	0	0	0	0	0	0	0	0	0	0	0	0	0	0	0	0	0	0	0	0	0	0.003475626323	0.003475626323	0	0.003475626323	0.003475626323	0	0.003475626323	0.003475626323	0	0	0	0	0	0	0	0	0	0	0	0	0	0	0	0	0	0	0	0	0	0	0	0	0	0	0	0	0	0	0	0	0	0	0	0	0	0	0	0	0	0	0	0	0	0	0	0	0.00264486686	0	0	0.00264486686	0	0	0	0	0	0	0	0	0	0	0	0	0	0	0	0	0	0	0	0	0	0	0	0	0	0	0	0	0	0	0	0	0	0	0	0	0	0	0	0	0	0	0	0	0	0	0	0	0.0002712683959	0.0002712683959	0	0.0002712683959	0.0002712683959	0	0.0002712683959	0.0002712683959	0	0	0	0	0	0	0	0	0	0	0	0	0	0	0	0	0	0	0	0	0	0	0	0	0	0	0	0	0	0	0	0	0	0	0	0	0	0	0	0	0	0	0	0	0	0	0.0002712683959	0.0002712683959	0	0.0002712683959	0.0002712683959	0	0.0002712683959	0.0002712683959	0	0	0	0	0	0	0	0	0	0	0	0	0	0	0	0	0	0	0	0	0	0	0	0	0	0	0	0	0	0	0	0	0	0	0	0	0	0	0	0	0	0	0	0	0	0	0	0	0.00264486686	0	0	0.00264486686	0	0	0	0	0	0	0	0	0	0	0	0	0	0	0	0	0	0	0	0	0	0	0	0	0	0	0	0	0	0	0	0	0	0	0	0	0	0	0	0	0	0	0	0	0	0	0	0	0.003475626323	0.003475626323	0	0.003475626323	0.003475626323	0	0.003475626323	0.003475626323	0	0	0	0	0	0	0	0	0	0	0	0	0	0	0	0	0	0	0	0	0	0	0	0	0	0	0	0	0	0	0	0	0	0	0	0	0	0	0	0	0	0	0	0	0	0	0.01388978958	0.01388978958	0	0.01388978958	0.01388978958	0	0.01388978958	0.01388978958	0	0	0	0	0	0	0	0	0	0	0	0	0	0	0	0	0	0	0	0	0	0	0	0	0	0	0	0	0	0	0	0	0	0	0	0	0
(0,25)	0	0	0	0	0	0	0	0	0	0	0	0	0	0	0	0	0	0	0	0	0	0	0	0	0	0	0	0	0	0	0	0	0	0	0	0	0.009259435866	0.009259435866	0.009259435866	0.009259435866	0.009259435866	0.009259435866	0.009259435866	0.009259435866	0.009259435866	0	0	0	0	0	0	0	0	0	0	0	0	0	0	0	0	0	0	0	0	0	0	0	0	0	0	0	0	0	0	0	0	0	0	0	0	0	0	0	0	0	0	0	0	0	0.002315388788	0.002315388788	0.002315388788	0.002315388788	0.002315388788	0.002315388788	0.002315388788	0.002315388788	0.002315388788	0	0	0	0	0	0	0	0	0	0	0	0	0	0	0	0	0	0	0	0	0	0	0	0	0	0	0	0	0	0	0	0	0	0	0	0	0	0	0	0	0	0	0	0	0	0.0005809664813	0.0005809664813	0.0005809664813	0.0005809664813	0.0005809664813	0.0005809664813	0.0005809664813	0.0005809664813	0.0005809664813	0	0	0	0	0	0	0	0	0	0	0	0	0	0	0	0	0	0	0	0	0	0	0	0	0	0	0	0	0	0	0	0	0	0	0	0	0	0	0	0	0	0	0	0	0	0.0001537187577	0.0001537187577	0.0001537187577	0.0001537187577	0.0001537187577	0.0001537187577	0.0001537187577	0.0001537187577	0.0001537187577	0	0	0	0	0	0	0	0	0	0	0	0	0	0	0	0	0	0	0	0	0	0	0	0	0	0	0	0	0	0	0	0	0	0	0	0	0	0	0	0	0	0	0	0	0	7.233823891e-05	7.233823891e-05	7.233823891e-05	7.233823891e-05	7.233823891e-05	7.233823891e-05	7.233823891e-05	7.233823891e-05	7.233823891e-05	0	0	0	0	0	0	0	0	0	0	0	0	0	0	0	0	0	0	0	0	0	0	0	0	0	0	0	0	0	0	0	0	0	0	0	0	0	0	0	0	0	0	0	0	0	0.0001537187577	0.0001537187577	0.0001537187577	0.0001537187577	0.0001537187577	0.0001537187577	0.0001537187577	0.0001537187577	0.0001537187577	0	0	0	0	0	0	0	0	0	0	0	0	0	0	0	0	0	0	0	0	0	0	0	0	0	0	0	0	0	0	0	0	0	0	0	0	0	0	0	0	0	0	0	0	0	0.0005809664813	0.0005809664813	0.0005809664813	0.0005809664813	0.0005809664813	0.0005809664813	0.0005809664813	0.0005809664813	0.0005809664813	0	0	0	0	0	0	0	0	0	0	0	0	0	0	0	0	0	0	0	0	0	0	0	0	0	0	0	0	0	0	0	0	0	0	0	0	0	0	0	0	0	0	0	0	0	0.002315388788	0.002315388788	0.002315388788	0.002315388788	0.002315388788	0.002315388788	0.002315388788	0.002315388788	0.002315388788	0	0	0	0	0	0	0	0	0	0	0	0	0	0	0	0	0	0	0	0	0	0	0	0	0	0	0	0	0	0	0	0	0	0	0	0	0	0	0	0	0	0	0	0	0	0.009259435866	0.009259435866	0.009259435866	0.009259435866	0.009259435866	0.009259435866	0.009259435866	0.009259435866	0.009259435866	0	0	0	0	0	0	0	0	0
(0,26)	0	0	0	0	0	0	0	0	0	0	0	0	0	0	0	0	0	0	0	0	0	0	0	0	0	0	0	0	0	0	0	0	0	0	0	0	0.009259435866	0.009259435866	0.009259435866	0.009259435866	0.009259435866	0.009259435866	0.009259435866	0.009259435866	0.009259435866	0	0	0	0	0	0	0	0	0	0	0	0	0	0	0	0	0	0	0	0	0	0	0	0	0	0	0	0	0	0	0	0	0	0	0	0	0	0	0	0	0	0	0	0	0	0.002315388788	0.002315388788	0.002315388788	0.002315388788	0.002315388788	0.002315388788	0.002315388788	0.002315388788	0.002315388788	0	0	0	0	0	0	0	0	0	0	0	0	0	0	0	0	0	0	0	0	0	0	0	0	0	0	0	0	0	0	0	0	0	0	0	0	0	0	0	0	0	0	0	0	0	0.0005809664813	0.0005809664813	0.0005809664813	0.0005809664813	0.0005809664813	0.0005809664813	0.0005809664813	0.0005809664813	0.0005809664813	0	0	0	0	0	0	0	0	0	0	0	0	0	0	0	0	0	0	0	0	0	0	0	0	0	0	0	0	0	0	0	0	0	0	0	0	0	0	0	0	0	0	0	0	0	0.0001537187577	0.0001537187577	0.0001537187577	0.0001537187577	0.0001537187577	0.0001537187577	0.0001537187577	0.0001537187577	0.0001537187577	0	0	0	0	0	0	0	0	0	0	0	0	0	0	0	0	0	0	0	0	0	0	0	0	0	0	0	0	0	0	0	0	0	0	0	0	0	0	0	0	0	0	0	0	0	7.233823891e-05	7.233823891e-05	7.233823891e-05	7.233823891e-05	7.233823891e-05	7.233823891e-05	7.233823891e-05	7.233823891e-05	7.233823891e-05	0	0	0	0	0	0	0	0	0	0	0	0	0	0	0	0	0	0	0	0	0	0	0	0	0	0	0	0	0	0	0	0	0	0	0	0	0	0	0	0	0	0	0	0	0	0.0001537187577	0.0001537187577	0.0001537187577	0.0001537187577	0.0001537187577	0.0001537187577	0.0001537187577	0.0001537187577	0.0001537187577	0	0	0	0	0	0	0	0	0	0	0	0	0	0	0	0	0	0	0	0	0	0	0	0	0	0	0	0	0	0	0	0	0	0	0	0	0	0	0	0	0	0	0	0	0	0.0005809664813	0.0005809664813	0.0005809664813	0.0005809664813	0.0005809664813	0.0005809664813	0.0005809664813	0.0005809664813	0.0005809664813	0	0	0	0	0	0	0	0	0	0	0	0	0	0	0	0	0	0	0	0	0	0	0	0	0	0	0	0	0	0	0	0	0	0	0	0	0	0	0	0	0	0	0	0	0	0.002315388788	0.002315388788	0.002315388788	0.002315388788	0.002315388788	0.002315388788	0.002315388788	0.002315388788	0.002315388788	0	0	0	0	0	0	0	0	0	0	0	0	0	0	0	0	0	0	0	0	0	0	0	0	0	0	0	0	0	0	0	0	0	0	0	0	0	0	0	0	0	0	0	0	0	0.009259435866	0.009259435866	0.009259435866	0.009259435866	0.009259435866	0.009259435866	0.009259435866	0.009259435866	0.009259435866	0	0	0	0	0	0	0	0	0
(1,0)	0.1666698456	0	0	0	0	0	0	0	0	0	0	0	0	0	0	0	0	0	0	0	0	0	0	0	0	0	0	0	0	0	0	0	0	0	0	0	0	0	0	0	0	0	0	0	0	0	0	0	0	0	0	0	0	0	0	0.0277783076	0.0277783076	0	0.0277783076	0.0277783076	0	0.0277783076	0.0277783076	0	0	0	0	0	0	0	0	0	0	0	0	0	0	0	0	0	0	0	0	0	0	0	0	0	0	0	0	0	0	0	0	0	0	0	0	0	0	0	0	0	0	0	0	0	0	0.006946166363	0.006946166363	0	0.006946166363	0.006946166363	0	0.006946166363	0.006946166363	0	0	0	0	0	0	0	0	0	0	0	0	0	0	0	0	0	0	0	0	0	0	0	0	0	0	0	0	0	0	0	0	0	0	0	0	0	0	0	0	0	0	0	0	0	0	0	0	0.005228698331	0	0	0.005228698331	0	0	0	0	0	0	0	0	0	0	0	0	0	0	0	0	0	0	0	0	0	0	0	0	0	0	0	0	0	0	0	0	0	0	0	0	0	0	0	0	0	0	0	0	0	0	0	0	0.0004611562731	0.0004611562731	0	0.0004611562731	0.0004611562731	0	0.0004611562731	0.0004611562731	0	0	0	0	0	0	0	0	0	0	0	0	0	0	0	0	0	0	0	0	0	0	0	0	0	0	0	0	0	0	0	0	0	0	0	0	0	0	0	0	0	0	0	0	0	0	0.0002170147167	0.0002170147167	0	0.0002170147167	0.0002170147167	0	0.0002170147167	0.0002170147167	0	0	0	0	0	0	0	0	0	0	0	0	0	0	0	0	0	0	0	0	0	0	0	0	0	0	0	0	0	0	0	0	0	0	0	0	0	0	0	0	0	0	0	0	0	0	0	0	0.001383468819	0	0	0.001383468819	0	0	0	0	0	0	0	0	0	0	0	0	0	0	0	0	0	0	0	0	0	0	0	0	0	0	0	0	0	0	0	0	0	0	0	0	0	0	0	0	0	0	0	0	0	0	0	0	0.001742899444	0.001742899444	0	0.001742899444	0.001742899444	0	0.001742899444	0.001742899444	0	0	0	0	0	0	0	0	0	0	0	0	0	0	0	0	0	0	0	0	0	0	0	0	0	0	0	0	0	0	0	0	0	0	0	0	0	0	0	0	0	0	0	0	0	0	0.006946166363	0.006946166363	0	0.006946166363	0.006946166363	0	0.006946166363	0.006946166363	0	0	0	0	0	0	0	0	0	0	0	0	0	0	0	0	0	0	0	0	0	0	0	0	0	0	0	0	0	0	0	0	0	0	0	0	0	0	0	0	0	0	0	0	0
(1,1)	0	0	0	0	0	0	0	0	0	0	0	0	0	0	0	0	0	0	0	0	0	0	0	0	0	0	0	0	0.0185186598	0.0185186598	0.0185186598	0.0185186598	0.0185186598	0.0185186598	0.0185186598	0.0185186598	0.0185186598	0	0	0	0	0	0	0	0	0	0	0	0	0	0	0	0	0	0	0	0	0	0	0	0	0	0	0	0	0	0	0	0	0	0	0	0	0	0	0	0	0	0	0	0	0	0.004629929862	0.004629929862	0.004629929862	0.004629929862	0.004629929862	0.004629929862	0.004629929862	0.004629929862	0.004629929862	0	0	0	0	0	0	0	0	0	0	0	0	0	0	0	0	0	0	0	0	0	0	0	0	0	0	0	0	0	0	0	0	0	0	0	0	0	0	0	0	0	0	0	0	0	0.001158542108	0.001158542108	0.001158542108	0.001158542108	0.001158542108	0.001158542108	0.001158542108	0.001158542108	0.001158542108	0	0	0	0	0	0	0	0	0	0	0	0	0	0	0	0	0	0	0	0	0	0	0	0	0	0	0	0	0	0	0	0	0	0	0	0	0	0	0	0	0	0	0	0	0	0.0002938740956	0.0002938740956	0.0002938740956	0.0002938740956	0.0002938740956	0.0002938740956	0.0002938740956	0.0002938740956	0.0002938740956	0	0	0	0	0	0	0	0	0	0	0	0	0	0	0	0	0	0	0	0	0	0	0	0	0	0	0	0	0	0	0	0	0	0	0	0	0	0	0	0	0	0	0	0	0	9.042279864e-05	9.042279864e-05	9.042279864e-05	9.042279864e-05	9.042279864e-05	9.042279864e-05	9.042279864e-05	9.042279864e-05	9.042279864e-05	0	0	0	0	0	0	0	0	0	0	0	0	0	0	0	0	0	0	0	0	0	0	0	0	0	0	0	0	0	0	0	0	0	0	0	0	0	0	0	0	0	0	0	0	0	9.042279864e-05	9.042279864e-05	9.042279864e-05	9.042279864e-05	9.042279864e-05	9.042279864e-05	9.042279864e-05	9.042279864e-05	9.042279864e-05	0	0	0	0	0	0	0	0	0	0	0	0	0	0	0	0	0	0	0	0	0	0	0	0	0	0	0	0	0	0	0	0	0	0	0	0	0	0	0	0	0	0	0	0	0	0.0002938740956	0.0002938740956	0.0002938740956	0.0002938740956	0.0002938740956	0.0002938740956	0.0002938740956	0.0002938740956	0.0002938740956	0	0	0	0	0	0	0	0	0	0	0	0	0	0	0	0	0	0	0	0	0	0	0	0	0	0	0	0	0	0	0	0	0	0	0	0	0	0	0	0	0	0	0	0	0	0.001158542108	0.001158542108	0.001158542108	0.001158542108	0.001158542108	0.001158542108	0.001158542108	0.001158542108	0.001158542108	0	0	0	0	0	0	0	0	0	0	0	0	0	0	0	0	0	0	0	0	0	0	0	0	0	0	0	0	0	0	0	0	0	0	0	0	0	0	0	0	0	0	0	0	0	0.004629929862	0.004629929862	0.004629929862	0.004629929862	0.004629929862	0.004629929862	0.004629929862	0.004629929862	0.004629929862	0	0	0	0	0	0	0	0	0	0	0	0	0	0	0	0	0
(1,2)	0	0	0	0	0	0	0	0	0	0	0	0	0	0	0	0	0	0	0	0	0	0	0	0	0	0	0	0	0.0185186598	0.0185186598	0.0185186598	0.0185186598	0.0185186598	0.0185186598	0.0185186598	0.0185186598	0.0185186598	0	0	0	0	0	0	0	0	0	0	0	0	0	0	0	0	0	0	0	0	0	0	0	0	0	0	0	0	0	0	0	0	0	0	0	0	0	0	0	0	0	0	0	0	0	0.004629929862	0.004629929862	0.004629929862	0.004629929862	0.004629929862	0.004629929862	0.004629929862	0.004629929862	0.004629929862	0	0	0	0	0	0	0	0	0	0	0	0	0	0	0	0	0	0	0	0	0	0	0	0	0	0	0	0	0	0	0	0	0	0	0	0	0	0	0	0	0	0	0	0	0	0.001158542108	0.001158542108	0.001158542108	0.001158542108	0.001158542108	0.001158542108	0.001158542108	0.001158542108	0.001158542108	0	0	0	0	0	0	0	0	0	0	0	0	0	0	0	0	0	0	0	0	0	0	0	0	0	0	0	0	0	0	0	0	0	0	0	0	0	0	0	0	0	0	0	0	0	0.0002938740956	0.0002938740956	0.0002938740956	0.0002938740956	0.0002938740956	0.0002938740956	0.0002938740956	0.0002938740956	0.0002938740956	0	0	0	0	0	0	0	0	0	0	0	0	0	0	0	0	0	0	0	0	0	0	0	0	0	0	0	0	0	0	0	0	0	0	0	0	0	0	0	0	0	0	0	0	0	9.042279864e-05	9.042279864e-05	9.042279864e-05	9.042279864e-05	9.042279864e-05	9.042279864e-05	9.042279864e-05	9.042279864e-05	9.042279864e-05	0	0	0	0	0	0	0	0	0	0	0	0	0	0	0	0	0	0	0	0	0	0	0	0	0	0	0	0	0	0	0	0	0	0	0	0	0	0	0	0	0	0	0	0	0	9.042279864e-05	9.042279864e-05	9.042279864e-05	9.042279864e-05	9.042279864e-05	9.042279864e-05	9.042279864e-05	9.042279864e-05	9.042279864e-05	0	0	0	0	0	0	0	0	0	0	0	0	0	0	0	0	0	0	0	0	0	0	0	0	0	0	0	0	0	0	0	0	0	0	0	0	0	0	0	0	0	0	0	0	0	0.0002938740956	0.0002938740956	0.0002938740956	0.0002938740956	0.0002938740956	0.0002938740956	0.0002938740956	0.0002938740956	0.0002938740956	0	0	0	0	0	0	0	0	0	0	0	0	0	0	0	0	0	0	0	0	0	0	0	0	0	0	0	0	0	0	0	0	0	0	0	0	0	0	0	0	0	0	0	0	0	0.001158542108	0.001158542108	0.001158542108	0.001158542108	0.001158542108	0.001158542108	0.001158542108	0.001158542108	0.001158542108	0	0	0	0	0	0	0	0	0	0	0	0	0	0	0	0	0	0	0	0	0	0	0	0	0	0	0	0	0	0	0	0	0	0	0	0	0	0	0	0	0	0	0	0	0	0.004629929862	0.004629929862	0.004629929862	0.004629929862	0.004629929862	0.004629929862	0.004629929862	0.004629929862	0.004629929862	0	0	0	0	0	0	0	0	0	0	0	0	0	0	0	0	0
(1,3)	0	0.1666698456	0	0	0	0	0	0	0	0	0	0	0	0	0	0	0	0	0	0	0	0	0	0	0	0	0	0	0	0	0	0	0	0	0	0	0	0	0	0	0	0	0	0	0	0	0	0	0	0	0	0	0	0	0	0	0.0277783076	0.0277783076	0	0.0277783076	0.0277783076	0	0.0277783076	0.0277783076	0	0	0	0	0	0	0	0	0	0	0	0	0	0	0	0	0	0	0	0	0	0	0	0	0	0	0	0	0	0	0	0	0	0	0	0	0	0	0	0	0	0	0	0	0	0	0.006946166363	0.006946166363	0	0.006946166363	0.006946166363	0	0.006946166363	0.006946166363	0	0	0	0	0	0	0	0	0	0	0	0	0	0	0	0	0	0	0	0	0	0	0	0	0	0	0	0	0	0	0	0	0	0	0	0	0	0	0	0	0	0	0	0	0	0	0	0	0.005228698331	0	0	0.005228698331	0	0	0	0	0	0	0	0	0	0	0	0	0	0	0	0	0	0	0	0	0	0	0	0	0	0	0	0	0	0	0	0	0	0	0	0	0	0	0	0	0	0	0	0	0	0	0	0	0.0004611562731	0.0004611562731	0	0.0004611562731	0.0004611562731	0	0.0004611562731	0.0004611562731	0	0	0	0	0	0	0	0	0	0	0	0	0	0	0	0	0	0	0	0	0	0	0	0	0	0	0	0	0	0	0	0	0	0	0	0	0	0	0	0	0	0	0	0	0	0	0.0002170147167	0.0002170147167	0	0.0002170147167	0.0002170147167	0	0.0002170147167	0.0002170147167	0	0	0	0	0	0	0	0	0	0	0	0	0	0	0	0	0	0	0	0	0	0	0	0	0	0	0	0	0	0	0	0	0	0	0	0	0	0	0	0	0	0	0	0	0	0	0	0	0.001383468819	0	0	0.001383468819	0	0	0	0	0	0	0	0	0	0	0	0	0	0	0	0	0	0	0	0	0	0	0	0	0	0	0	0	0	0	0	0	0	0	0	0	0	0	0	0	0	0	0	0	0	0	0	0	0.001742899444	0.001742899444	0	0.001742899444	0.001742899444	0	0.001742899444	0.001742899444	0	0	0	0	0	0	0	0	0	0	0	0	0	0	0	0	0	0	0	0	0	0	0	0	0	0	0	0	0	0	0	0	0	0	0	0	0	0	0	0	0	0	0	0	0	0	0.006946166363	0.006946166363	0	0.006946166363	0.006946166363	0	0.006946166363	0.006946166363	0	0	0	0	0	0	0	0	0	0	0	0	0	0	0	0	0	0	0	0	0	0	0	0	0	0	0	0	0	0	0	0	0	0	0	0	0	0	0	0	0	0	0	0
(1,4)	0	0	0	0	0	0	0	0	0	0	0	0	0	0	0	0	0	0	0	0	0	0	0	0	0	0	0	0	0	0.0185186598	0.0185186598	0.0185186598	0.0185186598	0.0185186598	0.0185186598	0.0185186598	0.0185186598	0.0185186598	0	0	0	0	0	0	0	0	0	0	0	0	0	0	0	0	0	0	0	0	0	0	0	0	0	0	0	0	0	0	0	0	0	0	0	0	0	0	0	0	0	0	0	0	0	0.004629929862	0.004629929862	0.004629929862	0.004629929862	0.004629929862	0.004629929862	0.004629929862	0.004629929862	0.004629929862	0	0	0	0	0	0	0	0	0	0	0	0	0	0	0	0	0	0	0	0	0	0	0	0	0	0	0	0	0	0	0	0	0	0	0	0	0	0	0	0	0	0	0	0	0	0.001158542108	0.001158542108	0.001158542108	0.001158542108	0.001158542108	0.001158542108	0.001158542108	0.001158542108	0.001158542108	0	0	0	0	0	0	0	0	0	0	0	0	0	0	0	0	0	0	0	0	0	0	0	0	0	0	0	0	0	0	0	0	0	0	0	0	0	0	0	0	0	0	0	0	0	0.0002938740956	0.0002938740956	0.0002938740956	0.0002938740956	0.0002938740956	0.0002938740956	0.0002938740956	0.0002938740956	0.0002938740956	0	0	0	0	0	0	0	0	0	0	0	0	0	0	0	0	0	0	0	0	0	0	0	0	0	0	0	0	0	0	0	0	0	0	0	0	0	0	0	0	0	0	0	0	0	9.042279864e-05	9.042279864e-05	9.042279864e-05	9.042279864e-05	9.042279864e-05	9.042279864e-05	9.042279864e-05	9.042279864e-05	9.042279864e-05	0	0	0	0	0	0	0	0	0	0	0	0	0	0	0	0	0	0	0	0	0	0	0	0	0	0	0	0	0	0	0	0	0	0	0	0	0	0	0	0	0	0	0	0	0	9.042279864e-05	9.042279864e-05	9.042279864e-05	9.042279864e-05	9.042279864e-05	9.042279864e-05	9.042279864e-05	9.042279864e-05	9.042279864e-05	0	0	0	0	0	0	0	0	0	0	0	0	0	0	0	0	0	0	0	0	0	0	0	0	0	0	0	0	0	0	0	0	0	0	0	0	0	0	0	0	0	0	0	0	0	0.0002938740956	0.0002938740956	0.0002938740956	0.0002938740956	0.0002938740956	0.0002938740956	0.0002938740956	0.0002938740956	0.0002938740956	0	0	0	0	0	0	0	0	0	0	0	0	0	0	0	0	0	0	0	0	0	0	0	0	0	0	0	0	0	0	0	0	0	0	0	0	0	0	0	0	0	0	0	0	0	0.001158542108	0.001158542108	0.001158542108	0.001158542108	0.001158542108	0.001158542108	0.001158542108	0.001158542108	0.001158542108	0	0	0	0	0	0	0	0	0	0	0	0	0	0	0	0	0	0	0	0	0	0	0	0	0	0	0	0	0	0	0	0	0	0	0	0	0	0	0	0	0	0	0	0	0	0.004629929862	0.004629929862	0.004629929862	0.004629929862	0.004629929862	0.004629929862	0.004629929862	0.004629929862	0.004629929862	0	0	0	0	0	0	0	0	0	0	0	0	0	0	0	0
(1,5)	0	0	0	0	0	0	0	0	0	0	0	0	0	0	0	0	0	0	0	0	0	0	0	0	0	0	0	0	0	0.0185186598	0.0185186598	0.0185186598	0.0185186598	0.0185186598	0.0185186598	0.0185186598	0.0185186598	0.0185186598	0	0	0	0	0	0	0	0	0	0	0	0	0	0	0	0	0	0	0	0	0	0	0	0	0	0	0	0	0	0	0	0	0	0	0	0	0	0	0	0	0	0	0	0	0	0.004629929862	0.004629929862	0.004629929862	0.004629929862	0.004629929862	0.004629929862	0.004629929862	0.004629929862	0.004629929862	0	0	0	0	0	0	0	0	0	0	0	0	0	0	0	0	0	0	0	0	0	0	0	0	0	0	0	0	0	0	0	0	0	0	0	0	0	0	0	0	0	0	0	0	0	0.001158542108	0.001158542108	0.001158542108	0.001158542108	0.001158542108	0.001158542108	0.001158542108	0.001158542108	0.001158542108	0	0	0	0	0	0	0	0	0	0	0	0	0	0	0	0	0	0	0	0	0	0	0	0	0	0	0	0	0	0	0	0	0	0	0	0	0	0	0	0	0	0	0	0	0	0.0002938740956	0.0002938740956	0.0002938740956	0.0002938740956	0.0002938740956	0.0002938740956	0.0002938740956	0.0002938740956	0.0002938740956	0	0	0	0	0	0	0	0	0	0	0	0	0	0	0	0	0	0	0	0	0	0	0	0	0	0	0	0	0	0	0	0	0	0	0	0	0	0	0	0	0	0	0	0	0	9.042279864e-05	9.042279864e-05	9.042279864e-05	9.042279864e-05	9.042279864e-05	9.042279864e-05	9.042279864e-05	9.042279864e-05	9.042279864e-05	0	0	0	0	0	0	0	0	0	0	0	0	0	0	0	0	0	0	0	0	0	0	0	0	0	0	0	0	0	0	0	0	0	0	0	0	0	0	0	0	0	0	0	0	0	9.042279864e-05	9.042279864e-05	9.042279864e-05	9.042279864e-05	9.042279864e-05	9.042279864e-05	9.042279864e-05	9.042279864e-05	9.042279864e-05	0	0	0	0	0	0	0	0	0	0	0	0	0	0	0	0	0	0	0	0	0	0	0	0	0	0	0	0	0	0	0	0	0	0	0	0	0	0	0	0	0	0	0	0	0	0.0002938740956	0.0002938740956	0.0002938740956	0.0002938740956	0.0002938740956	0.0002938740956	0.0002938740956	0.0002938740956	0.0002938740956	0	0	0	0	0	0	0	0	0	0	0	0	0	0	0	0	0	0	0	0	0	0	0	0	0	0	0	0	0	0	0	0	0	0	0	0	0	0	0	0	0	0	0	0	0	0.001158542108	0.001158542108	0.001158542108	0.001158542108	0.001158542108	0.001158542108	0.001158542108	0.001158542108	0.001158542108	0	0	0	0	0	0	0	0	0	0	0	0	0	0	0	0	0	0	0	0	0	0	0	0	0	0	0	0	0	0	0	0	0	0	0	0	0	0	0	0	0	0	0	0	0	0.004629929862	0.004629929862	0.004629929862	0.004629929862	0.004629929862	0.004629929862	0.004629929862	0.004629929862	0.004629929862	0	0	0	0	0	0	0	0	0	0	0	0	0	0	0	0
(1,6)	0	0	0.1666698456	0	0	0	0	0	0	0	0	0	0	0	0	0	0	0	0	0	0	0	0	0	0	0	0	0	0	0	0	0	0	0	0	0	0	0	0	0	0	0	0	0	0	0	0	0	0	0	0	0	0	0	0	0	0	0.0277783076	0.0277783076	0	0.0277783076	0.0277783076	0	0.0277783076	0.0277783076	0	0	0	0	0	0	0	0	0	0	0	0	0	0	0	0	0	0	0	0	0	0	0	0	0	0	0	0	0	0	0	0	0	0	0	0	0	0	0	0	0	0	0	0	0	0	0.006946166363	0.006946166363	0	0.006946166363	0.006946166363	0	0.006946166363	0.006946166363	0	0	0	0	0	0	0	0	0	0	0	0	0	0	0	0	0	0	0	0	0	0	0	0	0	0	0	0	0	0	0	0	0	0	0	0	0	0	0	0	0	0	0	0	0	0	0	0	0.005228698331	0	0	0.005228698331	0	0	0	0	0	0	0	0	0	0	0	0	0	0	0	0	0	0	0	0	0	0	0	0	0	0	0	0	0	0	0	0	0	0	0	0	0	0	0	0	0	0	0	0	0	0	0	0	0.0004611562731	0.0004611562731	0	0.0004611562731	0.0004611562731	0	0.0004611562731	0.0004611562731	0	0	0	0	0	0	0	0	0	0	0	0	0	0	0	0	0	0	0	0	0	0	0	0	0	0	0	0	0	0	0	0	0	0	0	0	0	0	0	0	0	0	0	0	0	0	0.0002170147167	0.0002170147167	0	0.0002170147167	0.0002170147167	0	0.0002170147167	0.0002170147167	0	0	0	0	0	0	0	0	0	0	0	0	0	0	0	0	0	0	0	0	0	0	0	0	0	0	0	0	0	0	0	0	0	0	0	0	0	0	0	0	0	0	0	0	0	0	0	0	0.001383468819	0	0	0.001383468819	0	0	0	0	0	0	0	0	0	0	0	0	0	0	0	0	0	0	0	0	0	0	0	0	0	0	0	0	0	0	0	0	0	0	0	0	0	0	0	0	0	0	0	0	0	0	0	0	0.001742899444	0.001742899444	0	0.001742899444	0.001742899444	0	0.001742899444	0.001742899444	0	0	0	0	0	0	0	0	0	0	0	0	0	0	0	0	0	0	0	0	0	0	0	0	0	0	0	0	0	0	0	0	0	0	0	0	0	0	0	0	0	0	0	0	0	0	0.006946166363	0.006946166363	0	0.006946166363	0.006946166363	0	0.006946166363	0.006946166363	0	0	0	0	0	0	0	0	0	0	0	0	0	0	0	0	0	0	0	0	0	0	0	0	0	0	0	0	0	0	0	0	0	0	0	0	0	0	0	0	0	0	0
(1,7)	0	0	0	0	0	0	0	0	0	0	0	0	0	0	0	0	0	0	0	0	0	0	0	0	0	0	0	0	0	0	0.0185186598	0.0185186598	0.0185186598	0.0185186598	0.0185186598	0.0185186598	0.0185186598	0.0185186598	0.0185186598	0	0	0	0	0	0	0	0	0	0	0	0	0	0	0	0	0	0	0	0	0	0	0	0	0	0	0	0	0	0	0	0	0	0	0	0	0	0	0	0	0	0	0	0	0	0.004629929862	0.004629929862	0.004629929862	0.004629929862	0.004629929862	0.004629929862	0.004629929862	0.004629929862	0.004629929862	0	0	0	0	0	0	0	0	0	0	0	0	0	0	0	0	0	0	0	0	0	0	0	0	0	0	0	0	0	0	0	0	0	0	0	0	0	0	0	0	0	0	0	0	0	0.001158542108	0.001158542108	0.001158542108	0.001158542108	0.001158542108	0.001158542108	0.001158542108	0.001158542108	0.001158542108	0	0	0	0	0	0	0	0	0	0	0	0	0	0	0	0	0	0	0	0	0	0	0	0	0	0	0	0	0	0	0	0	0	0	0	0	0	0	0	0	0	0	0	0	0	0.0002938740956	0.0002938740956	0.0002938740956	0.0002938740956	0.0002938740956	0.0002938740956	0.0002938740956	0.0002938740956	0.0002938740956	0	0	0	0	0	0	0	0	0	0	0	0	0	0	0	0	0	0	0	0	0	0	0	0	0	0	0	0	0	0	0	0	0	0	0	0	0	0	0	0	0	0	0	0	0	9.042279864e-05	9.042279864e-05	9.042279864e-05	9.042279864e-05	9.042279864e-05	9.042279864e-05	9.042279864e-05	9.042279864e-05	9.042279864e-05	0	0	0	0	0	0	0	0	0	0	0	0	0	0	0	0	0	0	0	0	0	0	0	0	0	0	0	0	0	0	0	0	0	0	0	0	0	0	0	0	0	0	0	0	0	9.042279864e-05	9.042279864e-05	9.042279864e-05	9.042279864e-05	9.042279864e-05	9.042279864e-05	9.042279864e-05	9.042279864e-05	9.042279864e-05	0	0	0	0	0	0	0	0	0	0	0	0	0	0	0	0	0	0	0	0	0	0	0	0	0	0	0	0	0	0	0	0	0	0	0	0	0	0	0	0	0	0	0	0	0	0.0002938740956	0.0002938740956	0.0002938740956	0.0002938740956	0.0002938740956	0.0002938740956	0.0002938740956	0.0002938740956	0.0002938740956	0	0	0	0	0	0	0	0	0	0	0	0	0	0	0	0	0	0	0	0	0	0	0	0	0	0	0	0	0	0	0	0	0	0	0	0	0	0	0	0	0	0	0	0	0	0.001158542108	0.001158542108	0.001158542108	0.001158542108	0.001158542108	0.001158542108	0.001158542108	0.001158542108	0.001158542108	0	0	0	0	0	0	0	0	0	0	0	0	0	0	0	0	0	0	0	0	0	0	0	0	0	0	0	0	0	0	0	0	0	0	0	0	0	0	0	0	0	0	0	0	0	0.004629929862	0.004629929862	0.004629929862	0.004629929862	0.004629929862	0.004629929862	0.004629929862	0.004629929862	0.004629929862	0	0	0	0	0	0	0	0	0	0	0	0	0	0	0
(1,8)	0	0	0	0	0	0	0	0	0	0	0	0	0	0	0	0	0	0	0	0	0	0	0	0	0	0	0	0	0	0	0.0185186598	0.0185186598	0.0185186598	0.0185186598	0.0185186598	0.0185186598	0.0185186598	0.0185186598	0.0185186598	0	0	0	0	0	0	0	0	0	0	0	0	0	0	0	0	0	0	0	0	0	0	0	0	0	0	0	0	0	0	0	0	0	0	0	0	0	0	0	0	0	0	0	0	0	0.004629929862	0.004629929862	0.004629929862	0.004629929862	0.004629929862	0.004629929862	0.004629929862	0.004629929862	0.004629929862	0	0	0	0	0	0	0	0	0	0	0	0	0	0	0	0	0	0	0	0	0	0	0	0	0	0	0	0	0	0	0	0	0	0	0	0	0	0	0	0	0	0	0	0	0	0.001158542108	0.001158542108	0.001158542108	0.001158542108	0.001158542108	0.001158542108	0.001158542108	0.001158542108	0.001158542108	0	0	0	0	0	0	0	0	0	0	0	0	0	0	0	0	0	0	0	0	0	0	0	0	0	0	0	0	0	0	0	0	0	0	0	0	0	0	0	0	0	0	0	0	0	0.0002938740956	0.0002938740956	0.0002938740956	0.0002938740956	0.0002938740956	0.0002938740956	0.0002938740956	0.0002938740956	0.0002938740956	0	0	0	0	0	0	0	0	0	0	0	0	0	0	0	0	0	0	0	0	0	0	0	0	0	0	0	0	0	0	0	0	0	0	0	0	0	0	0	0	0	0	0	0	0	9.042279864e-05	9.042279864e-05	9.042279864e-05	9.042279864e-05	9.042279864e-05	9.042279864e-05	9.042279864e-05	9.042279864e-05	9.042279864e-05	0	0	0	0	0	0	0	0	0	0	0	0	0	0	0	0	0	0	0	0	0	0	0	0	0	0	0	0	0	0	0	0	0	0	0	0	0	0	0	0	0	0	0	0	0	9.042279864e-05	9.042279864e-05	9.042279864e-05	9.042279864e-05	9.042279864e-05	9.042279864e-05	9.042279864e-05	9.042279864e-05	9.042279864e-05	0	0	0	0	0	0	0	0	0	0	0	0	0	0	0	0	0	0	0	0	0	0	0	0	0	0	0	0	0	0	0	0	0	0	0	0	0	0	0	0	0	0	0	0	0	0.0002938740956	0.0002938740956	0.0002938740956	0.0002938740956	0.0002938740956	0.0002938740956	0.0002938740956	0.0002938740956	0.0002938740956	0	0	0	0	0	0	0	0	0	0	0	0	0	0	0	0	0	0	0	0	0	0	0	0	0	0	0	0	0	0	0	0	0	0	0	0	0	0	0	0	0	0	0	0	0	0.001158542108	0.001158542108	0.001158542108	0.001158542108	0.001158542108	0.001158542108	0.001158542108	0.001158542108	0.001158542108	0	0	0	0	0	0	0	0	0	0	0	0	0	0	0	0	0	0	0	0	0	0	0	0	0	0	0	0	0	0	0	0	0	0	0	0	0	0	0	0	0	0	0	0	0	0.004629929862	0.004629929862	0.004629929862	0.004629929862	0.004629929862	0.004629929862	0.004629929862	0.004629929862	0.004629929862	0	0	0	0	0	0	0	0	0	0	0	0	0	0	0
(1,9)	0	0	0	0.1666698456	0	0	0	0	0	0	0	0	0	0	0	0	0	0	0	0	0	0	0	0	0	0	0	0	0	0	0	0	0	0	0	0	0	0	0	0	0	0	0	0	0	0	0	0	0	0	0	0	0	0	0	0	0	0	0.0277783076	0.0277783076	0	0.0277783076	0.0277783076	0	0.0277783076	0.0277783076	0	0	0	0	0	0	0	0	0	0	0	0	0	0	0	0	0	0	0	0	0	0	0	0	0	0	0	0	0	0	0	0	0	0	0	0	0	0	0	0	0	0	0	0	0	0	0.006946166363	0.006946166363	0	0.006946166363	0.006946166363	0	0.006946166363	0.006946166363	0	0	0	0	0	0	0	0	0	0	0	0	0	0	0	0	0	0	0	0	0	0	0	0	0	0	0	0	0	0	0	0	0	0	0	0	0	0	0	0	0	0	0	0	0	0	0	0	0.005228698331	0	0	0.005228698331	0	0	0	0	0	0	0	0	0	0	0	0	0	0	0	0	0	0	0	0	0	0	0	0	0	0	0	0	0	0	0	0	0	0	0	0	0	0	0	0	0	0	0	0	0	0	0	0	0.0004611562731	0.0004611562731	0	0.0004611562731	0.0004611562731	0	0.0004611562731	0.0004611562731	0	0	0	0	0	0	0	0	0	0	0	0	0	0	0	0	0	0	0	0	0	0	0	0	0	0	0	0	0	0	0	0	0	0	0	0	0	0	0	0	0	0	0	0	0	0	0.0002170147167	0.0002170147167	0	0.0002170147167	0.0002170147167	0	0.0002170147167	0.0002170147167	0	0	0	0	0	0	0	0	0	0	0	0	0	0	0	0	0	0	0	0	0	0	0	0	0	0	0	0	0	0	0	0	0	0	0	0	0	0	0	0	0	0	0	0	0	0	0	0	0.001383468819	0	0	0.001383468819	0	0	0	0	0	0	0	0	0	0	0	0	0	0	0	0	0	0	0	0	0	0	0	0	0	0	0	0	0	0	0	0	0	0	0	0	0	0	0	0	0	0	0	0	0	0	0	0	0.001742899444	0.001742899444	0	0.001742899444	0.001742899444	0	0.001742899444	0.001742899444	0	0	0	0	0	0	0	0	0	0	0	0	0	0	0	0	0	0	0	0	0	0	0	0	0	0	0	0	0	0	0	0	0	0	0	0	0	0	0	0	0	0	0	0	0	0	0.006946166363	0.006946166363	0	0.006946166363	0.006946166363	0	0.006946166363	0.006946166363	0	0	0	0	0	0	0	0	0	0	0	0	0	0	0	0	0	0	0	0	0	0	0	0	0	0	0	0	0	0	0	0	0	0	0	0	0	0	0	0	0	0
(1,10)	0	0	0	0	0	0	0	0	0	0	0	0	0	0	0	0	0	0	0	0	0	0	0	0	0	0	0	0	0	0	0	0.0185186598	0.0185186598	0.0185186598	0.0185186598	0.0185186598	0.0185186598	0.0185186598	0.0185186598	0.0185186598	0	0	0	0	0	0	0	0	0	0	0	0	0	0	0	0	0	0	0	0	0	0	0	0	0	0	0	0	0	0	0	0	0	0	0	0	0	0	0	0	0	0	0	0	0	0.004629929862	0.004629929862	0.004629929862	0.004629929862	0.004629929862	0.004629929862	0.004629929862	0.004629929862	0.004629929862	0	0	0	0	0	0	0	0	0	0	0	0	0	0	0	0	0	0	0	0	0	0	0	0	0	0	0	0	0	0	0	0	0	0	0	0	0	0	0	0	0	0	0	0	0	0.001158542108	0.001158542108	0.001158542108	0.001158542108	0.001158542108	0.001158542108	0.001158542108	0.001158542108	0.001158542108	0	0	0	0	0	0	0	0	0	0	0	0	0	0	0	0	0	0	0	0	0	0	0	0	0	0	0	0	0	0	0	0	0	0	0	0	0	0	0	0	0	0	0	0	0	0.0002938740956	0.0002938740956	0.0002938740956	0.0002938740956	0.0002938740956	0.0002938740956	0.0002938740956	0.0002938740956	0.0002938740956	0	0	0	0	0	0	0	0	0	0	0	0	0	0	0	0	0	0	0	0	0	0	0	0	0	0	0	0	0	0	0	0	0	0	0	0	0	0	0	0	0	0	0	0	0	9.042279864e-05	9.042279864e-05	9.042279864e-05	9.042279864e-05	9.042279864e-05	9.042279864e-05	9.042279864e-05	9.042279864e-05	9.042279864e-05	0	0	0	0	0	0	0	0	0	0	0	0	0	0	0	0	0	0	0	0	0	0	0	0	0	0	0	0	0	0	0	0	0	0	0	0	0	0	0	0	0	0	0	0	0	9.042279864e-05	9.042279864e-05	9.042279864e-05	9.042279864e-05	9.042279864e-05	9.042279864e-05	9.042279864e-05	9.042279864e-05	9.042279864e-05	0	0	0	0	0	0	0	0	0	0	0	0	0	0	0	0	0	0	0	0	0	0	0	0	0	0	0	0	0	0	0	0	0	0	0	0	0	0	0	0	0	0	0	0	0	0.0002938740956	0.0002938740956	0.0002938740956	0.0002938740956	0.0002938740956	0.0002938740956	0.0002938740956	0.0002938740956	0.0002938740956	0	0	0	0	0	0	0	0	0	0	0	0	0	0	0	0	0	0	0	0	0	0	0	0	0	0	0	0	0	0	0	0	0	0	0	0	0	0	0	0	0	0	0	0	0	0.001158542108	0.001158542108	0.001158542108	0.001158542108	0.001158542108	0.001158542108	0.001158542108	0.001158542108	0.001158542108	0	0	0	0	0	0	0	0	0	0	0	0	0	0	0	0	0	0	0	0	0	0	0	0	0	0	0	0	0	0	0	0	0	0	0	0	0	0	0	0	0	0	0	0	0	0.004629929862	0.004629929862	0.004629929862	0.004629929862	0.004629929862	0.004629929862	0.004629929862	0.004629929862	0.004629929862	0	0	0	0	0	0	0	0	0	0	0	0	0	0
(1,11)	0	0	0	0	0	0	0	0	0	0	0	0	0	0	0	0	0	0	0	0	0	0	0	0	0	0	0	0	0	0	0	0.0185186598	0.0185186598	0.0185186598	0.0185186598	0.0185186598	0.0185186598	0.0185186598	0.0185186598	0.0185186598	0	0	0	0	0	0	0	0	0	0	0	0	0	0	0	0	0	0	0	0	0	0	0	0	0	0	0	0	0	0	0	0	0	0	0	0	0	0	0	0	0	0	0	0	0	0.004629929862	0.004629929862	0.004629929862	0.004629929862	0.004629929862	0.004629929862	0.004629929862	0.004629929862	0.004629929862	0	0	0	0	0	0	0	0	0	0	0	0	0	0	0	0	0	0	0	0	0	0	0	0	0	0	0	0	0	0	0	0	0	0	0	0	0	0	0	0	0	0	0	0	0	0.001158542108	0.001158542108	0.001158542108	0.001158542108	0.001158542108	0.001158542108	0.001158542108	0.001158542108	0.001158542108	0	0	0	0	0	0	0	0	0	0	0	0	0	0	0	0	0	0	0	0	0	0	0	0	0	0	0	0	0	0	0	0	0	0	0	0	0	0	0	0	0	0	0	0	0	0.0002938740956	0.0002938740956	0.0002938740956	0.0002938740956	0.0002938740956	0.0002938740956	0.0002938740956	0.0002938740956	0.0002938740956	0	0	0	0	0	0	0	0	0	0	0	0	0	0	0	0	0	0	0	0	0	0	0	0	0	0	0	0	0	0	0	0	0	0	0	0	0	0	0	0	0	0	0	0	0	9.042279864e-05	9.042279864e-05	9.042279864e-05	9.042279864e-05	9.042279864e-05	9.042279864e-05	9.042279864e-05	9.042279864e-05	9.042279864e-05	0	0	0	0	0	0	0	0	0	0	0	0	0	0	0	0	0	0	0	0	0	0	0	0	0	0	0	0	0	0	0	0	0	0	0	0	0	0	0	0	0	0	0	0	0	9.042279864e-05	9.042279864e-05	9.042279864e-05	9.042279864e-05	9.042279864e-05	9.042279864e-05	9.042279864e-05	9.042279864e-05	9.042279864e-05	0	0	0	0	0	0	0	0	0	0	0	0	0	0	0	0	0	0	0	0	0	0	0	0	0	0	0	0	0	0	0	0	0	0	0	0	0	0	0	0	0	0	0	0	0	0.0002938740956	0.0002938740956	0.0002938740956	0.0002938740956	0.0002938740956	0.0002938740956	0.0002938740956	0.0002938740956	0.0002938740956	0	0	0	0	0	0	0	0	0	0	0	0	0	0	0	0	0	0	0	0	0	0	0	0	0	0	0	0	0	0	0	0	0	0	0	0	0	0	0	0	0	0	0	0	0	0.001158542108	0.001158542108	0.001158542108	0.001158542108	0.001158542108	0.001158542108	0.001158542108	0.001158542108	0.001158542108	0	0	0	0	0	0	0	0	0	0	0	0	0	0	0	0	0	0	0	0	0	0	0	0	0	0	0	0	0	0	0	0	0	0	0	0	0	0	0	0	0	0	0	0	0	0.004629929862	0.004629929862	0.004629929862	0.004629929862	0.004629929862	0.004629929862	0.004629929862	0.004629929862	0.004629929862	0	0	0	0	0	0	0	0	0	0	0	0	0	0
(1,12)	0	0	0	0	0.1666698456	0	0	0	0	0	0	0	0	0	0	0	0	0	0	0	0	0	0	0	0	0	0	0	0	0	0	0	0	0	0	0	0	0	0	0	0	0	0	0	0	0	0	0	0	0	0	0	0	0	0	0	0	0	0	0.0277783076	0.0277783076	0	0.0277783076	0.0277783076	0	0.0277783076	0.0277783076	0	0	0	0	0	0	0	0	0	0	0	0	0	0	0	0	0	0	0	0	0	0	0	0	0	0	0	0	0	0	0	0	0	0	0	0	0	0	0	0	0	0	0	0	0	0	0.006946166363	0.006946166363	0	0.006946166363	0.006946166363	0	0.006946166363	0.006946166363	0	0	0	0	0	0	0	0	0	0	0	0	0	0	0	0	0	0	0	0	0	0	0	0	0	0	0	0	0	0	0	0	0	0	0	0	0	0	0	0	0	0	0	0	0	0	0	0	0.005228698331	0	0	0.005228698331	0	0	0	0	0	0	0	0	0	0	0	0	0	0	0	0	0	0	0	0	0	0	0	0	0	0	0	0	0	0	0	0	0	0	0	0	0	0	0	0	0	0	0	0	0	0	0	0	0.0004611562731	0.0004611562731	0	0.0004611562731	0.0004611562731	0	0.0004611562731	0.0004611562731	0	0	0	0	0	0	0	0	0	0	0	0	0	0	0	0	0	0	0	0	0	0	0	0	0	0	0	0	0	0	0	0	0	0	0	0	0	0	0	0	0	0	0	0	0	0	0.0002170147167	0.0002170147167	0	0.0002170147167	0.0002170147167	0	0.0002170147167	0.0002170147167	0	0	0	0	0	0	0	0	0	0	0	0	0	0	0	0	0	0	0	0	0	0	0	0	0	0	0	0	0	0	0	0	0	0	0	0	0	0	0	0	0	0	0	0	0	0	0	0	0.001383468819	0	0	0.001383468819	0	0	0	0	0	0	0	0	0	0	0	0	0	0	0	0	0	0	0	0	0	0	0	0	0	0	0	0	0	0	0	0	0	0	0	0	0	0	0	0	0	0	0	0	0	0	0	0	0.001742899444	0.001742899444	0	0.001742899444	0.001742899444	0	0.001742899444	0.001742899444	0	0	0	0	0	0	0	0	0	0	0	0	0	0	0	0	0	0	0	0	0	0	0	0	0	0	0	0	0	0	0	0	0	0	0	0	0	0	0	0	0	0	0	0	0	0	0.006946166363	0.006946166363	0	0.006946166363	0.006946166363	0	0.006946166363	0.006946166363	0	0	0	0	0	0	0	0	0	0	0	0	0	0	0	0	0	0	0	0	0	0	0	0	0	0	0	0	0	0	0	0	0	0	0	0	0	0	0	0	0
(1,13)	0	0	0	0	0	0	0	0	0	0	0	0	0	0	0	0	0	0	0	0	0	0	0	0	0	0	0	0	0	0	0	0	0.0185186598	0.0185186598	0.0185186598	0.0185186598	0.0185186598	0.0185186598	0.0185186598	0.0185186598	0.0185186598	0	0	0	0	0	0	0	0	0	0	0	0	0	0	0	0	0	0	0	0	0	0	0	0	0	0	0	0	0	0	0	0	0	0	0	0	0	0	0	0	0	0	0	0	0	0.004629929862	0.004629929862	0.004629929862	0.004629929862	0.004629929862	0.004629929862	0.004629929862	0.004629929862	0.004629929862	0	0	0	0	0	0	0	0	0	0	0	0	0	0	0	0	0	0	0	0	0	0	0	0	0	0	0	0	0	0	0	0	0	0	0	0	0	0	0	0	0	0	0	0	0	0.001158542108	0.001158542108	0.001158542108	0.001158542108	0.001158542108	0.001158542108	0.001158542108	0.001158542108	0.001158542108	0	0	0	0	0	0	0	0	0	0	0	0	0	0	0	0	0	0	0	0	0	0	0	0	0	0	0	0	0	0	0	0	0	0	0	0	0	0	0	0	0	0	0	0	0	0.0002938740956	0.0002938740956	0.0002938740956	0.0002938740956	0.0002938740956	0.0002938740956	0.0002938740956	0.0002938740956	0.0002938740956	0	0	0	0	0	0	0	0	0	0	0	0	0	0	0	0	0	0	0	0	0	0	0	0	0	0	0	0	0	0	0	0	0	0	0	0	0	0	0	0	0	0	0	0	0	9.042279864e-05	9.042279864e-05	9.042279864e-05	9.042279864e-05	9.042279864e-05	9.042279864e-05	9.042279864e-05	9.042279864e-05	9.042279864e-05	0	0	0	0	0	0	0	0	0	0	0	0	0	0	0	0	0	0	0	0	0	0	0	0	0	0	0	0	0	0	0	0	0	0	0	0	0	0	0	0	0	0	0	0	0	9.042279864e-05	9.042279864e-05	9.042279864e-05	9.042279864e-05	9.042279864e-05	9.042279864e-05	9.042279864e-05	9.042279864e-05	9.042279864e-05	0	0	0	0	0	0	0	0	0	0	0	0	0	0	0	0	0	0	0	0	0	0	0	0	0	0	0	0	0	0	0	0	0	0	0	0	0	0	0	0	0	0	0	0	0	0.0002938740956	0.0002938740956	0.0002938740956	0.0002938740956	0.0002938740956	0.0002938740956	0.0002938740956	0.0002938740956	0.0002938740956	0	0	0	0	0	0	0	0	0	0	0	0	0	0	0	0	0	0	0	0	0	0	0	0	0	0	0	0	0	0	0	0	0	0	0	0	0	0	0	0	0	0	0	0	0	0.001158542108	0.001158542108	0.001158542108	0.001158542108	0.001158542108	0.001158542108	0.001158542108	0.001158542108	0.001158542108	0	0	0	0	0	0	0	0	0	0	0	0	0	0	0	0	0	0	0	0	0	0	0	0	0	0	0	0	0	0	0	0	0	0	0	0	0	0	0	0	0	0	0	0	0	0.004629929862	0.004629929862	0.004629929862	0.004629929862	0.004629929862	0.004629929862	0.004629929862	0.004629929862	0.004629929862	0	0	0	0	0	0	0	0	0	0	0	0	0
(1,14)	0	0	0	0	0	0	0	0	0	0	0	0	0	0	0	0	0	0	0	0	0	0	0	0	0	0	0	0	0	0	0	0	0.0185186598	0.0185186598	0.0185186598	0.0185186598	0.0185186598	0.0185186598	0.0185186598	0.0185186598	0.0185186598	0	0	0	0	0	0	0	0	0	0	0	0	0	0	0	0	0	0	0	0	0	0	0	0	0	0	0	0	0	0	0	0	0	0	0	0	0	0	0	0	0	0	0	0	0	0.004629929862	0.004629929862	0.004629929862	0.004629929862	0.004629929862	0.004629929862	0.004629929862	0.004629929862	0.004629929862	0	0	0	0	0	0	0	0	0	0	0	0	0	0	0	0	0	0	0	0	0	0	0	0	0	0	0	0	0	0	0	0	0	0	0	0	0	0	0	0	0	0	0	0	0	0.001158542108	0.001158542108	0.001158542108	0.001158542108	0.001158542108	0.001158542108	0.001158542108	0.001158542108	0.001158542108	0	0	0	0	0	0	0	0	0	0	0	0	0	0	0	0	0	0	0	0	0	0	0	0	0	0	0	0	0	0	0	0	0	0	0	0	0	0	0	0	0	0	0	0	0	0.0002938740956	0.0002938740956	0.0002938740956	0.0002938740956	0.0002938740956	0.0002938740956	0.0002938740956	0.0002938740956	0.0002938740956	0	0	0	0	0	0	0	0	0	0	0	0	0	0	0	0	0	0	0	0	0	0	0	0	0	0	0	0	0	0	0	0	0	0	0	0	0	0	0	0	0	0	0	0	0	9.042279864e-05	9.042279864e-05	9.042279864e-05	9.042279864e-05	9.042279864e-05	9.042279864e-05	9.042279864e-05	9.042279864e-05	9.042279864e-05	0	0	0	0	0	0	0	0	0	0	0	0	0	0	0	0	0	0	0	0	0	0	0	0	0	0	0	0	0	0	0	0	0	0	0	0	0	0	0	0	0	0	0	0	0	9.042279864e-05	9.042279864e-05	9.042279864e-05	9.042279864e-05	9.042279864e-05	9.042279864e-05	9.042279864e-05	9.042279864e-05	9.042279864e-05	0	0	0	0	0	0	0	0	0	0	0	0	0	0	0	0	0	0	0	0	0	0	0	0	0	0	0	0	0	0	0	0	0	0	0	0	0	0	0	0	0	0	0	0	0	0.0002938740956	0.0002938740956	0.0002938740956	0.0002938740956	0.0002938740956	0.0002938740956	0.0002938740956	0.0002938740956	0.0002938740956	0	0	0	0	0	0	0	0	0	0	0	0	0	0	0	0	0	0	0	0	0	0	0	0	0	0	0	0	0	0	0	0	0	0	0	0	0	0	0	0	0	0	0	0	0	0.001158542108	0.001158542108	0.001158542108	0.001158542108	0.001158542108	0.001158542108	0.001158542108	0.001158542108	0.001158542108	0	0	0	0	0	0	0	0	0	0	0	0	0	0	0	0	0	0	0	0	0	0	0	0	0	0	0	0	0	0	0	0	0	0	0	0	0	0	0	0	0	0	0	0	0	0.004629929862	0.004629929862	0.004629929862	0.004629929862	0.004629929862	0.004629929862	0.004629929862	0.004629929862	0.004629929862	0	0	0	0	0	0	0	0	0	0	0	0	0
(1,15)	0	0	0	0	0	0.1666698456	0	0	0	0	0	0	0	0	0	0	0	0	0	0	0	0	0	0	0	0	0	0	0	0	0	0	0	0	0	0	0	0	0	0	0	0	0	0	0	0	0	0	0	0	0	0	0	0	0	0	0	0	0	0	0.0277783076	0.0277783076	0	0.0277783076	0.0277783076	0	0.0277783076	0.0277783076	0	0	0	0	0	0	0	0	0	0	0	0	0	0	0	0	0	0	0	0	0	0	0	0	0	0	0	0	0	0	0	0	0	0	0	0	0	0	0	0	0	0	0	0	0	0	0.006946166363	0.006946166363	0	0.006946166363	0.006946166363	0	0.006946166363	0.006946166363	0	0	0	0	0	0	0	0	0	0	0	0	0	0	0	0	0	0	0	0	0	0	0	0	0	0	0	0	0	0	0	0	0	0	0	0	0	0	0	0	0	0	0	0	0	0	0	0	0.005228698331	0	0	0.005228698331	0	0	0	0	0	0	0	0	0	0	0	0	0	0	0	0	0	0	0	0	0	0	0	0	0	0	0	0	0	0	0	0	0	0	0	0	0	0	0	0	0	0	0	0	0	0	0	0	0.0004611562731	0.0004611562731	0	0.0004611562731	0.0004611562731	0	0.0004611562731	0.0004611562731	0	0	0	0	0	0	0	0	0	0	0	0	0	0	0	0	0	0	0	0	0	0	0	0	0	0	0	0	0	0	0	0	0	0	0	0	0	0	0	0	0	0	0	0	0	0	0.0002170147167	0.0002170147167	0	0.0002170147167	0.0002170147167	0	0.0002170147167	0.0002170147167	0	0	0	0	0	0	0	0	0	0	0	0	0	0	0	0	0	0	0	0	0	0	0	0	0	0	0	0	0	0	0	0	0	0	0	0	0	0	0	0	0	0	0	0	0	0	0	0	0.001383468819	0	0	0.001383468819	0	0	0	0	0	0	0	0	0	0	0	0	0	0	0	0	0	0	0	0	0	0	0	0	0	0	0	0	0	0	0	0	0	0	0	0	0	0	0	0	0	0	0	0	0	0	0	0	0.001742899444	0.001742899444	0	0.001742899444	0.001742899444	0	0.001742899444	0.001742899444	0	0	0	0	0	0	0	0	0	0	0	0	0	0	0	0	0	0	0	0	0	0	0	0	0	0	0	0	0	0	0	0	0	0	0	0	0	0	0	0	0	0	0	0	0	0	0.006946166363	0.006946166363	0	0.006946166363	0.006946166363	0	0.006946166363	0.006946166363	0	0	0	0	0	0	0	0	0	0	0	0	0	0	0	0	0	0	0	0	0	0	0	0	0	0	0	0	0	0	0	0	0	0	0	0	0	0	0	0
(1,16)	0	0	0	0	0	0	0	0	0	0	0	0	0	0	0	0	0	0	0	0	0	0	0	0	0	0	0	0	0	0	0	0	0	0.0185186598	0.0185186598	0.0185186598	0.0185186598	0.0185186598	0.0185186598	0.0185186598	0.0185186598	0.0185186598	0	0	0	0	0	0	0	0	0	0	0	0	0	0	0	0	0	0	0	0	0	0	0	0	0	0	0	0	0	0	0	0	0	0	0	0	0	0	0	0	0	0	0	0	0	0.004629929862	0.004629929862	0.004629929862	0.004629929862	0.004629929862	0.004629929862	0.004629929862	0.004629929862	0.004629929862	0	0	0	0	0	0	0	0	0	0	0	0	0	0	0	0	0	0	0	0	0	0	0	0	0	0	0	0	0	0	0	0	0	0	0	0	0	0	0	0	0	0	0	0	0	0.001158542108	0.001158542108	0.001158542108	0.001158542108	0.001158542108	0.001158542108	0.001158542108	0.001158542108	0.001158542108	0	0	0	0	0	0	0	0	0	0	0	0	0	0	0	0	0	0	0	0	0	0	0	0	0	0	0	0	0	0	0	0	0	0	0	0	0	0	0	0	0	0	0	0	0	0.0002938740956	0.0002938740956	0.0002938740956	0.0002938740956	0.0002938740956	0.0002938740956	0.0002938740956	0.0002938740956	0.0002938740956	0	0	0	0	0	0	0	0	0	0	0	0	0	0	0	0	0	0	0	0	0	0	0	0	0	0	0	0	0	0	0	0	0	0	0	0	0	0	0	0	0	0	0	0	0	9.042279864e-05	9.042279864e-05	9.042279864e-05	9.042279864e-05	9.042279864e-05	9.042279864e-05	9.042279864e-05	9.042279864e-05	9.042279864e-05	0	0	0	0	0	0	0	0	0	0	0	0	0	0	0	0	0	0	0	0	0	0	0	0	0	0	0	0	0	0	0	0	0	0	0	0	0	0	0	0	0	0	0	0	0	9.042279864e-05	9.042279864e-05	9.042279864e-05	9.042279864e-05	9.042279864e-05	9.042279864e-05	9.042279864e-05	9.042279864e-05	9.042279864e-05	0	0	0	0	0	0	0	0	0	0	0	0	0	0	0	0	0	0	0	0	0	0	0	0	0	0	0	0	0	0	0	0	0	0	0	0	0	0	0	0	0	0	0	0	0	0.0002938740956	0.0002938740956	0.0002938740956	0.0002938740956	0.0002938740956	0.0002938740956	0.0002938740956	0.0002938740956	0.0002938740956	0	0	0	0	0	0	0	0	0	0	0	0	0	0	0	0	0	0	0	0	0	0	0	0	0	0	0	0	0	0	0	0	0	0	0	0	0	0	0	0	0	0	0	0	0	0.001158542108	0.001158542108	0.001158542108	0.001158542108	0.001158542108	0.001158542108	0.001158542108	0.001158542108	0.001158542108	0	0	0	0	0	0	0	0	0	0	0	0	0	0	0	0	0	0	0	0	0	0	0	0	0	0	0	0	0	0	0	0	0	0	0	0	0	0	0	0	0	0	0	0	0	0.004629929862	0.004629929862	0.004629929862	0.004629929862	0.004629929862	0.004629929862	0.004629929862	0.004629929862	0.004629929862	0	0	0	0	0	0	0	0	0	0	0	0
(1,17)	0	0	0	0	0	0	0	0	0	0	0	0	0	0	0	0	0	0	0	0	0	0	0	0	0	0	0	0	0	0	0	0	0	0.0185186598	0.0185186598	0.0185186598	0.0185186598	0.0185186598	0.0185186598	0.0185186598	0.0185186598	0.0185186598	0	0	0	0	0	0	0	0	0	0	0	0	0	0	0	0	0	0	0	0	0	0	0	0	0	0	0	0	0	0	0	0	0	0	0	0	0	0	0	0	0	0	0	0	0	0.004629929862	0.004629929862	0.004629929862	0.004629929862	0.004629929862	0.004629929862	0.004629929862	0.004629929862	0.004629929862	0	0	0	0	0	0	0	0	0	0	0	0	0	0	0	0	0	0	0	0	0	0	0	0	0	0	0	0	0	0	0	0	0	0	0	0	0	0	0	0	0	0	0	0	0	0.001158542108	0.001158542108	0.001158542108	0.001158542108	0.001158542108	0.001158542108	0.001158542108	0.001158542108	0.001158542108	0	0	0	0	0	0	0	0	0	0	0	0	0	0	0	0	0	0	0	0	0	0	0	0	0	0	0	0	0	0	0	0	0	0	0	0	0	0	0	0	0	0	0	0	0	0.0002938740956	0.0002938740956	0.0002938740956	0.0002938740956	0.0002938740956	0.0002938740956	0.0002938740956	0.0002938740956	0.0002938740956	0	0	0	0	0	0	0	0	0	0	0	0	0	0	0	0	0	0	0	0	0	0	0	0	0	0	0	0	0	0	0	0	0	0	0	0	0	0	0	0	0	0	0	0	0	9.042279864e-05	9.042279864e-05	9.042279864e-05	9.042279864e-05	9.042279864e-05	9.042279864e-05	9.042279864e-05	9.042279864e-05	9.042279864e-05	0	0	0	0	0	0	0	0	0	0	0	0	0	0	0	0	0	0	0	0	0	0	0	0	0	0	0	0	0	0	0	0	0	0	0	0	0	0	0	0	0	0	0	0	0	9.042279864e-05	9.042279864e-05	9.042279864e-05	9.042279864e-05	9.042279864e-05	9.042279864e-05	9.042279864e-05	9.042279864e-05	9.042279864e-05	0	0	0	0	0	0	0	0	0	0	0	0	0	0	0	0	0	0	0	0	0	0	0	0	0	0	0	0	0	0	0	0	0	0	0	0	0	0	0	0	0	0	0	0	0	0.0002938740956	0.0002938740956	0.0002938740956	0.0002938740956	0.0002938740956	0.0002938740956	0.0002938740956	0.0002938740956	0.0002938740956	0	0	0	0	0	0	0	0	0	0	0	0	0	0	0	0	0	0	0	0	0	0	0	0	0	0	0	0	0	0	0	0	0	0	0	0	0	0	0	0	0	0	0	0	0	0.001158542108	0.001158542108	0.001158542108	0.001158542108	0.001158542108	0.001158542108	0.001158542108	0.001158542108	0.001158542108	0	0	0	0	0	0	0	0	0	0	0	0	0	0	0	0	0	0	0	0	0	0	0	0	0	0	0	0	0	0	0	0	0	0	0	0	0	0	0	0	0	0	0	0	0	0.004629929862	0.004629929862	0.004629929862	0.004629929862	0.004629929862	0.004629929862	0.004629929862	0.004629929862	0.004629929862	0	0	0	0	0	0	0	0	0	0	0	0
(1,18)	0	0	0	0	0	0	0.1666698456	0	0	0	0	0	0	0	0	0	0	0	0	0	0	0	0	0	0	0	0	0	0	0	0	0	0	0	0	0	0	0	0	0	0	0	0	0	0	0	0	0	0	0	0	0	0	0	0	0	0	0	0	0	0	0.0277783076	0.0277783076	0	0.0277783076	0.0277783076	0	0.0277783076	0.0277783076	0	0	0	0	0	0	0	0	0	0	0	0	0	0	0	0	0	0	0	0	0	0	0	0	0	0	0	0	0	0	0	0	0	0	0	0	0	0	0	0	0	0	0	0	0	0	0.006946166363	0.006946166363	0	0.006946166363	0.006946166363	0	0.006946166363	0.006946166363	0	0	0	0	0	0	0	0	0	0	0	0	0	0	0	0	0	0	0	0	0	0	0	0	0	0	0	0	0	0	0	0	0	0	0	0	0	0	0	0	0	0	0	0	0	0	0	0	0.005228698331	0	0	0.005228698331	0	0	0	0	0	0	0	0	0	0	0	0	0	0	0	0	0	0	0	0	0	0	0	0	0	0	0	0	0	0	0	0	0	0	0	0	0	0	0	0	0	0	0	0	0	0	0	0	0.0004611562731	0.0004611562731	0	0.0004611562731	0.0004611562731	0	0.0004611562731	0.0004611562731	0	0	0	0	0	0	0	0	0	0	0	0	0	0	0	0	0	0	0	0	0	0	0	0	0	0	0	0	0	0	0	0	0	0	0	0	0	0	0	0	0	0	0	0	0	0	0.0002170147167	0.0002170147167	0	0.0002170147167	0.0002170147167	0	0.0002170147167	0.0002170147167	0	0	0	0	0	0	0	0	0	0	0	0	0	0	0	0	0	0	0	0	0	0	0	0	0	0	0	0	0	0	0	0	0	0	0	0	0	0	0	0	0	0	0	0	0	0	0	0	0.001383468819	0	0	0.001383468819	0	0	0	0	0	0	0	0	0	0	0	0	0	0	0	0	0	0	0	0	0	0	0	0	0	0	0	0	0	0	0	0	0	0	0	0	0	0	0	0	0	0	0	0	0	0	0	0	0.001742899444	0.001742899444	0	0.001742899444	0.001742899444	0	0.001742899444	0.001742899444	0	0	0	0	0	0	0	0	0	0	0	0	0	0	0	0	0	0	0	0	0	0	0	0	0	0	0	0	0	0	0	0	0	0	0	0	0	0	0	0	0	0	0	0	0	0	0.006946166363	0.006946166363	0	0.006946166363	0.006946166363	0	0.006946166363	0.006946166363	0	0	0	0	0	0	0	0	0	0	0	0	0	0	0	0	0	0	0	0	0	0	0	0	0	0	0	0	0	0	0	0	0	0	0	0	0	0	0
(1,19)	0	0	0	0	0	0	0	0	0	0	0	0	0	0	0	0	0	0	0	0	0	0	0	0	0	0	0	0	0	0	0	0	0	0	0.0185186598	0.0185186598	0.0185186598	0.0185186598	0.0185186598	0.0185186598	0.0185186598	0.0185186598	0.0185186598	0	0	0	0	0	0	0	0	0	0	0	0	0	0	0	0	0	0	0	0	0	0	0	0	0	0	0	0	0	0	0	0	0	0	0	0	0	0	0	0	0	0	0	0	0	0.004629929862	0.004629929862	0.004629929862	0.004629929862	0.004629929862	0.004629929862	0.004629929862	0.004629929862	0.004629929862	0	0	0	0	0	0	0	0	0	0	0	0	0	0	0	0	0	0	0	0	0	0	0	0	0	0	0	0	0	0	0	0	0	0	0	0	0	0	0	0	0	0	0	0	0	0.001158542108	0.001158542108	0.001158542108	0.001158542108	0.001158542108	0.001158542108	0.001158542108	0.001158542108	0.001158542108	0	0	0	0	0	0	0	0	0	0	0	0	0	0	0	0	0	0	0	0	0	0	0	0	0	0	0	0	0	0	0	0	0	0	0	0	0	0	0	0	0	0	0	0	0	0.0002938740956	0.0002938740956	0.0002938740956	0.0002938740956	0.0002938740956	0.0002938740956	0.0002938740956	0.0002938740956	0.0002938740956	0	0	0	0	0	0	0	0	0	0	0	0	0	0	0	0	0	0	0	0	0	0	0	0	0	0	0	0	0	0	0	0	0	0	0	0	0	0	0	0	0	0	0	0	0	9.042279864e-05	9.042279864e-05	9.042279864e-05	9.042279864e-05	9.042279864e-05	9.042279864e-05	9.042279864e-05	9.042279864e-05	9.042279864e-05	0	0	0	0	0	0	0	0	0	0	0	0	0	0	0	0	0	0	0	0	0	0	0	0	0	0	0	0	0	0	0	0	0	0	0	0	0	0	0	0	0	0	0	0	0	9.042279864e-05	9.042279864e-05	9.042279864e-05	9.042279864e-05	9.042279864e-05	9.042279864e-05	9.042279864e-05	9.042279864e-05	9.042279864e-05	0	0	0	0	0	0	0	0	0	0	0	0	0	0	0	0	0	0	0	0	0	0	0	0	0	0	0	0	0	0	0	0	0	0	0	0	0	0	0	0	0	0	0	0	0	0.0002938740956	0.0002938740956	0.0002938740956	0.0002938740956	0.0002938740956	0.0002938740956	0.0002938740956	0.0002938740956	0.0002938740956	0	0	0	0	0	0	0	0	0	0	0	0	0	0	0	0	0	0	0	0	0	0	0	0	0	0	0	0	0	0	0	0	0	0	0	0	0	0	0	0	0	0	0	0	0	0.001158542108	0.001158542108	0.001158542108	0.001158542108	0.001158542108	0.001158542108	0.001158542108	0.001158542108	0.001158542108	0	0	0	0	0	0	0	0	0	0	0	0	0	0	0	0	0	0	0	0	0	0	0	0	0	0	0	0	0	0	0	0	0	0	0	0	0	0	0	0	0	0	0	0	0	0.004629929862	0.004629929862	0.004629929862	0.004629929862	0.004629929862	0.004629929862	0.004629929862	0.004629929862	0.004629929862	0	0	0	0	0	0	0	0	0	0	0
(1,20)	0	0	0	0	0	0	0	0	0	0	0	0	0	0	0	0	0	0	0	0	0	0	0	0	0	0	0	0	0	0	0	0	0	0	0.0185186598	0.0185186598	0.0185186598	0.0185186598	0.0185186598	0.0185186598	0.0185186598	0.0185186598	0.0185186598	0	0	0	0	0	0	0	0	0	0	0	0	0	0	0	0	0	0	0	0	0	0	0	0	0	0	0	0	0	0	0	0	0	0	0	0	0	0	0	0	0	0	0	0	0	0.004629929862	0.004629929862	0.004629929862	0.004629929862	0.004629929862	0.004629929862	0.004629929862	0.004629929862	0.004629929862	0	0	0	0	0	0	0	0	0	0	0	0	0	0	0	0	0	0	0	0	0	0	0	0	0	0	0	0	0	0	0	0	0	0	0	0	0	0	0	0	0	0	0	0	0	0.001158542108	0.001158542108	0.001158542108	0.001158542108	0.001158542108	0.001158542108	0.001158542108	0.001158542108	0.001158542108	0	0	0	0	0	0	0	0	0	0	0	0	0	0	0	0	0	0	0	0	0	0	0	0	0	0	0	0	0	0	0	0	0	0	0	0	0	0	0	0	0	0	0	0	0	0.0002938740956	0.0002938740956	0.0002938740956	0.0002938740956	0.0002938740956	0.0002938740956	0.0002938740956	0.0002938740956	0.0002938740956	0	0	0	0	0	0	0	0	0	0	0	0	0	0	0	0	0	0	0	0	0	0	0	0	0	0	0	0	0	0	0	0	0	0	0	0	0	0	0	0	0	0	0	0	0	9.042279864e-05	9.042279864e-05	9.042279864e-05	9.042279864e-05	9.042279864e-05	9.042279864e-05	9.042279864e-05	9.042279864e-05	9.042279864e-05	0	0	0	0	0	0	0	0	0	0	0	0	0	0	0	0	0	0	0	0	0	0	0	0	0	0	0	0	0	0	0	0	0	0	0	0	0	0	0	0	0	0	0	0	0	9.042279864e-05	9.042279864e-05	9.042279864e-05	9.042279864e-05	9.042279864e-05	9.042279864e-05	9.042279864e-05	9.042279864e-05	9.042279864e-05	0	0	0	0	0	0	0	0	0	0	0	0	0	0	0	0	0	0	0	0	0	0	0	0	0	0	0	0	0	0	0	0	0	0	0	0	0	0	0	0	0	0	0	0	0	0.0002938740956	0.0002938740956	0.0002938740956	0.0002938740956	0.0002938740956	0.0002938740956	0.0002938740956	0.0002938740956	0.0002938740956	0	0	0	0	0	0	0	0	0	0	0	0	0	0	0	0	0	0	0	0	0	0	0	0	0	0	0	0	0	0	0	0	0	0	0	0	0	0	0	0	0	0	0	0	0	0.001158542108	0.001158542108	0.001158542108	0.001158542108	0.001158542108	0.001158542108	0.001158542108	0.001158542108	0.001158542108	0	0	0	0	0	0	0	0	0	0	0	0	0	0	0	0	0	0	0	0	0	0	0	0	0	0	0	0	0	0	0	0	0	0	0	0	0	0	0	0	0	0	0	0	0	0.004629929862	0.004629929862	0.004629929862	0.004629929862	0.004629929862	0.004629929862	0.004629929862	0.004629929862	0.004629929862	0	0	0	0	0	0	0	0	0	0	0
(1,21)	0	0	0	0	0	0	0	0.1666698456	0	0	0	0	0	0	0	0	0	0	0	0	0	0	0	0	0	0	0	0	0	0	0	0	0	0	0	0	0	0	0	0	0	0	0	0	0	0	0	0	0	0	0	0	0	0	0	0	0	0	0	0	0	0	0.0277783076	0.0277783076	0	0.0277783076	0.0277783076	0	0.0277783076	0.0277783076	0	0	0	0	0	0	0	0	0	0	0	0	0	0	0	0	0	0	0	0	0	0	0	0	0	0	0	0	0	0	0	0	0	0	0	0	0	0	0	0	0	0	0	0	0	0	0.006946166363	0.006946166363	0	0.006946166363	0.006946166363	0	0.006946166363	0.006946166363	0	0	0	0	0	0	0	0	0	0	0	0	0	0	0	0	0	0	0	0	0	0	0	0	0	0	0	0	0	0	0	0	0	0	0	0	0	0	0	0	0	0	0	0	0	0	0	0	0.005228698331	0	0	0.005228698331	0	0	0	0	0	0	0	0	0	0	0	0	0	0	0	0	0	0	0	0	0	0	0	0	0	0	0	0	0	0	0	0	0	0	0	0	0	0	0	0	0	0	0	0	0	0	0	0	0.0004611562731	0.0004611562731	0	0.0004611562731	0.0004611562731	0	0.0004611562731	0.0004611562731	0	0	0	0	0	0	0	0	0	0	0	0	0	0	0	0	0	0	0	0	0	0	0	0	0	0	0	0	0	0	0	0	0	0	0	0	0	0	0	0	0	0	0	0	0	0	0.0002170147167	0.0002170147167	0	0.0002170147167	0.0002170147167	0	0.0002170147167	0.0002170147167	0	0	0	0	0	0	0	0	0	0	0	0	0	0	0	0	0	0	0	0	0	0	0	0	0	0	0	0	0	0	0	0	0	0	0	0	0	0	0	0	0	0	0	0	0	0	0	0	0.001383468819	0	0	0.001383468819	0	0	0	0	0	0	0	0	0	0	0	0	0	0	0	0	0	0	0	0	0	0	0	0	0	0	0	0	0	0	0	0	0	0	0	0	0	0	0	0	0	0	0	0	0	0	0	0	0.001742899444	0.001742899444	0	0.001742899444	0.001742899444	0	0.001742899444	0.001742899444	0	0	0	0	0	0	0	0	0	0	0	0	0	0	0	0	0	0	0	0	0	0	0	0	0	0	0	0	0	0	0	0	0	0	0	0	0	0	0	0	0	0	0	0	0	0	0.006946166363	0.006946166363	0	0.006946166363	0.006946166363	0	0.006946166363	0.006946166363	0	0	0	0	0	0	0	0	0	0	0	0	0	0	0	0	0	0	0	0	0	0	0	0	0	0	0	0	0	0	0	0	0	0	0	0	0	0
(1,22)	0	0	0	0	0	0	0	0	0	0	0	0	0	0	0	0	0	0	0	0	0	0	0	0	0	0	0	0	0	0	0	0	0	0	0	0.0185186598	0.0185186598	0.0185186598	0.0185186598	0.0185186598	0.0185186598	0.0185186598	0.0185186598	0.0185186598	0	0	0	0	0	0	0	0	0	0	0	0	0	0	0	0	0	0	0	0	0	0	0	0	0	0	0	0	0	0	0	0	0	0	0	0	0	0	0	0	0	0	0	0	0	0.004629929862	0.004629929862	0.004629929862	0.004629929862	0.004629929862	0.004629929862	0.004629929862	0.004629929862	0.004629929862	0	0	0	0	0	0	0	0	0	0	0	0	0	0	0	0	0	0	0	0	0	0	0	0	0	0	0	0	0	0	0	0	0	0	0	0	0	0	0	0	0	0	0	0	0	0.001158542108	0.001158542108	0.001158542108	0.001158542108	0.001158542108	0.001158542108	0.001158542108	0.001158542108	0.001158542108	0	0	0	0	0	0	0	0	0	0	0	0	0	0	0	0	0	0	0	0	0	0	0	0	0	0	0	0	0	0	0	0	0	0	0	0	0	0	0	0	0	0	0	0	0	0.0002938740956	0.0002938740956	0.0002938740956	0.0002938740956	0.0002938740956	0.0002938740956	0.0002938740956	0.0002938740956	0.0002938740956	0	0	0	0	0	0	0	0	0	0	0	0	0	0	0	0	0	0	0	0	0	0	0	0	0	0	0	0	0	0	0	0	0	0	0	0	0	0	0	0	0	0	0	0	0	9.042279864e-05	9.042279864e-05	9.042279864e-05	9.042279864e-05	9.042279864e-05	9.042279864e-05	9.042279864e-05	9.042279864e-05	9.042279864e-05	0	0	0	0	0	0	0	0	0	0	0	0	0	0	0	0	0	0	0	0	0	0	0	0	0	0	0	0	0	0	0	0	0	0	0	0	0	0	0	0	0	0	0	0	0	9.042279864e-05	9.042279864e-05	9.042279864e-05	9.042279864e-05	9.042279864e-05	9.042279864e-05	9.042279864e-05	9.042279864e-05	9.042279864e-05	0	0	0	0	0	0	0	0	0	0	0	0	0	0	0	0	0	0	0	0	0	0	0	0	0	0	0	0	0	0	0	0	0	0	0	0	0	0	0	0	0	0	0	0	0	0.0002938740956	0.0002938740956	0.0002938740956	0.0002938740956	0.0002938740956	0.0002938740956	0.0002938740956	0.0002938740956	0.0002938740956	0	0	0	0	0	0	0	0	0	0	0	0	0	0	0	0	0	0	0	0	0	0	0	0	0	0	0	0	0	0	0	0	0	0	0	0	0	0	0	0	0	0	0	0	0	0.001158542108	0.001158542108	0.001158542108	0.001158542108	0.001158542108	0.001158542108	0.001158542108	0.001158542108	0.001158542108	0	0	0	0	0	0	0	0	0	0	0	0	0	0	0	0	0	0	0	0	0	0	0	0	0	0	0	0	0	0	0	0	0	0	0	0	0	0	0	0	0	0	0	0	0	0.004629929862	0.004629929862	0.004629929862	0.004629929862	0.004629929862	0.004629929862	0.004629929862	0.004629929862	0.004629929862	0	0	0	0	0	0	0	0	0	0
(1,23)	0	0	0	0	0	0	0	0	0	0	0	0	0	0	0	0	0	0	0	0	0	0	0	0	0	0	0	0	0	0	0	0	0	0	0	0.0185186598	0.0185186598	0.0185186598	0.0185186598	0.0185186598	0.0185186598	0.0185186598	0.0185186598	0.0185186598	0	0	0	0	0	0	0	0	0	0	0	0	0	0	0	0	0	0	0	0	0	0	0	0	0	0	0	0	0	0	0	0	0	0	0	0	0	0	0	0	0	0	0	0	0	0.004629929862	0.004629929862	0.004629929862	0.004629929862	0.004629929862	0.004629929862	0.004629929862	0.004629929862	0.004629929862	0	0	0	0	0	0	0	0	0	0	0	0	0	0	0	0	0	0	0	0	0	0	0	0	0	0	0	0	0	0	0	0	0	0	0	0	0	0	0	0	0	0	0	0	0	0.001158542108	0.001158542108	0.001158542108	0.001158542108	0.001158542108	0.001158542108	0.001158542108	0.001158542108	0.001158542108	0	0	0	0	0	0	0	0	0	0	0	0	0	0	0	0	0	0	0	0	0	0	0	0	0	0	0	0	0	0	0	0	0	0	0	0	0	0	0	0	0	0	0	0	0	0.0002938740956	0.0002938740956	0.0002938740956	0.0002938740956	0.0002938740956	0.0002938740956	0.0002938740956	0.0002938740956	0.0002938740956	0	0	0	0	0	0	0	0	0	0	0	0	0	0	0	0	0	0	0	0	0	0	0	0	0	0	0	0	0	0	0	0	0	0	0	0	0	0	0	0	0	0	0	0	0	9.042279864e-05	9.042279864e-05	9.042279864e-05	9.042279864e-05	9.042279864e-05	9.042279864e-05	9.042279864e-05	9.042279864e-05	9.042279864e-05	0	0	0	0	0	0	0	0	0	0	0	0	0	0	0	0	0	0	0	0	0	0	0	0	0	0	0	0	0	0	0	0	0	0	0	0	0	0	0	0	0	0	0	0	0	9.042279864e-05	9.042279864e-05	9.042279864e-05	9.042279864e-05	9.042279864e-05	9.042279864e-05	9.042279864e-05	9.042279864e-05	9.042279864e-05	0	0	0	0	0	0	0	0	0	0	0	0	0	0	0	0	0	0	0	0	0	0	0	0	0	0	0	0	0	0	0	0	0	0	0	0	0	0	0	0	0	0	0	0	0	0.0002938740956	0.0002938740956	0.0002938740956	0.0002938740956	0.0002938740956	0.0002938740956	0.0002938740956	0.0002938740956	0.0002938740956	0	0	0	0	0	0	0	0	0	0	0	0	0	0	0	0	0	0	0	0	0	0	0	0	0	0	0	0	0	0	0	0	0	0	0	0	0	0	0	0	0	0	0	0	0	0.001158542108	0.001158542108	0.001158542108	0.001158542108	0.001158542108	0.001158542108	0.001158542108	0.001158542108	0.001158542108	0	0	0	0	0	0	0	0	0	0	0	0	0	0	0	0	0	0	0	0	0	0	0	0	0	0	0	0	0	0	0	0	0	0	0	0	0	0	0	0	0	0	0	0	0	0.004629929862	0.004629929862	0.004629929862	0.004629929862	0.004629929862	0.004629929862	0.004629929862	0.004629929862	0.004629929862	0	0	0	0	0	0	0	0	0	0
(1,24)	0	0	0	0	0	0	0	0	0.1666698456	0	0	0	0	0	0	0	0	0	0	0	0	0	0	0	0	0	0	0	0	0	0	0	0	0	0	0	0	0	0	0	0	0	0	0	0	0	0	0	0	0	0	0	0	0	0	0	0	0	0	0	0	0	0	0.0277783076	0.0277783076	0	0.0277783076	0.0277783076	0	0.0277783076	0.0277783076	0	0	0	0	0	0	0	0	0	0	0	0	0	0	0	0	0	0	0	0	0	0	0	0	0	0	0	0	0	0	0	0	0	0	0	0	0	0	0	0	0	0	0	0	0	0	0.006946166363	0.006946166363	0	0.006946166363	0.006946166363	0	0.006946166363	0.006946166363	0	0	0	0	0	0	0	0	0	0	0	0	0	0	0	0	0	0	0	0	0	0	0	0	0	0	0	0	0	0	0	0	0	0	0	0	0	0	0	0	0	0	0	0	0	0	0	0	0.005228698331	0	0	0.005228698331	0	0	0	0	0	0	0	0	0	0	0	0	0	0	0	0	0	0	0	0	0	0	0	0	0	0	0	0	0	0	0	0	0	0	0	0	0	0	0	0	0	0	0	0	0	0	0	0	0.0004611562731	0.0004611562731	0	0.0004611562731	0.0004611562731	0	0.0004611562731	0.0004611562731	0	0	0	0	0	0	0	0	0	0	0	0	0	0	0	0	0	0	0	0	0	0	0	0	0	0	0	0	0	0	0	0	0	0	0	0	0	0	0	0	0	0	0	0	0	0	0.0002170147167	0.0002170147167	0	0.0002170147167	0.0002170147167	0	0.0002170147167	0.0002170147167	0	0	0	0	0	0	0	0	0	0	0	0	0	0	0	0	0	0	0	0	0	0	0	0	0	0	0	0	0	0	0	0	0	0	0	0	0	0	0	0	0	0	0	0	0	0	0	0	0.001383468819	0	0	0.001383468819	0	0	0	0	0	0	0	0	0	0	0	0	0	0	0	0	0	0	0	0	0	0	0	0	0	0	0	0	0	0	0	0	0	0	0	0	0	0	0	0	0	0	0	0	0	0	0	0	0.001742899444	0.001742899444	0	0.001742899444	0.001742899444	0	0.001742899444	0.001742899444	0	0	0	0	0	0	0	0	0	0	0	0	0	0	0	0	0	0	0	0	0	0	0	0	0	0	0	0	0	0	0	0	0	0	0	0	0	0	0	0	0	0	0	0	0	0	0.006946166363	0.006946166363	0	0.006946166363	0.006946166363	0	0.006946166363	0.006946166363	0	0	0	0	0	0	0	0	0	0	0	0	0	0	0	0	0	0	0	0	0	0	0	0	0	0	0	0	0	0	0	0	0	0	0	0	0
(1,25)	0	0	0	0	0	0	0	0	0	0	0	0	0	0	0	0	0	0	0	0	0	0	0	0	0	0	0	0	0	0	0	0	0	0	0	0	0.0185186598	0.0185186598	0.0185186598	0.0185186598	0.0185186598	0.0185186598	0.0185186598	0.0185186598	0.0185186598	0	0	0	0	0	0	0	0	0	0	0	0	0	0	0	0	0	0	0	0	0	0	0	0	0	0	0	0	0	0	0	0	0	0	0	0	0	0	0	0	0	0	0	0	0	0.004629929862	0.004629929862	0.004629929862	0.004629929862	0.004629929862	0.004629929862	0.004629929862	0.004629929862	0.004629929862	0	0	0	0	0	0	0	0	0	0	0	0	0	0	0	0	0	0	0	0	0	0	0	0	0	0	0	0	0	0	0	0	0	0	0	0	0	0	0	0	0	0	0	0	0	0.001158542108	0.001158542108	0.001158542108	0.001158542108	0.001158542108	0.001158542108	0.001158542108	0.001158542108	0.001158542108	0	0	0	0	0	0	0	0	0	0	0	0	0	0	0	0	0	0	0	0	0	0	0	0	0	0	0	0	0	0	0	0	0	0	0	0	0	0	0	0	0	0	0	0	0	0.0002938740956	0.0002938740956	0.0002938740956	0.0002938740956	0.0002938740956	0.0002938740956	0.0002938740956	0.0002938740956	0.0002938740956	0	0	0	0	0	0	0	0	0	0	0	0	0	0	0	0	0	0	0	0	0	0	0	0	0	0	0	0	0	0	0	0	0	0	0	0	0	0	0	0	0	0	0	0	0	9.042279864e-05	9.042279864e-05	9.042279864e-05	9.042279864e-05	9.042279864e-05	9.042279864e-05	9.042279864e-05	9.042279864e-05	9.042279864e-05	0	0	0	0	0	0	0	0	0	0	0	0	0	0	0	0	0	0	0	0	0	0	0	0	0	0	0	0	0	0	0	0	0	0	0	0	0	0	0	0	0	0	0	0	0	9.042279864e-05	9.042279864e-05	9.042279864e-05	9.042279864e-05	9.042279864e-05	9.042279864e-05	9.042279864e-05	9.042279864e-05	9.042279864e-05	0	0	0	0	0	0	0	0	0	0	0	0	0	0	0	0	0	0	0	0	0	0	0	0	0	0	0	0	0	0	0	0	0	0	0	0	0	0	0	0	0	0	0	0	0	0.0002938740956	0.0002938740956	0.0002938740956	0.0002938740956	0.0002938740956	0.0002938740956	0.0002938740956	0.0002938740956	0.0002938740956	0	0	0	0	0	0	0	0	0	0	0	0	0	0	0	0	0	0	0	0	0	0	0	0	0	0	0	0	0	0	0	0	0	0	0	0	0	0	0	0	0	0	0	0	0	0.001158542108	0.001158542108	0.001158542108	0.001158542108	0.001158542108	0.001158542108	0.001158542108	0.001158542108	0.001158542108	0	0	0	0	0	0	0	0	0	0	0	0	0	0	0	0	0	0	0	0	0	0	0	0	0	0	0	0	0	0	0	0	0	0	0	0	0	0	0	0	0	0	0	0	0	0.004629929862	0.004629929862	0.004629929862	0.004629929862	0.004629929862	0.004629929862	0.004629929862	0.004629929862	0.004629929862	0	0	0	0	0	0	0	0	0
(1,26)	0	0	0	0	0	0	0	0	0	0	0	0	0	0	0	0	0	0	0	0	0	0	0	0	0	0	0	0	0	0	0	0	0	0	0	0	0.0185186598	0.0185186598	0.0185186598	0.0185186598	0.0185186598	0.0185186598	0.0185186598	0.0185186598	0.0185186598	0	0	0	0	0	0	0	0	0	0	0	0	0	0	0	0	0	0	0	0	0	0	0	0	0	0	0	0	0	0	0	0	0	0	0	0	0	0	0	0	0	0	0	0	0	0.004629929862	0.004629929862	0.004629929862	0.004629929862	0.004629929862	0.004629929862	0.004629929862	0.004629929862	0.004629929862	0	0	0	0	0	0	0	0	0	0	0	0	0	0	0	0	0	0	0	0	0	0	0	0	0	0	0	0	0	0	0	0	0	0	0	0	0	0	0	0	0	0	0	0	0	0.001158542108	0.001158542108	0.001158542108	0.001158542108	0.001158542108	0.001158542108	0.001158542108	0.001158542108	0.001158542108	0	0	0	0	0	0	0	0	0	0	0	0	0	0	0	0	0	0	0	0	0	0	0	0	0	0	0	0	0	0	0	0	0	0	0	0	0	0	0	0	0	0	0	0	0	0.0002938740956	0.0002938740956	0.0002938740956	0.0002938740956	0.0002938740956	0.0002938740956	0.0002938740956	0.0002938740956	0.0002938740956	0	0	0	0	0	0	0	0	0	0	0	0	0	0	0	0	0	0	0	0	0	0	0	0	0	0	0	0	0	0	0	0	0	0	0	0	0	0	0	0	0	0	0	0	0	9.042279864e-05	9.042279864e-05	9.042279864e-05	9.042279864e-05	9.042279864e-05	9.042279864e-05	9.042279864e-05	9.042279864e-05	9.042279864e-05	0	0	0	0	0	0	0	0	0	0	0	0	0	0	0	0	0	0	0	0	0	0	0	0	0	0	0	0	0	0	0	0	0	0	0	0	0	0	0	0	0	0	0	0	0	9.042279864e-05	9.042279864e-05	9.042279864e-05	9.042279864e-05	9.042279864e-05	9.042279864e-05	9.042279864e-05	9.042279864e-05	9.042279864e-05	0	0	0	0	0	0	0	0	0	0	0	0	0	0	0	0	0	0	0	0	0	0	0	0	0	0	0	0	0	0	0	0	0	0	0	0	0	0	0	0	0	0	0	0	0	0.0002938740956	0.0002938740956	0.0002938740956	0.0002938740956	0.0002938740956	0.0002938740956	0.0002938740956	0.0002938740956	0.0002938740956	0	0	0	0	0	0	0	0	0	0	0	0	0	0	0	0	0	0	0	0	0	0	0	0	0	0	0	0	0	0	0	0	0	0	0	0	0	0	0	0	0	0	0	0	0	0.001158542108	0.001158542108	0.001158542108	0.001158542108	0.001158542108	0.001158542108	0.001158542108	0.001158542108	0.001158542108	0	0	0	0	0	0	0	0	0	0	0	0	0	0	0	0	0	0	0	0	0	0	0	0	0	0	0	0	0	0	0	0	0	0	0	0	0	0	0	0	0	0	0	0	0	0.004629929862	0.004629929862	0.004629929862	0.004629929862	0.004629929862	0.004629929862	0.004629929862	0.004629929862	0.004629929862	0	0	0	0	0	0	0	0	0
(2,0)	0.08333873751	0	0	0	0	0	0	0	0	0	0	0	0	0	0	0	0	0	0	0	0	0	0	0	0	0	0	0	0	0	0	0	0	0	0	0	0	0	0	0	0	0	0	0	0	0	0	0	0	0	0	0	0	0	0	0.05555597941	0.05555597941	0	0.05555597941	0.05555597941	0	0.05555597941	0.05555597941	0	0	0	0	0	0	0	0	0	0	0	0	0	0	0	0	0	0	0	0	0	0	0	0	0	0	0	0	0	0	0	0	0	0	0	0	0	0	0	0	0	0	0	0	0	0	0.01388978958	0.01388978958	0	0.01388978958	0.01388978958	0	0.01388978958	0.01388978958	0	0	0	0	0	0	0	0	0	0	0	0	0	0	0	0	0	0	0	0	0	0	0	0	0	0	0	0	0	0	0	0	0	0	0	0	0	0	0	0	0	0	0	0	0	0	0	0	0.01042687897	0	0	0.01042687897	0	0	0	0	0	0	0	0	0	0	0	0	0	0	0	0	0	0	0	0	0	0	0	0	0	0	0	0	0	0	0	0	0	0	0	0	0	0	0	0	0	0	0	0	0	0	0	0	0.0008816222867	0.0008816222867	0	0.0008816222867	0.0008816222867	0	0.0008816222867	0.0008816222867	0	0	0	0	0	0	0	0	0	0	0	0	0	0	0	0	0	0	0	0	0	0	0	0	0	0	0	0	0	0	0	0	0	0	0	0	0	0	0	0	0	0	0	0	0	0	0.0002712683959	0.0002712683959	0	0.0002712683959	0.0002712683959	0	0.0002712683959	0.0002712683959	0	0	0	0	0	0	0	0	0	0	0	0	0	0	0	0	0	0	0	0	0	0	0	0	0	0	0	0	0	0	0	0	0	0	0	0	0	0	0	0	0	0	0	0	0	0	0	0	0.0008138051878	0	0	0.0008138051878	0	0	0	0	0	0	0	0	0	0	0	0	0	0	0	0	0	0	0	0	0	0	0	0	0	0	0	0	0	0	0	0	0	0	0	0	0	0	0	0	0	0	0	0	0	0	0	0	0.0008816222867	0.0008816222867	0	0.0008816222867	0.0008816222867	0	0.0008816222867	0.0008816222867	0	0	0	0	0	0	0	0	0	0	0	0	0	0	0	0	0	0	0	0	0	0	0	0	0	0	0	0	0	0	0	0	0	0	0	0	0	0	0	0	0	0	0	0	0	0	0.003475626323	0.003475626323	0	0.003475626323	0.003475626323	0	0.003475626323	0.003475626323	0	0	0	0	0	0	0	0	0	0	0	0	0	0	0	0	0	0	0	0	0	0	0	0	0	0	0	0	0	0	0	0	0	0	0	0	0	0	0	0	0	0	0	0	0
(2,1)	0	0	0	0	0	0	0	0	0	0	0	0	0	0	0	0	0	0	0	0	0	0	0	0	0	0	0	0	0.009259435866	0.009259435866	0.009259435866	0.009259435866	0.009259435866	0.009259435866	0.009259435866	0.009259435866	0.009259435866	0	0	0	0	0	0	0	0	0	0	0	0	0	0	0	0	0	0	0	0	0	0	0	0	0	0	0	0	0	0	0	0	0	0	0	0	0	0	0	0	0	0	0	0	0	0.009259435866	0.009259435866	0.009259435866	0.009259435866	0.009259435866	0.009259435866	0.009259435866	0.009259435866	0.009259435866	0	0	0	0	0	0	0	0	0	0	0	0	0	0	0	0	0	0	0	0	0	0	0	0	0	0	0	0	0	0	0	0	0	0	0	0	0	0	0	0	0	0	0	0	0	0.002315388788	0.002315388788	0.002315388788	0.002315388788	0.002315388788	0.002315388788	0.002315388788	0.002315388788	0.002315388788	0	0	0	0	0	0	0	0	0	0	0	0	0	0	0	0	0	0	0	0	0	0	0	0	0	0	0	0	0	0	0	0	0	0	0	0	0	0	0	0	0	0	0	0	0	0.0005809664813	0.0005809664813	0.0005809664813	0.0005809664813	0.0005809664813	0.0005809664813	0.0005809664813	0.0005809664813	0.0005809664813	0	0	0	0	0	0	0	0	0	0	0	0	0	0	0	0	0	0	0	0	0	0	0	0	0	0	0	0	0	0	0	0	0	0	0	0	0	0	0	0	0	0	0	0	0	0.0001537187577	0.0001537187577	0.0001537187577	0.0001537187577	0.0001537187577	0.0001537187577	0.0001537187577	0.0001537187577	0.0001537187577	0	0	0	0	0	0	0	0	0	0	0	0	0	0	0	0	0	0	0	0	0	0	0	0	0	0	0	0	0	0	0	0	0	0	0	0	0	0	0	0	0	0	0	0	0	7.233823891e-05	7.233823891e-05	7.233823891e-05	7.233823891e-05	7.233823891e-05	7.233823891e-05	7.233823891e-05	7.233823891e-05	7.233823891e-05	0	0	0	0	0	0	0	0	0	0	0	0	0	0	0	0	0	0	0	0	0	0	0	0	0	0	0	0	0	0	0	0	0	0	0	0	0	0	0	0	0	0	0	0	0	0.0001537187577	0.0001537187577	0.0001537187577	0.0001537187577	0.0001537187577	0.0001537187577	0.0001537187577	0.0001537187577	0.0001537187577	0	0	0	0	0	0	0	0	0	0	0	0	0	0	0	0	0	0	0	0	0	0	0	0	0	0	0	0	0	0	0	0	0	0	0	0	0	0	0	0	0	0	0	0	0	0.0005809664813	0.0005809664813	0.0005809664813	0.0005809664813	0.0005809664813	0.0005809664813	0.0005809664813	0.0005809664813	0.0005809664813	0	0	0	0	0	0	0	0	0	0	0	0	0	0	0	0	0	0	0	0	0	0	0	0	0	0	0	0	0	0	0	0	0	0	0	0	0	0	0	0	0	0	0	0	0	0.002315388788	0.002315388788	0.002315388788	0.002315388788	0.002315388788	0.002315388788	0.002315388788	0.002315388788	0.002315388788	0	0	0	0	0	0	0	0	0	0	0	0	0	0	0	0	0
(2,2)	0	0	0	0	0	0	0	0	0	0	0	0	0	0	0	0	0	0	0	0	0	0	0	0	0	0	0	0	0.009259435866	0.009259435866	0.009259435866	0.009259435866	0.009259435866	0.009259435866	0.009259435866	0.009259435866	0.009259435866	0	0	0	0	0	0	0	0	0	0	0	0	0	0	0	0	0	0	0	0	0	0	0	0	0	0	0	0	0	0	0	0	0	0	0	0	0	0	0	0	0	0	0	0	0	0.009259435866	0.009259435866	0.009259435866	0.009259435866	0.009259435866	0.009259435866	0.009259435866	0.009259435866	0.009259435866	0	0	0	0	0	0	0	0	0	0	0	0	0	0	0	0	0	0	0	0	0	0	0	0	0	0	0	0	0	0	0	0	0	0	0	0	0	0	0	0	0	0	0	0	0	0.002315388788	0.002315388788	0.002315388788	0.002315388788	0.002315388788	0.002315388788	0.002315388788	0.002315388788	0.002315388788	0	0	0	0	0	0	0	0	0	0	0	0	0	0	0	0	0	0	0	0	0	0	0	0	0	0	0	0	0	0	0	0	0	0	0	0	0	0	0	0	0	0	0	0	0	0.0005809664813	0.0005809664813	0.0005809664813	0.0005809664813	0.0005809664813	0.0005809664813	0.0005809664813	0.0005809664813	0.0005809664813	0	0	0	0	0	0	0	0	0	0	0	0	0	0	0	0	0	0	0	0	0	0	0	0	0	0	0	0	0	0	0	0	0	0	0	0	0	0	0	0	0	0	0	0	0	0.0001537187577	0.0001537187577	0.0001537187577	0.0001537187577	0.0001537187577	0.0001537187577	0.0001537187577	0.0001537187577	0.0001537187577	0	0	0	0	0	0	0	0	0	0	0	0	0	0	0	0	0	0	0	0	0	0	0	0	0	0	0	0	0	0	0	0	0	0	0	0	0	0	0	0	0	0	0	0	0	7.233823891e-05	7.233823891e-05	7.233823891e-05	7.233823891e-05	7.233823891e-05	7.233823891e-05	7.233823891e-05	7.233823891e-05	7.233823891e-05	0	0	0	0	0	0	0	0	0	0	0	0	0	0	0	0	0	0	0	0	0	0	0	0	0	0	0	0	0	0	0	0	0	0	0	0	0	0	0	0	0	0	0	0	0	0.0001537187577	0.0001537187577	0.0001537187577	0.0001537187577	0.0001537187577	0.0001537187577	0.0001537187577	0.0001537187577	0.0001537187577	0	0	0	0	0	0	0	0	0	0	0	0	0	0	0	0	0	0	0	0	0	0	0	0	0	0	0	0	0	0	0	0	0	0	0	0	0	0	0	0	0	0	0	0	0	0.0005809664813	0.0005809664813	0.0005809664813	0.0005809664813	0.0005809664813	0.0005809664813	0.0005809664813	0.0005809664813	0.0005809664813	0	0	0	0	0	0	0	0	0	0	0	0	0	0	0	0	0	0	0	0	0	0	0	0	0	0	0	0	0	0	0	0	0	0	0	0	0	0	0	0	0	0	0	0	0	0.002315388788	0.002315388788	0.002315388788	0.002315388788	0.002315388788	0.002315388788	0.002315388788	0.002315388788	0.002315388788	0	0	0	0	0	0	0	0	0	0	0	0	0	0	0	0	0
(2,3)	0	0.08333873751	0	0	0	0	0	0	0	0	0	0	0	0	0	0	0	0	0	0	0	0	0	0	0	0	0	0	0	0	0	0	0	0	0	0	0	0	0	0	0	0	0	0	0	0	0	0	0	0	0	0	0	0	0	0	0.05555597941	0.05555597941	0	0.05555597941	0.05555597941	0	0.05555597941	0.05555597941	0	0	0	0	0	0	0	0	0	0	0	0	0	0	0	0	0	0	0	0	0	0	0	0	0	0	0	0	0	0	0	0	0	0	0	0	0	0	0	0	0	0	0	0	0	0	0.01388978958	0.01388978958	0	0.01388978958	0.01388978958	0	0.01388978958	0.01388978958	0	0	0	0	0	0	0	0	0	0	0	0	0	0	0	0	0	0	0	0	0	0	0	0	0	0	0	0	0	0	0	0	0	0	0	0	0	0	0	0	0	0	0	0	0	0	0	0	0.01042687897	0	0	0.01042687897	0	0	0	0	0	0	0	0	0	0	0	0	0	0	0	0	0	0	0	0	0	0	0	0	0	0	0	0	0	0	0	0	0	0	0	0	0	0	0	0	0	0	0	0	0	0	0	0	0.0008816222867	0.0008816222867	0	0.0008816222867	0.0008816222867	0	0.0008816222867	0.0008816222867	0	0	0	0	0	0	0	0	0	0	0	0	0	0	0	0	0	0	0	0	0	0	0	0	0	0	0	0	0	0	0	0	0	0	0	0	0	0	0	0	0	0	0	0	0	0	0.0002712683959	0.0002712683959	0	0.0002712683959	0.0002712683959	0	0.0002712683959	0.0002712683959	0	0	0	0	0	0	0	0	0	0	0	0	0	0	0	0	0	0	0	0	0	0	0	0	0	0	0	0	0	0	0	0	0	0	0	0	0	0	0	0	0	0	0	0	0	0	0	0	0.0008138051878	0	0	0.0008138051878	0	0	0	0	0	0	0	0	0	0	0	0	0	0	0	0	0	0	0	0	0	0	0	0	0	0	0	0	0	0	0	0	0	0	0	0	0	0	0	0	0	0	0	0	0	0	0	0	0.0008816222867	0.0008816222867	0	0.0008816222867	0.0008816222867	0	0.0008816222867	0.0008816222867	0	0	0	0	0	0	0	0	0	0	0	0	0	0	0	0	0	0	0	0	0	0	0	0	0	0	0	0	0	0	0	0	0	0	0	0	0	0	0	0	0	0	0	0	0	0	0.003475626323	0.003475626323	0	0.003475626323	0.003475626323	0	0.003475626323	0.003475626323	0	0	0	0	0	0	0	0	0	0	0	0	0	0	0	0	0	0	0	0	0	0	0	0	0	0	0	0	0	0	0	0	0	0	0	0	0	0	0	0	0	0	0	0
(2,4)	0	0	0	0	0	0	0	0	0	0	0	0	0	0	0	0	0	0	0	0	0	0	0	0	0	0	0	0	0	0.009259435866	0.009259435866	0.009259435866	0.009259435866	0.009259435866	0.009259435866	0.009259435866	0.009259435866	0.009259435866	0	0	0	0	0	0	0	0	0	0	0	0	0	0	0	0	0	0	0	0	0	0	0	0	0	0	0	0	0	0	0	0	0	0	0	0	0	0	0	0	0	0	0	0	0	0.009259435866	0.009259435866	0.009259435866	0.009259435866	0.009259435866	0.009259435866	0.009259435866	0.009259435866	0.009259435866	0	0	0	0	0	0	0	0	0	0	0	0	0	0	0	0	0	0	0	0	0	0	0	0	0	0	0	0	0	0	0	0	0	0	0	0	0	0	0	0	0	0	0	0	0	0.002315388788	0.002315388788	0.002315388788	0.002315388788	0.002315388788	0.002315388788	0.002315388788	0.002315388788	0.002315388788	0	0	0	0	0	0	0	0	0	0	0	0	0	0	0	0	0	0	0	0	0	0	0	0	0	0	0	0	0	0	0	0	0	0	0	0	0	0	0	0	0	0	0	0	0	0.0005809664813	0.0005809664813	0.0005809664813	0.0005809664813	0.0005809664813	0.0005809664813	0.0005809664813	0.0005809664813	0.0005809664813	0	0	0	0	0	0	0	0	0	0	0	0	0	0	0	0	0	0	0	0	0	0	0	0	0	0	0	0	0	0	0	0	0	0	0	0	0	0	0	0	0	0	0	0	0	0.0001537187577	0.0001537187577	0.0001537187577	0.0001537187577	0.0001537187577	0.0001537187577	0.0001537187577	0.0001537187577	0.0001537187577	0	0	0	0	0	0	0	0	0	0	0	0	0	0	0	0	0	0	0	0	0	0	0	0	0	0	0	0	0	0	0	0	0	0	0	0	0	0	0	0	0	0	0	0	0	7.233823891e-05	7.233823891e-05	7.233823891e-05	7.233823891e-05	7.233823891e-05	7.233823891e-05	7.233823891e-05	7.233823891e-05	7.233823891e-05	0	0	0	0	0	0	0	0	0	0	0	0	0	0	0	0	0	0	0	0	0	0	0	0	0	0	0	0	0	0	0	0	0	0	0	0	0	0	0	0	0	0	0	0	0	0.0001537187577	0.0001537187577	0.0001537187577	0.0001537187577	0.0001537187577	0.0001537187577	0.0001537187577	0.0001537187577	0.0001537187577	0	0	0	0	0	0	0	0	0	0	0	0	0	0	0	0	0	0	0	0	0	0	0	0	0	0	0	0	0	0	0	0	0	0	0	0	0	0	0	0	0	0	0	0	0	0.0005809664813	0.0005809664813	0.0005809664813	0.0005809664813	0.0005809664813	0.0005809664813	0.0005809664813	0.0005809664813	0.0005809664813	0	0	0	0	0	0	0	0	0	0	0	0	0	0	0	0	0	0	0	0	0	0	0	0	0	0	0	0	0	0	0	0	0	0	0	0	0	0	0	0	0	0	0	0	0	0.002315388788	0.002315388788	0.002315388788	0.002315388788	0.002315388788	0.002315388788	0.002315388788	0.002315388788	0.002315388788	0	0	0	0	0	0	0	0	0	0	0	0	0	0	0	0
(2,5)	0	0	0	0	0	0	0	0	0	0	0	0	0	0	0	0	0	0	0	0	0	0	0	0	0	0	0	0	0	0.009259435866	0.009259435866	0.009259435866	0.009259435866	0.009259435866	0.009259435866	0.009259435866	0.009259435866	0.009259435866	0	0	0	0	0	0	0	0	0	0	0	0	0	0	0	0	0	0	0	0	0	0	0	0	0	0	0	0	0	0	0	0	0	0	0	0	0	0	0	0	0	0	0	0	0	0.009259435866	0.009259435866	0.009259435866	0.009259435866	0.009259435866	0.009259435866	0.009259435866	0.009259435866	0.009259435866	0	0	0	0	0	0	0	0	0	0	0	0	0	0	0	0	0	0	0	0	0	0	0	0	0	0	0	0	0	0	0	0	0	0	0	0	0	0	0	0	0	0	0	0	0	0.002315388788	0.002315388788	0.002315388788	0.002315388788	0.002315388788	0.002315388788	0.002315388788	0.002315388788	0.002315388788	0	0	0	0	0	0	0	0	0	0	0	0	0	0	0	0	0	0	0	0	0	0	0	0	0	0	0	0	0	0	0	0	0	0	0	0	0	0	0	0	0	0	0	0	0	0.0005809664813	0.0005809664813	0.0005809664813	0.0005809664813	0.0005809664813	0.0005809664813	0.0005809664813	0.0005809664813	0.0005809664813	0	0	0	0	0	0	0	0	0	0	0	0	0	0	0	0	0	0	0	0	0	0	0	0	0	0	0	0	0	0	0	0	0	0	0	0	0	0	0	0	0	0	0	0	0	0.0001537187577	0.0001537187577	0.0001537187577	0.0001537187577	0.0001537187577	0.0001537187577	0.0001537187577	0.0001537187577	0.0001537187577	0	0	0	0	0	0	0	0	0	0	0	0	0	0	0	0	0	0	0	0	0	0	0	0	0	0	0	0	0	0	0	0	0	0	0	0	0	0	0	0	0	0	0	0	0	7.233823891e-05	7.233823891e-05	7.233823891e-05	7.233823891e-05	7.233823891e-05	7.233823891e-05	7.233823891e-05	7.233823891e-05	7.233823891e-05	0	0	0	0	0	0	0	0	0	0	0	0	0	0	0	0	0	0	0	0	0	0	0	0	0	0	0	0	0	0	0	0	0	0	0	0	0	0	0	0	0	0	0	0	0	0.0001537187577	0.0001537187577	0.0001537187577	0.0001537187577	0.0001537187577	0.0001537187577	0.0001537187577	0.0001537187577	0.0001537187577	0	0	0	0	0	0	0	0	0	0	0	0	0	0	0	0	0	0	0	0	0	0	0	0	0	0	0	0	0	0	0	0	0	0	0	0	0	0	0	0	0	0	0	0	0	0.0005809664813	0.0005809664813	0.0005809664813	0.0005809664813	0.0005809664813	0.0005809664813	0.0005809664813	0.0005809664813	0.0005809664813	0	0	0	0	0	0	0	0	0	0	0	0	0	0	0	0	0	0	0	0	0	0	0	0	0	0	0	0	0	0	0	0	0	0	0	0	0	0	0	0	0	0	0	0	0	0.002315388788	0.002315388788	0.002315388788	0.002315388788	0.002315388788	0.002315388788	0.002315388788	0.002315388788	0.002315388788	0	0	0	0	0	0	0	0	0	0	0	0	0	0	0	0
(2,6)	0	0	0.08333873751	0	0	0	0	0	0	0	0	0	0	0	0	0	0	0	0	0	0	0	0	0	0	0	0	0	0	0	0	0	0	0	0	0	0	0	0	0	0	0	0	0	0	0	0	0	0	0	0	0	0	0	0	0	0	0.05555597941	0.05555597941	0	0.05555597941	0.05555597941	0	0.05555597941	0.05555597941	0	0	0	0	0	0	0	0	0	0	0	0	0	0	0	0	0	0	0	0	0	0	0	0	0	0	0	0	0	0	0	0	0	0	0	0	0	0	0	0	0	0	0	0	0	0	0.01388978958	0.01388978958	0	0.01388978958	0.01388978958	0	0.01388978958	0.01388978958	0	0	0	0	0	0	0	0	0	0	0	0	0	0	0	0	0	0	0	0	0	0	0	0	0	0	0	0	0	0	0	0	0	0	0	0	0	0	0	0	0	0	0	0	0	0	0	0	0.01042687897	0	0	0.01042687897	0	0	0	0	0	0	0	0	0	0	0	0	0	0	0	0	0	0	0	0	0	0	0	0	0	0	0	0	0	0	0	0	0	0	0	0	0	0	0	0	0	0	0	0	0	0	0	0	0.0008816222867	0.0008816222867	0	0.0008816222867	0.0008816222867	0	0.0008816222867	0.0008816222867	0	0	0	0	0	0	0	0	0	0	0	0	0	0	0	0	0	0	0	0	0	0	0	0	0	0	0	0	0	0	0	0	0	0	0	0	0	0	0	0	0	0	0	0	0	0	0.0002712683959	0.0002712683959	0	0.0002712683959	0.0002712683959	0	0.0002712683959	0.0002712683959	0	0	0	0	0	0	0	0	0	0	0	0	0	0	0	0	0	0	0	0	0	0	0	0	0	0	0	0	0	0	0	0	0	0	0	0	0	0	0	0	0	0	0	0	0	0	0	0	0.0008138051878	0	0	0.0008138051878	0	0	0	0	0	0	0	0	0	0	0	0	0	0	0	0	0	0	0	0	0	0	0	0	0	0	0	0	0	0	0	0	0	0	0	0	0	0	0	0	0	0	0	0	0	0	0	0	0.0008816222867	0.0008816222867	0	0.0008816222867	0.0008816222867	0	0.0008816222867	0.0008816222867	0	0	0	0	0	0	0	0	0	0	0	0	0	0	0	0	0	0	0	0	0	0	0	0	0	0	0	0	0	0	0	0	0	0	0	0	0	0	0	0	0	0	0	0	0	0	0.003475626323	0.003475626323	0	0.003475626323	0.003475626323	0	0.003475626323	0.003475626323	0	0	0	0	0	0	0	0	0	0	0	0	0	0	0	0	0	0	0	0	0	0	0	0	0	0	0	0	0	0	0	0	0	0	0	0	0	0	0	0	0	0	0
(2,7)	0	0	0	0	0	0	0	0	0	0	0	0	0	0	0	0	0	0	0	0	0	0	0	0	0	0	0	0	0	0	0.009259435866	0.009259435866	0.009259435866	0.009259435866	0.009259435866	0.009259435866	0.009259435866	0.009259435866	0.009259435866	0	0	0	0	0	0	0	0	0	0	0	0	0	0	0	0	0	0	0	0	0	0	0	0	0	0	0	0	0	0	0	0	0	0	0	0	0	0	0	0	0	0	0	0	0	0.009259435866	0.009259435866	0.009259435866	0.009259435866	0.009259435866	0.009259435866	0.009259435866	0.009259435866	0.009259435866	0	0	0	0	0	0	0	0	0	0	0	0	0	0	0	0	0	0	0	0	0	0	0	0	0	0	0	0	0	0	0	0	0	0	0	0	0	0	0	0	0	0	0	0	0	0.002315388788	0.002315388788	0.002315388788	0.002315388788	0.002315388788	0.002315388788	0.002315388788	0.002315388788	0.002315388788	0	0	0	0	0	0	0	0	0	0	0	0	0	0	0	0	0	0	0	0	0	0	0	0	0	0	0	0	0	0	0	0	0	0	0	0	0	0	0	0	0	0	0	0	0	0.0005809664813	0.0005809664813	0.0005809664813	0.0005809664813	0.0005809664813	0.0005809664813	0.0005809664813	0.0005809664813	0.0005809664813	0	0	0	0	0	0	0	0	0	0	0	0	0	0	0	0	0	0	0	0	0	0	0	0	0	0	0	0	0	0	0	0	0	0	0	0	0	0	0	0	0	0	0	0	0	0.0001537187577	0.0001537187577	0.0001537187577	0.0001537187577	0.0001537187577	0.0001537187577	0.0001537187577	0.0001537187577	0.0001537187577	0	0	0	0	0	0	0	0	0	0	0	0	0	0	0	0	0	0	0	0	0	0	0	0	0	0	0	0	0	0	0	0	0	0	0	0	0	0	0	0	0	0	0	0	0	7.233823891e-05	7.233823891e-05	7.233823891e-05	7.233823891e-05	7.233823891e-05	7.233823891e-05	7.233823891e-05	7.233823891e-05	7.233823891e-05	0	0	0	0	0	0	0	0	0	0	0	0	0	0	0	0	0	0	0	0	0	0	0	0	0	0	0	0	0	0	0	0	0	0	0	0	0	0	0	0	0	0	0	0	0	0.0001537187577	0.0001537187577	0.0001537187577	0.0001537187577	0.0001537187577	0.0001537187577	0.0001537187577	0.0001537187577	0.0001537187577	0	0	0	0	0	0	0	0	0	0	0	0	0	0	0	0	0	0	0	0	0	0	0	0	0	0	0	0	0	0	0	0	0	0	0	0	0	0	0	0	0	0	0	0	0	0.0005809664813	0.0005809664813	0.0005809664813	0.0005809664813	0.0005809664813	0.0005809664813	0.0005809664813	0.0005809664813	0.0005809664813	0	0	0	0	0	0	0	0	0	0	0	0	0	0	0	0	0	0	0	0	0	0	0	0	0	0	0	0	0	0	0	0	0	0	0	0	0	0	0	0	0	0	0	0	0	0.002315388788	0.002315388788	0.002315388788	0.002315388788	0.002315388788	0.002315388788	0.002315388788	0.002315388788	0.002315388788	0	0	0	0	0	0	0	0	0	0	0	0	0	0	0
(2,8)	0	0	0	0	0	0	0	0	0	0	0	0	0	0	0	0	0	0	0	0	0	0	0	0	0	0	0	0	0	0	0.009259435866	0.009259435866	0.009259435866	0.009259435866	0.009259435866	0.009259435866	0.009259435866	0.009259435866	0.009259435866	0	0	0	0	0	0	0	0	0	0	0	0	0	0	0	0	0	0	0	0	0	0	0	0	0	0	0	0	0	0	0	0	0	0	0	0	0	0	0	0	0	0	0	0	0	0.009259435866	0.009259435866	0.009259435866	0.009259435866	0.009259435866	0.009259435866	0.009259435866	0.009259435866	0.009259435866	0	0	0	0	0	0	0	0	0	0	0	0	0	0	0	0	0	0	0	0	0	0	0	0	0	0	0	0	0	0	0	0	0	0	0	0	0	0	0	0	0	0	0	0	0	0.002315388788	0.002315388788	0.002315388788	0.002315388788	0.002315388788	0.002315388788	0.002315388788	0.002315388788	0.002315388788	0	0	0	0	0	0	0	0	0	0	0	0	0	0	0	0	0	0	0	0	0	0	0	0	0	0	0	0	0	0	0	0	0	0	0	0	0	0	0	0	0	0	0	0	0	0.0005809664813	0.0005809664813	0.0005809664813	0.0005809664813	0.0005809664813	0.0005809664813	0.0005809664813	0.0005809664813	0.0005809664813	0	0	0	0	0	0	0	0	0	0	0	0	0	0	0	0	0	0	0	0	0	0	0	0	0	0	0	0	0	0	0	0	0	0	0	0	0	0	0	0	0	0	0	0	0	0.0001537187577	0.0001537187577	0.0001537187577	0.0001537187577	0.0001537187577	0.0001537187577	0.0001537187577	0.0001537187577	0.0001537187577	0	0	0	0	0	0	0	0	0	0	0	0	0	0	0	0	0	0	0	0	0	0	0	0	0	0	0	0	0	0	0	0	0	0	0	0	0	0	0	0	0	0	0	0	0	7.233823891e-05	7.233823891e-05	7.233823891e-05	7.233823891e-05	7.233823891e-05	7.233823891e-05	7.233823891e-05	7.233823891e-05	7.233823891e-05	0	0	0	0	0	0	0	0	0	0	0	0	0	0	0	0	0	0	0	0	0	0	0	0	0	0	0	0	0	0	0	0	0	0	0	0	0	0	0	0	0	0	0	0	0	0.0001537187577	0.0001537187577	0.0001537187577	0.0001537187577	0.0001537187577	0.0001537187577	0.0001537187577	0.0001537187577	0.0001537187577	0	0	0	0	0	0	0	0	0	0	0	0	0	0	0	0	0	0	0	0	0	0	0	0	0	0	0	0	0	0	0	0	0	0	0	0	0	0	0	0	0	0	0	0	0	0.0005809664813	0.0005809664813	0.0005809664813	0.0005809664813	0.0005809664813	0.0005809664813	0.0005809664813	0.0005809664813	0.0005809664813	0	0	0	0	0	0	0	0	0	0	0	0	0	0	0	0	0	0	0	0	0	0	0	0	0	0	0	0	0	0	0	0	0	0	0	0	0	0	0	0	0	0	0	0	0	0.002315388788	0.002315388788	0.002315388788	0.002315388788	0.002315388788	0.002315388788	0.002315388788	0.002315388788	0.002315388788	0	0	0	0	0	0	0	0	0	0	0	0	0	0	0
(2,9)	0	0	0	0.08333873751	0	0	0	0	0	0	0	0	0	0	0	0	0	0	0	0	0	0	0	0	0	0	0	0	0	0	0	0	0	0	0	0	0	0	0	0	0	0	0	0	0	0	0	0	0	0	0	0	0	0	0	0	0	0	0.05555597941	0.05555597941	0	0.05555597941	0.05555597941	0	0.05555597941	0.05555597941	0	0	0	0	0	0	0	0	0	0	0	0	0	0	0	0	0	0	0	0	0	0	0	0	0	0	0	0	0	0	0	0	0	0	0	0	0	0	0	0	0	0	0	0	0	0	0.01388978958	0.01388978958	0	0.01388978958	0.01388978958	0	0.01388978958	0.01388978958	0	0	0	0	0	0	0	0	0	0	0	0	0	0	0	0	0	0	0	0	0	0	0	0	0	0	0	0	0	0	0	0	0	0	0	0	0	0	0	0	0	0	0	0	0	0	0	0	0.01042687897	0	0	0.01042687897	0	0	0	0	0	0	0	0	0	0	0	0	0	0	0	0	0	0	0	0	0	0	0	0	0	0	0	0	0	0	0	0	0	0	0	0	0	0	0	0	0	0	0	0	0	0	0	0	0.0008816222867	0.0008816222867	0	0.0008816222867	0.0008816222867	0	0.0008816222867	0.0008816222867	0	0	0	0	0	0	0	0	0	0	0	0	0	0	0	0	0	0	0	0	0	0	0	0	0	0	0	0	0	0	0	0	0	0	0	0	0	0	0	0	0	0	0	0	0	0	0.0002712683959	0.0002712683959	0	0.0002712683959	0.0002712683959	0	0.0002712683959	0.0002712683959	0	0	0	0	0	0	0	0	0	0	0	0	0	0	0	0	0	0	0	0	0	0	0	0	0	0	0	0	0	0	0	0	0	0	0	0	0	0	0	0	0	0	0	0	0	0	0	0	0.0008138051878	0	0	0.0008138051878	0	0	0	0	0	0	0	0	0	0	0	0	0	0	0	0	0	0	0	0	0	0	0	0	0	0	0	0	0	0	0	0	0	0	0	0	0	0	0	0	0	0	0	0	0	0	0	0	0.0008816222867	0.0008816222867	0	0.0008816222867	0.0008816222867	0	0.0008816222867	0.0008816222867	0	0	0	0	0	0	0	0	0	0	0	0	0	0	0	0	0	0	0	0	0	0	0	0	0	0	0	0	0	0	0	0	0	0	0	0	0	0	0	0	0	0	0	0	0	0	0.003475626323	0.003475626323	0	0.003475626323	0.003475626323	0	0.003475626323	0.003475626323	0	0	0	0	0	0	0	0	0	0	0	0	0	0	0	0	0	0	0	0	0	0	0	0	0	0	0	0	0	0	0	0	0	0	0	0	0	0	0	0	0	0
(2,10)	0	0	0	0	0	0	0	0	0	0	0	0	0	0	0	0	0	0	0	0	0	0	0	0	0	0	0	0	0	0	0	0.009259435866	0.009259435866	0.009259435866	0.009259435866	0.009259435866	0.009259435866	0.009259435866	0.009259435866	0.009259435866	0	0	0	0	0	0	0	0	0	0	0	0	0	0	0	0	0	0	0	0	0	0	0	0	0	0	0	0	0	0	0	0	0	0	0	0	0	0	0	0	0	0	0	0	0	0.009259435866	0.009259435866	0.009259435866	0.009259435866	0.009259435866	0.009259435866	0.009259435866	0.009259435866	0.009259435866	0	0	0	0	0	0	0	0	0	0	0	0	0	0	0	0	0	0	0	0	0	0	0	0	0	0	0	0	0	0	0	0	0	0	0	0	0	0	0	0	0	0	0	0	0	0.002315388788	0.002315388788	0.002315388788	0.002315388788	0.002315388788	0.002315388788	0.002315388788	0.002315388788	0.002315388788	0	0	0	0	0	0	0	0	0	0	0	0	0	0	0	0	0	0	0	0	0	0	0	0	0	0	0	0	0	0	0	0	0	0	0	0	0	0	0	0	0	0	0	0	0	0.0005809664813	0.0005809664813	0.0005809664813	0.0005809664813	0.0005809664813	0.0005809664813	0.0005809664813	0.0005809664813	0.0005809664813	0	0	0	0	0	0	0	0	0	0	0	0	0	0	0	0	0	0	0	0	0	0	0	0	0	0	0	0	0	0	0	0	0	0	0	0	0	0	0	0	0	0	0	0	0	0.0001537187577	0.0001537187577	0.0001537187577	0.0001537187577	0.0001537187577	0.0001537187577	0.0001537187577	0.0001537187577	0.0001537187577	0	0	0	0	0	0	0	0	0	0	0	0	0	0	0	0	0	0	0	0	0	0	0	0	0	0	0	0	0	0	0	0	0	0	0	0	0	0	0	0	0	0	0	0	0	7.233823891e-05	7.233823891e-05	7.233823891e-05	7.233823891e-05	7.233823891e-05	7.233823891e-05	7.233823891e-05	7.233823891e-05	7.233823891e-05	0	0	0	0	0	0	0	0	0	0	0	0	0	0	0	0	0	0	0	0	0	0	0	0	0	0	0	0	0	0	0	0	0	0	0	0	0	0	0	0	0	0	0	0	0	0.0001537187577	0.0001537187577	0.0001537187577	0.0001537187577	0.0001537187577	0.0001537187577	0.0001537187577	0.0001537187577	0.0001537187577	0	0	0	0	0	0	0	0	0	0	0	0	0	0	0	0	0	0	0	0	0	0	0	0	0	0	0	0	0	0	0	0	0	0	0	0	0	0	0	0	0	0	0	0	0	0.0005809664813	0.0005809664813	0.0005809664813	0.0005809664813	0.0005809664813	0.0005809664813	0.0005809664813	0.0005809664813	0.0005809664813	0	0	0	0	0	0	0	0	0	0	0	0	0	0	0	0	0	0	0	0	0	0	0	0	0	0	0	0	0	0	0	0	0	0	0	0	0	0	0	0	0	0	0	0	0	0.002315388788	0.002315388788	0.002315388788	0.002315388788	0.002315388788	0.002315388788	0.002315388788	0.002315388788	0.002315388788	0	0	0	0	0	0	0	0	0	0	0	0	0	0
(2,11)	0	0	0	0	0	0	0	0	0	0	0	0	0	0	0	0	0	0	0	0	0	0	0	0	0	0	0	0	0	0	0	0.009259435866	0.009259435866	0.009259435866	0.009259435866	0.009259435866	0.009259435866	0.009259435866	0.009259435866	0.009259435866	0	0	0	0	0	0	0	0	0	0	0	0	0	0	0	0	0	0	0	0	0	0	0	0	0	0	0	0	0	0	0	0	0	0	0	0	0	0	0	0	0	0	0	0	0	0.009259435866	0.009259435866	0.009259435866	0.009259435866	0.009259435866	0.009259435866	0.009259435866	0.009259435866	0.009259435866	0	0	0	0	0	0	0	0	0	0	0	0	0	0	0	0	0	0	0	0	0	0	0	0	0	0	0	0	0	0	0	0	0	0	0	0	0	0	0	0	0	0	0	0	0	0.002315388788	0.002315388788	0.002315388788	0.002315388788	0.002315388788	0.002315388788	0.002315388788	0.002315388788	0.002315388788	0	0	0	0	0	0	0	0	0	0	0	0	0	0	0	0	0	0	0	0	0	0	0	0	0	0	0	0	0	0	0	0	0	0	0	0	0	0	0	0	0	0	0	0	0	0.0005809664813	0.0005809664813	0.0005809664813	0.0005809664813	0.0005809664813	0.0005809664813	0.0005809664813	0.0005809664813	0.0005809664813	0	0	0	0	0	0	0	0	0	0	0	0	0	0	0	0	0	0	0	0	0	0	0	0	0	0	0	0	0	0	0	0	0	0	0	0	0	0	0	0	0	0	0	0	0	0.0001537187577	0.0001537187577	0.0001537187577	0.0001537187577	0.0001537187577	0.0001537187577	0.0001537187577	0.0001537187577	0.0001537187577	0	0	0	0	0	0	0	0	0	0	0	0	0	0	0	0	0	0	0	0	0	0	0	0	0	0	0	0	0	0	0	0	0	0	0	0	0	0	0	0	0	0	0	0	0	7.233823891e-05	7.233823891e-05	7.233823891e-05	7.233823891e-05	7.233823891e-05	7.233823891e-05	7.233823891e-05	7.233823891e-05	7.233823891e-05	0	0	0	0	0	0	0	0	0	0	0	0	0	0	0	0	0	0	0	0	0	0	0	0	0	0	0	0	0	0	0	0	0	0	0	0	0	0	0	0	0	0	0	0	0	0.0001537187577	0.0001537187577	0.0001537187577	0.0001537187577	0.0001537187577	0.0001537187577	0.0001537187577	0.0001537187577	0.0001537187577	0	0	0	0	0	0	0	0	0	0	0	0	0	0	0	0	0	0	0	0	0	0	0	0	0	0	0	0	0	0	0	0	0	0	0	0	0	0	0	0	0	0	0	0	0	0.0005809664813	0.0005809664813	0.0005809664813	0.0005809664813	0.0005809664813	0.0005809664813	0.0005809664813	0.0005809664813	0.0005809664813	0	0	0	0	0	0	0	0	0	0	0	0	0	0	0	0	0	0	0	0	0	0	0	0	0	0	0	0	0	0	0	0	0	0	0	0	0	0	0	0	0	0	0	0	0	0.002315388788	0.002315388788	0.002315388788	0.002315388788	0.002315388788	0.002315388788	0.002315388788	0.002315388788	0.002315388788	0	0	0	0	0	0	0	0	0	0	0	0	0	0
(2,12)	0	0	0	0	0.08333873751	0	0	0	0	0	0	0	0	0	0	0	0	0	0	0	0	0	0	0	0	0	0	0	0	0	0	0	0	0	0	0	0	0	0	0	0	0	0	0	0	0	0	0	0	0	0	0	0	0	0	0	0	0	0	0.05555597941	0.05555597941	0	0.05555597941	0.05555597941	0	0.05555597941	0.05555597941	0	0	0	0	0	0	0	0	0	0	0	0	0	0	0	0	0	0	0	0	0	0	0	0	0	0	0	0	0	0	0	0	0	0	0	0	0	0	0	0	0	0	0	0	0	0	0.01388978958	0.01388978958	0	0.01388978958	0.01388978958	0	0.01388978958	0.01388978958	0	0	0	0	0	0	0	0	0	0	0	0	0	0	0	0	0	0	0	0	0	0	0	0	0	0	0	0	0	0	0	0	0	0	0	0	0	0	0	0	0	0	0	0	0	0	0	0	0.01042687897	0	0	0.01042687897	0	0	0	0	0	0	0	0	0	0	0	0	0	0	0	0	0	0	0	0	0	0	0	0	0	0	0	0	0	0	0	0	0	0	0	0	0	0	0	0	0	0	0	0	0	0	0	0	0.0008816222867	0.0008816222867	0	0.0008816222867	0.0008816222867	0	0.0008816222867	0.0008816222867	0	0	0	0	0	0	0	0	0	0	0	0	0	0	0	0	0	0	0	0	0	0	0	0	0	0	0	0	0	0	0	0	0	0	0	0	0	0	0	0	0	0	0	0	0	0	0.0002712683959	0.0002712683959	0	0.0002712683959	0.0002712683959	0	0.0002712683959	0.0002712683959	0	0	0	0	0	0	0	0	0	0	0	0	0	0	0	0	0	0	0	0	0	0	0	0	0	0	0	0	0	0	0	0	0	0	0	0	0	0	0	0	0	0	0	0	0	0	0	0	0.0008138051878	0	0	0.0008138051878	0	0	0	0	0	0	0	0	0	0	0	0	0	0	0	0	0	0	0	0	0	0	0	0	0	0	0	0	0	0	0	0	0	0	0	0	0	0	0	0	0	0	0	0	0	0	0	0	0.0008816222867	0.0008816222867	0	0.0008816222867	0.0008816222867	0	0.0008816222867	0.0008816222867	0	0	0	0	0	0	0	0	0	0	0	0	0	0	0	0	0	0	0	0	0	0	0	0	0	0	0	0	0	0	0	0	0	0	0	0	0	0	0	0	0	0	0	0	0	0	0.003475626323	0.003475626323	0	0.003475626323	0.003475626323	0	0.003475626323	0.003475626323	0	0	0	0	0	0	0	0	0	0	0	0	0	0	0	0	0	0	0	0	0	0	0	0	0	0	0	0	0	0	0	0	0	0	0	0	0	0	0	0	0
(2,13)	0	0	0	0	0	0	0	0	0	0	0	0	0	0	0	0	0	0	0	0	0	0	0	0	0	0	0	0	0	0	0	0	0.009259435866	0.009259435866	0.009259435866	0.009259435866	0.009259435866	0.009259435866	0.009259435866	0.009259435866	0.009259435866	0	0	0	0	0	0	0	0	0	0	0	0	0	0	0	0	0	0	0	0	0	0	0	0	0	0	0	0	0	0	0	0	0	0	0	0	0	0	0	0	0	0	0	0	0	0.009259435866	0.009259435866	0.009259435866	0.009259435866	0.009259435866	0.009259435866	0.009259435866	0.009259435866	0.009259435866	0	0	0	0	0	0	0	0	0	0	0	0	0	0	0	0	0	0	0	0	0	0	0	0	0	0	0	0	0	0	0	0	0	0	0	0	0	0	0	0	0	0	0	0	0	0.002315388788	0.002315388788	0.002315388788	0.002315388788	0.002315388788	0.002315388788	0.002315388788	0.002315388788	0.002315388788	0	0	0	0	0	0	0	0	0	0	0	0	0	0	0	0	0	0	0	0	0	0	0	0	0	0	0	0	0	0	0	0	0	0	0	0	0	0	0	0	0	0	0	0	0	0.0005809664813	0.0005809664813	0.0005809664813	0.0005809664813	0.0005809664813	0.0005809664813	0.0005809664813	0.0005809664813	0.0005809664813	0	0	0	0	0	0	0	0	0	0	0	0	0	0	0	0	0	0	0	0	0	0	0	0	0	0	0	0	0	0	0	0	0	0	0	0	0	0	0	0	0	0	0	0	0	0.0001537187577	0.0001537187577	0.0001537187577	0.0001537187577	0.0001537187577	0.0001537187577	0.0001537187577	0.0001537187577	0.0001537187577	0	0	0	0	0	0	0	0	0	0	0	0	0	0	0	0	0	0	0	0	0	0	0	0	0	0	0	0	0	0	0	0	0	0	0	0	0	0	0	0	0	0	0	0	0	7.233823891e-05	7.233823891e-05	7.233823891e-05	7.233823891e-05	7.233823891e-05	7.233823891e-05	7.233823891e-05	7.233823891e-05	7.233823891e-05	0	0	0	0	0	0	0	0	0	0	0	0	0	0	0	0	0	0	0	0	0	0	0	0	0	0	0	0	0	0	0	0	0	0	0	0	0	0	0	0	0	0	0	0	0	0.0001537187577	0.0001537187577	0.0001537187577	0.0001537187577	0.0001537187577	0.0001537187577	0.0001537187577	0.0001537187577	0.0001537187577	0	0	0	0	0	0	0	0	0	0	0	0	0	0	0	0	0	0	0	0	0	0	0	0	0	0	0	0	0	0	0	0	0	0	0	0	0	0	0	0	0	0	0	0	0	0.0005809664813	0.0005809664813	0.0005809664813	0.0005809664813	0.0005809664813	0.0005809664813	0.0005809664813	0.0005809664813	0.0005809664813	0	0	0	0	0	0	0	0	0	0	0	0	0	0	0	0	0	0	0	0	0	0	0	0	0	0	0	0	0	0	0	0	0	0	0	0	0	0	0	0	0	0	0	0	0	0.002315388788	0.002315388788	0.002315388788	0.002315388788	0.002315388788	0.002315388788	0.002315388788	0.002315388788	0.002315388788	0	0	0	0	0	0	0	0	0	0	0	0	0
(2,14)	0	0	0	0	0	0	0	0	0	0	0	0	0	0	0	0	0	0	0	0	0	0	0	0	0	0	0	0	0	0	0	0	0.009259435866	0.009259435866	0.009259435866	0.009259435866	0.009259435866	0.009259435866	0.009259435866	0.009259435866	0.009259435866	0	0	0	0	0	0	0	0	0	0	0	0	0	0	0	0	0	0	0	0	0	0	0	0	0	0	0	0	0	0	0	0	0	0	0	0	0	0	0	0	0	0	0	0	0	0.009259435866	0.009259435866	0.009259435866	0.009259435866	0.009259435866	0.009259435866	0.009259435866	0.009259435866	0.009259435866	0	0	0	0	0	0	0	0	0	0	0	0	0	0	0	0	0	0	0	0	0	0	0	0	0	0	0	0	0	0	0	0	0	0	0	0	0	0	0	0	0	0	0	0	0	0.002315388788	0.002315388788	0.002315388788	0.002315388788	0.002315388788	0.002315388788	0.002315388788	0.002315388788	0.002315388788	0	0	0	0	0	0	0	0	0	0	0	0	0	0	0	0	0	0	0	0	0	0	0	0	0	0	0	0	0	0	0	0	0	0	0	0	0	0	0	0	0	0	0	0	0	0.0005809664813	0.0005809664813	0.0005809664813	0.0005809664813	0.0005809664813	0.0005809664813	0.0005809664813	0.0005809664813	0.0005809664813	0	0	0	0	0	0	0	0	0	0	0	0	0	0	0	0	0	0	0	0	0	0	0	0	0	0	0	0	0	0	0	0	0	0	0	0	0	0	0	0	0	0	0	0	0	0.0001537187577	0.0001537187577	0.0001537187577	0.0001537187577	0.0001537187577	0.0001537187577	0.0001537187577	0.0001537187577	0.0001537187577	0	0	0	0	0	0	0	0	0	0	0	0	0	0	0	0	0	0	0	0	0	0	0	0	0	0	0	0	0	0	0	0	0	0	0	0	0	0	0	0	0	0	0	0	0	7.233823891e-05	7.233823891e-05	7.233823891e-05	7.233823891e-05	7.233823891e-05	7.233823891e-05	7.233823891e-05	7.233823891e-05	7.233823891e-05	0	0	0	0	0	0	0	0	0	0	0	0	0	0	0	0	0	0	0	0	0	0	0	0	0	0	0	0	0	0	0	0	0	0	0	0	0	0	0	0	0	0	0	0	0	0.0001537187577	0.0001537187577	0.0001537187577	0.0001537187577	0.0001537187577	0.0001537187577	0.0001537187577	0.0001537187577	0.0001537187577	0	0	0	0	0	0	0	0	0	0	0	0	0	0	0	0	0	0	0	0	0	0	0	0	0	0	0	0	0	0	0	0	0	0	0	0	0	0	0	0	0	0	0	0	0	0.0005809664813	0.0005809664813	0.0005809664813	0.0005809664813	0.0005809664813	0.0005809664813	0.0005809664813	0.0005809664813	0.0005809664813	0	0	0	0	0	0	0	0	0	0	0	0	0	0	0	0	0	0	0	0	0	0	0	0	0	0	0	0	0	0	0	0	0	0	0	0	0	0	0	0	0	0	0	0	0	0.002315388788	0.002315388788	0.002315388788	0.002315388788	0.002315388788	0.002315388788	0.002315388788	0.002315388788	0.002315388788	0	0	0	0	0	0	0	0	0	0	0	0	0
(2,15)	0	0	0	0	0	0.08333873751	0	0	0	0	0	0	0	0	0	0	0	0	0	0	0	0	0	0	0	0	0	0	0	0	0	0	0	0	0	0	0	0	0	0	0	0	0	0	0	0	0	0	0	0	0	0	0	0	0	0	0	0	0	0	0.05555597941	0.05555597941	0	0.05555597941	0.05555597941	0	0.05555597941	0.05555597941	0	0	0	0	0	0	0	0	0	0	0	0	0	0	0	0	0	0	0	0	0	0	0	0	0	0	0	0	0	0	0	0	0	0	0	0	0	0	0	0	0	0	0	0	0	0	0.01388978958	0.01388978958	0	0.01388978958	0.01388978958	0	0.01388978958	0.01388978958	0	0	0	0	0	0	0	0	0	0	0	0	0	0	0	0	0	0	0	0	0	0	0	0	0	0	0	0	0	0	0	0	0	0	0	0	0	0	0	0	0	0	0	0	0	0	0	0	0.01042687897	0	0	0.01042687897	0	0	0	0	0	0	0	0	0	0	0	0	0	0	0	0	0	0	0	0	0	0	0	0	0	0	0	0	0	0	0	0	0	0	0	0	0	0	0	0	0	0	0	0	0	0	0	0	0.0008816222867	0.0008816222867	0	0.0008816222867	0.0008816222867	0	0.0008816222867	0.0008816222867	0	0	0	0	0	0	0	0	0	0	0	0	0	0	0	0	0	0	0	0	0	0	0	0	0	0	0	0	0	0	0	0	0	0	0	0	0	0	0	0	0	0	0	0	0	0	0.0002712683959	0.0002712683959	0	0.0002712683959	0.0002712683959	0	0.0002712683959	0.0002712683959	0	0	0	0	0	0	0	0	0	0	0	0	0	0	0	0	0	0	0	0	0	0	0	0	0	0	0	0	0	0	0	0	0	0	0	0	0	0	0	0	0	0	0	0	0	0	0	0	0.0008138051878	0	0	0.0008138051878	0	0	0	0	0	0	0	0	0	0	0	0	0	0	0	0	0	0	0	0	0	0	0	0	0	0	0	0	0	0	0	0	0	0	0	0	0	0	0	0	0	0	0	0	0	0	0	0	0.0008816222867	0.0008816222867	0	0.0008816222867	0.0008816222867	0	0.0008816222867	0.0008816222867	0	0	0	0	0	0	0	0	0	0	0	0	0	0	0	0	0	0	0	0	0	0	0	0	0	0	0	0	0	0	0	0	0	0	0	0	0	0	0	0	0	0	0	0	0	0	0.003475626323	0.003475626323	0	0.003475626323	0.003475626323	0	0.003475626323	0.003475626323	0	0	0	0	0	0	0	0	0	0	0	0	0	0	0	0	0	0	0	0	0	0	0	0	0	0	0	0	0	0	0	0	0	0	0	0	0	0	0	0
(2,16)	0	0	0	0	0	0	0	0	0	0	0	0	0	0	0	0	0	0	0	0	0	0	0	0	0	0	0	0	0	0	0	0	0	0.009259435866	0.009259435866	0.009259435866	0.009259435866	0.009259435866	0.009259435866	0.009259435866	0.009259435866	0.009259435866	0	0	0	0	0	0	0	0	0	0	0	0	0	0	0	0	0	0	0	0	0	0	0	0	0	0	0	0	0	0	0	0	0	0	0	0	0	0	0	0	0	0	0	0	0	0.009259435866	0.009259435866	0.009259435866	0.009259435866	0.009259435866	0.009259435866	0.009259435866	0.009259435866	0.009259435866	0	0	0	0	0	0	0	0	0	0	0	0	0	0	0	0	0	0	0	0	0	0	0	0	0	0	0	0	0	0	0	0	0	0	0	0	0	0	0	0	0	0	0	0	0	0.002315388788	0.002315388788	0.002315388788	0.002315388788	0.002315388788	0.002315388788	0.002315388788	0.002315388788	0.002315388788	0	0	0	0	0	0	0	0	0	0	0	0	0	0	0	0	0	0	0	0	0	0	0	0	0	0	0	0	0	0	0	0	0	0	0	0	0	0	0	0	0	0	0	0	0	0.0005809664813	0.0005809664813	0.0005809664813	0.0005809664813	0.0005809664813	0.0005809664813	0.0005809664813	0.0005809664813	0.0005809664813	0	0	0	0	0	0	0	0	0	0	0	0	0	0	0	0	0	0	0	0	0	0	0	0	0	0	0	0	0	0	0	0	0	0	0	0	0	0	0	0	0	0	0	0	0	0.0001537187577	0.0001537187577	0.0001537187577	0.0001537187577	0.0001537187577	0.0001537187577	0.0001537187577	0.0001537187577	0.0001537187577	0	0	0	0	0	0	0	0	0	0	0	0	0	0	0	0	0	0	0	0	0	0	0	0	0	0	0	0	0	0	0	0	0	0	0	0	0	0	0	0	0	0	0	0	0	7.233823891e-05	7.233823891e-05	7.233823891e-05	7.233823891e-05	7.233823891e-05	7.233823891e-05	7.233823891e-05	7.233823891e-05	7.233823891e-05	0	0	0	0	0	0	0	0	0	0	0	0	0	0	0	0	0	0	0	0	0	0	0	0	0	0	0	0	0	0	0	0	0	0	0	0	0	0	0	0	0	0	0	0	0	0.0001537187577	0.0001537187577	0.0001537187577	0.0001537187577	0.0001537187577	0.0001537187577	0.0001537187577	0.0001537187577	0.0001537187577	0	0	0	0	0	0	0	0	0	0	0	0	0	0	0	0	0	0	0	0	0	0	0	0	0	0	0	0	0	0	0	0	0	0	0	0	0	0	0	0	0	0	0	0	0	0.0005809664813	0.0005809664813	0.0005809664813	0.0005809664813	0.0005809664813	0.0005809664813	0.0005809664813	0.0005809664813	0.0005809664813	0	0	0	0	0	0	0	0	0	0	0	0	0	0	0	0	0	0	0	0	0	0	0	0	0	0	0	0	0	0	0	0	0	0	0	0	0	0	0	0	0	0	0	0	0	0.002315388788	0.002315388788	0.002315388788	0.002315388788	0.002315388788	0.002315388788	0.002315388788	0.002315388788	0.002315388788	0	0	0	0	0	0	0	0	0	0	0	0
(2,17)	0	0	0	0	0	0	0	0	0	0	0	0	0	0	0	0	0	0	0	0	0	0	0	0	0	0	0	0	0	0	0	0	0	0.009259435866	0.009259435866	0.009259435866	0.009259435866	0.009259435866	0.009259435866	0.009259435866	0.009259435866	0.009259435866	0	0	0	0	0	0	0	0	0	0	0	0	0	0	0	0	0	0	0	0	0	0	0	0	0	0	0	0	0	0	0	0	0	0	0	0	0	0	0	0	0	0	0	0	0	0.009259435866	0.009259435866	0.009259435866	0.009259435866	0.009259435866	0.009259435866	0.009259435866	0.009259435866	0.009259435866	0	0	0	0	0	0	0	0	0	0	0	0	0	0	0	0	0	0	0	0	0	0	0	0	0	0	0	0	0	0	0	0	0	0	0	0	0	0	0	0	0	0	0	0	0	0.002315388788	0.002315388788	0.002315388788	0.002315388788	0.002315388788	0.002315388788	0.002315388788	0.002315388788	0.002315388788	0	0	0	0	0	0	0	0	0	0	0	0	0	0	0	0	0	0	0	0	0	0	0	0	0	0	0	0	0	0	0	0	0	0	0	0	0	0	0	0	0	0	0	0	0	0.0005809664813	0.0005809664813	0.0005809664813	0.0005809664813	0.0005809664813	0.0005809664813	0.0005809664813	0.0005809664813	0.0005809664813	0	0	0	0	0	0	0	0	0	0	0	0	0	0	0	0	0	0	0	0	0	0	0	0	0	0	0	0	0	0	0	0	0	0	0	0	0	0	0	0	0	0	0	0	0	0.0001537187577	0.0001537187577	0.0001537187577	0.0001537187577	0.0001537187577	0.0001537187577	0.0001537187577	0.0001537187577	0.0001537187577	0	0	0	0	0	0	0	0	0	0	0	0	0	0	0	0	0	0	0	0	0	0	0	0	0	0	0	0	0	0	0	0	0	0	0	0	0	0	0	0	0	0	0	0	0	7.233823891e-05	7.233823891e-05	7.233823891e-05	7.233823891e-05	7.233823891e-05	7.233823891e-05	7.233823891e-05	7.233823891e-05	7.233823891e-05	0	0	0	0	0	0	0	0	0	0	0	0	0	0	0	0	0	0	0	0	0	0	0	0	0	0	0	0	0	0	0	0	0	0	0	0	0	0	0	0	0	0	0	0	0	0.0001537187577	0.0001537187577	0.0001537187577	0.0001537187577	0.0001537187577	0.0001537187577	0.0001537187577	0.0001537187577	0.0001537187577	0	0	0	0	0	0	0	0	0	0	0	0	0	0	0	0	0	0	0	0	0	0	0	0	0	0	0	0	0	0	0	0	0	0	0	0	0	0	0	0	0	0	0	0	0	0.0005809664813	0.0005809664813	0.0005809664813	0.0005809664813	0.0005809664813	0.0005809664813	0.0005809664813	0.0005809664813	0.0005809664813	0	0	0	0	0	0	0	0	0	0	0	0	0	0	0	0	0	0	0	0	0	0	0	0	0	0	0	0	0	0	0	0	0	0	0	0	0	0	0	0	0	0	0	0	0	0.002315388788	0.002315388788	0.002315388788	0.002315388788	0.002315388788	0.002315388788	0.002315388788	0.002315388788	0.002315388788	0	0	0	0	0	0	0	0	0	0	0	0
(2,18)	0	0	0	0	0	0	0.08333873751	0	0	0	0	0	0	0	0	0	0	0	0	0	0	0	0	0	0	0	0	0	0	0	0	0	0	0	0	0	0	0	0	0	0	0	0	0	0	0	0	0	0	0	0	0	0	0	0	0	0	0	0	0	0	0.05555597941	0.05555597941	0	0.05555597941	0.05555597941	0	0.05555597941	0.05555597941	0	0	0	0	0	0	0	0	0	0	0	0	0	0	0	0	0	0	0	0	0	0	0	0	0	0	0	0	0	0	0	0	0	0	0	0	0	0	0	0	0	0	0	0	0	0	0.01388978958	0.01388978958	0	0.01388978958	0.01388978958	0	0.01388978958	0.01388978958	0	0	0	0	0	0	0	0	0	0	0	0	0	0	0	0	0	0	0	0	0	0	0	0	0	0	0	0	0	0	0	0	0	0	0	0	0	0	0	0	0	0	0	0	0	0	0	0	0.01042687897	0	0	0.01042687897	0	0	0	0	0	0	0	0	0	0	0	0	0	0	0	0	0	0	0	0	0	0	0	0	0	0	0	0	0	0	0	0	0	0	0	0	0	0	0	0	0	0	0	0	0	0	0	0	0.0008816222867	0.0008816222867	0	0.0008816222867	0.0008816222867	0	0.0008816222867	0.0008816222867	0	0	0	0	0	0	0	0	0	0	0	0	0	0	0	0	0	0	0	0	0	0	0	0	0	0	0	0	0	0	0	0	0	0	0	0	0	0	0	0	0	0	0	0	0	0	0.0002712683959	0.0002712683959	0	0.0002712683959	0.0002712683959	0	0.0002712683959	0.0002712683959	0	0	0	0	0	0	0	0	0	0	0	0	0	0	0	0	0	0	0	0	0	0	0	0	0	0	0	0	0	0	0	0	0	0	0	0	0	0	0	0	0	0	0	0	0	0	0	0	0.0008138051878	0	0	0.0008138051878	0	0	0	0	0	0	0	0	0	0	0	0	0	0	0	0	0	0	0	0	0	0	0	0	0	0	0	0	0	0	0	0	0	0	0	0	0	0	0	0	0	0	0	0	0	0	0	0	0.0008816222867	0.0008816222867	0	0.0008816222867	0.0008816222867	0	0.0008816222867	0.0008816222867	0	0	0	0	0	0	0	0	0	0	0	0	0	0	0	0	0	0	0	0	0	0	0	0	0	0	0	0	0	0	0	0	0	0	0	0	0	0	0	0	0	0	0	0	0	0	0.003475626323	0.003475626323	0	0.003475626323	0.003475626323	0	0.003475626323	0.003475626323	0	0	0	0	0	0	0	0	0	0	0	0	0	0	0	0	0	0	0	0	0	0	0	0	0	0	0	0	0	0	0	0	0	0	0	0	0	0	0
(2,19)	0	0	0	0	0	0	0	0	0	0	0	0	0	0	0	0	0	0	0	0	0	0	0	0	0	0	0	0	0	0	0	0	0	0	0.009259435866	0.009259435866	0.009259435866	0.009259435866	0.009259435866	0.009259435866	0.009259435866	0.009259435866	0.009259435866	0	0	0	0	0	0	0	0	0	0	0	0	0	0	0	0	0	0	0	0	0	0	0	0	0	0	0	0	0	0	0	0	0	0	0	0	0	0	0	0	0	0	0	0	0	0.009259435866	0.009259435866	0.009259435866	0.009259435866	0.009259435866	0.009259435866	0.009259435866	0.009259435866	0.009259435866	0	0	0	0	0	0	0	0	0	0	0	0	0	0	0	0	0	0	0	0	0	0	0	0	0	0	0	0	0	0	0	0	0	0	0	0	0	0	0	0	0	0	0	0	0	0.002315388788	0.002315388788	0.002315388788	0.002315388788	0.002315388788	0.002315388788	0.002315388788	0.002315388788	0.002315388788	0	0	0	0	0	0	0	0	0	0	0	0	0	0	0	0	0	0	0	0	0	0	0	0	0	0	0	0	0	0	0	0	0	0	0	0	0	0	0	0	0	0	0	0	0	0.0005809664813	0.0005809664813	0.0005809664813	0.0005809664813	0.0005809664813	0.0005809664813	0.0005809664813	0.0005809664813	0.0005809664813	0	0	0	0	0	0	0	0	0	0	0	0	0	0	0	0	0	0	0	0	0	0	0	0	0	0	0	0	0	0	0	0	0	0	0	0	0	0	0	0	0	0	0	0	0	0.0001537187577	0.0001537187577	0.0001537187577	0.0001537187577	0.0001537187577	0.0001537187577	0.0001537187577	0.0001537187577	0.0001537187577	0	0	0	0	0	0	0	0	0	0	0	0	0	0	0	0	0	0	0	0	0	0	0	0	0	0	0	0	0	0	0	0	0	0	0	0	0	0	0	0	0	0	0	0	0	7.233823891e-05	7.233823891e-05	7.233823891e-05	7.233823891e-05	7.233823891e-05	7.233823891e-05	7.233823891e-05	7.233823891e-05	7.233823891e-05	0	0	0	0	0	0	0	0	0	0	0	0	0	0	0	0	0	0	0	0	0	0	0	0	0	0	0	0	0	0	0	0	0	0	0	0	0	0	0	0	0	0	0	0	0	0.0001537187577	0.0001537187577	0.0001537187577	0.0001537187577	0.0001537187577	0.0001537187577	0.0001537187577	0.0001537187577	0.0001537187577	0	0	0	0	0	0	0	0	0	0	0	0	0	0	0	0	0	0	0	0	0	0	0	0	0	0	0	0	0	0	0	0	0	0	0	0	0	0	0	0	0	0	0	0	0	0.0005809664813	0.0005809664813	0.0005809664813	0.0005809664813	0.0005809664813	0.0005809664813	0.0005809664813	0.0005809664813	0.0005809664813	0	0	0	0	0	0	0	0	0	0	0	0	0	0	0	0	0	0	0	0	0	0	0	0	0	0	0	0	0	0	0	0	0	0	0	0	0	0	0	0	0	0	0	0	0	0.002315388788	0.002315388788	0.002315388788	0.002315388788	0.002315388788	0.002315388788	0.002315388788	0.002315388788	0.002315388788	0	0	0	0	0	0	0	0	0	0	0
(2,20)	0	0	0	0	0	0	0	0	0	0	0	0	0	0	0	0	0	0	0	0	0	0	0	0	0	0	0	0	0	0	0	0	0	0	0.009259435866	0.009259435866	0.009259435866	0.009259435866	0.009259435866	0.009259435866	0.009259435866	0.009259435866	0.009259435866	0	0	0	0	0	0	0	0	0	0	0	0	0	0	0	0	0	0	0	0	0	0	0	0	0	0	0	0	0	0	0	0	0	0	0	0	0	0	0	0	0	0	0	0	0	0.009259435866	0.009259435866	0.009259435866	0.009259435866	0.009259435866	0.009259435866	0.009259435866	0.009259435866	0.009259435866	0	0	0	0	0	0	0	0	0	0	0	0	0	0	0	0	0	0	0	0	0	0	0	0	0	0	0	0	0	0	0	0	0	0	0	0	0	0	0	0	0	0	0	0	0	0.002315388788	0.002315388788	0.002315388788	0.002315388788	0.002315388788	0.002315388788	0.002315388788	0.002315388788	0.002315388788	0	0	0	0	0	0	0	0	0	0	0	0	0	0	0	0	0	0	0	0	0	0	0	0	0	0	0	0	0	0	0	0	0	0	0	0	0	0	0	0	0	0	0	0	0	0.0005809664813	0.0005809664813	0.0005809664813	0.0005809664813	0.0005809664813	0.0005809664813	0.0005809664813	0.0005809664813	0.0005809664813	0	0	0	0	0	0	0	0	0	0	0	0	0	0	0	0	0	0	0	0	0	0	0	0	0	0	0	0	0	0	0	0	0	0	0	0	0	0	0	0	0	0	0	0	0	0.0001537187577	0.0001537187577	0.0001537187577	0.0001537187577	0.0001537187577	0.0001537187577	0.0001537187577	0.0001537187577	0.0001537187577	0	0	0	0	0	0	0	0	0	0	0	0	0	0	0	0	0	0	0	0	0	0	0	0	0	0	0	0	0	0	0	0	0	0	0	0	0	0	0	0	0	0	0	0	0	7.233823891e-05	7.233823891e-05	7.233823891e-05	7.233823891e-05	7.233823891e-05	7.233823891e-05	7.233823891e-05	7.233823891e-05	7.233823891e-05	0	0	0	0	0	0	0	0	0	0	0	0	0	0	0	0	0	0	0	0	0	0	0	0	0	0	0	0	0	0	0	0	0	0	0	0	0	0	0	0	0	0	0	0	0	0.0001537187577	0.0001537187577	0.0001537187577	0.0001537187577	0.0001537187577	0.0001537187577	0.0001537187577	0.0001537187577	0.0001537187577	0	0	0	0	0	0	0	0	0	0	0	0	0	0	0	0	0	0	0	0	0	0	0	0	0	0	0	0	0	0	0	0	0	0	0	0	0	0	0	0	0	0	0	0	0	0.0005809664813	0.0005809664813	0.0005809664813	0.0005809664813	0.0005809664813	0.0005809664813	0.0005809664813	0.0005809664813	0.0005809664813	0	0	0	0	0	0	0	0	0	0	0	0	0	0	0	0	0	0	0	0	0	0	0	0	0	0	0	0	0	0	0	0	0	0	0	0	0	0	0	0	0	0	0	0	0	0.002315388788	0.002315388788	0.002315388788	0.002315388788	0.002315388788	0.002315388788	0.002315388788	0.002315388788	0.002315388788	0	0	0	0	0	0	0	0	0	0	0
(2,21)	0	0	0	0	0	0	0	0.08333873751	0	0	0	0	0	0	0	0	0	0	0	0	0	0	0	0	0	0	0	0	0	0	0	0	0	0	0	0	0	0	0	0	0	0	0	0	0	0	0	0	0	0	0	0	0	0	0	0	0	0	0	0	0	0	0.05555597941	0.05555597941	0	0.05555597941	0.05555597941	0	0.05555597941	0.05555597941	0	0	0	0	0	0	0	0	0	0	0	0	0	0	0	0	0	0	0	0	0	0	0	0	0	0	0	0	0	0	0	0	0	0	0	0	0	0	0	0	0	0	0	0	0	0	0.01388978958	0.01388978958	0	0.01388978958	0.01388978958	0	0.01388978958	0.01388978958	0	0	0	0	0	0	0	0	0	0	0	0	0	0	0	0	0	0	0	0	0	0	0	0	0	0	0	0	0	0	0	0	0	0	0	0	0	0	0	0	0	0	0	0	0	0	0	0	0.01042687897	0	0	0.01042687897	0	0	0	0	0	0	0	0	0	0	0	0	0	0	0	0	0	0	0	0	0	0	0	0	0	0	0	0	0	0	0	0	0	0	0	0	0	0	0	0	0	0	0	0	0	0	0	0	0.0008816222867	0.0008816222867	0	0.0008816222867	0.0008816222867	0	0.0008816222867	0.0008816222867	0	0	0	0	0	0	0	0	0	0	0	0	0	0	0	0	0	0	0	0	0	0	0	0	0	0	0	0	0	0	0	0	0	0	0	0	0	0	0	0	0	0	0	0	0	0	0.0002712683959	0.0002712683959	0	0.0002712683959	0.0002712683959	0	0.0002712683959	0.0002712683959	0	0	0	0	0	0	0	0	0	0	0	0	0	0	0	0	0	0	0	0	0	0	0	0	0	0	0	0	0	0	0	0	0	0	0	0	0	0	0	0	0	0	0	0	0	0	0	0	0.0008138051878	0	0	0.0008138051878	0	0	0	0	0	0	0	0	0	0	0	0	0	0	0	0	0	0	0	0	0	0	0	0	0	0	0	0	0	0	0	0	0	0	0	0	0	0	0	0	0	0	0	0	0	0	0	0	0.0008816222867	0.0008816222867	0	0.0008816222867	0.0008816222867	0	0.0008816222867	0.0008816222867	0	0	0	0	0	0	0	0	0	0	0	0	0	0	0	0	0	0	0	0	0	0	0	0	0	0	0	0	0	0	0	0	0	0	0	0	0	0	0	0	0	0	0	0	0	0	0.003475626323	0.003475626323	0	0.003475626323	0.003475626323	0	0.003475626323	0.003475626323	0	0	0	0	0	0	0	0	0	0	0	0	0	0	0	0	0	0	0	0	0	0	0	0	0	0	0	0	0	0	0	0	0	0	0	0	0	0
(2,22)	0	0	0	0	0	0	0	0	0	0	0	0	0	0	0	0	0	0	0	0	0	0	0	0	0	0	0	0	0	0	0	0	0	0	0	0.009259435866	0.009259435866	0.009259435866	0.009259435866	0.009259435866	0.009259435866	0.009259435866	0.009259435866	0.009259435866	0	0	0	0	0	0	0	0	0	0	0	0	0	0	0	0	0	0	0	0	0	0	0	0	0	0	0	0	0	0	0	0	0	0	0	0	0	0	0	0	0	0	0	0	0	0.009259435866	0.009259435866	0.009259435866	0.009259435866	0.009259435866	0.009259435866	0.009259435866	0.009259435866	0.009259435866	0	0	0	0	0	0	0	0	0	0	0	0	0	0	0	0	0	0	0	0	0	0	0	0	0	0	0	0	0	0	0	0	0	0	0	0	0	0	0	0	0	0	0	0	0	0.002315388788	0.002315388788	0.002315388788	0.002315388788	0.002315388788	0.002315388788	0.002315388788	0.002315388788	0.002315388788	0	0	0	0	0	0	0	0	0	0	0	0	0	0	0	0	0	0	0	0	0	0	0	0	0	0	0	0	0	0	0	0	0	0	0	0	0	0	0	0	0	0	0	0	0	0.0005809664813	0.0005809664813	0.0005809664813	0.0005809664813	0.0005809664813	0.0005809664813	0.0005809664813	0.0005809664813	0.0005809664813	0	0	0	0	0	0	0	0	0	0	0	0	0	0	0	0	0	0	0	0	0	0	0	0	0	0	0	0	0	0	0	0	0	0	0	0	0	0	0	0	0	0	0	0	0	0.0001537187577	0.0001537187577	0.0001537187577	0.0001537187577	0.0001537187577	0.0001537187577	0.0001537187577	0.0001537187577	0.0001537187577	0	0	0	0	0	0	0	0	0	0	0	0	0	0	0	0	0	0	0	0	0	0	0	0	0	0	0	0	0	0	0	0	0	0	0	0	0	0	0	0	0	0	0	0	0	7.233823891e-05	7.233823891e-05	7.233823891e-05	7.233823891e-05	7.233823891e-05	7.233823891e-05	7.233823891e-05	7.233823891e-05	7.233823891e-05	0	0	0	0	0	0	0	0	0	0	0	0	0	0	0	0	0	0	0	0	0	0	0	0	0	0	0	0	0	0	0	0	0	0	0	0	0	0	0	0	0	0	0	0	0	0.0001537187577	0.0001537187577	0.0001537187577	0.0001537187577	0.0001537187577	0.0001537187577	0.0001537187577	0.0001537187577	0.0001537187577	0	0	0	0	0	0	0	0	0	0	0	0	0	0	0	0	0	0	0	0	0	0	0	0	0	0	0	0	0	0	0	0	0	0	0	0	0	0	0	0	0	0	0	0	0	0.0005809664813	0.0005809664813	0.0005809664813	0.0005809664813	0.0005809664813	0.0005809664813	0.0005809664813	0.0005809664813	0.0005809664813	0	0	0	0	0	0	0	0	0	0	0	0	0	0	0	0	0	0	0	0	0	0	0	0	0	0	0	0	0	0	0	0	0	0	0	0	0	0	0	0	0	0	0	0	0	0.002315388788	0.002315388788	0.002315388788	0.002315388788	0.002315388788	0.002315388788	0.002315388788	0.002315388788	0.002315388788	0	0	0	0	0	0	0	0	0	0
(2,23)	0	0	0	0	0	0	0	0	0	0	0	0	0	0	0	0	0	0	0	0	0	0	0	0	0	0	0	0	0	0	0	0	0	0	0	0.009259435866	0.009259435866	0.009259435866	0.009259435866	0.009259435866	0.009259435866	0.009259435866	0.009259435866	0.009259435866	0	0	0	0	0	0	0	0	0	0	0	0	0	0	0	0	0	0	0	0	0	0	0	0	0	0	0	0	0	0	0	0	0	0	0	0	0	0	0	0	0	0	0	0	0	0.009259435866	0.009259435866	0.009259435866	0.009259435866	0.009259435866	0.009259435866	0.009259435866	0.009259435866	0.009259435866	0	0	0	0	0	0	0	0	0	0	0	0	0	0	0	0	0	0	0	0	0	0	0	0	0	0	0	0	0	0	0	0	0	0	0	0	0	0	0	0	0	0	0	0	0	0.002315388788	0.002315388788	0.002315388788	0.002315388788	0.002315388788	0.002315388788	0.002315388788	0.002315388788	0.002315388788	0	0	0	0	0	0	0	0	0	0	0	0	0	0	0	0	0	0	0	0	0	0	0	0	0	0	0	0	0	0	0	0	0	0	0	0	0	0	0	0	0	0	0	0	0	0.0005809664813	0.0005809664813	0.0005809664813	0.0005809664813	0.0005809664813	0.0005809664813	0.0005809664813	0.0005809664813	0.0005809664813	0	0	0	0	0	0	0	0	0	0	0	0	0	0	0	0	0	0	0	0	0	0	0	0	0	0	0	0	0	0	0	0	0	0	0	0	0	0	0	0	0	0	0	0	0	0.0001537187577	0.0001537187577	0.0001537187577	0.0001537187577	0.0001537187577	0.0001537187577	0.0001537187577	0.0001537187577	0.0001537187577	0	0	0	0	0	0	0	0	0	0	0	0	0	0	0	0	0	0	0	0	0	0	0	0	0	0	0	0	0	0	0	0	0	0	0	0	0	0	0	0	0	0	0	0	0	7.233823891e-05	7.233823891e-05	7.233823891e-05	7.233823891e-05	7.233823891e-05	7.233823891e-05	7.233823891e-05	7.233823891e-05	7.233823891e-05	0	0	0	0	0	0	0	0	0	0	0	0	0	0	0	0	0	0	0	0	0	0	0	0	0	0	0	0	0	0	0	0	0	0	0	0	0	0	0	0	0	0	0	0	0	0.0001537187577	0.0001537187577	0.0001537187577	0.0001537187577	0.0001537187577	0.0001537187577	0.0001537187577	0.0001537187577	0.0001537187577	0	0	0	0	0	0	0	0	0	0	0	0	0	0	0	0	0	0	0	0	0	0	0	0	0	0	0	0	0	0	0	0	0	0	0	0	0	0	0	0	0	0	0	0	0	0.0005809664813	0.0005809664813	0.0005809664813	0.0005809664813	0.0005809664813	0.0005809664813	0.0005809664813	0.0005809664813	0.0005809664813	0	0	0	0	0	0	0	0	0	0	0	0	0	0	0	0	0	0	0	0	0	0	0	0	0	0	0	0	0	0	0	0	0	0	0	0	0	0	0	0	0	0	0	0	0	0.002315388788	0.002315388788	0.002315388788	0.002315388788	0.002315388788	0.002315388788	0.002315388788	0.002315388788	0.002315388788	0	0	0	0	0	0	0	0	0	0
(2,24)	0	0	0	0	0	0	0	0	0.08333873751	0	0	0	0	0	0	0	0	0	0	0	0	0	0	0	0	0	0	0	0	0	0	0	0	0	0	0	0	0	0	0	0	0	0	0	0	0	0	0	0	0	0	0	0	0	0	0	0	0	0	0	0	0	0	0.05555597941	0.05555597941	0	0.05555597941	0.05555597941	0	0.05555597941	0.05555597941	0	0	0	0	0	0	0	0	0	0	0	0	0	0	0	0	0	0	0	0	0	0	0	0	0	0	0	0	0	0	0	0	0	0	0	0	0	0	0	0	0	0	0	0	0	0	0.01388978958	0.01388978958	0	0.01388978958	0.01388978958	0	0.01388978958	0.01388978958	0	0	0	0	0	0	0	0	0	0	0	0	0	0	0	0	0	0	0	0	0	0	0	0	0	0	0	0	0	0	0	0	0	0	0	0	0	0	0	0	0	0	0	0	0	0	0	0	0.01042687897	0	0	0.01042687897	0	0	0	0	0	0	0	0	0	0	0	0	0	0	0	0	0	0	0	0	0	0	0	0	0	0	0	0	0	0	0	0	0	0	0	0	0	0	0	0	0	0	0	0	0	0	0	0	0.0008816222867	0.0008816222867	0	0.0008816222867	0.0008816222867	0	0.0008816222867	0.0008816222867	0	0	0	0	0	0	0	0	0	0	0	0	0	0	0	0	0	0	0	0	0	0	0	0	0	0	0	0	0	0	0	0	0	0	0	0	0	0	0	0	0	0	0	0	0	0	0.0002712683959	0.0002712683959	0	0.0002712683959	0.0002712683959	0	0.0002712683959	0.0002712683959	0	0	0	0	0	0	0	0	0	0	0	0	0	0	0	0	0	0	0	0	0	0	0	0	0	0	0	0	0	0	0	0	0	0	0	0	0	0	0	0	0	0	0	0	0	0	0	0	0.0008138051878	0	0	0.0008138051878	0	0	0	0	0	0	0	0	0	0	0	0	0	0	0	0	0	0	0	0	0	0	0	0	0	0	0	0	0	0	0	0	0	0	0	0	0	0	0	0	0	0	0	0	0	0	0	0	0.0008816222867	0.0008816222867	0	0.0008816222867	0.0008816222867	0	0.0008816222867	0.0008816222867	0	0	0	0	0	0	0	0	0	0	0	0	0	0	0	0	0	0	0	0	0	0	0	0	0	0	0	0	0	0	0	0	0	0	0	0	0	0	0	0	0	0	0	0	0	0	0.003475626323	0.003475626323	0	0.003475626323	0.003475626323	0	0.003475626323	0.003475626323	0	0	0	0	0	0	0	0	0	0	0	0	0	0	0	0	0	0	0	0	0	0	0	0	0	0	0	0	0	0	0	0	0	0	0	0	0
(2,25)	0	0	0	0	0	0	0	0	0	0	0	0	0	0	0	0	0	0	0	0	0	0	0	0	0	0	0	0	0	0	0	0	0	0	0	0	0.009259435866	0.009259435866	0.009259435866	0.009259435866	0.009259435866	0.009259435866	0.009259435866	0.009259435866	0.009259435866	0	0	0	0	0	0	0	0	0	0	0	0	0	0	0	0	0	0	0	0	0	0	0	0	0	0	0	0	0	0	0	0	0	0	0	0	0	0	0	0	0	0	0	0	0	0.009259435866	0.009259435866	0.009259435866	0.009259435866	0.009259435866	0.009259435866	0.009259435866	0.009259435866	0.009259435866	0	0	0	0	0	0	0	0	0	0	0	0	0	0	0	0	0	0	0	0	0	0	0	0	0	0	0	0	0	0	0	0	0	0	0	0	0	0	0	0	0	0	0	0	0	0.002315388788	0.002315388788	0.002315388788	0.002315388788	0.002315388788	0.002315388788	0.002315388788	0.002315388788	0.002315388788	0	0	0	0	0	0	0	0	0	0	0	0	0	0	0	0	0	0	0	0	0	0	0	0	0	0	0	0	0	0	0	0	0	0	0	0	0	0	0	0	0	0	0	0	0	0.0005809664813	0.0005809664813	0.0005809664813	0.0005809664813	0.0005809664813	0.0005809664813	0.0005809664813	0.0005809664813	0.0005809664813	0	0	0	0	0	0	0	0	0	0	0	0	0	0	0	0	0	0	0	0	0	0	0	0	0	0	0	0	0	0	0	0	0	0	0	0	0	0	0	0	0	0	0	0	0	0.0001537187577	0.0001537187577	0.0001537187577	0.0001537187577	0.0001537187577	0.0001537187577	0.0001537187577	0.0001537187577	0.0001537187577	0	0	0	0	0	0	0	0	0	0	0	0	0	0	0	0	0	0	0	0	0	0	0	0	0	0	0	0	0	0	0	0	0	0	0	0	0	0	0	0	0	0	0	0	0	7.233823891e-05	7.233823891e-05	7.233823891e-05	7.233823891e-05	7.233823891e-05	7.233823891e-05	7.233823891e-05	7.233823891e-05	7.233823891e-05	0	0	0	0	0	0	0	0	0	0	0	0	0	0	0	0	0	0	0	0	0	0	0	0	0	0	0	0	0	0	0	0	0	0	0	0	0	0	0	0	0	0	0	0	0	0.0001537187577	0.0001537187577	0.0001537187577	0.0001537187577	0.0001537187577	0.0001537187577	0.0001537187577	0.0001537187577	0.0001537187577	0	0	0	0	0	0	0	0	0	0	0	0	0	0	0	0	0	0	0	0	0	0	0	0	0	0	0	0	0	0	0	0	0	0	0	0	0	0	0	0	0	0	0	0	0	0.0005809664813	0.0005809664813	0.0005809664813	0.0005809664813	0.0005809664813	0.0005809664813	0.0005809664813	0.0005809664813	0.0005809664813	0	0	0	0	0	0	0	0	0	0	0	0	0	0	0	0	0	0	0	0	0	0	0	0	0	0	0	0	0	0	0	0	0	0	0	0	0	0	0	0	0	0	0	0	0	0.002315388788	0.002315388788	0.002315388788	0.002315388788	0.002315388788	0.002315388788	0.002315388788	0.002315388788	0.002315388788	0	0	0	0	0	0	0	0	0
(2,26)	0	0	0	0	0	0	0	0	0	0	0	0	0	0	0	0	0	0	0	0	0	0	0	0	0	0	0	0	0	0	0	0	0	0	0	0	0.009259435866	0.009259435866	0.009259435866	0.009259435866	0.009259435866	0.009259435866	0.009259435866	0.009259435866	0.009259435866	0	0	0	0	0	0	0	0	0	0	0	0	0	0	0	0	0	0	0	0	0	0	0	0	0	0	0	0	0	0	0	0	0	0	0	0	0	0	0	0	0	0	0	0	0	0.009259435866	0.009259435866	0.009259435866	0.009259435866	0.009259435866	0.009259435866	0.009259435866	0.009259435866	0.009259435866	0	0	0	0	0	0	0	0	0	0	0	0	0	0	0	0	0	0	0	0	0	0	0	0	0	0	0	0	0	0	0	0	0	0	0	0	0	0	0	0	0	0	0	0	0	0.002315388788	0.002315388788	0.002315388788	0.002315388788	0.002315388788	0.002315388788	0.002315388788	0.002315388788	0.002315388788	0	0	0	0	0	0	0	0	0	0	0	0	0	0	0	0	0	0	0	0	0	0	0	0	0	0	0	0	0	0	0	0	0	0	0	0	0	0	0	0	0	0	0	0	0	0.0005809664813	0.0005809664813	0.0005809664813	0.0005809664813	0.0005809664813	0.0005809664813	0.0005809664813	0.0005809664813	0.0005809664813	0	0	0	0	0	0	0	0	0	0	0	0	0	0	0	0	0	0	0	0	0	0	0	0	0	0	0	0	0	0	0	0	0	0	0	0	0	0	0	0	0	0	0	0	0	0.0001537187577	0.0001537187577	0.0001537187577	0.0001537187577	0.0001537187577	0.0001537187577	0.0001537187577	0.0001537187577	0.0001537187577	0	0	0	0	0	0	0	0	0	0	0	0	0	0	0	0	0	0	0	0	0	0	0	0	0	0	0	0	0	0	0	0	0	0	0	0	0	0	0	0	0	0	0	0	0	7.233823891e-05	7.233823891e-05	7.233823891e-05	7.233823891e-05	7.233823891e-05	7.233823891e-05	7.233823891e-05	7.233823891e-05	7.233823891e-05	0	0	0	0	0	0	0	0	0	0	0	0	0	0	0	0	0	0	0	0	0	0	0	0	0	0	0	0	0	0	0	0	0	0	0	0	0	0	0	0	0	0	0	0	0	0.0001537187577	0.0001537187577	0.0001537187577	0.0001537187577	0.0001537187577	0.0001537187577	0.0001537187577	0.0001537187577	0.0001537187577	0	0	0	0	0	0	0	0	0	0	0	0	0	0	0	0	0	0	0	0	0	0	0	0	0	0	0	0	0	0	0	0	0	0	0	0	0	0	0	0	0	0	0	0	0	0.0005809664813	0.0005809664813	0.0005809664813	0.0005809664813	0.0005809664813	0.0005809664813	0.0005809664813	0.0005809664813	0.0005809664813	0	0	0	0	0	0	0	0	0	0	0	0	0	0	0	0	0	0	0	0	0	0	0	0	0	0	0	0	0	0	0	0	0	0	0	0	0	0	0	0	0	0	0	0	0	0.002315388788	0.002315388788	0.002315388788	0.002315388788	0.002315388788	0.002315388788	0.002315388788	0.002315388788	0.002315388788	0	0	0	0	0	0	0	0	0
(3,0)	0.04167699818	0	0	0	0	0	0	0	0	0	0	0	0	0	0	0	0	0	0	0	0	0	0	0	0	0	0	0	0	0	0	0	0	0	0	0	0	0	0	0	0	0	0	0	0	0	0	0	0	0	0	0	0	0	0	0.0277783076	0.0277783076	0	0.0277783076	0.0277783076	0	0.0277783076	0.0277783076	0	0	0	0	0	0	0	0	0	0	0	0	0	0	0	0	0	0	0	0	0	0	0	0	0	0	0	0	0	0	0	0	0	0	0	0	0	0	0	0	0	0	0	0	0	0	0.0277783076	0.0277783076	0	0.0277783076	0.0277783076	0	0.0277783076	0.0277783076	0	0	0	0	0	0	0	0	0	0	0	0	0	0	0	0	0	0	0	0	0	0	0	0	0	0	0	0	0	0	0	0	0	0	0	0	0	0	0	0	0	0	0	0	0	0	0	0	0.02083849909	0	0	0.02083849909	0	0	0	0	0	0	0	0	0	0	0	0	0	0	0	0	0	0	0	0	0	0	0	0	0	0	0	0	0	0	0	0	0	0	0	0	0	0	0	0	0	0	0	0	0	0	0	0	0.001742899444	0.001742899444	0	0.001742899444	0.001742899444	0	0.001742899444	0.001742899444	0	0	0	0	0	0	0	0	0	0	0	0	0	0	0	0	0	0	0	0	0	0	0	0	0	0	0	0	0	0	0	0	0	0	0	0	0	0	0	0	0	0	0	0	0	0	0.0004611562731	0.0004611562731	0	0.0004611562731	0.0004611562731	0	0.0004611562731	0.0004611562731	0	0	0	0	0	0	0	0	0	0	0	0	0	0	0	0	0	0	0	0	0	0	0	0	0	0	0	0	0	0	0	0	0	0	0	0	0	0	0	0	0	0	0	0	0	0	0	0	0.0006510441502	0	0	0.0006510441502	0	0	0	0	0	0	0	0	0	0	0	0	0	0	0	0	0	0	0	0	0	0	0	0	0	0	0	0	0	0	0	0	0	0	0	0	0	0	0	0	0	0	0	0	0	0	0	0	0.0004611562731	0.0004611562731	0	0.0004611562731	0.0004611562731	0	0.0004611562731	0.0004611562731	0	0	0	0	0	0	0	0	0	0	0	0	0	0	0	0	0	0	0	0	0	0	0	0	0	0	0	0	0	0	0	0	0	0	0	0	0	0	0	0	0	0	0	0	0	0	0.001742899444	0.001742899444	0	0.001742899444	0.001742899444	0	0.001742899444	0.001742899444	0	0	0	0	0	0	0	0	0	0	0	0	0	0	0	0	0	0	0	0	0	0	0	0	0	0	0	0	0	0	0	0	0	0	0	0	0	0	0	0	0	0	0	0	0
(3,1)	0	0	0	0	0	0	0	0	0	0	0	0	0	0	0	0	0	0	0	0	0	0	0	0	0	0	0	0	0.004629929862	0.004629929862	0.004629929862	0.004629929862	0.004629929862	0.004629929862	0.004629929862	0.004629929862	0.004629929862	0	0	0	0	0	0	0	0	0	0	0	0	0	0	0	0	0	0	0	0	0	0	0	0	0	0	0	0	0	0	0	0	0	0	0	0	0	0	0	0	0	0	0	0	0	0.0185186598	0.0185186598	0.0185186598	0.0185186598	0.0185186598	0.0185186598	0.0185186598	0.0185186598	0.0185186598	0	0	0	0	0	0	0	0	0	0	0	0	0	0	0	0	0	0	0	0	0	0	0	0	0	0	0	0	0	0	0	0	0	0	0	0	0	0	0	0	0	0	0	0	0	0.004629929862	0.004629929862	0.004629929862	0.004629929862	0.004629929862	0.004629929862	0.004629929862	0.004629929862	0.004629929862	0	0	0	0	0	0	0	0	0	0	0	0	0	0	0	0	0	0	0	0	0	0	0	0	0	0	0	0	0	0	0	0	0	0	0	0	0	0	0	0	0	0	0	0	0	0.001158542108	0.001158542108	0.001158542108	0.001158542108	0.001158542108	0.001158542108	0.001158542108	0.001158542108	0.001158542108	0	0	0	0	0	0	0	0	0	0	0	0	0	0	0	0	0	0	0	0	0	0	0	0	0	0	0	0	0	0	0	0	0	0	0	0	0	0	0	0	0	0	0	0	0	0.0002938740956	0.0002938740956	0.0002938740956	0.0002938740956	0.0002938740956	0.0002938740956	0.0002938740956	0.0002938740956	0.0002938740956	0	0	0	0	0	0	0	0	0	0	0	0	0	0	0	0	0	0	0	0	0	0	0	0	0	0	0	0	0	0	0	0	0	0	0	0	0	0	0	0	0	0	0	0	0	9.042279864e-05	9.042279864e-05	9.042279864e-05	9.042279864e-05	9.042279864e-05	9.042279864e-05	9.042279864e-05	9.042279864e-05	9.042279864e-05	0	0	0	0	0	0	0	0	0	0	0	0	0	0	0	0	0	0	0	0	0	0	0	0	0	0	0	0	0	0	0	0	0	0	0	0	0	0	0	0	0	0	0	0	0	9.042279864e-05	9.042279864e-05	9.042279864e-05	9.042279864e-05	9.042279864e-05	9.042279864e-05	9.042279864e-05	9.042279864e-05	9.042279864e-05	0	0	0	0	0	0	0	0	0	0	0	0	0	0	0	0	0	0	0	0	0	0	0	0	0	0	0	0	0	0	0	0	0	0	0	0	0	0	0	0	0	0	0	0	0	0.0002938740956	0.0002938740956	0.0002938740956	0.0002938740956	0.0002938740956	0.0002938740956	0.0002938740956	0.0002938740956	0.0002938740956	0	0	0	0	0	0	0	0	0	0	0	0	0	0	0	0	0	0	0	0	0	0	0	0	0	0	0	0	0	0	0	0	0	0	0	0	0	0	0	0	0	0	0	0	0	0.001158542108	0.001158542108	0.001158542108	0.001158542108	0.001158542108	0.001158542108	0.001158542108	0.001158542108	0.001158542108	0	0	0	0	0	0	0	0	0	0	0	0	0	0	0	0	0
(3,2)	0	0	0	0	0	0	0	0	0	0	0	0	0	0	0	0	0	0	0	0	0	0	0	0	0	0	0	0	0.004629929862	0.004629929862	0.004629929862	0.004629929862	0.004629929862	0.004629929862	0.004629929862	0.004629929862	0.004629929862	0	0	0	0	0	0	0	0	0	0	0	0	0	0	0	0	0	0	0	0	0	0	0	0	0	0	0	0	0	0	0	0	0	0	0	0	0	0	0	0	0	0	0	0	0	0.0185186598	0.0185186598	0.0185186598	0.0185186598	0.0185186598	0.0185186598	0.0185186598	0.0185186598	0.0185186598	0	0	0	0	0	0	0	0	0	0	0	0	0	0	0	0	0	0	0	0	0	0	0	0	0	0	0	0	0	0	0	0	0	0	0	0	0	0	0	0	0	0	0	0	0	0.004629929862	0.004629929862	0.004629929862	0.004629929862	0.004629929862	0.004629929862	0.004629929862	0.004629929862	0.004629929862	0	0	0	0	0	0	0	0	0	0	0	0	0	0	0	0	0	0	0	0	0	0	0	0	0	0	0	0	0	0	0	0	0	0	0	0	0	0	0	0	0	0	0	0	0	0.001158542108	0.001158542108	0.001158542108	0.001158542108	0.001158542108	0.001158542108	0.001158542108	0.001158542108	0.001158542108	0	0	0	0	0	0	0	0	0	0	0	0	0	0	0	0	0	0	0	0	0	0	0	0	0	0	0	0	0	0	0	0	0	0	0	0	0	0	0	0	0	0	0	0	0	0.0002938740956	0.0002938740956	0.0002938740956	0.0002938740956	0.0002938740956	0.0002938740956	0.0002938740956	0.0002938740956	0.0002938740956	0	0	0	0	0	0	0	0	0	0	0	0	0	0	0	0	0	0	0	0	0	0	0	0	0	0	0	0	0	0	0	0	0	0	0	0	0	0	0	0	0	0	0	0	0	9.042279864e-05	9.042279864e-05	9.042279864e-05	9.042279864e-05	9.042279864e-05	9.042279864e-05	9.042279864e-05	9.042279864e-05	9.042279864e-05	0	0	0	0	0	0	0	0	0	0	0	0	0	0	0	0	0	0	0	0	0	0	0	0	0	0	0	0	0	0	0	0	0	0	0	0	0	0	0	0	0	0	0	0	0	9.042279864e-05	9.042279864e-05	9.042279864e-05	9.042279864e-05	9.042279864e-05	9.042279864e-05	9.042279864e-05	9.042279864e-05	9.042279864e-05	0	0	0	0	0	0	0	0	0	0	0	0	0	0	0	0	0	0	0	0	0	0	0	0	0	0	0	0	0	0	0	0	0	0	0	0	0	0	0	0	0	0	0	0	0	0.0002938740956	0.0002938740956	0.0002938740956	0.0002938740956	0.0002938740956	0.0002938740956	0.0002938740956	0.0002938740956	0.0002938740956	0	0	0	0	0	0	0	0	0	0	0	0	0	0	0	0	0	0	0	0	0	0	0	0	0	0	0	0	0	0	0	0	0	0	0	0	0	0	0	0	0	0	0	0	0	0.001158542108	0.001158542108	0.001158542108	0.001158542108	0.001158542108	0.001158542108	0.001158542108	0.001158542108	0.001158542108	0	0	0	0	0	0	0	0	0	0	0	0	0	0	0	0	0
(3,3)	0	0.04167699818	0	0	0	0	0	0	0	0	0	0	0	0	0	0	0	0	0	0	0	0	0	0	0	0	0	0	0	0	0	0	0	0	0	0	0	0	0	0	0	0	0	0	0	0	0	0	0	0	0	0	0	0	0	0	0.0277783076	0.0277783076	0	0.0277783076	0.0277783076	0	0.0277783076	0.0277783076	0	0	0	0	0	0	0	0	0	0	0	0	0	0	0	0	0	0	0	0	0	0	0	0	0	0	0	0	0	0	0	0	0	0	0	0	0	0	0	0	0	0	0	0	0	0	0.0277783076	0.0277783076	0	0.0277783076	0.0277783076	0	0.0277783076	0.0277783076	0	0	0	0	0	0	0	0	0	0	0	0	0	0	0	0	0	0	0	0	0	0	0	0	0	0	0	0	0	0	0	0	0	0	0	0	0	0	0	0	0	0	0	0	0	0	0	0	0.02083849909	0	0	0.02083849909	0	0	0	0	0	0	0	0	0	0	0	0	0	0	0	0	0	0	0	0	0	0	0	0	0	0	0	0	0	0	0	0	0	0	0	0	0	0	0	0	0	0	0	0	0	0	0	0	0.001742899444	0.001742899444	0	0.001742899444	0.001742899444	0	0.001742899444	0.001742899444	0	0	0	0	0	0	0	0	0	0	0	0	0	0	0	0	0	0	0	0	0	0	0	0	0	0	0	0	0	0	0	0	0	0	0	0	0	0	0	0	0	0	0	0	0	0	0.0004611562731	0.0004611562731	0	0.0004611562731	0.0004611562731	0	0.0004611562731	0.0004611562731	0	0	0	0	0	0	0	0	0	0	0	0	0	0	0	0	0	0	0	0	0	0	0	0	0	0	0	0	0	0	0	0	0	0	0	0	0	0	0	0	0	0	0	0	0	0	0	0	0.0006510441502	0	0	0.0006510441502	0	0	0	0	0	0	0	0	0	0	0	0	0	0	0	0	0	0	0	0	0	0	0	0	0	0	0	0	0	0	0	0	0	0	0	0	0	0	0	0	0	0	0	0	0	0	0	0	0.0004611562731	0.0004611562731	0	0.0004611562731	0.0004611562731	0	0.0004611562731	0.0004611562731	0	0	0	0	0	0	0	0	0	0	0	0	0	0	0	0	0	0	0	0	0	0	0	0	0	0	0	0	0	0	0	0	0	0	0	0	0	0	0	0	0	0	0	0	0	0	0.001742899444	0.001742899444	0	0.001742899444	0.001742899444	0	0.001742899444	0.001742899444	0	0	0	0	0	0	0	0	0	0	0	0	0	0	0	0	0	0	0	0	0	0	0	0	0	0	0	0	0	0	0	0	0	0	0	0	0	0	0	0	0	0	0	0
(3,4)	0	0	0	0	0	0	0	0	0	0	0	0	0	0	0	0	0	0	0	0	0	0	0	0	0	0	0	0	0	0.004629929862	0.004629929862	0.004629929862	0.004629929862	0.004629929862	0.004629929862	0.004629929862	0.004629929862	0.004629929862	0	0	0	0	0	0	0	0	0	0	0	0	0	0	0	0	0	0	0	0	0	0	0	0	0	0	0	0	0	0	0	0	0	0	0	0	0	0	0	0	0	0	0	0	0	0.0185186598	0.0185186598	0.0185186598	0.0185186598	0.0185186598	0.0185186598	0.0185186598	0.0185186598	0.0185186598	0	0	0	0	0	0	0	0	0	0	0	0	0	0	0	0	0	0	0	0	0	0	0	0	0	0	0	0	0	0	0	0	0	0	0	0	0	0	0	0	0	0	0	0	0	0.004629929862	0.004629929862	0.004629929862	0.004629929862	0.004629929862	0.004629929862	0.004629929862	0.004629929862	0.004629929862	0	0	0	0	0	0	0	0	0	0	0	0	0	0	0	0	0	0	0	0	0	0	0	0	0	0	0	0	0	0	0	0	0	0	0	0	0	0	0	0	0	0	0	0	0	0.001158542108	0.001158542108	0.001158542108	0.001158542108	0.001158542108	0.001158542108	0.001158542108	0.001158542108	0.001158542108	0	0	0	0	0	0	0	0	0	0	0	0	0	0	0	0	0	0	0	0	0	0	0	0	0	0	0	0	0	0	0	0	0	0	0	0	0	0	0	0	0	0	0	0	0	0.0002938740956	0.0002938740956	0.0002938740956	0.0002938740956	0.0002938740956	0.0002938740956	0.0002938740956	0.0002938740956	0.0002938740956	0	0	0	0	0	0	0	0	0	0	0	0	0	0	0	0	0	0	0	0	0	0	0	0	0	0	0	0	0	0	0	0	0	0	0	0	0	0	0	0	0	0	0	0	0	9.042279864e-05	9.042279864e-05	9.042279864e-05	9.042279864e-05	9.042279864e-05	9.042279864e-05	9.042279864e-05	9.042279864e-05	9.042279864e-05	0	0	0	0	0	0	0	0	0	0	0	0	0	0	0	0	0	0	0	0	0	0	0	0	0	0	0	0	0	0	0	0	0	0	0	0	0	0	0	0	0	0	0	0	0	9.042279864e-05	9.042279864e-05	9.042279864e-05	9.042279864e-05	9.042279864e-05	9.042279864e-05	9.042279864e-05	9.042279864e-05	9.042279864e-05	0	0	0	0	0	0	0	0	0	0	0	0	0	0	0	0	0	0	0	0	0	0	0	0	0	0	0	0	0	0	0	0	0	0	0	0	0	0	0	0	0	0	0	0	0	0.0002938740956	0.0002938740956	0.0002938740956	0.0002938740956	0.0002938740956	0.0002938740956	0.0002938740956	0.0002938740956	0.0002938740956	0	0	0	0	0	0	0	0	0	0	0	0	0	0	0	0	0	0	0	0	0	0	0	0	0	0	0	0	0	0	0	0	0	0	0	0	0	0	0	0	0	0	0	0	0	0.001158542108	0.001158542108	0.001158542108	0.001158542108	0.001158542108	0.001158542108	0.001158542108	0.001158542108	0.001158542108	0	0	0	0	0	0	0	0	0	0	0	0	0	0	0	0
(3,5)	0	0	0	0	0	0	0	0	0	0	0	0	0	0	0	0	0	0	0	0	0	0	0	0	0	0	0	0	0	0.004629929862	0.004629929862	0.004629929862	0.004629929862	0.004629929862	0.004629929862	0.004629929862	0.004629929862	0.004629929862	0	0	0	0	0	0	0	0	0	0	0	0	0	0	0	0	0	0	0	0	0	0	0	0	0	0	0	0	0	0	0	0	0	0	0	0	0	0	0	0	0	0	0	0	0	0.0185186598	0.0185186598	0.0185186598	0.0185186598	0.0185186598	0.0185186598	0.0185186598	0.0185186598	0.0185186598	0	0	0	0	0	0	0	0	0	0	0	0	0	0	0	0	0	0	0	0	0	0	0	0	0	0	0	0	0	0	0	0	0	0	0	0	0	0	0	0	0	0	0	0	0	0.004629929862	0.004629929862	0.004629929862	0.004629929862	0.004629929862	0.004629929862	0.004629929862	0.004629929862	0.004629929862	0	0	0	0	0	0	0	0	0	0	0	0	0	0	0	0	0	0	0	0	0	0	0	0	0	0	0	0	0	0	0	0	0	0	0	0	0	0	0	0	0	0	0	0	0	0.001158542108	0.001158542108	0.001158542108	0.001158542108	0.001158542108	0.001158542108	0.001158542108	0.001158542108	0.001158542108	0	0	0	0	0	0	0	0	0	0	0	0	0	0	0	0	0	0	0	0	0	0	0	0	0	0	0	0	0	0	0	0	0	0	0	0	0	0	0	0	0	0	0	0	0	0.0002938740956	0.0002938740956	0.0002938740956	0.0002938740956	0.0002938740956	0.0002938740956	0.0002938740956	0.0002938740956	0.0002938740956	0	0	0	0	0	0	0	0	0	0	0	0	0	0	0	0	0	0	0	0	0	0	0	0	0	0	0	0	0	0	0	0	0	0	0	0	0	0	0	0	0	0	0	0	0	9.042279864e-05	9.042279864e-05	9.042279864e-05	9.042279864e-05	9.042279864e-05	9.042279864e-05	9.042279864e-05	9.042279864e-05	9.042279864e-05	0	0	0	0	0	0	0	0	0	0	0	0	0	0	0	0	0	0	0	0	0	0	0	0	0	0	0	0	0	0	0	0	0	0	0	0	0	0	0	0	0	0	0	0	0	9.042279864e-05	9.042279864e-05	9.042279864e-05	9.042279864e-05	9.042279864e-05	9.042279864e-05	9.042279864e-05	9.042279864e-05	9.042279864e-05	0	0	0	0	0	0	0	0	0	0	0	0	0	0	0	0	0	0	0	0	0	0	0	0	0	0	0	0	0	0	0	0	0	0	0	0	0	0	0	0	0	0	0	0	0	0.0002938740956	0.0002938740956	0.0002938740956	0.0002938740956	0.0002938740956	0.0002938740956	0.0002938740956	0.0002938740956	0.0002938740956	0	0	0	0	0	0	0	0	0	0	0	0	0	0	0	0	0	0	0	0	0	0	0	0	0	0	0	0	0	0	0	0	0	0	0	0	0	0	0	0	0	0	0	0	0	0.001158542108	0.001158542108	0.001158542108	0.001158542108	0.001158542108	0.001158542108	0.001158542108	0.001158542108	0.001158542108	0	0	0	0	0	0	0	0	0	0	0	0	0	0	0	0
(3,6)	0	0	0.04167699818	0	0	0	0	0	0	0	0	0	0	0	0	0	0	0	0	0	0	0	0	0	0	0	0	0	0	0	0	0	0	0	0	0	0	0	0	0	0	0	0	0	0	0	0	0	0	0	0	0	0	0	0	0	0	0.0277783076	0.0277783076	0	0.0277783076	0.0277783076	0	0.0277783076	0.0277783076	0	0	0	0	0	0	0	0	0	0	0	0	0	0	0	0	0	0	0	0	0	0	0	0	0	0	0	0	0	0	0	0	0	0	0	0	0	0	0	0	0	0	0	0	0	0	0.0277783076	0.0277783076	0	0.0277783076	0.0277783076	0	0.0277783076	0.0277783076	0	0	0	0	0	0	0	0	0	0	0	0	0	0	0	0	0	0	0	0	0	0	0	0	0	0	0	0	0	0	0	0	0	0	0	0	0	0	0	0	0	0	0	0	0	0	0	0	0.02083849909	0	0	0.02083849909	0	0	0	0	0	0	0	0	0	0	0	0	0	0	0	0	0	0	0	0	0	0	0	0	0	0	0	0	0	0	0	0	0	0	0	0	0	0	0	0	0	0	0	0	0	0	0	0	0.001742899444	0.001742899444	0	0.001742899444	0.001742899444	0	0.001742899444	0.001742899444	0	0	0	0	0	0	0	0	0	0	0	0	0	0	0	0	0	0	0	0	0	0	0	0	0	0	0	0	0	0	0	0	0	0	0	0	0	0	0	0	0	0	0	0	0	0	0.0004611562731	0.0004611562731	0	0.0004611562731	0.0004611562731	0	0.0004611562731	0.0004611562731	0	0	0	0	0	0	0	0	0	0	0	0	0	0	0	0	0	0	0	0	0	0	0	0	0	0	0	0	0	0	0	0	0	0	0	0	0	0	0	0	0	0	0	0	0	0	0	0	0.0006510441502	0	0	0.0006510441502	0	0	0	0	0	0	0	0	0	0	0	0	0	0	0	0	0	0	0	0	0	0	0	0	0	0	0	0	0	0	0	0	0	0	0	0	0	0	0	0	0	0	0	0	0	0	0	0	0.0004611562731	0.0004611562731	0	0.0004611562731	0.0004611562731	0	0.0004611562731	0.0004611562731	0	0	0	0	0	0	0	0	0	0	0	0	0	0	0	0	0	0	0	0	0	0	0	0	0	0	0	0	0	0	0	0	0	0	0	0	0	0	0	0	0	0	0	0	0	0	0.001742899444	0.001742899444	0	0.001742899444	0.001742899444	0	0.001742899444	0.001742899444	0	0	0	0	0	0	0	0	0	0	0	0	0	0	0	0	0	0	0	0	0	0	0	0	0	0	0	0	0	0	0	0	0	0	0	0	0	0	0	0	0	0	0
(3,7)	0	0	0	0	0	0	0	0	0	0	0	0	0	0	0	0	0	0	0	0	0	0	0	0	0	0	0	0	0	0	0.004629929862	0.004629929862	0.004629929862	0.004629929862	0.004629929862	0.004629929862	0.004629929862	0.004629929862	0.004629929862	0	0	0	0	0	0	0	0	0	0	0	0	0	0	0	0	0	0	0	0	0	0	0	0	0	0	0	0	0	0	0	0	0	0	0	0	0	0	0	0	0	0	0	0	0	0.0185186598	0.0185186598	0.0185186598	0.0185186598	0.0185186598	0.0185186598	0.0185186598	0.0185186598	0.0185186598	0	0	0	0	0	0	0	0	0	0	0	0	0	0	0	0	0	0	0	0	0	0	0	0	0	0	0	0	0	0	0	0	0	0	0	0	0	0	0	0	0	0	0	0	0	0.004629929862	0.004629929862	0.004629929862	0.004629929862	0.004629929862	0.004629929862	0.004629929862	0.004629929862	0.004629929862	0	0	0	0	0	0	0	0	0	0	0	0	0	0	0	0	0	0	0	0	0	0	0	0	0	0	0	0	0	0	0	0	0	0	0	0	0	0	0	0	0	0	0	0	0	0.001158542108	0.001158542108	0.001158542108	0.001158542108	0.001158542108	0.001158542108	0.001158542108	0.001158542108	0.001158542108	0	0	0	0	0	0	0	0	0	0	0	0	0	0	0	0	0	0	0	0	0	0	0	0	0	0	0	0	0	0	0	0	0	0	0	0	0	0	0	0	0	0	0	0	0	0.0002938740956	0.0002938740956	0.0002938740956	0.0002938740956	0.0002938740956	0.0002938740956	0.0002938740956	0.0002938740956	0.0002938740956	0	0	0	0	0	0	0	0	0	0	0	0	0	0	0	0	0	0	0	0	0	0	0	0	0	0	0	0	0	0	0	0	0	0	0	0	0	0	0	0	0	0	0	0	0	9.042279864e-05	9.042279864e-05	9.042279864e-05	9.042279864e-05	9.042279864e-05	9.042279864e-05	9.042279864e-05	9.042279864e-05	9.042279864e-05	0	0	0	0	0	0	0	0	0	0	0	0	0	0	0	0	0	0	0	0	0	0	0	0	0	0	0	0	0	0	0	0	0	0	0	0	0	0	0	0	0	0	0	0	0	9.042279864e-05	9.042279864e-05	9.042279864e-05	9.042279864e-05	9.042279864e-05	9.042279864e-05	9.042279864e-05	9.042279864e-05	9.042279864e-05	0	0	0	0	0	0	0	0	0	0	0	0	0	0	0	0	0	0	0	0	0	0	0	0	0	0	0	0	0	0	0	0	0	0	0	0	0	0	0	0	0	0	0	0	0	0.0002938740956	0.0002938740956	0.0002938740956	0.0002938740956	0.0002938740956	0.0002938740956	0.0002938740956	0.0002938740956	0.0002938740956	0	0	0	0	0	0	0	0	0	0	0	0	0	0	0	0	0	0	0	0	0	0	0	0	0	0	0	0	0	0	0	0	0	0	0	0	0	0	0	0	0	0	0	0	0	0.001158542108	0.001158542108	0.001158542108	0.001158542108	0.001158542108	0.001158542108	0.001158542108	0.001158542108	0.001158542108	0	0	0	0	0	0	0	0	0	0	0	0	0	0	0
(3,8)	0	0	0	0	0	0	0	0	0	0	0	0	0	0	0	0	0	0	0	0	0	0	0	0	0	0	0	0	0	0	0.004629929862	0.004629929862	0.004629929862	0.004629929862	0.004629929862	0.004629929862	0.004629929862	0.004629929862	0.004629929862	0	0	0	0	0	0	0	0	0	0	0	0	0	0	0	0	0	0	0	0	0	0	0	0	0	0	0	0	0	0	0	0	0	0	0	0	0	0	0	0	0	0	0	0	0	0.0185186598	0.0185186598	0.0185186598	0.0185186598	0.0185186598	0.0185186598	0.0185186598	0.0185186598	0.0185186598	0	0	0	0	0	0	0	0	0	0	0	0	0	0	0	0	0	0	0	0	0	0	0	0	0	0	0	0	0	0	0	0	0	0	0	0	0	0	0	0	0	0	0	0	0	0.004629929862	0.004629929862	0.004629929862	0.004629929862	0.004629929862	0.004629929862	0.004629929862	0.004629929862	0.004629929862	0	0	0	0	0	0	0	0	0	0	0	0	0	0	0	0	0	0	0	0	0	0	0	0	0	0	0	0	0	0	0	0	0	0	0	0	0	0	0	0	0	0	0	0	0	0.001158542108	0.001158542108	0.001158542108	0.001158542108	0.001158542108	0.001158542108	0.001158542108	0.001158542108	0.001158542108	0	0	0	0	0	0	0	0	0	0	0	0	0	0	0	0	0	0	0	0	0	0	0	0	0	0	0	0	0	0	0	0	0	0	0	0	0	0	0	0	0	0	0	0	0	0.0002938740956	0.0002938740956	0.0002938740956	0.0002938740956	0.0002938740956	0.0002938740956	0.0002938740956	0.0002938740956	0.0002938740956	0	0	0	0	0	0	0	0	0	0	0	0	0	0	0	0	0	0	0	0	0	0	0	0	0	0	0	0	0	0	0	0	0	0	0	0	0	0	0	0	0	0	0	0	0	9.042279864e-05	9.042279864e-05	9.042279864e-05	9.042279864e-05	9.042279864e-05	9.042279864e-05	9.042279864e-05	9.042279864e-05	9.042279864e-05	0	0	0	0	0	0	0	0	0	0	0	0	0	0	0	0	0	0	0	0	0	0	0	0	0	0	0	0	0	0	0	0	0	0	0	0	0	0	0	0	0	0	0	0	0	9.042279864e-05	9.042279864e-05	9.042279864e-05	9.042279864e-05	9.042279864e-05	9.042279864e-05	9.042279864e-05	9.042279864e-05	9.042279864e-05	0	0	0	0	0	0	0	0	0	0	0	0	0	0	0	0	0	0	0	0	0	0	0	0	0	0	0	0	0	0	0	0	0	0	0	0	0	0	0	0	0	0	0	0	0	0.0002938740956	0.0002938740956	0.0002938740956	0.0002938740956	0.0002938740956	0.0002938740956	0.0002938740956	0.0002938740956	0.0002938740956	0	0	0	0	0	0	0	0	0	0	0	0	0	0	0	0	0	0	0	0	0	0	0	0	0	0	0	0	0	0	0	0	0	0	0	0	0	0	0	0	0	0	0	0	0	0.001158542108	0.001158542108	0.001158542108	0.001158542108	0.001158542108	0.001158542108	0.001158542108	0.001158542108	0.001158542108	0	0	0	0	0	0	0	0	0	0	0	0	0	0	0
(3,9)	0	0	0	0.04167699818	0	0	0	0	0	0	0	0	0	0	0	0	0	0	0	0	0	0	0	0	0	0	0	0	0	0	0	0	0	0	0	0	0	0	0	0	0	0	0	0	0	0	0	0	0	0	0	0	0	0	0	0	0	0	0.0277783076	0.0277783076	0	0.0277783076	0.0277783076	0	0.0277783076	0.0277783076	0	0	0	0	0	0	0	0	0	0	0	0	0	0	0	0	0	0	0	0	0	0	0	0	0	0	0	0	0	0	0	0	0	0	0	0	0	0	0	0	0	0	0	0	0	0	0.0277783076	0.0277783076	0	0.0277783076	0.0277783076	0	0.0277783076	0.0277783076	0	0	0	0	0	0	0	0	0	0	0	0	0	0	0	0	0	0	0	0	0	0	0	0	0	0	0	0	0	0	0	0	0	0	0	0	0	0	0	0	0	0	0	0	0	0	0	0	0.02083849909	0	0	0.02083849909	0	0	0	0	0	0	0	0	0	0	0	0	0	0	0	0	0	0	0	0	0	0	0	0	0	0	0	0	0	0	0	0	0	0	0	0	0	0	0	0	0	0	0	0	0	0	0	0	0.001742899444	0.001742899444	0	0.001742899444	0.001742899444	0	0.001742899444	0.001742899444	0	0	0	0	0	0	0	0	0	0	0	0	0	0	0	0	0	0	0	0	0	0	0	0	0	0	0	0	0	0	0	0	0	0	0	0	0	0	0	0	0	0	0	0	0	0	0.0004611562731	0.0004611562731	0	0.0004611562731	0.0004611562731	0	0.0004611562731	0.0004611562731	0	0	0	0	0	0	0	0	0	0	0	0	0	0	0	0	0	0	0	0	0	0	0	0	0	0	0	0	0	0	0	0	0	0	0	0	0	0	0	0	0	0	0	0	0	0	0	0	0.0006510441502	0	0	0.0006510441502	0	0	0	0	0	0	0	0	0	0	0	0	0	0	0	0	0	0	0	0	0	0	0	0	0	0	0	0	0	0	0	0	0	0	0	0	0	0	0	0	0	0	0	0	0	0	0	0	0.0004611562731	0.0004611562731	0	0.0004611562731	0.0004611562731	0	0.0004611562731	0.0004611562731	0	0	0	0	0	0	0	0	0	0	0	0	0	0	0	0	0	0	0	0	0	0	0	0	0	0	0	0	0	0	0	0	0	0	0	0	0	0	0	0	0	0	0	0	0	0	0.001742899444	0.001742899444	0	0.001742899444	0.001742899444	0	0.001742899444	0.001742899444	0	0	0	0	0	0	0	0	0	0	0	0	0	0	0	0	0	0	0	0	0	0	0	0	0	0	0	0	0	0	0	0	0	0	0	0	0	0	0	0	0	0
(3,10)	0	0	0	0	0	0	0	0	0	0	0	0	0	0	0	0	0	0	0	0	0	0	0	0	0	0	0	0	0	0	0	0.004629929862	0.004629929862	0.004629929862	0.004629929862	0.004629929862	0.004629929862	0.004629929862	0.004629929862	0.004629929862	0	0	0	0	0	0	0	0	0	0	0	0	0	0	0	0	0	0	0	0	0	0	0	0	0	0	0	0	0	0	0	0	0	0	0	0	0	0	0	0	0	0	0	0	0	0.0185186598	0.0185186598	0.0185186598	0.0185186598	0.0185186598	0.0185186598	0.0185186598	0.0185186598	0.0185186598	0	0	0	0	0	0	0	0	0	0	0	0	0	0	0	0	0	0	0	0	0	0	0	0	0	0	0	0	0	0	0	0	0	0	0	0	0	0	0	0	0	0	0	0	0	0.004629929862	0.004629929862	0.004629929862	0.004629929862	0.004629929862	0.004629929862	0.004629929862	0.004629929862	0.004629929862	0	0	0	0	0	0	0	0	0	0	0	0	0	0	0	0	0	0	0	0	0	0	0	0	0	0	0	0	0	0	0	0	0	0	0	0	0	0	0	0	0	0	0	0	0	0.001158542108	0.001158542108	0.001158542108	0.001158542108	0.001158542108	0.001158542108	0.001158542108	0.001158542108	0.001158542108	0	0	0	0	0	0	0	0	0	0	0	0	0	0	0	0	0	0	0	0	0	0	0	0	0	0	0	0	0	0	0	0	0	0	0	0	0	0	0	0	0	0	0	0	0	0.0002938740956	0.0002938740956	0.0002938740956	0.0002938740956	0.0002938740956	0.0002938740956	0.0002938740956	0.0002938740956	0.0002938740956	0	0	0	0	0	0	0	0	0	0	0	0	0	0	0	0	0	0	0	0	0	0	0	0	0	0	0	0	0	0	0	0	0	0	0	0	0	0	0	0	0	0	0	0	0	9.042279864e-05	9.042279864e-05	9.042279864e-05	9.042279864e-05	9.042279864e-05	9.042279864e-05	9.042279864e-05	9.042279864e-05	9.042279864e-05	0	0	0	0	0	0	0	0	0	0	0	0	0	0	0	0	0	0	0	0	0	0	0	0	0	0	0	0	0	0	0	0	0	0	0	0	0	0	0	0	0	0	0	0	0	9.042279864e-05	9.042279864e-05	9.042279864e-05	9.042279864e-05	9.042279864e-05	9.042279864e-05	9.042279864e-05	9.042279864e-05	9.042279864e-05	0	0	0	0	0	0	0	0	0	0	0	0	0	0	0	0	0	0	0	0	0	0	0	0	0	0	0	0	0	0	0	0	0	0	0	0	0	0	0	0	0	0	0	0	0	0.0002938740956	0.0002938740956	0.0002938740956	0.0002938740956	0.0002938740956	0.0002938740956	0.0002938740956	0.0002938740956	0.0002938740956	0	0	0	0	0	0	0	0	0	0	0	0	0	0	0	0	0	0	0	0	0	0	0	0	0	0	0	0	0	0	0	0	0	0	0	0	0	0	0	0	0	0	0	0	0	0.001158542108	0.001158542108	0.001158542108	0.001158542108	0.001158542108	0.001158542108	0.001158542108	0.001158542108	0.001158542108	0	0	0	0	0	0	0	0	0	0	0	0	0	0
(3,11)	0	0	0	0	0	0	0	0	0	0	0	0	0	0	0	0	0	0	0	0	0	0	0	0	0	0	0	0	0	0	0	0.004629929862	0.004629929862	0.004629929862	0.004629929862	0.004629929862	0.004629929862	0.004629929862	0.004629929862	0.004629929862	0	0	0	0	0	0	0	0	0	0	0	0	0	0	0	0	0	0	0	0	0	0	0	0	0	0	0	0	0	0	0	0	0	0	0	0	0	0	0	0	0	0	0	0	0	0.0185186598	0.0185186598	0.0185186598	0.0185186598	0.0185186598	0.0185186598	0.0185186598	0.0185186598	0.0185186598	0	0	0	0	0	0	0	0	0	0	0	0	0	0	0	0	0	0	0	0	0	0	0	0	0	0	0	0	0	0	0	0	0	0	0	0	0	0	0	0	0	0	0	0	0	0.004629929862	0.004629929862	0.004629929862	0.004629929862	0.004629929862	0.004629929862	0.004629929862	0.004629929862	0.004629929862	0	0	0	0	0	0	0	0	0	0	0	0	0	0	0	0	0	0	0	0	0	0	0	0	0	0	0	0	0	0	0	0	0	0	0	0	0	0	0	0	0	0	0	0	0	0.001158542108	0.001158542108	0.001158542108	0.001158542108	0.001158542108	0.001158542108	0.001158542108	0.001158542108	0.001158542108	0	0	0	0	0	0	0	0	0	0	0	0	0	0	0	0	0	0	0	0	0	0	0	0	0	0	0	0	0	0	0	0	0	0	0	0	0	0	0	0	0	0	0	0	0	0.0002938740956	0.0002938740956	0.0002938740956	0.0002938740956	0.0002938740956	0.0002938740956	0.0002938740956	0.0002938740956	0.0002938740956	0	0	0	0	0	0	0	0	0	0	0	0	0	0	0	0	0	0	0	0	0	0	0	0	0	0	0	0	0	0	0	0	0	0	0	0	0	0	0	0	0	0	0	0	0	9.042279864e-05	9.042279864e-05	9.042279864e-05	9.042279864e-05	9.042279864e-05	9.042279864e-05	9.042279864e-05	9.042279864e-05	9.042279864e-05	0	0	0	0	0	0	0	0	0	0	0	0	0	0	0	0	0	0	0	0	0	0	0	0	0	0	0	0	0	0	0	0	0	0	0	0	0	0	0	0	0	0	0	0	0	9.042279864e-05	9.042279864e-05	9.042279864e-05	9.042279864e-05	9.042279864e-05	9.042279864e-05	9.042279864e-05	9.042279864e-05	9.042279864e-05	0	0	0	0	0	0	0	0	0	0	0	0	0	0	0	0	0	0	0	0	0	0	0	0	0	0	0	0	0	0	0	0	0	0	0	0	0	0	0	0	0	0	0	0	0	0.0002938740956	0.0002938740956	0.0002938740956	0.0002938740956	0.0002938740956	0.0002938740956	0.0002938740956	0.0002938740956	0.0002938740956	0	0	0	0	0	0	0	0	0	0	0	0	0	0	0	0	0	0	0	0	0	0	0	0	0	0	0	0	0	0	0	0	0	0	0	0	0	0	0	0	0	0	0	0	0	0.001158542108	0.001158542108	0.001158542108	0.001158542108	0.001158542108	0.001158542108	0.001158542108	0.001158542108	0.001158542108	0	0	0	0	0	0	0	0	0	0	0	0	0	0
(3,12)	0	0	0	0	0.04167699818	0	0	0	0	0	0	0	0	0	0	0	0	0	0	0	0	0	0	0	0	0	0	0	0	0	0	0	0	0	0	0	0	0	0	0	0	0	0	0	0	0	0	0	0	0	0	0	0	0	0	0	0	0	0	0.0277783076	0.0277783076	0	0.0277783076	0.0277783076	0	0.0277783076	0.0277783076	0	0	0	0	0	0	0	0	0	0	0	0	0	0	0	0	0	0	0	0	0	0	0	0	0	0	0	0	0	0	0	0	0	0	0	0	0	0	0	0	0	0	0	0	0	0	0.0277783076	0.0277783076	0	0.0277783076	0.0277783076	0	0.0277783076	0.0277783076	0	0	0	0	0	0	0	0	0	0	0	0	0	0	0	0	0	0	0	0	0	0	0	0	0	0	0	0	0	0	0	0	0	0	0	0	0	0	0	0	0	0	0	0	0	0	0	0	0.02083849909	0	0	0.02083849909	0	0	0	0	0	0	0	0	0	0	0	0	0	0	0	0	0	0	0	0	0	0	0	0	0	0	0	0	0	0	0	0	0	0	0	0	0	0	0	0	0	0	0	0	0	0	0	0	0.001742899444	0.001742899444	0	0.001742899444	0.001742899444	0	0.001742899444	0.001742899444	0	0	0	0	0	0	0	0	0	0	0	0	0	0	0	0	0	0	0	0	0	0	0	0	0	0	0	0	0	0	0	0	0	0	0	0	0	0	0	0	0	0	0	0	0	0	0.0004611562731	0.0004611562731	0	0.0004611562731	0.0004611562731	0	0.0004611562731	0.0004611562731	0	0	0	0	0	0	0	0	0	0	0	0	0	0	0	0	0	0	0	0	0	0	0	0	0	0	0	0	0	0	0	0	0	0	0	0	0	0	0	0	0	0	0	0	0	0	0	0	0.0006510441502	0	0	0.0006510441502	0	0	0	0	0	0	0	0	0	0	0	0	0	0	0	0	0	0	0	0	0	0	0	0	0	0	0	0	0	0	0	0	0	0	0	0	0	0	0	0	0	0	0	0	0	0	0	0	0.0004611562731	0.0004611562731	0	0.0004611562731	0.0004611562731	0	0.0004611562731	0.0004611562731	0	0	0	0	0	0	0	0	0	0	0	0	0	0	0	0	0	0	0	0	0	0	0	0	0	0	0	0	0	0	0	0	0	0	0	0	0	0	0	0	0	0	0	0	0	0	0.001742899444	0.001742899444	0	0.001742899444	0.001742899444	0	0.001742899444	0.001742899444	0	0	0	0	0	0	0	0	0	0	0	0	0	0	0	0	0	0	0	0	0	0	0	0	0	0	0	0	0	0	0	0	0	0	0	0	0	0	0	0	0
(3,13)	0	0	0	0	0	0	0	0	0	0	0	0	0	0	0	0	0	0	0	0	0	0	0	0	0	0	0	0	0	0	0	0	0.004629929862	0.004629929862	0.004629929862	0.004629929862	0.004629929862	0.004629929862	0.004629929862	0.004629929862	0.004629929862	0	0	0	0	0	0	0	0	0	0	0	0	0	0	0	0	0	0	0	0	0	0	0	0	0	0	0	0	0	0	0	0	0	0	0	0	0	0	0	0	0	0	0	0	0	0.0185186598	0.0185186598	0.0185186598	0.0185186598	0.0185186598	0.0185186598	0.0185186598	0.0185186598	0.0185186598	0	0	0	0	0	0	0	0	0	0	0	0	0	0	0	0	0	0	0	0	0	0	0	0	0	0	0	0	0	0	0	0	0	0	0	0	0	0	0	0	0	0	0	0	0	0.004629929862	0.004629929862	0.004629929862	0.004629929862	0.004629929862	0.004629929862	0.004629929862	0.004629929862	0.004629929862	0	0	0	0	0	0	0	0	0	0	0	0	0	0	0	0	0	0	0	0	0	0	0	0	0	0	0	0	0	0	0	0	0	0	0	0	0	0	0	0	0	0	0	0	0	0.001158542108	0.001158542108	0.001158542108	0.001158542108	0.001158542108	0.001158542108	0.001158542108	0.001158542108	0.001158542108	0	0	0	0	0	0	0	0	0	0	0	0	0	0	0	0	0	0	0	0	0	0	0	0	0	0	0	0	0	0	0	0	0	0	0	0	0	0	0	0	0	0	0	0	0	0.0002938740956	0.0002938740956	0.0002938740956	0.0002938740956	0.0002938740956	0.0002938740956	0.0002938740956	0.0002938740956	0.0002938740956	0	0	0	0	0	0	0	0	0	0	0	0	0	0	0	0	0	0	0	0	0	0	0	0	0	0	0	0	0	0	0	0	0	0	0	0	0	0	0	0	0	0	0	0	0	9.042279864e-05	9.042279864e-05	9.042279864e-05	9.042279864e-05	9.042279864e-05	9.042279864e-05	9.042279864e-05	9.042279864e-05	9.042279864e-05	0	0	0	0	0	0	0	0	0	0	0	0	0	0	0	0	0	0	0	0	0	0	0	0	0	0	0	0	0	0	0	0	0	0	0	0	0	0	0	0	0	0	0	0	0	9.042279864e-05	9.042279864e-05	9.042279864e-05	9.042279864e-05	9.042279864e-05	9.042279864e-05	9.042279864e-05	9.042279864e-05	9.042279864e-05	0	0	0	0	0	0	0	0	0	0	0	0	0	0	0	0	0	0	0	0	0	0	0	0	0	0	0	0	0	0	0	0	0	0	0	0	0	0	0	0	0	0	0	0	0	0.0002938740956	0.0002938740956	0.0002938740956	0.0002938740956	0.0002938740956	0.0002938740956	0.0002938740956	0.0002938740956	0.0002938740956	0	0	0	0	0	0	0	0	0	0	0	0	0	0	0	0	0	0	0	0	0	0	0	0	0	0	0	0	0	0	0	0	0	0	0	0	0	0	0	0	0	0	0	0	0	0.001158542108	0.001158542108	0.001158542108	0.001158542108	0.001158542108	0.001158542108	0.001158542108	0.001158542108	0.001158542108	0	0	0	0	0	0	0	0	0	0	0	0	0
(3,14)	0	0	0	0	0	0	0	0	0	0	0	0	0	0	0	0	0	0	0	0	0	0	0	0	0	0	0	0	0	0	0	0	0.004629929862	0.004629929862	0.004629929862	0.004629929862	0.004629929862	0.004629929862	0.004629929862	0.004629929862	0.004629929862	0	0	0	0	0	0	0	0	0	0	0	0	0	0	0	0	0	0	0	0	0	0	0	0	0	0	0	0	0	0	0	0	0	0	0	0	0	0	0	0	0	0	0	0	0	0.0185186598	0.0185186598	0.0185186598	0.0185186598	0.0185186598	0.0185186598	0.0185186598	0.0185186598	0.0185186598	0	0	0	0	0	0	0	0	0	0	0	0	0	0	0	0	0	0	0	0	0	0	0	0	0	0	0	0	0	0	0	0	0	0	0	0	0	0	0	0	0	0	0	0	0	0.004629929862	0.004629929862	0.004629929862	0.004629929862	0.004629929862	0.004629929862	0.004629929862	0.004629929862	0.004629929862	0	0	0	0	0	0	0	0	0	0	0	0	0	0	0	0	0	0	0	0	0	0	0	0	0	0	0	0	0	0	0	0	0	0	0	0	0	0	0	0	0	0	0	0	0	0.001158542108	0.001158542108	0.001158542108	0.001158542108	0.001158542108	0.001158542108	0.001158542108	0.001158542108	0.001158542108	0	0	0	0	0	0	0	0	0	0	0	0	0	0	0	0	0	0	0	0	0	0	0	0	0	0	0	0	0	0	0	0	0	0	0	0	0	0	0	0	0	0	0	0	0	0.0002938740956	0.0002938740956	0.0002938740956	0.0002938740956	0.0002938740956	0.0002938740956	0.0002938740956	0.0002938740956	0.0002938740956	0	0	0	0	0	0	0	0	0	0	0	0	0	0	0	0	0	0	0	0	0	0	0	0	0	0	0	0	0	0	0	0	0	0	0	0	0	0	0	0	0	0	0	0	0	9.042279864e-05	9.042279864e-05	9.042279864e-05	9.042279864e-05	9.042279864e-05	9.042279864e-05	9.042279864e-05	9.042279864e-05	9.042279864e-05	0	0	0	0	0	0	0	0	0	0	0	0	0	0	0	0	0	0	0	0	0	0	0	0	0	0	0	0	0	0	0	0	0	0	0	0	0	0	0	0	0	0	0	0	0	9.042279864e-05	9.042279864e-05	9.042279864e-05	9.042279864e-05	9.042279864e-05	9.042279864e-05	9.042279864e-05	9.042279864e-05	9.042279864e-05	0	0	0	0	0	0	0	0	0	0	0	0	0	0	0	0	0	0	0	0	0	0	0	0	0	0	0	0	0	0	0	0	0	0	0	0	0	0	0	0	0	0	0	0	0	0.0002938740956	0.0002938740956	0.0002938740956	0.0002938740956	0.0002938740956	0.0002938740956	0.0002938740956	0.0002938740956	0.0002938740956	0	0	0	0	0	0	0	0	0	0	0	0	0	0	0	0	0	0	0	0	0	0	0	0	0	0	0	0	0	0	0	0	0	0	0	0	0	0	0	0	0	0	0	0	0	0.001158542108	0.001158542108	0.001158542108	0.001158542108	0.001158542108	0.001158542108	0.001158542108	0.001158542108	0.001158542108	0	0	0	0	0	0	0	0	0	0	0	0	0
(3,15)	0	0	0	0	0	0.04167699818	0	0	0	0	0	0	0	0	0	0	0	0	0	0	0	0	0	0	0	0	0	0	0	0	0	0	0	0	0	0	0	0	0	0	0	0	0	0	0	0	0	0	0	0	0	0	0	0	0	0	0	0	0	0	0.0277783076	0.0277783076	0	0.0277783076	0.0277783076	0	0.0277783076	0.0277783076	0	0	0	0	0	0	0	0	0	0	0	0	0	0	0	0	0	0	0	0	0	0	0	0	0	0	0	0	0	0	0	0	0	0	0	0	0	0	0	0	0	0	0	0	0	0	0.0277783076	0.0277783076	0	0.0277783076	0.0277783076	0	0.0277783076	0.0277783076	0	0	0	0	0	0	0	0	0	0	0	0	0	0	0	0	0	0	0	0	0	0	0	0	0	0	0	0	0	0	0	0	0	0	0	0	0	0	0	0	0	0	0	0	0	0	0	0	0.02083849909	0	0	0.02083849909	0	0	0	0	0	0	0	0	0	0	0	0	0	0	0	0	0	0	0	0	0	0	0	0	0	0	0	0	0	0	0	0	0	0	0	0	0	0	0	0	0	0	0	0	0	0	0	0	0.001742899444	0.001742899444	0	0.001742899444	0.001742899444	0	0.001742899444	0.001742899444	0	0	0	0	0	0	0	0	0	0	0	0	0	0	0	0	0	0	0	0	0	0	0	0	0	0	0	0	0	0	0	0	0	0	0	0	0	0	0	0	0	0	0	0	0	0	0.0004611562731	0.0004611562731	0	0.0004611562731	0.0004611562731	0	0.0004611562731	0.0004611562731	0	0	0	0	0	0	0	0	0	0	0	0	0	0	0	0	0	0	0	0	0	0	0	0	0	0	0	0	0	0	0	0	0	0	0	0	0	0	0	0	0	0	0	0	0	0	0	0	0.0006510441502	0	0	0.0006510441502	0	0	0	0	0	0	0	0	0	0	0	0	0	0	0	0	0	0	0	0	0	0	0	0	0	0	0	0	0	0	0	0	0	0	0	0	0	0	0	0	0	0	0	0	0	0	0	0	0.0004611562731	0.0004611562731	0	0.0004611562731	0.0004611562731	0	0.0004611562731	0.0004611562731	0	0	0	0	0	0	0	0	0	0	0	0	0	0	0	0	0	0	0	0	0	0	0	0	0	0	0	0	0	0	0	0	0	0	0	0	0	0	0	0	0	0	0	0	0	0	0.001742899444	0.001742899444	0	0.001742899444	0.001742899444	0	0.001742899444	0.001742899444	0	0	0	0	0	0	0	0	0	0	0	0	0	0	0	0	0	0	0	0	0	0	0	0	0	0	0	0	0	0	0	0	0	0	0	0	0	0	0	0
(3,16)	0	0	0	0	0	0	0	0	0	0	0	0	0	0	0	0	0	0	0	0	0	0	0	0	0	0	0	0	0	0	0	0	0	0.004629929862	0.004629929862	0.004629929862	0.004629929862	0.004629929862	0.004629929862	0.004629929862	0.004629929862	0.004629929862	0	0	0	0	0	0	0	0	0	0	0	0	0	0	0	0	0	0	0	0	0	0	0	0	0	0	0	0	0	0	0	0	0	0	0	0	0	0	0	0	0	0	0	0	0	0.0185186598	0.0185186598	0.0185186598	0.0185186598	0.0185186598	0.0185186598	0.0185186598	0.0185186598	0.0185186598	0	0	0	0	0	0	0	0	0	0	0	0	0	0	0	0	0	0	0	0	0	0	0	0	0	0	0	0	0	0	0	0	0	0	0	0	0	0	0	0	0	0	0	0	0	0.004629929862	0.004629929862	0.004629929862	0.004629929862	0.004629929862	0.004629929862	0.004629929862	0.004629929862	0.004629929862	0	0	0	0	0	0	0	0	0	0	0	0	0	0	0	0	0	0	0	0	0	0	0	0	0	0	0	0	0	0	0	0	0	0	0	0	0	0	0	0	0	0	0	0	0	0.001158542108	0.001158542108	0.001158542108	0.001158542108	0.001158542108	0.001158542108	0.001158542108	0.001158542108	0.001158542108	0	0	0	0	0	0	0	0	0	0	0	0	0	0	0	0	0	0	0	0	0	0	0	0	0	0	0	0	0	0	0	0	0	0	0	0	0	0	0	0	0	0	0	0	0	0.0002938740956	0.0002938740956	0.0002938740956	0.0002938740956	0.0002938740956	0.0002938740956	0.0002938740956	0.0002938740956	0.0002938740956	0	0	0	0	0	0	0	0	0	0	0	0	0	0	0	0	0	0	0	0	0	0	0	0	0	0	0	0	0	0	0	0	0	0	0	0	0	0	0	0	0	0	0	0	0	9.042279864e-05	9.042279864e-05	9.042279864e-05	9.042279864e-05	9.042279864e-05	9.042279864e-05	9.042279864e-05	9.042279864e-05	9.042279864e-05	0	0	0	0	0	0	0	0	0	0	0	0	0	0	0	0	0	0	0	0	0	0	0	0	0	0	0	0	0	0	0	0	0	0	0	0	0	0	0	0	0	0	0	0	0	9.042279864e-05	9.042279864e-05	9.042279864e-05	9.042279864e-05	9.042279864e-05	9.042279864e-05	9.042279864e-05	9.042279864e-05	9.042279864e-05	0	0	0	0	0	0	0	0	0	0	0	0	0	0	0	0	0	0	0	0	0	0	0	0	0	0	0	0	0	0	0	0	0	0	0	0	0	0	0	0	0	0	0	0	0	0.0002938740956	0.0002938740956	0.0002938740956	0.0002938740956	0.0002938740956	0.0002938740956	0.0002938740956	0.0002938740956	0.0002938740956	0	0	0	0	0	0	0	0	0	0	0	0	0	0	0	0	0	0	0	0	0	0	0	0	0	0	0	0	0	0	0	0	0	0	0	0	0	0	0	0	0	0	0	0	0	0.001158542108	0.001158542108	0.001158542108	0.001158542108	0.001158542108	0.001158542108	0.001158542108	0.001158542108	0.001158542108	0	0	0	0	0	0	0	0	0	0	0	0
(3,17)	0	0	0	0	0	0	0	0	0	0	0	0	0	0	0	0	0	0	0	0	0	0	0	0	0	0	0	0	0	0	0	0	0	0.004629929862	0.004629929862	0.004629929862	0.004629929862	0.004629929862	0.004629929862	0.004629929862	0.004629929862	0.004629929862	0	0	0	0	0	0	0	0	0	0	0	0	0	0	0	0	0	0	0	0	0	0	0	0	0	0	0	0	0	0	0	0	0	0	0	0	0	0	0	0	0	0	0	0	0	0.0185186598	0.0185186598	0.0185186598	0.0185186598	0.0185186598	0.0185186598	0.0185186598	0.0185186598	0.0185186598	0	0	0	0	0	0	0	0	0	0	0	0	0	0	0	0	0	0	0	0	0	0	0	0	0	0	0	0	0	0	0	0	0	0	0	0	0	0	0	0	0	0	0	0	0	0.004629929862	0.004629929862	0.004629929862	0.004629929862	0.004629929862	0.004629929862	0.004629929862	0.004629929862	0.004629929862	0	0	0	0	0	0	0	0	0	0	0	0	0	0	0	0	0	0	0	0	0	0	0	0	0	0	0	0	0	0	0	0	0	0	0	0	0	0	0	0	0	0	0	0	0	0.001158542108	0.001158542108	0.001158542108	0.001158542108	0.001158542108	0.001158542108	0.001158542108	0.001158542108	0.001158542108	0	0	0	0	0	0	0	0	0	0	0	0	0	0	0	0	0	0	0	0	0	0	0	0	0	0	0	0	0	0	0	0	0	0	0	0	0	0	0	0	0	0	0	0	0	0.0002938740956	0.0002938740956	0.0002938740956	0.0002938740956	0.0002938740956	0.0002938740956	0.0002938740956	0.0002938740956	0.0002938740956	0	0	0	0	0	0	0	0	0	0	0	0	0	0	0	0	0	0	0	0	0	0	0	0	0	0	0	0	0	0	0	0	0	0	0	0	0	0	0	0	0	0	0	0	0	9.042279864e-05	9.042279864e-05	9.042279864e-05	9.042279864e-05	9.042279864e-05	9.042279864e-05	9.042279864e-05	9.042279864e-05	9.042279864e-05	0	0	0	0	0	0	0	0	0	0	0	0	0	0	0	0	0	0	0	0	0	0	0	0	0	0	0	0	0	0	0	0	0	0	0	0	0	0	0	0	0	0	0	0	0	9.042279864e-05	9.042279864e-05	9.042279864e-05	9.042279864e-05	9.042279864e-05	9.042279864e-05	9.042279864e-05	9.042279864e-05	9.042279864e-05	0	0	0	0	0	0	0	0	0	0	0	0	0	0	0	0	0	0	0	0	0	0	0	0	0	0	0	0	0	0	0	0	0	0	0	0	0	0	0	0	0	0	0	0	0	0.0002938740956	0.0002938740956	0.0002938740956	0.0002938740956	0.0002938740956	0.0002938740956	0.0002938740956	0.0002938740956	0.0002938740956	0	0	0	0	0	0	0	0	0	0	0	0	0	0	0	0	0	0	0	0	0	0	0	0	0	0	0	0	0	0	0	0	0	0	0	0	0	0	0	0	0	0	0	0	0	0.001158542108	0.001158542108	0.001158542108	0.001158542108	0.001158542108	0.001158542108	0.001158542108	0.001158542108	0.001158542108	0	0	0	0	0	0	0	0	0	0	0	0
(3,18)	0	0	0	0	0	0	0.04167699818	0	0	0	0	0	0	0	0	0	0	0	0	0	0	0	0	0	0	0	0	0	0	0	0	0	0	0	0	0	0	0	0	0	0	0	0	0	0	0	0	0	0	0	0	0	0	0	0	0	0	0	0	0	0	0.0277783076	0.0277783076	0	0.0277783076	0.0277783076	0	0.0277783076	0.0277783076	0	0	0	0	0	0	0	0	0	0	0	0	0	0	0	0	0	0	0	0	0	0	0	0	0	0	0	0	0	0	0	0	0	0	0	0	0	0	0	0	0	0	0	0	0	0	0.0277783076	0.0277783076	0	0.0277783076	0.0277783076	0	0.0277783076	0.0277783076	0	0	0	0	0	0	0	0	0	0	0	0	0	0	0	0	0	0	0	0	0	0	0	0	0	0	0	0	0	0	0	0	0	0	0	0	0	0	0	0	0	0	0	0	0	0	0	0	0.02083849909	0	0	0.02083849909	0	0	0	0	0	0	0	0	0	0	0	0	0	0	0	0	0	0	0	0	0	0	0	0	0	0	0	0	0	0	0	0	0	0	0	0	0	0	0	0	0	0	0	0	0	0	0	0	0.001742899444	0.001742899444	0	0.001742899444	0.001742899444	0	0.001742899444	0.001742899444	0	0	0	0	0	0	0	0	0	0	0	0	0	0	0	0	0	0	0	0	0	0	0	0	0	0	0	0	0	0	0	0	0	0	0	0	0	0	0	0	0	0	0	0	0	0	0.0004611562731	0.0004611562731	0	0.0004611562731	0.0004611562731	0	0.0004611562731	0.0004611562731	0	0	0	0	0	0	0	0	0	0	0	0	0	0	0	0	0	0	0	0	0	0	0	0	0	0	0	0	0	0	0	0	0	0	0	0	0	0	0	0	0	0	0	0	0	0	0	0	0.0006510441502	0	0	0.0006510441502	0	0	0	0	0	0	0	0	0	0	0	0	0	0	0	0	0	0	0	0	0	0	0	0	0	0	0	0	0	0	0	0	0	0	0	0	0	0	0	0	0	0	0	0	0	0	0	0	0.0004611562731	0.0004611562731	0	0.0004611562731	0.0004611562731	0	0.0004611562731	0.0004611562731	0	0	0	0	0	0	0	0	0	0	0	0	0	0	0	0	0	0	0	0	0	0	0	0	0	0	0	0	0	0	0	0	0	0	0	0	0	0	0	0	0	0	0	0	0	0	0.001742899444	0.001742899444	0	0.001742899444	0.001742899444	0	0.001742899444	0.001742899444	0	0	0	0	0	0	0	0	0	0	0	0	0	0	0	0	0	0	0	0	0	0	0	0	0	0	0	0	0	0	0	0	0	0	0	0	0	0	0
(3,19)	0	0	0	0	0	0	0	0	0	0	0	0	0	0	0	0	0	0	0	0	0	0	0	0	0	0	0	0	0	0	0	0	0	0	0.004629929862	0.004629929862	0.004629929862	0.004629929862	0.004629929862	0.004629929862	0.004629929862	0.004629929862	0.004629929862	0	0	0	0	0	0	0	0	0	0	0	0	0	0	0	0	0	0	0	0	0	0	0	0	0	0	0	0	0	0	0	0	0	0	0	0	0	0	0	0	0	0	0	0	0	0.0185186598	0.0185186598	0.0185186598	0.0185186598	0.0185186598	0.0185186598	0.0185186598	0.0185186598	0.0185186598	0	0	0	0	0	0	0	0	0	0	0	0	0	0	0	0	0	0	0	0	0	0	0	0	0	0	0	0	0	0	0	0	0	0	0	0	0	0	0	0	0	0	0	0	0	0.004629929862	0.004629929862	0.004629929862	0.004629929862	0.004629929862	0.004629929862	0.004629929862	0.004629929862	0.004629929862	0	0	0	0	0	0	0	0	0	0	0	0	0	0	0	0	0	0	0	0	0	0	0	0	0	0	0	0	0	0	0	0	0	0	0	0	0	0	0	0	0	0	0	0	0	0.001158542108	0.001158542108	0.001158542108	0.001158542108	0.001158542108	0.001158542108	0.001158542108	0.001158542108	0.001158542108	0	0	0	0	0	0	0	0	0	0	0	0	0	0	0	0	0	0	0	0	0	0	0	0	0	0	0	0	0	0	0	0	0	0	0	0	0	0	0	0	0	0	0	0	0	0.0002938740956	0.0002938740956	0.0002938740956	0.0002938740956	0.0002938740956	0.0002938740956	0.0002938740956	0.0002938740956	0.0002938740956	0	0	0	0	0	0	0	0	0	0	0	0	0	0	0	0	0	0	0	0	0	0	0	0	0	0	0	0	0	0	0	0	0	0	0	0	0	0	0	0	0	0	0	0	0	9.042279864e-05	9.042279864e-05	9.042279864e-05	9.042279864e-05	9.042279864e-05	9.042279864e-05	9.042279864e-05	9.042279864e-05	9.042279864e-05	0	0	0	0	0	0	0	0	0	0	0	0	0	0	0	0	0	0	0	0	0	0	0	0	0	0	0	0	0	0	0	0	0	0	0	0	0	0	0	0	0	0	0	0	0	9.042279864e-05	9.042279864e-05	9.042279864e-05	9.042279864e-05	9.042279864e-05	9.042279864e-05	9.042279864e-05	9.042279864e-05	9.042279864e-05	0	0	0	0	0	0	0	0	0	0	0	0	0	0	0	0	0	0	0	0	0	0	0	0	0	0	0	0	0	0	0	0	0	0	0	0	0	0	0	0	0	0	0	0	0	0.0002938740956	0.0002938740956	0.0002938740956	0.0002938740956	0.0002938740956	0.0002938740956	0.0002938740956	0.0002938740956	0.0002938740956	0	0	0	0	0	0	0	0	0	0	0	0	0	0	0	0	0	0	0	0	0	0	0	0	0	0	0	0	0	0	0	0	0	0	0	0	0	0	0	0	0	0	0	0	0	0.001158542108	0.001158542108	0.001158542108	0.001158542108	0.001158542108	0.001158542108	0.001158542108	0.001158542108	0.001158542108	0	0	0	0	0	0	0	0	0	0	0
(3,20)	0	0	0	0	0	0	0	0	0	0	0	0	0	0	0	0	0	0	0	0	0	0	0	0	0	0	0	0	0	0	0	0	0	0	0.004629929862	0.004629929862	0.004629929862	0.004629929862	0.004629929862	0.004629929862	0.004629929862	0.004629929862	0.004629929862	0	0	0	0	0	0	0	0	0	0	0	0	0	0	0	0	0	0	0	0	0	0	0	0	0	0	0	0	0	0	0	0	0	0	0	0	0	0	0	0	0	0	0	0	0	0.0185186598	0.0185186598	0.0185186598	0.0185186598	0.0185186598	0.0185186598	0.0185186598	0.0185186598	0.0185186598	0	0	0	0	0	0	0	0	0	0	0	0	0	0	0	0	0	0	0	0	0	0	0	0	0	0	0	0	0	0	0	0	0	0	0	0	0	0	0	0	0	0	0	0	0	0.004629929862	0.004629929862	0.004629929862	0.004629929862	0.004629929862	0.004629929862	0.004629929862	0.004629929862	0.004629929862	0	0	0	0	0	0	0	0	0	0	0	0	0	0	0	0	0	0	0	0	0	0	0	0	0	0	0	0	0	0	0	0	0	0	0	0	0	0	0	0	0	0	0	0	0	0.001158542108	0.001158542108	0.001158542108	0.001158542108	0.001158542108	0.001158542108	0.001158542108	0.001158542108	0.001158542108	0	0	0	0	0	0	0	0	0	0	0	0	0	0	0	0	0	0	0	0	0	0	0	0	0	0	0	0	0	0	0	0	0	0	0	0	0	0	0	0	0	0	0	0	0	0.0002938740956	0.0002938740956	0.0002938740956	0.0002938740956	0.0002938740956	0.0002938740956	0.0002938740956	0.0002938740956	0.0002938740956	0	0	0	0	0	0	0	0	0	0	0	0	0	0	0	0	0	0	0	0	0	0	0	0	0	0	0	0	0	0	0	0	0	0	0	0	0	0	0	0	0	0	0	0	0	9.042279864e-05	9.042279864e-05	9.042279864e-05	9.042279864e-05	9.042279864e-05	9.042279864e-05	9.042279864e-05	9.042279864e-05	9.042279864e-05	0	0	0	0	0	0	0	0	0	0	0	0	0	0	0	0	0	0	0	0	0	0	0	0	0	0	0	0	0	0	0	0	0	0	0	0	0	0	0	0	0	0	0	0	0	9.042279864e-05	9.042279864e-05	9.042279864e-05	9.042279864e-05	9.042279864e-05	9.042279864e-05	9.042279864e-05	9.042279864e-05	9.042279864e-05	0	0	0	0	0	0	0	0	0	0	0	0	0	0	0	0	0	0	0	0	0	0	0	0	0	0	0	0	0	0	0	0	0	0	0	0	0	0	0	0	0	0	0	0	0	0.0002938740956	0.0002938740956	0.0002938740956	0.0002938740956	0.0002938740956	0.0002938740956	0.0002938740956	0.0002938740956	0.0002938740956	0	0	0	0	0	0	0	0	0	0	0	0	0	0	0	0	0	0	0	0	0	0	0	0	0	0	0	0	0	0	0	0	0	0	0	0	0	0	0	0	0	0	0	0	0	0.001158542108	0.001158542108	0.001158542108	0.001158542108	0.001158542108	0.001158542108	0.001158542108	0.001158542108	0.001158542108	0	0	0	0	0	0	0	0	0	0	0
(3,21)	0	0	0	0	0	0	0	0.04167699818	0	0	0	0	0	0	0	0	0	0	0	0	0	0	0	0	0	0	0	0	0	0	0	0	0	0	0	0	0	0	0	0	0	0	0	0	0	0	0	0	0	0	0	0	0	0	0	0	0	0	0	0	0	0	0.0277783076	0.0277783076	0	0.0277783076	0.0277783076	0	0.0277783076	0.0277783076	0	0	0	0	0	0	0	0	0	0	0	0	0	0	0	0	0	0	0	0	0	0	0	0	0	0	0	0	0	0	0	0	0	0	0	0	0	0	0	0	0	0	0	0	0	0	0.0277783076	0.0277783076	0	0.0277783076	0.0277783076	0	0.0277783076	0.0277783076	0	0	0	0	0	0	0	0	0	0	0	0	0	0	0	0	0	0	0	0	0	0	0	0	0	0	0	0	0	0	0	0	0	0	0	0	0	0	0	0	0	0	0	0	0	0	0	0	0.02083849909	0	0	0.02083849909	0	0	0	0	0	0	0	0	0	0	0	0	0	0	0	0	0	0	0	0	0	0	0	0	0	0	0	0	0	0	0	0	0	0	0	0	0	0	0	0	0	0	0	0	0	0	0	0	0.001742899444	0.001742899444	0	0.001742899444	0.001742899444	0	0.001742899444	0.001742899444	0	0	0	0	0	0	0	0	0	0	0	0	0	0	0	0	0	0	0	0	0	0	0	0	0	0	0	0	0	0	0	0	0	0	0	0	0	0	0	0	0	0	0	0	0	0	0.0004611562731	0.0004611562731	0	0.0004611562731	0.0004611562731	0	0.0004611562731	0.0004611562731	0	0	0	0	0	0	0	0	0	0	0	0	0	0	0	0	0	0	0	0	0	0	0	0	0	0	0	0	0	0	0	0	0	0	0	0	0	0	0	0	0	0	0	0	0	0	0	0	0.0006510441502	0	0	0.0006510441502	0	0	0	0	0	0	0	0	0	0	0	0	0	0	0	0	0	0	0	0	0	0	0	0	0	0	0	0	0	0	0	0	0	0	0	0	0	0	0	0	0	0	0	0	0	0	0	0	0.0004611562731	0.0004611562731	0	0.0004611562731	0.0004611562731	0	0.0004611562731	0.0004611562731	0	0	0	0	0	0	0	0	0	0	0	0	0	0	0	0	0	0	0	0	0	0	0	0	0	0	0	0	0	0	0	0	0	0	0	0	0	0	0	0	0	0	0	0	0	0	0.001742899444	0.001742899444	0	0.001742899444	0.001742899444	0	0.001742899444	0.001742899444	0	0	0	0	0	0	0	0	0	0	0	0	0	0	0	0	0	0	0	0	0	0	0	0	0	0	0	0	0	0	0	0	0	0	0	0	0	0
(3,22)	0	0	0	0	0	0	0	0	0	0	0	0	0	0	0	0	0	0	0	0	0	0	0	0	0	0	0	0	0	0	0	0	0	0	0	0.004629929862	0.004629929862	0.004629929862	0.004629929862	0.004629929862	0.004629929862	0.004629929862	0.004629929862	0.004629929862	0	0	0	0	0	0	0	0	0	0	0	0	0	0	0	0	0	0	0	0	0	0	0	0	0	0	0	0	0	0	0	0	0	0	0	0	0	0	0	0	0	0	0	0	0	0.0185186598	0.0185186598	0.0185186598	0.0185186598	0.0185186598	0.0185186598	0.0185186598	0.0185186598	0.0185186598	0	0	0	0	0	0	0	0	0	0	0	0	0	0	0	0	0	0	0	0	0	0	0	0	0	0	0	0	0	0	0	0	0	0	0	0	0	0	0	0	0	0	0	0	0	0.004629929862	0.004629929862	0.004629929862	0.004629929862	0.004629929862	0.004629929862	0.004629929862	0.004629929862	0.004629929862	0	0	0	0	0	0	0	0	0	0	0	0	0	0	0	0	0	0	0	0	0	0	0	0	0	0	0	0	0	0	0	0	0	0	0	0	0	0	0	0	0	0	0	0	0	0.001158542108	0.001158542108	0.001158542108	0.001158542108	0.001158542108	0.001158542108	0.001158542108	0.001158542108	0.001158542108	0	0	0	0	0	0	0	0	0	0	0	0	0	0	0	0	0	0	0	0	0	0	0	0	0	0	0	0	0	0	0	0	0	0	0	0	0	0	0	0	0	0	0	0	0	0.0002938740956	0.0002938740956	0.0002938740956	0.0002938740956	0.0002938740956	0.0002938740956	0.0002938740956	0.0002938740956	0.0002938740956	0	0	0	0	0	0	0	0	0	0	0	0	0	0	0	0	0	0	0	0	0	0	0	0	0	0	0	0	0	0	0	0	0	0	0	0	0	0	0	0	0	0	0	0	0	9.042279864e-05	9.042279864e-05	9.042279864e-05	9.042279864e-05	9.042279864e-05	9.042279864e-05	9.042279864e-05	9.042279864e-05	9.042279864e-05	0	0	0	0	0	0	0	0	0	0	0	0	0	0	0	0	0	0	0	0	0	0	0	0	0	0	0	0	0	0	0	0	0	0	0	0	0	0	0	0	0	0	0	0	0	9.042279864e-05	9.042279864e-05	9.042279864e-05	9.042279864e-05	9.042279864e-05	9.042279864e-05	9.042279864e-05	9.042279864e-05	9.042279864e-05	0	0	0	0	0	0	0	0	0	0	0	0	0	0	0	0	0	0	0	0	0	0	0	0	0	0	0	0	0	0	0	0	0	0	0	0	0	0	0	0	0	0	0	0	0	0.0002938740956	0.0002938740956	0.0002938740956	0.0002938740956	0.0002938740956	0.0002938740956	0.0002938740956	0.0002938740956	0.0002938740956	0	0	0	0	0	0	0	0	0	0	0	0	0	0	0	0	0	0	0	0	0	0	0	0	0	0	0	0	0	0	0	0	0	0	0	0	0	0	0	0	0	0	0	0	0	0.001158542108	0.001158542108	0.001158542108	0.001158542108	0.001158542108	0.001158542108	0.001158542108	0.001158542108	0.001158542108	0	0	0	0	0	0	0	0	0	0
(3,23)	0	0	0	0	0	0	0	0	0	0	0	0	0	0	0	0	0	0	0	0	0	0	0	0	0	0	0	0	0	0	0	0	0	0	0	0.004629929862	0.004629929862	0.004629929862	0.004629929862	0.004629929862	0.004629929862	0.004629929862	0.004629929862	0.004629929862	0	0	0	0	0	0	0	0	0	0	0	0	0	0	0	0	0	0	0	0	0	0	0	0	0	0	0	0	0	0	0	0	0	0	0	0	0	0	0	0	0	0	0	0	0	0.0185186598	0.0185186598	0.0185186598	0.0185186598	0.0185186598	0.0185186598	0.0185186598	0.0185186598	0.0185186598	0	0	0	0	0	0	0	0	0	0	0	0	0	0	0	0	0	0	0	0	0	0	0	0	0	0	0	0	0	0	0	0	0	0	0	0	0	0	0	0	0	0	0	0	0	0.004629929862	0.004629929862	0.004629929862	0.004629929862	0.004629929862	0.004629929862	0.004629929862	0.004629929862	0.004629929862	0	0	0	0	0	0	0	0	0	0	0	0	0	0	0	0	0	0	0	0	0	0	0	0	0	0	0	0	0	0	0	0	0	0	0	0	0	0	0	0	0	0	0	0	0	0.001158542108	0.001158542108	0.001158542108	0.001158542108	0.001158542108	0.001158542108	0.001158542108	0.001158542108	0.001158542108	0	0	0	0	0	0	0	0	0	0	0	0	0	0	0	0	0	0	0	0	0	0	0	0	0	0	0	0	0	0	0	0	0	0	0	0	0	0	0	0	0	0	0	0	0	0.0002938740956	0.0002938740956	0.0002938740956	0.0002938740956	0.0002938740956	0.0002938740956	0.0002938740956	0.0002938740956	0.0002938740956	0	0	0	0	0	0	0	0	0	0	0	0	0	0	0	0	0	0	0	0	0	0	0	0	0	0	0	0	0	0	0	0	0	0	0	0	0	0	0	0	0	0	0	0	0	9.042279864e-05	9.042279864e-05	9.042279864e-05	9.042279864e-05	9.042279864e-05	9.042279864e-05	9.042279864e-05	9.042279864e-05	9.042279864e-05	0	0	0	0	0	0	0	0	0	0	0	0	0	0	0	0	0	0	0	0	0	0	0	0	0	0	0	0	0	0	0	0	0	0	0	0	0	0	0	0	0	0	0	0	0	9.042279864e-05	9.042279864e-05	9.042279864e-05	9.042279864e-05	9.042279864e-05	9.042279864e-05	9.042279864e-05	9.042279864e-05	9.042279864e-05	0	0	0	0	0	0	0	0	0	0	0	0	0	0	0	0	0	0	0	0	0	0	0	0	0	0	0	0	0	0	0	0	0	0	0	0	0	0	0	0	0	0	0	0	0	0.0002938740956	0.0002938740956	0.0002938740956	0.0002938740956	0.0002938740956	0.0002938740956	0.0002938740956	0.0002938740956	0.0002938740956	0	0	0	0	0	0	0	0	0	0	0	0	0	0	0	0	0	0	0	0	0	0	0	0	0	0	0	0	0	0	0	0	0	0	0	0	0	0	0	0	0	0	0	0	0	0.001158542108	0.001158542108	0.001158542108	0.001158542108	0.001158542108	0.001158542108	0.001158542108	0.001158542108	0.001158542108	0	0	0	0	0	0	0	0	0	0
(3,24)	0	0	0	0	0	0	0	0	0.04167699818	0	0	0	0	0	0	0	0	0	0	0	0	0	0	0	0	0	0	0	0	0	0	0	0	0	0	0	0	0	0	0	0	0	0	0	0	0	0	0	0	0	0	0	0	0	0	0	0	0	0	0	0	0	0	0.0277783076	0.0277783076	0	0.0277783076	0.0277783076	0	0.0277783076	0.0277783076	0	0	0	0	0	0	0	0	0	0	0	0	0	0	0	0	0	0	0	0	0	0	0	0	0	0	0	0	0	0	0	0	0	0	0	0	0	0	0	0	0	0	0	0	0	0	0.0277783076	0.0277783076	0	0.0277783076	0.0277783076	0	0.0277783076	0.0277783076	0	0	0	0	0	0	0	0	0	0	0	0	0	0	0	0	0	0	0	0	0	0	0	0	0	0	0	0	0	0	0	0	0	0	0	0	0	0	0	0	0	0	0	0	0	0	0	0	0.02083849909	0	0	0.02083849909	0	0	0	0	0	0	0	0	0	0	0	0	0	0	0	0	0	0	0	0	0	0	0	0	0	0	0	0	0	0	0	0	0	0	0	0	0	0	0	0	0	0	0	0	0	0	0	0	0.001742899444	0.001742899444	0	0.001742899444	0.001742899444	0	0.001742899444	0.001742899444	0	0	0	0	0	0	0	0	0	0	0	0	0	0	0	0	0	0	0	0	0	0	0	0	0	0	0	0	0	0	0	0	0	0	0	0	0	0	0	0	0	0	0	0	0	0	0.0004611562731	0.0004611562731	0	0.0004611562731	0.0004611562731	0	0.0004611562731	0.0004611562731	0	0	0	0	0	0	0	0	0	0	0	0	0	0	0	0	0	0	0	0	0	0	0	0	0	0	0	0	0	0	0	0	0	0	0	0	0	0	0	0	0	0	0	0	0	0	0	0	0.0006510441502	0	0	0.0006510441502	0	0	0	0	0	0	0	0	0	0	0	0	0	0	0	0	0	0	0	0	0	0	0	0	0	0	0	0	0	0	0	0	0	0	0	0	0	0	0	0	0	0	0	0	0	0	0	0	0.0004611562731	0.0004611562731	0	0.0004611562731	0.0004611562731	0	0.0004611562731	0.0004611562731	0	0	0	0	0	0	0	0	0	0	0	0	0	0	0	0	0	0	0	0	0	0	0	0	0	0	0	0	0	0	0	0	0	0	0	0	0	0	0	0	0	0	0	0	0	0	0.001742899444	0.001742899444	0	0.001742899444	0.001742899444	0	0.001742899444	0.001742899444	0	0	0	0	0	0	0	0	0	0	0	0	0	0	0	0	0	0	0	0	0	0	0	0	0	0	0	0	0	0	0	0	0	0	0	0	0
(3,25)	0	0	0	0	0	0	0	0	0	0	0	0	0	0	0	0	0	0	0	0	0	0	0	0	0	0	0	0	0	0	0	0	0	0	0	0	0.004629929862	0.004629929862	0.004629929862	0.004629929862	0.004629929862	0.004629929862	0.004629929862	0.004629929862	0.004629929862	0	0	0	0	0	0	0	0	0	0	0	0	0	0	0	0	0	0	0	0	0	0	0	0	0	0	0	0	0	0	0	0	0	0	0	0	0	0	0	0	0	0	0	0	0	0.0185186598	0.0185186598	0.0185186598	0.0185186598	0.0185186598	0.0185186598	0.0185186598	0.0185186598	0.0185186598	0	0	0	0	0	0	0	0	0	0	0	0	0	0	0	0	0	0	0	0	0	0	0	0	0	0	0	0	0	0	0	0	0	0	0	0	0	0	0	0	0	0	0	0	0	0.004629929862	0.004629929862	0.004629929862	0.004629929862	0.004629929862	0.004629929862	0.004629929862	0.004629929862	0.004629929862	0	0	0	0	0	0	0	0	0	0	0	0	0	0	0	0	0	0	0	0	0	0	0	0	0	0	0	0	0	0	0	0	0	0	0	0	0	0	0	0	0	0	0	0	0	0.001158542108	0.001158542108	0.001158542108	0.001158542108	0.001158542108	0.001158542108	0.001158542108	0.001158542108	0.001158542108	0	0	0	0	0	0	0	0	0	0	0	0	0	0	0	0	0	0	0	0	0	0	0	0	0	0	0	0	0	0	0	0	0	0	0	0	0	0	0	0	0	0	0	0	0	0.0002938740956	0.0002938740956	0.0002938740956	0.0002938740956	0.0002938740956	0.0002938740956	0.0002938740956	0.0002938740956	0.0002938740956	0	0	0	0	0	0	0	0	0	0	0	0	0	0	0	0	0	0	0	0	0	0	0	0	0	0	0	0	0	0	0	0	0	0	0	0	0	0	0	0	0	0	0	0	0	9.042279864e-05	9.042279864e-05	9.042279864e-05	9.042279864e-05	9.042279864e-05	9.042279864e-05	9.042279864e-05	9.042279864e-05	9.042279864e-05	0	0	0	0	0	0	0	0	0	0	0	0	0	0	0	0	0	0	0	0	0	0	0	0	0	0	0	0	0	0	0	0	0	0	0	0	0	0	0	0	0	0	0	0	0	9.042279864e-05	9.042279864e-05	9.042279864e-05	9.042279864e-05	9.042279864e-05	9.042279864e-05	9.042279864e-05	9.042279864e-05	9.042279864e-05	0	0	0	0	0	0	0	0	0	0	0	0	0	0	0	0	0	0	0	0	0	0	0	0	0	0	0	0	0	0	0	0	0	0	0	0	0	0	0	0	0	0	0	0	0	0.0002938740956	0.0002938740956	0.0002938740956	0.0002938740956	0.0002938740956	0.0002938740956	0.0002938740956	0.0002938740956	0.0002938740956	0	0	0	0	0	0	0	0	0	0	0	0	0	0	0	0	0	0	0	0	0	0	0	0	0	0	0	0	0	0	0	0	0	0	0	0	0	0	0	0	0	0	0	0	0	0.001158542108	0.001158542108	0.001158542108	0.001158542108	0.001158542108	0.001158542108	0.001158542108	0.001158542108	0.001158542108	0	0	0	0	0	0	0	0	0
(3,26)	0	0	0	0	0	0	0	0	0	0	0	0	0	0	0	0	0	0	0	0	0	0	0	0	0	0	0	0	0	0	0	0	0	0	0	0	0.004629929862	0.004629929862	0.004629929862	0.004629929862	0.004629929862	0.004629929862	0.004629929862	0.004629929862	0.004629929862	0	0	0	0	0	0	0	0	0	0	0	0	0	0	0	0	0	0	0	0	0	0	0	0	0	0	0	0	0	0	0	0	0	0	0	0	0	0	0	0	0	0	0	0	0	0.0185186598	0.0185186598	0.0185186598	0.0185186598	0.0185186598	0.0185186598	0.0185186598	0.0185186598	0.0185186598	0	0	0	0	0	0	0	0	0	0	0	0	0	0	0	0	0	0	0	0	0	0	0	0	0	0	0	0	0	0	0	0	0	0	0	0	0	0	0	0	0	0	0	0	0	0.004629929862	0.004629929862	0.004629929862	0.004629929862	0.004629929862	0.004629929862	0.004629929862	0.004629929862	0.004629929862	0	0	0	0	0	0	0	0	0	0	0	0	0	0	0	0	0	0	0	0	0	0	0	0	0	0	0	0	0	0	0	0	0	0	0	0	0	0	0	0	0	0	0	0	0	0.001158542108	0.001158542108	0.001158542108	0.001158542108	0.001158542108	0.001158542108	0.001158542108	0.001158542108	0.001158542108	0	0	0	0	0	0	0	0	0	0	0	0	0	0	0	0	0	0	0	0	0	0	0	0	0	0	0	0	0	0	0	0	0	0	0	0	0	0	0	0	0	0	0	0	0	0.0002938740956	0.0002938740956	0.0002938740956	0.0002938740956	0.0002938740956	0.0002938740956	0.0002938740956	0.0002938740956	0.0002938740956	0	0	0	0	0	0	0	0	0	0	0	0	0	0	0	0	0	0	0	0	0	0	0	0	0	0	0	0	0	0	0	0	0	0	0	0	0	0	0	0	0	0	0	0	0	9.042279864e-05	9.042279864e-05	9.042279864e-05	9.042279864e-05	9.042279864e-05	9.042279864e-05	9.042279864e-05	9.042279864e-05	9.042279864e-05	0	0	0	0	0	0	0	0	0	0	0	0	0	0	0	0	0	0	0	0	0	0	0	0	0	0	0	0	0	0	0	0	0	0	0	0	0	0	0	0	0	0	0	0	0	9.042279864e-05	9.042279864e-05	9.042279864e-05	9.042279864e-05	9.042279864e-05	9.042279864e-05	9.042279864e-05	9.042279864e-05	9.042279864e-05	0	0	0	0	0	0	0	0	0	0	0	0	0	0	0	0	0	0	0	0	0	0	0	0	0	0	0	0	0	0	0	0	0	0	0	0	0	0	0	0	0	0	0	0	0	0.0002938740956	0.0002938740956	0.0002938740956	0.0002938740956	0.0002938740956	0.0002938740956	0.0002938740956	0.0002938740956	0.0002938740956	0	0	0	0	0	0	0	0	0	0	0	0	0	0	0	0	0	0	0	0	0	0	0	0	0	0	0	0	0	0	0	0	0	0	0	0	0	0	0	0	0	0	0	0	0	0.001158542108	0.001158542108	0.001158542108	0.001158542108	0.001158542108	0.001158542108	0.001158542108	0.001158542108	0.001158542108	0	0	0	0	0	0	0	0	0
(4,0)	0.02085375794	0	0	0	0	0	0	0	0	0	0	0	0	0	0	0	0	0	0	0	0	0	0	0	0	0	0	0	0	0	0	0	0	0	0	0	0	0	0	0	0	0	0	0	0	0	0	0	0	0	0	0	0	0	0	0.01388978958	0.01388978958	0	0.01388978958	0.01388978958	0	0.01388978958	0.01388978958	0	0	0	0	0	0	0	0	0	0	0	0	0	0	0	0	0	0	0	0	0	0	0	0	0	0	0	0	0	0	0	0	0	0	0	0	0	0	0	0	0	0	0	0	0	0	0.05555597941	0.05555597941	0	0.05555597941	0.05555597941	0	0.05555597941	0.05555597941	0	0	0	0	0	0	0	0	0	0	0	0	0	0	0	0	0	0	0	0	0	0	0	0	0	0	0	0	0	0	0	0	0	0	0	0	0	0	0	0	0	0	0	0	0	0	0	0	0.04166936875	0	0	0.04166936875	0	0	0	0	0	0	0	0	0	0	0	0	0	0	0	0	0	0	0	0	0	0	0	0	0	0	0	0	0	0	0	0	0	0	0	0	0	0	0	0	0	0	0	0	0	0	0	0	0.003475626323	0.003475626323	0	0.003475626323	0.003475626323	0	0.003475626323	0.003475626323	0	0	0	0	0	0	0	0	0	0	0	0	0	0	0	0	0	0	0	0	0	0	0	0	0	0	0	0	0	0	0	0	0	0	0	0	0	0	0	0	0	0	0	0	0	0	0.0008816222867	0.0008816222867	0	0.0008816222867	0.0008816222867	0	0.0008816222867	0.0008816222867	0	0	0	0	0	0	0	0	0	0	0	0	0	0	0	0	0	0	0	0	0	0	0	0	0	0	0	0	0	0	0	0	0	0	0	0	0	0	0	0	0	0	0	0	0	0	0	0	0.0008138051878	0	0	0.0008138051878	0	0	0	0	0	0	0	0	0	0	0	0	0	0	0	0	0	0	0	0	0	0	0	0	0	0	0	0	0	0	0	0	0	0	0	0	0	0	0	0	0	0	0	0	0	0	0	0	0.0002712683959	0.0002712683959	0	0.0002712683959	0.0002712683959	0	0.0002712683959	0.0002712683959	0	0	0	0	0	0	0	0	0	0	0	0	0	0	0	0	0	0	0	0	0	0	0	0	0	0	0	0	0	0	0	0	0	0	0	0	0	0	0	0	0	0	0	0	0	0	0.0008816222867	0.0008816222867	0	0.0008816222867	0.0008816222867	0	0.0008816222867	0.0008816222867	0	0	0	0	0	0	0	0	0	0	0	0	0	0	0	0	0	0	0	0	0	0	0	0	0	0	0	0	0	0	0	0	0	0	0	0	0	0	0	0	0	0	0	0	0
(4,1)	0	0	0	0	0	0	0	0	0	0	0	0	0	0	0	0	0	0	0	0	0	0	0	0	0	0	0	0	0.002315388788	0.002315388788	0.002315388788	0.002315388788	0.002315388788	0.002315388788	0.002315388788	0.002315388788	0.002315388788	0	0	0	0	0	0	0	0	0	0	0	0	0	0	0	0	0	0	0	0	0	0	0	0	0	0	0	0	0	0	0	0	0	0	0	0	0	0	0	0	0	0	0	0	0	0.009259435866	0.009259435866	0.009259435866	0.009259435866	0.009259435866	0.009259435866	0.009259435866	0.009259435866	0.009259435866	0	0	0	0	0	0	0	0	0	0	0	0	0	0	0	0	0	0	0	0	0	0	0	0	0	0	0	0	0	0	0	0	0	0	0	0	0	0	0	0	0	0	0	0	0	0.009259435866	0.009259435866	0.009259435866	0.009259435866	0.009259435866	0.009259435866	0.009259435866	0.009259435866	0.009259435866	0	0	0	0	0	0	0	0	0	0	0	0	0	0	0	0	0	0	0	0	0	0	0	0	0	0	0	0	0	0	0	0	0	0	0	0	0	0	0	0	0	0	0	0	0	0.002315388788	0.002315388788	0.002315388788	0.002315388788	0.002315388788	0.002315388788	0.002315388788	0.002315388788	0.002315388788	0	0	0	0	0	0	0	0	0	0	0	0	0	0	0	0	0	0	0	0	0	0	0	0	0	0	0	0	0	0	0	0	0	0	0	0	0	0	0	0	0	0	0	0	0	0.0005809664813	0.0005809664813	0.0005809664813	0.0005809664813	0.0005809664813	0.0005809664813	0.0005809664813	0.0005809664813	0.0005809664813	0	0	0	0	0	0	0	0	0	0	0	0	0	0	0	0	0	0	0	0	0	0	0	0	0	0	0	0	0	0	0	0	0	0	0	0	0	0	0	0	0	0	0	0	0	0.0001537187577	0.0001537187577	0.0001537187577	0.0001537187577	0.0001537187577	0.0001537187577	0.0001537187577	0.0001537187577	0.0001537187577	0	0	0	0	0	0	0	0	0	0	0	0	0	0	0	0	0	0	0	0	0	0	0	0	0	0	0	0	0	0	0	0	0	0	0	0	0	0	0	0	0	0	0	0	0	7.233823891e-05	7.233823891e-05	7.233823891e-05	7.233823891e-05	7.233823891e-05	7.233823891e-05	7.233823891e-05	7.233823891e-05	7.233823891e-05	0	0	0	0	0	0	0	0	0	0	0	0	0	0	0	0	0	0	0	0	0	0	0	0	0	0	0	0	0	0	0	0	0	0	0	0	0	0	0	0	0	0	0	0	0	0.0001537187577	0.0001537187577	0.0001537187577	0.0001537187577	0.0001537187577	0.0001537187577	0.0001537187577	0.0001537187577	0.0001537187577	0	0	0	0	0	0	0	0	0	0	0	0	0	0	0	0	0	0	0	0	0	0	0	0	0	0	0	0	0	0	0	0	0	0	0	0	0	0	0	0	0	0	0	0	0	0.0005809664813	0.0005809664813	0.0005809664813	0.0005809664813	0.0005809664813	0.0005809664813	0.0005809664813	0.0005809664813	0.0005809664813	0	0	0	0	0	0	0	0	0	0	0	0	0	0	0	0	0
(4,2)	0	0	0	0	0	0	0	0	0	0	0	0	0	0	0	0	0	0	0	0	0	0	0	0	0	0	0	0	0.002315388788	0.002315388788	0.002315388788	0.002315388788	0.002315388788	0.002315388788	0.002315388788	0.002315388788	0.002315388788	0	0	0	0	0	0	0	0	0	0	0	0	0	0	0	0	0	0	0	0	0	0	0	0	0	0	0	0	0	0	0	0	0	0	0	0	0	0	0	0	0	0	0	0	0	0.009259435866	0.009259435866	0.009259435866	0.009259435866	0.009259435866	0.009259435866	0.009259435866	0.009259435866	0.009259435866	0	0	0	0	0	0	0	0	0	0	0	0	0	0	0	0	0	0	0	0	0	0	0	0	0	0	0	0	0	0	0	0	0	0	0	0	0	0	0	0	0	0	0	0	0	0.009259435866	0.009259435866	0.009259435866	0.009259435866	0.009259435866	0.009259435866	0.009259435866	0.009259435866	0.009259435866	0	0	0	0	0	0	0	0	0	0	0	0	0	0	0	0	0	0	0	0	0	0	0	0	0	0	0	0	0	0	0	0	0	0	0	0	0	0	0	0	0	0	0	0	0	0.002315388788	0.002315388788	0.002315388788	0.002315388788	0.002315388788	0.002315388788	0.002315388788	0.002315388788	0.002315388788	0	0	0	0	0	0	0	0	0	0	0	0	0	0	0	0	0	0	0	0	0	0	0	0	0	0	0	0	0	0	0	0	0	0	0	0	0	0	0	0	0	0	0	0	0	0.0005809664813	0.0005809664813	0.0005809664813	0.0005809664813	0.0005809664813	0.0005809664813	0.0005809664813	0.0005809664813	0.0005809664813	0	0	0	0	0	0	0	0	0	0	0	0	0	0	0	0	0	0	0	0	0	0	0	0	0	0	0	0	0	0	0	0	0	0	0	0	0	0	0	0	0	0	0	0	0	0.0001537187577	0.0001537187577	0.0001537187577	0.0001537187577	0.0001537187577	0.0001537187577	0.0001537187577	0.0001537187577	0.0001537187577	0	0	0	0	0	0	0	0	0	0	0	0	0	0	0	0	0	0	0	0	0	0	0	0	0	0	0	0	0	0	0	0	0	0	0	0	0	0	0	0	0	0	0	0	0	7.233823891e-05	7.233823891e-05	7.233823891e-05	7.233823891e-05	7.233823891e-05	7.233823891e-05	7.233823891e-05	7.233823891e-05	7.233823891e-05	0	0	0	0	0	0	0	0	0	0	0	0	0	0	0	0	0	0	0	0	0	0	0	0	0	0	0	0	0	0	0	0	0	0	0	0	0	0	0	0	0	0	0	0	0	0.0001537187577	0.0001537187577	0.0001537187577	0.0001537187577	0.0001537187577	0.0001537187577	0.0001537187577	0.0001537187577	0.0001537187577	0	0	0	0	0	0	0	0	0	0	0	0	0	0	0	0	0	0	0	0	0	0	0	0	0	0	0	0	0	0	0	0	0	0	0	0	0	0	0	0	0	0	0	0	0	0.0005809664813	0.0005809664813	0.0005809664813	0.0005809664813	0.0005809664813	0.0005809664813	0.0005809664813	0.0005809664813	0.0005809664813	0	0	0	0	0	0	0	0	0	0	0	0	0	0	0	0	0
(4,3)	0	0.02085375794	0	0	0	0	0	0	0	0	0	0	0	0	0	0	0	0	0	0	0	0	0	0	0	0	0	0	0	0	0	0	0	0	0	0	0	0	0	0	0	0	0	0	0	0	0	0	0	0	0	0	0	0	0	0	0.01388978958	0.01388978958	0	0.01388978958	0.01388978958	0	0.01388978958	0.01388978958	0	0	0	0	0	0	0	0	0	0	0	0	0	0	0	0	0	0	0	0	0	0	0	0	0	0	0	0	0	0	0	0	0	0	0	0	0	0	0	0	0	0	0	0	0	0	0.05555597941	0.05555597941	0	0.05555597941	0.05555597941	0	0.05555597941	0.05555597941	0	0	0	0	0	0	0	0	0	0	0	0	0	0	0	0	0	0	0	0	0	0	0	0	0	0	0	0	0	0	0	0	0	0	0	0	0	0	0	0	0	0	0	0	0	0	0	0	0.04166936875	0	0	0.04166936875	0	0	0	0	0	0	0	0	0	0	0	0	0	0	0	0	0	0	0	0	0	0	0	0	0	0	0	0	0	0	0	0	0	0	0	0	0	0	0	0	0	0	0	0	0	0	0	0	0.003475626323	0.003475626323	0	0.003475626323	0.003475626323	0	0.003475626323	0.003475626323	0	0	0	0	0	0	0	0	0	0	0	0	0	0	0	0	0	0	0	0	0	0	0	0	0	0	0	0	0	0	0	0	0	0	0	0	0	0	0	0	0	0	0	0	0	0	0.0008816222867	0.0008816222867	0	0.0008816222867	0.0008816222867	0	0.0008816222867	0.0008816222867	0	0	0	0	0	0	0	0	0	0	0	0	0	0	0	0	0	0	0	0	0	0	0	0	0	0	0	0	0	0	0	0	0	0	0	0	0	0	0	0	0	0	0	0	0	0	0	0	0.0008138051878	0	0	0.0008138051878	0	0	0	0	0	0	0	0	0	0	0	0	0	0	0	0	0	0	0	0	0	0	0	0	0	0	0	0	0	0	0	0	0	0	0	0	0	0	0	0	0	0	0	0	0	0	0	0	0.0002712683959	0.0002712683959	0	0.0002712683959	0.0002712683959	0	0.0002712683959	0.0002712683959	0	0	0	0	0	0	0	0	0	0	0	0	0	0	0	0	0	0	0	0	0	0	0	0	0	0	0	0	0	0	0	0	0	0	0	0	0	0	0	0	0	0	0	0	0	0	0.0008816222867	0.0008816222867	0	0.0008816222867	0.0008816222867	0	0.0008816222867	0.0008816222867	0	0	0	0	0	0	0	0	0	0	0	0	0	0	0	0	0	0	0	0	0	0	0	0	0	0	0	0	0	0	0	0	0	0	0	0	0	0	0	0	0	0	0	0
(4,4)	0	0	0	0	0	0	0	0	0	0	0	0	0	0	0	0	0	0	0	0	0	0	0	0	0	0	0	0	0	0.002315388788	0.002315388788	0.002315388788	0.002315388788	0.002315388788	0.002315388788	0.002315388788	0.002315388788	0.002315388788	0	0	0	0	0	0	0	0	0	0	0	0	0	0	0	0	0	0	0	0	0	0	0	0	0	0	0	0	0	0	0	0	0	0	0	0	0	0	0	0	0	0	0	0	0	0.009259435866	0.009259435866	0.009259435866	0.009259435866	0.009259435866	0.009259435866	0.009259435866	0.009259435866	0.009259435866	0	0	0	0	0	0	0	0	0	0	0	0	0	0	0	0	0	0	0	0	0	0	0	0	0	0	0	0	0	0	0	0	0	0	0	0	0	0	0	0	0	0	0	0	0	0.009259435866	0.009259435866	0.009259435866	0.009259435866	0.009259435866	0.009259435866	0.009259435866	0.009259435866	0.009259435866	0	0	0	0	0	0	0	0	0	0	0	0	0	0	0	0	0	0	0	0	0	0	0	0	0	0	0	0	0	0	0	0	0	0	0	0	0	0	0	0	0	0	0	0	0	0.002315388788	0.002315388788	0.002315388788	0.002315388788	0.002315388788	0.002315388788	0.002315388788	0.002315388788	0.002315388788	0	0	0	0	0	0	0	0	0	0	0	0	0	0	0	0	0	0	0	0	0	0	0	0	0	0	0	0	0	0	0	0	0	0	0	0	0	0	0	0	0	0	0	0	0	0.0005809664813	0.0005809664813	0.0005809664813	0.0005809664813	0.0005809664813	0.0005809664813	0.0005809664813	0.0005809664813	0.0005809664813	0	0	0	0	0	0	0	0	0	0	0	0	0	0	0	0	0	0	0	0	0	0	0	0	0	0	0	0	0	0	0	0	0	0	0	0	0	0	0	0	0	0	0	0	0	0.0001537187577	0.0001537187577	0.0001537187577	0.0001537187577	0.0001537187577	0.0001537187577	0.0001537187577	0.0001537187577	0.0001537187577	0	0	0	0	0	0	0	0	0	0	0	0	0	0	0	0	0	0	0	0	0	0	0	0	0	0	0	0	0	0	0	0	0	0	0	0	0	0	0	0	0	0	0	0	0	7.233823891e-05	7.233823891e-05	7.233823891e-05	7.233823891e-05	7.233823891e-05	7.233823891e-05	7.233823891e-05	7.233823891e-05	7.233823891e-05	0	0	0	0	0	0	0	0	0	0	0	0	0	0	0	0	0	0	0	0	0	0	0	0	0	0	0	0	0	0	0	0	0	0	0	0	0	0	0	0	0	0	0	0	0	0.0001537187577	0.0001537187577	0.0001537187577	0.0001537187577	0.0001537187577	0.0001537187577	0.0001537187577	0.0001537187577	0.0001537187577	0	0	0	0	0	0	0	0	0	0	0	0	0	0	0	0	0	0	0	0	0	0	0	0	0	0	0	0	0	0	0	0	0	0	0	0	0	0	0	0	0	0	0	0	0	0.0005809664813	0.0005809664813	0.0005809664813	0.0005809664813	0.0005809664813	0.0005809664813	0.0005809664813	0.0005809664813	0.0005809664813	0	0	0	0	0	0	0	0	0	0	0	0	0	0	0	0
(4,5)	0	0	0	0	0	0	0	0	0	0	0	0	0	0	0	0	0	0	0	0	0	0	0	0	0	0	0	0	0	0.002315388788	0.002315388788	0.002315388788	0.002315388788	0.002315388788	0.002315388788	0.002315388788	0.002315388788	0.002315388788	0	0	0	0	0	0	0	0	0	0	0	0	0	0	0	0	0	0	0	0	0	0	0	0	0	0	0	0	0	0	0	0	0	0	0	0	0	0	0	0	0	0	0	0	0	0.009259435866	0.009259435866	0.009259435866	0.009259435866	0.009259435866	0.009259435866	0.009259435866	0.009259435866	0.009259435866	0	0	0	0	0	0	0	0	0	0	0	0	0	0	0	0	0	0	0	0	0	0	0	0	0	0	0	0	0	0	0	0	0	0	0	0	0	0	0	0	0	0	0	0	0	0.009259435866	0.009259435866	0.009259435866	0.009259435866	0.009259435866	0.009259435866	0.009259435866	0.009259435866	0.009259435866	0	0	0	0	0	0	0	0	0	0	0	0	0	0	0	0	0	0	0	0	0	0	0	0	0	0	0	0	0	0	0	0	0	0	0	0	0	0	0	0	0	0	0	0	0	0.002315388788	0.002315388788	0.002315388788	0.002315388788	0.002315388788	0.002315388788	0.002315388788	0.002315388788	0.002315388788	0	0	0	0	0	0	0	0	0	0	0	0	0	0	0	0	0	0	0	0	0	0	0	0	0	0	0	0	0	0	0	0	0	0	0	0	0	0	0	0	0	0	0	0	0	0.0005809664813	0.0005809664813	0.0005809664813	0.0005809664813	0.0005809664813	0.0005809664813	0.0005809664813	0.0005809664813	0.0005809664813	0	0	0	0	0	0	0	0	0	0	0	0	0	0	0	0	0	0	0	0	0	0	0	0	0	0	0	0	0	0	0	0	0	0	0	0	0	0	0	0	0	0	0	0	0	0.0001537187577	0.0001537187577	0.0001537187577	0.0001537187577	0.0001537187577	0.0001537187577	0.0001537187577	0.0001537187577	0.0001537187577	0	0	0	0	0	0	0	0	0	0	0	0	0	0	0	0	0	0	0	0	0	0	0	0	0	0	0	0	0	0	0	0	0	0	0	0	0	0	0	0	0	0	0	0	0	7.233823891e-05	7.233823891e-05	7.233823891e-05	7.233823891e-05	7.233823891e-05	7.233823891e-05	7.233823891e-05	7.233823891e-05	7.233823891e-05	0	0	0	0	0	0	0	0	0	0	0	0	0	0	0	0	0	0	0	0	0	0	0	0	0	0	0	0	0	0	0	0	0	0	0	0	0	0	0	0	0	0	0	0	0	0.0001537187577	0.0001537187577	0.0001537187577	0.0001537187577	0.0001537187577	0.0001537187577	0.0001537187577	0.0001537187577	0.0001537187577	0	0	0	0	0	0	0	0	0	0	0	0	0	0	0	0	0	0	0	0	0	0	0	0	0	0	0	0	0	0	0	0	0	0	0	0	0	0	0	0	0	0	0	0	0	0.0005809664813	0.0005809664813	0.0005809664813	0.0005809664813	0.0005809664813	0.0005809664813	0.0005809664813	0.0005809664813	0.0005809664813	0	0	0	0	0	0	0	0	0	0	0	0	0	0	0	0
(4,6)	0	0	0.02085375794	0	0	0	0	0	0	0	0	0	0	0	0	0	0	0	0	0	0	0	0	0	0	0	0	0	0	0	0	0	0	0	0	0	0	0	0	0	0	0	0	0	0	0	0	0	0	0	0	0	0	0	0	0	0	0.01388978958	0.01388978958	0	0.01388978958	0.01388978958	0	0.01388978958	0.01388978958	0	0	0	0	0	0	0	0	0	0	0	0	0	0	0	0	0	0	0	0	0	0	0	0	0	0	0	0	0	0	0	0	0	0	0	0	0	0	0	0	0	0	0	0	0	0	0.05555597941	0.05555597941	0	0.05555597941	0.05555597941	0	0.05555597941	0.05555597941	0	0	0	0	0	0	0	0	0	0	0	0	0	0	0	0	0	0	0	0	0	0	0	0	0	0	0	0	0	0	0	0	0	0	0	0	0	0	0	0	0	0	0	0	0	0	0	0	0.04166936875	0	0	0.04166936875	0	0	0	0	0	0	0	0	0	0	0	0	0	0	0	0	0	0	0	0	0	0	0	0	0	0	0	0	0	0	0	0	0	0	0	0	0	0	0	0	0	0	0	0	0	0	0	0	0.003475626323	0.003475626323	0	0.003475626323	0.003475626323	0	0.003475626323	0.003475626323	0	0	0	0	0	0	0	0	0	0	0	0	0	0	0	0	0	0	0	0	0	0	0	0	0	0	0	0	0	0	0	0	0	0	0	0	0	0	0	0	0	0	0	0	0	0	0.0008816222867	0.0008816222867	0	0.0008816222867	0.0008816222867	0	0.0008816222867	0.0008816222867	0	0	0	0	0	0	0	0	0	0	0	0	0	0	0	0	0	0	0	0	0	0	0	0	0	0	0	0	0	0	0	0	0	0	0	0	0	0	0	0	0	0	0	0	0	0	0	0	0.0008138051878	0	0	0.0008138051878	0	0	0	0	0	0	0	0	0	0	0	0	0	0	0	0	0	0	0	0	0	0	0	0	0	0	0	0	0	0	0	0	0	0	0	0	0	0	0	0	0	0	0	0	0	0	0	0	0.0002712683959	0.0002712683959	0	0.0002712683959	0.0002712683959	0	0.0002712683959	0.0002712683959	0	0	0	0	0	0	0	0	0	0	0	0	0	0	0	0	0	0	0	0	0	0	0	0	0	0	0	0	0	0	0	0	0	0	0	0	0	0	0	0	0	0	0	0	0	0	0.0008816222867	0.0008816222867	0	0.0008816222867	0.0008816222867	0	0.0008816222867	0.0008816222867	0	0	0	0	0	0	0	0	0	0	0	0	0	0	0	0	0	0	0	0	0	0	0	0	0	0	0	0	0	0	0	0	0	0	0	0	0	0	0	0	0	0	0
(4,7)	0	0	0	0	0	0	0	0	0	0	0	0	0	0	0	0	0	0	0	0	0	0	0	0	0	0	0	0	0	0	0.002315388788	0.002315388788	0.002315388788	0.002315388788	0.002315388788	0.002315388788	0.002315388788	0.002315388788	0.002315388788	0	0	0	0	0	0	0	0	0	0	0	0	0	0	0	0	0	0	0	0	0	0	0	0	0	0	0	0	0	0	0	0	0	0	0	0	0	0	0	0	0	0	0	0	0	0.009259435866	0.009259435866	0.009259435866	0.009259435866	0.009259435866	0.009259435866	0.009259435866	0.009259435866	0.009259435866	0	0	0	0	0	0	0	0	0	0	0	0	0	0	0	0	0	0	0	0	0	0	0	0	0	0	0	0	0	0	0	0	0	0	0	0	0	0	0	0	0	0	0	0	0	0.009259435866	0.009259435866	0.009259435866	0.009259435866	0.009259435866	0.009259435866	0.009259435866	0.009259435866	0.009259435866	0	0	0	0	0	0	0	0	0	0	0	0	0	0	0	0	0	0	0	0	0	0	0	0	0	0	0	0	0	0	0	0	0	0	0	0	0	0	0	0	0	0	0	0	0	0.002315388788	0.002315388788	0.002315388788	0.002315388788	0.002315388788	0.002315388788	0.002315388788	0.002315388788	0.002315388788	0	0	0	0	0	0	0	0	0	0	0	0	0	0	0	0	0	0	0	0	0	0	0	0	0	0	0	0	0	0	0	0	0	0	0	0	0	0	0	0	0	0	0	0	0	0.0005809664813	0.0005809664813	0.0005809664813	0.0005809664813	0.0005809664813	0.0005809664813	0.0005809664813	0.0005809664813	0.0005809664813	0	0	0	0	0	0	0	0	0	0	0	0	0	0	0	0	0	0	0	0	0	0	0	0	0	0	0	0	0	0	0	0	0	0	0	0	0	0	0	0	0	0	0	0	0	0.0001537187577	0.0001537187577	0.0001537187577	0.0001537187577	0.0001537187577	0.0001537187577	0.0001537187577	0.0001537187577	0.0001537187577	0	0	0	0	0	0	0	0	0	0	0	0	0	0	0	0	0	0	0	0	0	0	0	0	0	0	0	0	0	0	0	0	0	0	0	0	0	0	0	0	0	0	0	0	0	7.233823891e-05	7.233823891e-05	7.233823891e-05	7.233823891e-05	7.233823891e-05	7.233823891e-05	7.233823891e-05	7.233823891e-05	7.233823891e-05	0	0	0	0	0	0	0	0	0	0	0	0	0	0	0	0	0	0	0	0	0	0	0	0	0	0	0	0	0	0	0	0	0	0	0	0	0	0	0	0	0	0	0	0	0	0.0001537187577	0.0001537187577	0.0001537187577	0.0001537187577	0.0001537187577	0.0001537187577	0.0001537187577	0.0001537187577	0.0001537187577	0	0	0	0	0	0	0	0	0	0	0	0	0	0	0	0	0	0	0	0	0	0	0	0	0	0	0	0	0	0	0	0	0	0	0	0	0	0	0	0	0	0	0	0	0	0.0005809664813	0.0005809664813	0.0005809664813	0.0005809664813	0.0005809664813	0.0005809664813	0.0005809664813	0.0005809664813	0.0005809664813	0	0	0	0	0	0	0	0	0	0	0	0	0	0	0
(4,8)	0	0	0	0	0	0	0	0	0	0	0	0	0	0	0	0	0	0	0	0	0	0	0	0	0	0	0	0	0	0	0.002315388788	0.002315388788	0.002315388788	0.002315388788	0.002315388788	0.002315388788	0.002315388788	0.002315388788	0.002315388788	0	0	0	0	0	0	0	0	0	0	0	0	0	0	0	0	0	0	0	0	0	0	0	0	0	0	0	0	0	0	0	0	0	0	0	0	0	0	0	0	0	0	0	0	0	0.009259435866	0.009259435866	0.009259435866	0.009259435866	0.009259435866	0.009259435866	0.009259435866	0.009259435866	0.009259435866	0	0	0	0	0	0	0	0	0	0	0	0	0	0	0	0	0	0	0	0	0	0	0	0	0	0	0	0	0	0	0	0	0	0	0	0	0	0	0	0	0	0	0	0	0	0.009259435866	0.009259435866	0.009259435866	0.009259435866	0.009259435866	0.009259435866	0.009259435866	0.009259435866	0.009259435866	0	0	0	0	0	0	0	0	0	0	0	0	0	0	0	0	0	0	0	0	0	0	0	0	0	0	0	0	0	0	0	0	0	0	0	0	0	0	0	0	0	0	0	0	0	0.002315388788	0.002315388788	0.002315388788	0.002315388788	0.002315388788	0.002315388788	0.002315388788	0.002315388788	0.002315388788	0	0	0	0	0	0	0	0	0	0	0	0	0	0	0	0	0	0	0	0	0	0	0	0	0	0	0	0	0	0	0	0	0	0	0	0	0	0	0	0	0	0	0	0	0	0.0005809664813	0.0005809664813	0.0005809664813	0.0005809664813	0.0005809664813	0.0005809664813	0.0005809664813	0.0005809664813	0.0005809664813	0	0	0	0	0	0	0	0	0	0	0	0	0	0	0	0	0	0	0	0	0	0	0	0	0	0	0	0	0	0	0	0	0	0	0	0	0	0	0	0	0	0	0	0	0	0.0001537187577	0.0001537187577	0.0001537187577	0.0001537187577	0.0001537187577	0.0001537187577	0.0001537187577	0.0001537187577	0.0001537187577	0	0	0	0	0	0	0	0	0	0	0	0	0	0	0	0	0	0	0	0	0	0	0	0	0	0	0	0	0	0	0	0	0	0	0	0	0	0	0	0	0	0	0	0	0	7.233823891e-05	7.233823891e-05	7.233823891e-05	7.233823891e-05	7.233823891e-05	7.233823891e-05	7.233823891e-05	7.233823891e-05	7.233823891e-05	0	0	0	0	0	0	0	0	0	0	0	0	0	0	0	0	0	0	0	0	0	0	0	0	0	0	0	0	0	0	0	0	0	0	0	0	0	0	0	0	0	0	0	0	0	0.0001537187577	0.0001537187577	0.0001537187577	0.0001537187577	0.0001537187577	0.0001537187577	0.0001537187577	0.0001537187577	0.0001537187577	0	0	0	0	0	0	0	0	0	0	0	0	0	0	0	0	0	0	0	0	0	0	0	0	0	0	0	0	0	0	0	0	0	0	0	0	0	0	0	0	0	0	0	0	0	0.0005809664813	0.0005809664813	0.0005809664813	0.0005809664813	0.0005809664813	0.0005809664813	0.0005809664813	0.0005809664813	0.0005809664813	0	0	0	0	0	0	0	0	0	0	0	0	0	0	0
(4,9)	0	0	0	0.02085375794	0	0	0	0	0	0	0	0	0	0	0	0	0	0	0	0	0	0	0	0	0	0	0	0	0	0	0	0	0	0	0	0	0	0	0	0	0	0	0	0	0	0	0	0	0	0	0	0	0	0	0	0	0	0	0.01388978958	0.01388978958	0	0.01388978958	0.01388978958	0	0.01388978958	0.01388978958	0	0	0	0	0	0	0	0	0	0	0	0	0	0	0	0	0	0	0	0	0	0	0	0	0	0	0	0	0	0	0	0	0	0	0	0	0	0	0	0	0	0	0	0	0	0	0.05555597941	0.05555597941	0	0.05555597941	0.05555597941	0	0.05555597941	0.05555597941	0	0	0	0	0	0	0	0	0	0	0	0	0	0	0	0	0	0	0	0	0	0	0	0	0	0	0	0	0	0	0	0	0	0	0	0	0	0	0	0	0	0	0	0	0	0	0	0	0.04166936875	0	0	0.04166936875	0	0	0	0	0	0	0	0	0	0	0	0	0	0	0	0	0	0	0	0	0	0	0	0	0	0	0	0	0	0	0	0	0	0	0	0	0	0	0	0	0	0	0	0	0	0	0	0	0.003475626323	0.003475626323	0	0.003475626323	0.003475626323	0	0.003475626323	0.003475626323	0	0	0	0	0	0	0	0	0	0	0	0	0	0	0	0	0	0	0	0	0	0	0	0	0	0	0	0	0	0	0	0	0	0	0	0	0	0	0	0	0	0	0	0	0	0	0.0008816222867	0.0008816222867	0	0.0008816222867	0.0008816222867	0	0.0008816222867	0.0008816222867	0	0	0	0	0	0	0	0	0	0	0	0	0	0	0	0	0	0	0	0	0	0	0	0	0	0	0	0	0	0	0	0	0	0	0	0	0	0	0	0	0	0	0	0	0	0	0	0	0.0008138051878	0	0	0.0008138051878	0	0	0	0	0	0	0	0	0	0	0	0	0	0	0	0	0	0	0	0	0	0	0	0	0	0	0	0	0	0	0	0	0	0	0	0	0	0	0	0	0	0	0	0	0	0	0	0	0.0002712683959	0.0002712683959	0	0.0002712683959	0.0002712683959	0	0.0002712683959	0.0002712683959	0	0	0	0	0	0	0	0	0	0	0	0	0	0	0	0	0	0	0	0	0	0	0	0	0	0	0	0	0	0	0	0	0	0	0	0	0	0	0	0	0	0	0	0	0	0	0.0008816222867	0.0008816222867	0	0.0008816222867	0.0008816222867	0	0.0008816222867	0.0008816222867	0	0	0	0	0	0	0	0	0	0	0	0	0	0	0	0	0	0	0	0	0	0	0	0	0	0	0	0	0	0	0	0	0	0	0	0	0	0	0	0	0	0
(4,10)	0	0	0	0	0	0	0	0	0	0	0	0	0	0	0	0	0	0	0	0	0	0	0	0	0	0	0	0	0	0	0	0.002315388788	0.002315388788	0.002315388788	0.002315388788	0.002315388788	0.002315388788	0.002315388788	0.002315388788	0.002315388788	0	0	0	0	0	0	0	0	0	0	0	0	0	0	0	0	0	0	0	0	0	0	0	0	0	0	0	0	0	0	0	0	0	0	0	0	0	0	0	0	0	0	0	0	0	0.009259435866	0.009259435866	0.009259435866	0.009259435866	0.009259435866	0.009259435866	0.009259435866	0.009259435866	0.009259435866	0	0	0	0	0	0	0	0	0	0	0	0	0	0	0	0	0	0	0	0	0	0	0	0	0	0	0	0	0	0	0	0	0	0	0	0	0	0	0	0	0	0	0	0	0	0.009259435866	0.009259435866	0.009259435866	0.009259435866	0.009259435866	0.009259435866	0.009259435866	0.009259435866	0.009259435866	0	0	0	0	0	0	0	0	0	0	0	0	0	0	0	0	0	0	0	0	0	0	0	0	0	0	0	0	0	0	0	0	0	0	0	0	0	0	0	0	0	0	0	0	0	0.002315388788	0.002315388788	0.002315388788	0.002315388788	0.002315388788	0.002315388788	0.002315388788	0.002315388788	0.002315388788	0	0	0	0	0	0	0	0	0	0	0	0	0	0	0	0	0	0	0	0	0	0	0	0	0	0	0	0	0	0	0	0	0	0	0	0	0	0	0	0	0	0	0	0	0	0.0005809664813	0.0005809664813	0.0005809664813	0.0005809664813	0.0005809664813	0.0005809664813	0.0005809664813	0.0005809664813	0.0005809664813	0	0	0	0	0	0	0	0	0	0	0	0	0	0	0	0	0	0	0	0	0	0	0	0	0	0	0	0	0	0	0	0	0	0	0	0	0	0	0	0	0	0	0	0	0	0.0001537187577	0.0001537187577	0.0001537187577	0.0001537187577	0.0001537187577	0.0001537187577	0.0001537187577	0.0001537187577	0.0001537187577	0	0	0	0	0	0	0	0	0	0	0	0	0	0	0	0	0	0	0	0	0	0	0	0	0	0	0	0	0	0	0	0	0	0	0	0	0	0	0	0	0	0	0	0	0	7.233823891e-05	7.233823891e-05	7.233823891e-05	7.233823891e-05	7.233823891e-05	7.233823891e-05	7.233823891e-05	7.233823891e-05	7.233823891e-05	0	0	0	0	0	0	0	0	0	0	0	0	0	0	0	0	0	0	0	0	0	0	0	0	0	0	0	0	0	0	0	0	0	0	0	0	0	0	0	0	0	0	0	0	0	0.0001537187577	0.0001537187577	0.0001537187577	0.0001537187577	0.0001537187577	0.0001537187577	0.0001537187577	0.0001537187577	0.0001537187577	0	0	0	0	0	0	0	0	0	0	0	0	0	0	0	0	0	0	0	0	0	0	0	0	0	0	0	0	0	0	0	0	0	0	0	0	0	0	0	0	0	0	0	0	0	0.0005809664813	0.0005809664813	0.0005809664813	0.0005809664813	0.0005809664813	0.0005809664813	0.0005809664813	0.0005809664813	0.0005809664813	0	0	0	0	0	0	0	0	0	0	0	0	0	0
(4,11)	0	0	0	0	0	0	0	0	0	0	0	0	0	0	0	0	0	0	0	0	0	0	0	0	0	0	0	0	0	0	0	0.002315388788	0.002315388788	0.002315388788	0.002315388788	0.002315388788	0.002315388788	0.002315388788	0.002315388788	0.002315388788	0	0	0	0	0	0	0	0	0	0	0	0	0	0	0	0	0	0	0	0	0	0	0	0	0	0	0	0	0	0	0	0	0	0	0	0	0	0	0	0	0	0	0	0	0	0.009259435866	0.009259435866	0.009259435866	0.009259435866	0.009259435866	0.009259435866	0.009259435866	0.009259435866	0.009259435866	0	0	0	0	0	0	0	0	0	0	0	0	0	0	0	0	0	0	0	0	0	0	0	0	0	0	0	0	0	0	0	0	0	0	0	0	0	0	0	0	0	0	0	0	0	0.009259435866	0.009259435866	0.009259435866	0.009259435866	0.009259435866	0.009259435866	0.009259435866	0.009259435866	0.009259435866	0	0	0	0	0	0	0	0	0	0	0	0	0	0	0	0	0	0	0	0	0	0	0	0	0	0	0	0	0	0	0	0	0	0	0	0	0	0	0	0	0	0	0	0	0	0.002315388788	0.002315388788	0.002315388788	0.002315388788	0.002315388788	0.002315388788	0.002315388788	0.002315388788	0.002315388788	0	0	0	0	0	0	0	0	0	0	0	0	0	0	0	0	0	0	0	0	0	0	0	0	0	0	0	0	0	0	0	0	0	0	0	0	0	0	0	0	0	0	0	0	0	0.0005809664813	0.0005809664813	0.0005809664813	0.0005809664813	0.0005809664813	0.0005809664813	0.0005809664813	0.0005809664813	0.0005809664813	0	0	0	0	0	0	0	0	0	0	0	0	0	0	0	0	0	0	0	0	0	0	0	0	0	0	0	0	0	0	0	0	0	0	0	0	0	0	0	0	0	0	0	0	0	0.0001537187577	0.0001537187577	0.0001537187577	0.0001537187577	0.0001537187577	0.0001537187577	0.0001537187577	0.0001537187577	0.0001537187577	0	0	0	0	0	0	0	0	0	0	0	0	0	0	0	0	0	0	0	0	0	0	0	0	0	0	0	0	0	0	0	0	0	0	0	0	0	0	0	0	0	0	0	0	0	7.233823891e-05	7.233823891e-05	7.233823891e-05	7.233823891e-05	7.233823891e-05	7.233823891e-05	7.233823891e-05	7.233823891e-05	7.233823891e-05	0	0	0	0	0	0	0	0	0	0	0	0	0	0	0	0	0	0	0	0	0	0	0	0	0	0	0	0	0	0	0	0	0	0	0	0	0	0	0	0	0	0	0	0	0	0.0001537187577	0.0001537187577	0.0001537187577	0.0001537187577	0.0001537187577	0.0001537187577	0.0001537187577	0.0001537187577	0.0001537187577	0	0	0	0	0	0	0	0	0	0	0	0	0	0	0	0	0	0	0	0	0	0	0	0	0	0	0	0	0	0	0	0	0	0	0	0	0	0	0	0	0	0	0	0	0	0.0005809664813	0.0005809664813	0.0005809664813	0.0005809664813	0.0005809664813	0.0005809664813	0.0005809664813	0.0005809664813	0.0005809664813	0	0	0	0	0	0	0	0	0	0	0	0	0	0
(4,12)	0	0	0	0	0.02085375794	0	0	0	0	0	0	0	0	0	0	0	0	0	0	0	0	0	0	0	0	0	0	0	0	0	0	0	0	0	0	0	0	0	0	0	0	0	0	0	0	0	0	0	0	0	0	0	0	0	0	0	0	0	0	0.01388978958	0.01388978958	0	0.01388978958	0.01388978958	0	0.01388978958	0.01388978958	0	0	0	0	0	0	0	0	0	0	0	0	0	0	0	0	0	0	0	0	0	0	0	0	0	0	0	0	0	0	0	0	0	0	0	0	0	0	0	0	0	0	0	0	0	0	0.05555597941	0.05555597941	0	0.05555597941	0.05555597941	0	0.05555597941	0.05555597941	0	0	0	0	0	0	0	0	0	0	0	0	0	0	0	0	0	0	0	0	0	0	0	0	0	0	0	0	0	0	0	0	0	0	0	0	0	0	0	0	0	0	0	0	0	0	0	0	0.04166936875	0	0	0.04166936875	0	0	0	0	0	0	0	0	0	0	0	0	0	0	0	0	0	0	0	0	0	0	0	0	0	0	0	0	0	0	0	0	0	0	0	0	0	0	0	0	0	0	0	0	0	0	0	0	0.003475626323	0.003475626323	0	0.003475626323	0.003475626323	0	0.003475626323	0.003475626323	0	0	0	0	0	0	0	0	0	0	0	0	0	0	0	0	0	0	0	0	0	0	0	0	0	0	0	0	0	0	0	0	0	0	0	0	0	0	0	0	0	0	0	0	0	0	0.0008816222867	0.0008816222867	0	0.0008816222867	0.0008816222867	0	0.0008816222867	0.0008816222867	0	0	0	0	0	0	0	0	0	0	0	0	0	0	0	0	0	0	0	0	0	0	0	0	0	0	0	0	0	0	0	0	0	0	0	0	0	0	0	0	0	0	0	0	0	0	0	0	0.0008138051878	0	0	0.0008138051878	0	0	0	0	0	0	0	0	0	0	0	0	0	0	0	0	0	0	0	0	0	0	0	0	0	0	0	0	0	0	0	0	0	0	0	0	0	0	0	0	0	0	0	0	0	0	0	0	0.0002712683959	0.0002712683959	0	0.0002712683959	0.0002712683959	0	0.0002712683959	0.0002712683959	0	0	0	0	0	0	0	0	0	0	0	0	0	0	0	0	0	0	0	0	0	0	0	0	0	0	0	0	0	0	0	0	0	0	0	0	0	0	0	0	0	0	0	0	0	0	0.0008816222867	0.0008816222867	0	0.0008816222867	0.0008816222867	0	0.0008816222867	0.0008816222867	0	0	0	0	0	0	0	0	0	0	0	0	0	0	0	0	0	0	0	0	0	0	0	0	0	0	0	0	0	0	0	0	0	0	0	0	0	0	0	0	0
(4,13)	0	0	0	0	0	0	0	0	0	0	0	0	0	0	0	0	0	0	0	0	0	0	0	0	0	0	0	0	0	0	0	0	0.002315388788	0.002315388788	0.002315388788	0.002315388788	0.002315388788	0.002315388788	0.002315388788	0.002315388788	0.002315388788	0	0	0	0	0	0	0	0	0	0	0	0	0	0	0	0	0	0	0	0	0	0	0	0	0	0	0	0	0	0	0	0	0	0	0	0	0	0	0	0	0	0	0	0	0	0.009259435866	0.009259435866	0.009259435866	0.009259435866	0.009259435866	0.009259435866	0.009259435866	0.009259435866	0.009259435866	0	0	0	0	0	0	0	0	0	0	0	0	0	0	0	0	0	0	0	0	0	0	0	0	0	0	0	0	0	0	0	0	0	0	0	0	0	0	0	0	0	0	0	0	0	0.009259435866	0.009259435866	0.009259435866	0.009259435866	0.009259435866	0.009259435866	0.009259435866	0.009259435866	0.009259435866	0	0	0	0	0	0	0	0	0	0	0	0	0	0	0	0	0	0	0	0	0	0	0	0	0	0	0	0	0	0	0	0	0	0	0	0	0	0	0	0	0	0	0	0	0	0.002315388788	0.002315388788	0.002315388788	0.002315388788	0.002315388788	0.002315388788	0.002315388788	0.002315388788	0.002315388788	0	0	0	0	0	0	0	0	0	0	0	0	0	0	0	0	0	0	0	0	0	0	0	0	0	0	0	0	0	0	0	0	0	0	0	0	0	0	0	0	0	0	0	0	0	0.0005809664813	0.0005809664813	0.0005809664813	0.0005809664813	0.0005809664813	0.0005809664813	0.0005809664813	0.0005809664813	0.0005809664813	0	0	0	0	0	0	0	0	0	0	0	0	0	0	0	0	0	0	0	0	0	0	0	0	0	0	0	0	0	0	0	0	0	0	0	0	0	0	0	0	0	0	0	0	0	0.0001537187577	0.0001537187577	0.0001537187577	0.0001537187577	0.0001537187577	0.0001537187577	0.0001537187577	0.0001537187577	0.0001537187577	0	0	0	0	0	0	0	0	0	0	0	0	0	0	0	0	0	0	0	0	0	0	0	0	0	0	0	0	0	0	0	0	0	0	0	0	0	0	0	0	0	0	0	0	0	7.233823891e-05	7.233823891e-05	7.233823891e-05	7.233823891e-05	7.233823891e-05	7.233823891e-05	7.233823891e-05	7.233823891e-05	7.233823891e-05	0	0	0	0	0	0	0	0	0	0	0	0	0	0	0	0	0	0	0	0	0	0	0	0	0	0	0	0	0	0	0	0	0	0	0	0	0	0	0	0	0	0	0	0	0	0.0001537187577	0.0001537187577	0.0001537187577	0.0001537187577	0.0001537187577	0.0001537187577	0.0001537187577	0.0001537187577	0.0001537187577	0	0	0	0	0	0	0	0	0	0	0	0	0	0	0	0	0	0	0	0	0	0	0	0	0	0	0	0	0	0	0	0	0	0	0	0	0	0	0	0	0	0	0	0	0	0.0005809664813	0.0005809664813	0.0005809664813	0.0005809664813	0.0005809664813	0.0005809664813	0.0005809664813	0.0005809664813	0.0005809664813	0	0	0	0	0	0	0	0	0	0	0	0	0
(4,14)	0	0	0	0	0	0	0	0	0	0	0	0	0	0	0	0	0	0	0	0	0	0	0	0	0	0	0	0	0	0	0	0	0.002315388788	0.002315388788	0.002315388788	0.002315388788	0.002315388788	0.002315388788	0.002315388788	0.002315388788	0.002315388788	0	0	0	0	0	0	0	0	0	0	0	0	0	0	0	0	0	0	0	0	0	0	0	0	0	0	0	0	0	0	0	0	0	0	0	0	0	0	0	0	0	0	0	0	0	0.009259435866	0.009259435866	0.009259435866	0.009259435866	0.009259435866	0.009259435866	0.009259435866	0.009259435866	0.009259435866	0	0	0	0	0	0	0	0	0	0	0	0	0	0	0	0	0	0	0	0	0	0	0	0	0	0	0	0	0	0	0	0	0	0	0	0	0	0	0	0	0	0	0	0	0	0.009259435866	0.009259435866	0.009259435866	0.009259435866	0.009259435866	0.009259435866	0.009259435866	0.009259435866	0.009259435866	0	0	0	0	0	0	0	0	0	0	0	0	0	0	0	0	0	0	0	0	0	0	0	0	0	0	0	0	0	0	0	0	0	0	0	0	0	0	0	0	0	0	0	0	0	0.002315388788	0.002315388788	0.002315388788	0.002315388788	0.002315388788	0.002315388788	0.002315388788	0.002315388788	0.002315388788	0	0	0	0	0	0	0	0	0	0	0	0	0	0	0	0	0	0	0	0	0	0	0	0	0	0	0	0	0	0	0	0	0	0	0	0	0	0	0	0	0	0	0	0	0	0.0005809664813	0.0005809664813	0.0005809664813	0.0005809664813	0.0005809664813	0.0005809664813	0.0005809664813	0.0005809664813	0.0005809664813	0	0	0	0	0	0	0	0	0	0	0	0	0	0	0	0	0	0	0	0	0	0	0	0	0	0	0	0	0	0	0	0	0	0	0	0	0	0	0	0	0	0	0	0	0	0.0001537187577	0.0001537187577	0.0001537187577	0.0001537187577	0.0001537187577	0.0001537187577	0.0001537187577	0.0001537187577	0.0001537187577	0	0	0	0	0	0	0	0	0	0	0	0	0	0	0	0	0	0	0	0	0	0	0	0	0	0	0	0	0	0	0	0	0	0	0	0	0	0	0	0	0	0	0	0	0	7.233823891e-05	7.233823891e-05	7.233823891e-05	7.233823891e-05	7.233823891e-05	7.233823891e-05	7.233823891e-05	7.233823891e-05	7.233823891e-05	0	0	0	0	0	0	0	0	0	0	0	0	0	0	0	0	0	0	0	0	0	0	0	0	0	0	0	0	0	0	0	0	0	0	0	0	0	0	0	0	0	0	0	0	0	0.0001537187577	0.0001537187577	0.0001537187577	0.0001537187577	0.0001537187577	0.0001537187577	0.0001537187577	0.0001537187577	0.0001537187577	0	0	0	0	0	0	0	0	0	0	0	0	0	0	0	0	0	0	0	0	0	0	0	0	0	0	0	0	0	0	0	0	0	0	0	0	0	0	0	0	0	0	0	0	0	0.0005809664813	0.0005809664813	0.0005809664813	0.0005809664813	0.0005809664813	0.0005809664813	0.0005809664813	0.0005809664813	0.0005809664813	0	0	0	0	0	0	0	0	0	0	0	0	0
(4,15)	0	0	0	0	0	0.02085375794	0	0	0	0	0	0	0	0	0	0	0	0	0	0	0	0	0	0	0	0	0	0	0	0	0	0	0	0	0	0	0	0	0	0	0	0	0	0	0	0	0	0	0	0	0	0	0	0	0	0	0	0	0	0	0.01388978958	0.01388978958	0	0.01388978958	0.01388978958	0	0.01388978958	0.01388978958	0	0	0	0	0	0	0	0	0	0	0	0	0	0	0	0	0	0	0	0	0	0	0	0	0	0	0	0	0	0	0	0	0	0	0	0	0	0	0	0	0	0	0	0	0	0	0.05555597941	0.05555597941	0	0.05555597941	0.05555597941	0	0.05555597941	0.05555597941	0	0	0	0	0	0	0	0	0	0	0	0	0	0	0	0	0	0	0	0	0	0	0	0	0	0	0	0	0	0	0	0	0	0	0	0	0	0	0	0	0	0	0	0	0	0	0	0	0.04166936875	0	0	0.04166936875	0	0	0	0	0	0	0	0	0	0	0	0	0	0	0	0	0	0	0	0	0	0	0	0	0	0	0	0	0	0	0	0	0	0	0	0	0	0	0	0	0	0	0	0	0	0	0	0	0.003475626323	0.003475626323	0	0.003475626323	0.003475626323	0	0.003475626323	0.003475626323	0	0	0	0	0	0	0	0	0	0	0	0	0	0	0	0	0	0	0	0	0	0	0	0	0	0	0	0	0	0	0	0	0	0	0	0	0	0	0	0	0	0	0	0	0	0	0.0008816222867	0.0008816222867	0	0.0008816222867	0.0008816222867	0	0.0008816222867	0.0008816222867	0	0	0	0	0	0	0	0	0	0	0	0	0	0	0	0	0	0	0	0	0	0	0	0	0	0	0	0	0	0	0	0	0	0	0	0	0	0	0	0	0	0	0	0	0	0	0	0	0.0008138051878	0	0	0.0008138051878	0	0	0	0	0	0	0	0	0	0	0	0	0	0	0	0	0	0	0	0	0	0	0	0	0	0	0	0	0	0	0	0	0	0	0	0	0	0	0	0	0	0	0	0	0	0	0	0	0.0002712683959	0.0002712683959	0	0.0002712683959	0.0002712683959	0	0.0002712683959	0.0002712683959	0	0	0	0	0	0	0	0	0	0	0	0	0	0	0	0	0	0	0	0	0	0	0	0	0	0	0	0	0	0	0	0	0	0	0	0	0	0	0	0	0	0	0	0	0	0	0.0008816222867	0.0008816222867	0	0.0008816222867	0.0008816222867	0	0.0008816222867	0.0008816222867	0	0	0	0	0	0	0	0	0	0	0	0	0	0	0	0	0	0	0	0	0	0	0	0	0	0	0	0	0	0	0	0	0	0	0	0	0	0	0	0
(4,16)	0	0	0	0	0	0	0	0	0	0	0	0	0	0	0	0	0	0	0	0	0	0	0	0	0	0	0	0	0	0	0	0	0	0.002315388788	0.002315388788	0.002315388788	0.002315388788	0.002315388788	0.002315388788	0.002315388788	0.002315388788	0.002315388788	0	0	0	0	0	0	0	0	0	0	0	0	0	0	0	0	0	0	0	0	0	0	0	0	0	0	0	0	0	0	0	0	0	0	0	0	0	0	0	0	0	0	0	0	0	0.009259435866	0.009259435866	0.009259435866	0.009259435866	0.009259435866	0.009259435866	0.009259435866	0.009259435866	0.009259435866	0	0	0	0	0	0	0	0	0	0	0	0	0	0	0	0	0	0	0	0	0	0	0	0	0	0	0	0	0	0	0	0	0	0	0	0	0	0	0	0	0	0	0	0	0	0.009259435866	0.009259435866	0.009259435866	0.009259435866	0.009259435866	0.009259435866	0.009259435866	0.009259435866	0.009259435866	0	0	0	0	0	0	0	0	0	0	0	0	0	0	0	0	0	0	0	0	0	0	0	0	0	0	0	0	0	0	0	0	0	0	0	0	0	0	0	0	0	0	0	0	0	0.002315388788	0.002315388788	0.002315388788	0.002315388788	0.002315388788	0.002315388788	0.002315388788	0.002315388788	0.002315388788	0	0	0	0	0	0	0	0	0	0	0	0	0	0	0	0	0	0	0	0	0	0	0	0	0	0	0	0	0	0	0	0	0	0	0	0	0	0	0	0	0	0	0	0	0	0.0005809664813	0.0005809664813	0.0005809664813	0.0005809664813	0.0005809664813	0.0005809664813	0.0005809664813	0.0005809664813	0.0005809664813	0	0	0	0	0	0	0	0	0	0	0	0	0	0	0	0	0	0	0	0	0	0	0	0	0	0	0	0	0	0	0	0	0	0	0	0	0	0	0	0	0	0	0	0	0	0.0001537187577	0.0001537187577	0.0001537187577	0.0001537187577	0.0001537187577	0.0001537187577	0.0001537187577	0.0001537187577	0.0001537187577	0	0	0	0	0	0	0	0	0	0	0	0	0	0	0	0	0	0	0	0	0	0	0	0	0	0	0	0	0	0	0	0	0	0	0	0	0	0	0	0	0	0	0	0	0	7.233823891e-05	7.233823891e-05	7.233823891e-05	7.233823891e-05	7.233823891e-05	7.233823891e-05	7.233823891e-05	7.233823891e-05	7.233823891e-05	0	0	0	0	0	0	0	0	0	0	0	0	0	0	0	0	0	0	0	0	0	0	0	0	0	0	0	0	0	0	0	0	0	0	0	0	0	0	0	0	0	0	0	0	0	0.0001537187577	0.0001537187577	0.0001537187577	0.0001537187577	0.0001537187577	0.0001537187577	0.0001537187577	0.0001537187577	0.0001537187577	0	0	0	0	0	0	0	0	0	0	0	0	0	0	0	0	0	0	0	0	0	0	0	0	0	0	0	0	0	0	0	0	0	0	0	0	0	0	0	0	0	0	0	0	0	0.0005809664813	0.0005809664813	0.0005809664813	0.0005809664813	0.0005809664813	0.0005809664813	0.0005809664813	0.0005809664813	0.0005809664813	0	0	0	0	0	0	0	0	0	0	0	0
(4,17)	0	0	0	0	0	0	0	0	0	0	0	0	0	0	0	0	0	0	0	0	0	0	0	0	0	0	0	0	0	0	0	0	0	0.002315388788	0.002315388788	0.002315388788	0.002315388788	0.002315388788	0.002315388788	0.002315388788	0.002315388788	0.002315388788	0	0	0	0	0	0	0	0	0	0	0	0	0	0	0	0	0	0	0	0	0	0	0	0	0	0	0	0	0	0	0	0	0	0	0	0	0	0	0	0	0	0	0	0	0	0.009259435866	0.009259435866	0.009259435866	0.009259435866	0.009259435866	0.009259435866	0.009259435866	0.009259435866	0.009259435866	0	0	0	0	0	0	0	0	0	0	0	0	0	0	0	0	0	0	0	0	0	0	0	0	0	0	0	0	0	0	0	0	0	0	0	0	0	0	0	0	0	0	0	0	0	0.009259435866	0.009259435866	0.009259435866	0.009259435866	0.009259435866	0.009259435866	0.009259435866	0.009259435866	0.009259435866	0	0	0	0	0	0	0	0	0	0	0	0	0	0	0	0	0	0	0	0	0	0	0	0	0	0	0	0	0	0	0	0	0	0	0	0	0	0	0	0	0	0	0	0	0	0.002315388788	0.002315388788	0.002315388788	0.002315388788	0.002315388788	0.002315388788	0.002315388788	0.002315388788	0.002315388788	0	0	0	0	0	0	0	0	0	0	0	0	0	0	0	0	0	0	0	0	0	0	0	0	0	0	0	0	0	0	0	0	0	0	0	0	0	0	0	0	0	0	0	0	0	0.0005809664813	0.0005809664813	0.0005809664813	0.0005809664813	0.0005809664813	0.0005809664813	0.0005809664813	0.0005809664813	0.0005809664813	0	0	0	0	0	0	0	0	0	0	0	0	0	0	0	0	0	0	0	0	0	0	0	0	0	0	0	0	0	0	0	0	0	0	0	0	0	0	0	0	0	0	0	0	0	0.0001537187577	0.0001537187577	0.0001537187577	0.0001537187577	0.0001537187577	0.0001537187577	0.0001537187577	0.0001537187577	0.0001537187577	0	0	0	0	0	0	0	0	0	0	0	0	0	0	0	0	0	0	0	0	0	0	0	0	0	0	0	0	0	0	0	0	0	0	0	0	0	0	0	0	0	0	0	0	0	7.233823891e-05	7.233823891e-05	7.233823891e-05	7.233823891e-05	7.233823891e-05	7.233823891e-05	7.233823891e-05	7.233823891e-05	7.233823891e-05	0	0	0	0	0	0	0	0	0	0	0	0	0	0	0	0	0	0	0	0	0	0	0	0	0	0	0	0	0	0	0	0	0	0	0	0	0	0	0	0	0	0	0	0	0	0.0001537187577	0.0001537187577	0.0001537187577	0.0001537187577	0.0001537187577	0.0001537187577	0.0001537187577	0.0001537187577	0.0001537187577	0	0	0	0	0	0	0	0	0	0	0	0	0	0	0	0	0	0	0	0	0	0	0	0	0	0	0	0	0	0	0	0	0	0	0	0	0	0	0	0	0	0	0	0	0	0.0005809664813	0.0005809664813	0.0005809664813	0.0005809664813	0.0005809664813	0.0005809664813	0.0005809664813	0.0005809664813	0.0005809664813	0	0	0	0	0	0	0	0	0	0	0	0
(4,18)	0	0	0	0	0	0	0.02085375794	0	0	0	0	0	0	0	0	0	0	0	0	0	0	0	0	0	0	0	0	0	0	0	0	0	0	0	0	0	0	0	0	0	0	0	0	0	0	0	0	0	0	0	0	0	0	0	0	0	0	0	0	0	0	0.01388978958	0.01388978958	0	0.01388978958	0.01388978958	0	0.01388978958	0.01388978958	0	0	0	0	0	0	0	0	0	0	0	0	0	0	0	0	0	0	0	0	0	0	0	0	0	0	0	0	0	0	0	0	0	0	0	0	0	0	0	0	0	0	0	0	0	0	0.05555597941	0.05555597941	0	0.05555597941	0.05555597941	0	0.05555597941	0.05555597941	0	0	0	0	0	0	0	0	0	0	0	0	0	0	0	0	0	0	0	0	0	0	0	0	0	0	0	0	0	0	0	0	0	0	0	0	0	0	0	0	0	0	0	0	0	0	0	0	0.04166936875	0	0	0.04166936875	0	0	0	0	0	0	0	0	0	0	0	0	0	0	0	0	0	0	0	0	0	0	0	0	0	0	0	0	0	0	0	0	0	0	0	0	0	0	0	0	0	0	0	0	0	0	0	0	0.003475626323	0.003475626323	0	0.003475626323	0.003475626323	0	0.003475626323	0.003475626323	0	0	0	0	0	0	0	0	0	0	0	0	0	0	0	0	0	0	0	0	0	0	0	0	0	0	0	0	0	0	0	0	0	0	0	0	0	0	0	0	0	0	0	0	0	0	0.0008816222867	0.0008816222867	0	0.0008816222867	0.0008816222867	0	0.0008816222867	0.0008816222867	0	0	0	0	0	0	0	0	0	0	0	0	0	0	0	0	0	0	0	0	0	0	0	0	0	0	0	0	0	0	0	0	0	0	0	0	0	0	0	0	0	0	0	0	0	0	0	0	0.0008138051878	0	0	0.0008138051878	0	0	0	0	0	0	0	0	0	0	0	0	0	0	0	0	0	0	0	0	0	0	0	0	0	0	0	0	0	0	0	0	0	0	0	0	0	0	0	0	0	0	0	0	0	0	0	0	0.0002712683959	0.0002712683959	0	0.0002712683959	0.0002712683959	0	0.0002712683959	0.0002712683959	0	0	0	0	0	0	0	0	0	0	0	0	0	0	0	0	0	0	0	0	0	0	0	0	0	0	0	0	0	0	0	0	0	0	0	0	0	0	0	0	0	0	0	0	0	0	0.0008816222867	0.0008816222867	0	0.0008816222867	0.0008816222867	0	0.0008816222867	0.0008816222867	0	0	0	0	0	0	0	0	0	0	0	0	0	0	0	0	0	0	0	0	0	0	0	0	0	0	0	0	0	0	0	0	0	0	0	0	0	0	0
(4,19)	0	0	0	0	0	0	0	0	0	0	0	0	0	0	0	0	0	0	0	0	0	0	0	0	0	0	0	0	0	0	0	0	0	0	0.002315388788	0.002315388788	0.002315388788	0.002315388788	0.002315388788	0.002315388788	0.002315388788	0.002315388788	0.002315388788	0	0	0	0	0	0	0	0	0	0	0	0	0	0	0	0	0	0	0	0	0	0	0	0	0	0	0	0	0	0	0	0	0	0	0	0	0	0	0	0	0	0	0	0	0	0.009259435866	0.009259435866	0.009259435866	0.009259435866	0.009259435866	0.009259435866	0.009259435866	0.009259435866	0.009259435866	0	0	0	0	0	0	0	0	0	0	0	0	0	0	0	0	0	0	0	0	0	0	0	0	0	0	0	0	0	0	0	0	0	0	0	0	0	0	0	0	0	0	0	0	0	0.009259435866	0.009259435866	0.009259435866	0.009259435866	0.009259435866	0.009259435866	0.009259435866	0.009259435866	0.009259435866	0	0	0	0	0	0	0	0	0	0	0	0	0	0	0	0	0	0	0	0	0	0	0	0	0	0	0	0	0	0	0	0	0	0	0	0	0	0	0	0	0	0	0	0	0	0.002315388788	0.002315388788	0.002315388788	0.002315388788	0.002315388788	0.002315388788	0.002315388788	0.002315388788	0.002315388788	0	0	0	0	0	0	0	0	0	0	0	0	0	0	0	0	0	0	0	0	0	0	0	0	0	0	0	0	0	0	0	0	0	0	0	0	0	0	0	0	0	0	0	0	0	0.0005809664813	0.0005809664813	0.0005809664813	0.0005809664813	0.0005809664813	0.0005809664813	0.0005809664813	0.0005809664813	0.0005809664813	0	0	0	0	0	0	0	0	0	0	0	0	0	0	0	0	0	0	0	0	0	0	0	0	0	0	0	0	0	0	0	0	0	0	0	0	0	0	0	0	0	0	0	0	0	0.0001537187577	0.0001537187577	0.0001537187577	0.0001537187577	0.0001537187577	0.0001537187577	0.0001537187577	0.0001537187577	0.0001537187577	0	0	0	0	0	0	0	0	0	0	0	0	0	0	0	0	0	0	0	0	0	0	0	0	0	0	0	0	0	0	0	0	0	0	0	0	0	0	0	0	0	0	0	0	0	7.233823891e-05	7.233823891e-05	7.233823891e-05	7.233823891e-05	7.233823891e-05	7.233823891e-05	7.233823891e-05	7.233823891e-05	7.233823891e-05	0	0	0	0	0	0	0	0	0	0	0	0	0	0	0	0	0	0	0	0	0	0	0	0	0	0	0	0	0	0	0	0	0	0	0	0	0	0	0	0	0	0	0	0	0	0.0001537187577	0.0001537187577	0.0001537187577	0.0001537187577	0.0001537187577	0.0001537187577	0.0001537187577	0.0001537187577	0.0001537187577	0	0	0	0	0	0	0	0	0	0	0	0	0	0	0	0	0	0	0	0	0	0	0	0	0	0	0	0	0	0	0	0	0	0	0	0	0	0	0	0	0	0	0	0	0	0.0005809664813	0.0005809664813	0.0005809664813	0.0005809664813	0.0005809664813	0.0005809664813	0.0005809664813	0.0005809664813	0.0005809664813	0	0	0	0	0	0	0	0	0	0	0
(4,20)	0	0	0	0	0	0	0	0	0	0	0	0	0	0	0	0	0	0	0	0	0	0	0	0	0	0	0	0	0	0	0	0	0	0	0.002315388788	0.002315388788	0.002315388788	0.002315388788	0.002315388788	0.002315388788	0.002315388788	0.002315388788	0.002315388788	0	0	0	0	0	0	0	0	0	0	0	0	0	0	0	0	0	0	0	0	0	0	0	0	0	0	0	0	0	0	0	0	0	0	0	0	0	0	0	0	0	0	0	0	0	0.009259435866	0.009259435866	0.009259435866	0.009259435866	0.009259435866	0.009259435866	0.009259435866	0.009259435866	0.009259435866	0	0	0	0	0	0	0	0	0	0	0	0	0	0	0	0	0	0	0	0	0	0	0	0	0	0	0	0	0	0	0	0	0	0	0	0	0	0	0	0	0	0	0	0	0	0.009259435866	0.009259435866	0.009259435866	0.009259435866	0.009259435866	0.009259435866	0.009259435866	0.009259435866	0.009259435866	0	0	0	0	0	0	0	0	0	0	0	0	0	0	0	0	0	0	0	0	0	0	0	0	0	0	0	0	0	0	0	0	0	0	0	0	0	0	0	0	0	0	0	0	0	0.002315388788	0.002315388788	0.002315388788	0.002315388788	0.002315388788	0.002315388788	0.002315388788	0.002315388788	0.002315388788	0	0	0	0	0	0	0	0	0	0	0	0	0	0	0	0	0	0	0	0	0	0	0	0	0	0	0	0	0	0	0	0	0	0	0	0	0	0	0	0	0	0	0	0	0	0.0005809664813	0.0005809664813	0.0005809664813	0.0005809664813	0.0005809664813	0.0005809664813	0.0005809664813	0.0005809664813	0.0005809664813	0	0	0	0	0	0	0	0	0	0	0	0	0	0	0	0	0	0	0	0	0	0	0	0	0	0	0	0	0	0	0	0	0	0	0	0	0	0	0	0	0	0	0	0	0	0.0001537187577	0.0001537187577	0.0001537187577	0.0001537187577	0.0001537187577	0.0001537187577	0.0001537187577	0.0001537187577	0.0001537187577	0	0	0	0	0	0	0	0	0	0	0	0	0	0	0	0	0	0	0	0	0	0	0	0	0	0	0	0	0	0	0	0	0	0	0	0	0	0	0	0	0	0	0	0	0	7.233823891e-05	7.233823891e-05	7.233823891e-05	7.233823891e-05	7.233823891e-05	7.233823891e-05	7.233823891e-05	7.233823891e-05	7.233823891e-05	0	0	0	0	0	0	0	0	0	0	0	0	0	0	0	0	0	0	0	0	0	0	0	0	0	0	0	0	0	0	0	0	0	0	0	0	0	0	0	0	0	0	0	0	0	0.0001537187577	0.0001537187577	0.0001537187577	0.0001537187577	0.0001537187577	0.0001537187577	0.0001537187577	0.0001537187577	0.0001537187577	0	0	0	0	0	0	0	0	0	0	0	0	0	0	0	0	0	0	0	0	0	0	0	0	0	0	0	0	0	0	0	0	0	0	0	0	0	0	0	0	0	0	0	0	0	0.0005809664813	0.0005809664813	0.0005809664813	0.0005809664813	0.0005809664813	0.0005809664813	0.0005809664813	0.0005809664813	0.0005809664813	0	0	0	0	0	0	0	0	0	0	0
(4,21)	0	0	0	0	0	0	0	0.02085375794	0	0	0	0	0	0	0	0	0	0	0	0	0	0	0	0	0	0	0	0	0	0	0	0	0	0	0	0	0	0	0	0	0	0	0	0	0	0	0	0	0	0	0	0	0	0	0	0	0	0	0	0	0	0	0.01388978958	0.01388978958	0	0.01388978958	0.01388978958	0	0.01388978958	0.01388978958	0	0	0	0	0	0	0	0	0	0	0	0	0	0	0	0	0	0	0	0	0	0	0	0	0	0	0	0	0	0	0	0	0	0	0	0	0	0	0	0	0	0	0	0	0	0	0.05555597941	0.05555597941	0	0.05555597941	0.05555597941	0	0.05555597941	0.05555597941	0	0	0	0	0	0	0	0	0	0	0	0	0	0	0	0	0	0	0	0	0	0	0	0	0	0	0	0	0	0	0	0	0	0	0	0	0	0	0	0	0	0	0	0	0	0	0	0	0.04166936875	0	0	0.04166936875	0	0	0	0	0	0	0	0	0	0	0	0	0	0	0	0	0	0	0	0	0	0	0	0	0	0	0	0	0	0	0	0	0	0	0	0	0	0	0	0	0	0	0	0	0	0	0	0	0.003475626323	0.003475626323	0	0.003475626323	0.003475626323	0	0.003475626323	0.003475626323	0	0	0	0	0	0	0	0	0	0	0	0	0	0	0	0	0	0	0	0	0	0	0	0	0	0	0	0	0	0	0	0	0	0	0	0	0	0	0	0	0	0	0	0	0	0	0.0008816222867	0.0008816222867	0	0.0008816222867	0.0008816222867	0	0.0008816222867	0.0008816222867	0	0	0	0	0	0	0	0	0	0	0	0	0	0	0	0	0	0	0	0	0	0	0	0	0	0	0	0	0	0	0	0	0	0	0	0	0	0	0	0	0	0	0	0	0	0	0	0	0.0008138051878	0	0	0.0008138051878	0	0	0	0	0	0	0	0	0	0	0	0	0	0	0	0	0	0	0	0	0	0	0	0	0	0	0	0	0	0	0	0	0	0	0	0	0	0	0	0	0	0	0	0	0	0	0	0	0.0002712683959	0.0002712683959	0	0.0002712683959	0.0002712683959	0	0.0002712683959	0.0002712683959	0	0	0	0	0	0	0	0	0	0	0	0	0	0	0	0	0	0	0	0	0	0	0	0	0	0	0	0	0	0	0	0	0	0	0	0	0	0	0	0	0	0	0	0	0	0	0.0008816222867	0.0008816222867	0	0.0008816222867	0.0008816222867	0	0.0008816222867	0.0008816222867	0	0	0	0	0	0	0	0	0	0	0	0	0	0	0	0	0	0	0	0	0	0	0	0	0	0	0	0	0	0	0	0	0	0	0	0	0	0
(4,22)	0	0	0	0	0	0	0	0	0	0	0	0	0	0	0	0	0	0	0	0	0	0	0	0	0	0	0	0	0	0	0	0	0	0	0	0.002315388788	0.002315388788	0.002315388788	0.002315388788	0.002315388788	0.002315388788	0.002315388788	0.002315388788	0.002315388788	0	0	0	0	0	0	0	0	0	0	0	0	0	0	0	0	0	0	0	0	0	0	0	0	0	0	0	0	0	0	0	0	0	0	0	0	0	0	0	0	0	0	0	0	0	0.009259435866	0.009259435866	0.009259435866	0.009259435866	0.009259435866	0.009259435866	0.009259435866	0.009259435866	0.009259435866	0	0	0	0	0	0	0	0	0	0	0	0	0	0	0	0	0	0	0	0	0	0	0	0	0	0	0	0	0	0	0	0	0	0	0	0	0	0	0	0	0	0	0	0	0	0.009259435866	0.009259435866	0.009259435866	0.009259435866	0.009259435866	0.009259435866	0.009259435866	0.009259435866	0.009259435866	0	0	0	0	0	0	0	0	0	0	0	0	0	0	0	0	0	0	0	0	0	0	0	0	0	0	0	0	0	0	0	0	0	0	0	0	0	0	0	0	0	0	0	0	0	0.002315388788	0.002315388788	0.002315388788	0.002315388788	0.002315388788	0.002315388788	0.002315388788	0.002315388788	0.002315388788	0	0	0	0	0	0	0	0	0	0	0	0	0	0	0	0	0	0	0	0	0	0	0	0	0	0	0	0	0	0	0	0	0	0	0	0	0	0	0	0	0	0	0	0	0	0.0005809664813	0.0005809664813	0.0005809664813	0.0005809664813	0.0005809664813	0.0005809664813	0.0005809664813	0.0005809664813	0.0005809664813	0	0	0	0	0	0	0	0	0	0	0	0	0	0	0	0	0	0	0	0	0	0	0	0	0	0	0	0	0	0	0	0	0	0	0	0	0	0	0	0	0	0	0	0	0	0.0001537187577	0.0001537187577	0.0001537187577	0.0001537187577	0.0001537187577	0.0001537187577	0.0001537187577	0.0001537187577	0.0001537187577	0	0	0	0	0	0	0	0	0	0	0	0	0	0	0	0	0	0	0	0	0	0	0	0	0	0	0	0	0	0	0	0	0	0	0	0	0	0	0	0	0	0	0	0	0	7.233823891e-05	7.233823891e-05	7.233823891e-05	7.233823891e-05	7.233823891e-05	7.233823891e-05	7.233823891e-05	7.233823891e-05	7.233823891e-05	0	0	0	0	0	0	0	0	0	0	0	0	0	0	0	0	0	0	0	0	0	0	0	0	0	0	0	0	0	0	0	0	0	0	0	0	0	0	0	0	0	0	0	0	0	0.0001537187577	0.0001537187577	0.0001537187577	0.0001537187577	0.0001537187577	0.0001537187577	0.0001537187577	0.0001537187577	0.0001537187577	0	0	0	0	0	0	0	0	0	0	0	0	0	0	0	0	0	0	0	0	0	0	0	0	0	0	0	0	0	0	0	0	0	0	0	0	0	0	0	0	0	0	0	0	0	0.0005809664813	0.0005809664813	0.0005809664813	0.0005809664813	0.0005809664813	0.0005809664813	0.0005809664813	0.0005809664813	0.0005809664813	0	0	0	0	0	0	0	0	0	0
(4,23)	0	0	0	0	0	0	0	0	0	0	0	0	0	0	0	0	0	0	0	0	0	0	0	0	0	0	0	0	0	0	0	0	0	0	0	0.002315388788	0.002315388788	0.002315388788	0.002315388788	0.002315388788	0.002315388788	0.002315388788	0.002315388788	0.002315388788	0	0	0	0	0	0	0	0	0	0	0	0	0	0	0	0	0	0	0	0	0	0	0	0	0	0	0	0	0	0	0	0	0	0	0	0	0	0	0	0	0	0	0	0	0	0.009259435866	0.009259435866	0.009259435866	0.009259435866	0.009259435866	0.009259435866	0.009259435866	0.009259435866	0.009259435866	0	0	0	0	0	0	0	0	0	0	0	0	0	0	0	0	0	0	0	0	0	0	0	0	0	0	0	0	0	0	0	0	0	0	0	0	0	0	0	0	0	0	0	0	0	0.009259435866	0.009259435866	0.009259435866	0.009259435866	0.009259435866	0.009259435866	0.009259435866	0.009259435866	0.009259435866	0	0	0	0	0	0	0	0	0	0	0	0	0	0	0	0	0	0	0	0	0	0	0	0	0	0	0	0	0	0	0	0	0	0	0	0	0	0	0	0	0	0	0	0	0	0.002315388788	0.002315388788	0.002315388788	0.002315388788	0.002315388788	0.002315388788	0.002315388788	0.002315388788	0.002315388788	0	0	0	0	0	0	0	0	0	0	0	0	0	0	0	0	0	0	0	0	0	0	0	0	0	0	0	0	0	0	0	0	0	0	0	0	0	0	0	0	0	0	0	0	0	0.0005809664813	0.0005809664813	0.0005809664813	0.0005809664813	0.0005809664813	0.0005809664813	0.0005809664813	0.0005809664813	0.0005809664813	0	0	0	0	0	0	0	0	0	0	0	0	0	0	0	0	0	0	0	0	0	0	0	0	0	0	0	0	0	0	0	0	0	0	0	0	0	0	0	0	0	0	0	0	0	0.0001537187577	0.0001537187577	0.0001537187577	0.0001537187577	0.0001537187577	0.0001537187577	0.0001537187577	0.0001537187577	0.0001537187577	0	0	0	0	0	0	0	0	0	0	0	0	0	0	0	0	0	0	0	0	0	0	0	0	0	0	0	0	0	0	0	0	0	0	0	0	0	0	0	0	0	0	0	0	0	7.233823891e-05	7.233823891e-05	7.233823891e-05	7.233823891e-05	7.233823891e-05	7.233823891e-05	7.233823891e-05	7.233823891e-05	7.233823891e-05	0	0	0	0	0	0	0	0	0	0	0	0	0	0	0	0	0	0	0	0	0	0	0	0	0	0	0	0	0	0	0	0	0	0	0	0	0	0	0	0	0	0	0	0	0	0.0001537187577	0.0001537187577	0.0001537187577	0.0001537187577	0.0001537187577	0.0001537187577	0.0001537187577	0.0001537187577	0.0001537187577	0	0	0	0	0	0	0	0	0	0	0	0	0	0	0	0	0	0	0	0	0	0	0	0	0	0	0	0	0	0	0	0	0	0	0	0	0	0	0	0	0	0	0	0	0	0.0005809664813	0.0005809664813	0.0005809664813	0.0005809664813	0.0005809664813	0.0005809664813	0.0005809664813	0.0005809664813	0.0005809664813	0	0	0	0	0	0	0	0	0	0
(4,24)	0	0	0	0	0	0	0	0	0.02085375794	0	0	0	0	0	0	0	0	0	0	0	0	0	0	0	0	0	0	0	0	0	0	0	0	0	0	0	0	0	0	0	0	0	0	0	0	0	0	0	0	0	0	0	0	0	0	0	0	0	0	0	0	0	0	0.01388978958	0.01388978958	0	0.01388978958	0.01388978958	0	0.01388978958	0.01388978958	0	0	0	0	0	0	0	0	0	0	0	0	0	0	0	0	0	0	0	0	0	0	0	0	0	0	0	0	0	0	0	0	0	0	0	0	0	0	0	0	0	0	0	0	0	0	0.05555597941	0.05555597941	0	0.05555597941	0.05555597941	0	0.05555597941	0.05555597941	0	0	0	0	0	0	0	0	0	0	0	0	0	0	0	0	0	0	0	0	0	0	0	0	0	0	0	0	0	0	0	0	0	0	0	0	0	0	0	0	0	0	0	0	0	0	0	0	0.04166936875	0	0	0.04166936875	0	0	0	0	0	0	0	0	0	0	0	0	0	0	0	0	0	0	0	0	0	0	0	0	0	0	0	0	0	0	0	0	0	0	0	0	0	0	0	0	0	0	0	0	0	0	0	0	0.003475626323	0.003475626323	0	0.003475626323	0.003475626323	0	0.003475626323	0.003475626323	0	0	0	0	0	0	0	0	0	0	0	0	0	0	0	0	0	0	0	0	0	0	0	0	0	0	0	0	0	0	0	0	0	0	0	0	0	0	0	0	0	0	0	0	0	0	0.0008816222867	0.0008816222867	0	0.0008816222867	0.0008816222867	0	0.0008816222867	0.0008816222867	0	0	0	0	0	0	0	0	0	0	0	0	0	0	0	0	0	0	0	0	0	0	0	0	0	0	0	0	0	0	0	0	0	0	0	0	0	0	0	0	0	0	0	0	0	0	0	0	0.0008138051878	0	0	0.0008138051878	0	0	0	0	0	0	0	0	0	0	0	0	0	0	0	0	0	0	0	0	0	0	0	0	0	0	0	0	0	0	0	0	0	0	0	0	0	0	0	0	0	0	0	0	0	0	0	0	0.0002712683959	0.0002712683959	0	0.0002712683959	0.0002712683959	0	0.0002712683959	0.0002712683959	0	0	0	0	0	0	0	0	0	0	0	0	0	0	0	0	0	0	0	0	0	0	0	0	0	0	0	0	0	0	0	0	0	0	0	0	0	0	0	0	0	0	0	0	0	0	0.0008816222867	0.0008816222867	0	0.0008816222867	0.0008816222867	0	0.0008816222867	0.0008816222867	0	0	0	0	0	0	0	0	0	0	0	0	0	0	0	0	0	0	0	0	0	0	0	0	0	0	0	0	0	0	0	0	0	0	0	0	0
(4,25)	0	0	0	0	0	0	0	0	0	0	0	0	0	0	0	0	0	0	0	0	0	0	0	0	0	0	0	0	0	0	0	0	0	0	0	0	0.002315388788	0.002315388788	0.002315388788	0.002315388788	0.002315388788	0.002315388788	0.002315388788	0.002315388788	0.002315388788	0	0	0	0	0	0	0	0	0	0	0	0	0	0	0	0	0	0	0	0	0	0	0	0	0	0	0	0	0	0	0	0	0	0	0	0	0	0	0	0	0	0	0	0	0	0.009259435866	0.009259435866	0.009259435866	0.009259435866	0.009259435866	0.009259435866	0.009259435866	0.009259435866	0.009259435866	0	0	0	0	0	0	0	0	0	0	0	0	0	0	0	0	0	0	0	0	0	0	0	0	0	0	0	0	0	0	0	0	0	0	0	0	0	0	0	0	0	0	0	0	0	0.009259435866	0.009259435866	0.009259435866	0.009259435866	0.009259435866	0.009259435866	0.009259435866	0.009259435866	0.009259435866	0	0	0	0	0	0	0	0	0	0	0	0	0	0	0	0	0	0	0	0	0	0	0	0	0	0	0	0	0	0	0	0	0	0	0	0	0	0	0	0	0	0	0	0	0	0.002315388788	0.002315388788	0.002315388788	0.002315388788	0.002315388788	0.002315388788	0.002315388788	0.002315388788	0.002315388788	0	0	0	0	0	0	0	0	0	0	0	0	0	0	0	0	0	0	0	0	0	0	0	0	0	0	0	0	0	0	0	0	0	0	0	0	0	0	0	0	0	0	0	0	0	0.0005809664813	0.0005809664813	0.0005809664813	0.0005809664813	0.0005809664813	0.0005809664813	0.0005809664813	0.0005809664813	0.0005809664813	0	0	0	0	0	0	0	0	0	0	0	0	0	0	0	0	0	0	0	0	0	0	0	0	0	0	0	0	0	0	0	0	0	0	0	0	0	0	0	0	0	0	0	0	0	0.0001537187577	0.0001537187577	0.0001537187577	0.0001537187577	0.0001537187577	0.0001537187577	0.0001537187577	0.0001537187577	0.0001537187577	0	0	0	0	0	0	0	0	0	0	0	0	0	0	0	0	0	0	0	0	0	0	0	0	0	0	0	0	0	0	0	0	0	0	0	0	0	0	0	0	0	0	0	0	0	7.233823891e-05	7.233823891e-05	7.233823891e-05	7.233823891e-05	7.233823891e-05	7.233823891e-05	7.233823891e-05	7.233823891e-05	7.233823891e-05	0	0	0	0	0	0	0	0	0	0	0	0	0	0	0	0	0	0	0	0	0	0	0	0	0	0	0	0	0	0	0	0	0	0	0	0	0	0	0	0	0	0	0	0	0	0.0001537187577	0.0001537187577	0.0001537187577	0.0001537187577	0.0001537187577	0.0001537187577	0.0001537187577	0.0001537187577	0.0001537187577	0	0	0	0	0	0	0	0	0	0	0	0	0	0	0	0	0	0	0	0	0	0	0	0	0	0	0	0	0	0	0	0	0	0	0	0	0	0	0	0	0	0	0	0	0	0.0005809664813	0.0005809664813	0.0005809664813	0.0005809664813	0.0005809664813	0.0005809664813	0.0005809664813	0.0005809664813	0.0005809664813	0	0	0	0	0	0	0	0	0
(4,26)	0	0	0	0	0	0	0	0	0	0	0	0	0	0	0	0	0	0	0	0	0	0	0	0	0	0	0	0	0	0	0	0	0	0	0	0	0.002315388788	0.002315388788	0.002315388788	0.002315388788	0.002315388788	0.002315388788	0.002315388788	0.002315388788	0.002315388788	0	0	0	0	0	0	0	0	0	0	0	0	0	0	0	0	0	0	0	0	0	0	0	0	0	0	0	0	0	0	0	0	0	0	0	0	0	0	0	0	0	0	0	0	0	0.009259435866	0.009259435866	0.009259435866	0.009259435866	0.009259435866	0.009259435866	0.009259435866	0.009259435866	0.009259435866	0	0	0	0	0	0	0	0	0	0	0	0	0	0	0	0	0	0	0	0	0	0	0	0	0	0	0	0	0	0	0	0	0	0	0	0	0	0	0	0	0	0	0	0	0	0.009259435866	0.009259435866	0.009259435866	0.009259435866	0.009259435866	0.009259435866	0.009259435866	0.009259435866	0.009259435866	0	0	0	0	0	0	0	0	0	0	0	0	0	0	0	0	0	0	0	0	0	0	0	0	0	0	0	0	0	0	0	0	0	0	0	0	0	0	0	0	0	0	0	0	0	0.002315388788	0.002315388788	0.002315388788	0.002315388788	0.002315388788	0.002315388788	0.002315388788	0.002315388788	0.002315388788	0	0	0	0	0	0	0	0	0	0	0	0	0	0	0	0	0	0	0	0	0	0	0	0	0	0	0	0	0	0	0	0	0	0	0	0	0	0	0	0	0	0	0	0	0	0.0005809664813	0.0005809664813	0.0005809664813	0.0005809664813	0.0005809664813	0.0005809664813	0.0005809664813	0.0005809664813	0.0005809664813	0	0	0	0	0	0	0	0	0	0	0	0	0	0	0	0	0	0	0	0	0	0	0	0	0	0	0	0	0	0	0	0	0	0	0	0	0	0	0	0	0	0	0	0	0	0.0001537187577	0.0001537187577	0.0001537187577	0.0001537187577	0.0001537187577	0.0001537187577	0.0001537187577	0.0001537187577	0.0001537187577	0	0	0	0	0	0	0	0	0	0	0	0	0	0	0	0	0	0	0	0	0	0	0	0	0	0	0	0	0	0	0	0	0	0	0	0	0	0	0	0	0	0	0	0	0	7.233823891e-05	7.233823891e-05	7.233823891e-05	7.233823891e-05	7.233823891e-05	7.233823891e-05	7.233823891e-05	7.233823891e-05	7.233823891e-05	0	0	0	0	0	0	0	0	0	0	0	0	0	0	0	0	0	0	0	0	0	0	0	0	0	0	0	0	0	0	0	0	0	0	0	0	0	0	0	0	0	0	0	0	0	0.0001537187577	0.0001537187577	0.0001537187577	0.0001537187577	0.0001537187577	0.0001537187577	0.0001537187577	0.0001537187577	0.0001537187577	0	0	0	0	0	0	0	0	0	0	0	0	0	0	0	0	0	0	0	0	0	0	0	0	0	0	0	0	0	0	0	0	0	0	0	0	0	0	0	0	0	0	0	0	0	0.0005809664813	0.0005809664813	0.0005809664813	0.0005809664813	0.0005809664813	0.0005809664813	0.0005809664813	0.0005809664813	0.0005809664813	0	0	0	0	0	0	0	0	0
(5,0)	0.01045739666	0	0	0	0	0	0	0	0	0	0	0	0	0	0	0	0	0	0	0	0	0	0	0	0	0	0	0	0	0	0	0	0	0	0	0	0	0	0	0	0	0	0	0	0	0	0	0	0	0	0	0	0	0	0	0.006946166363	0.006946166363	0	0.006946166363	0.006946166363	0	0.006946166363	0.006946166363	0	0	0	0	0	0	0	0	0	0	0	0	0	0	0	0	0	0	0	0	0	0	0	0	0	0	0	0	0	0	0	0	0	0	0	0	0	0	0	0	0	0	0	0	0	0	0.0277783076	0.0277783076	0	0.0277783076	0.0277783076	0	0.0277783076	0.0277783076	0	0	0	0	0	0	0	0	0	0	0	0	0	0	0	0	0	0	0	0	0	0	0	0	0	0	0	0	0	0	0	0	0	0	0	0	0	0	0	0	0	0	0	0	0	0	0	0	0.0833349228	0	0	0.0833349228	0	0	0	0	0	0	0	0	0	0	0	0	0	0	0	0	0	0	0	0	0	0	0	0	0	0	0	0	0	0	0	0	0	0	0	0	0	0	0	0	0	0	0	0	0	0	0	0	0.006946166363	0.006946166363	0	0.006946166363	0.006946166363	0	0.006946166363	0.006946166363	0	0	0	0	0	0	0	0	0	0	0	0	0	0	0	0	0	0	0	0	0	0	0	0	0	0	0	0	0	0	0	0	0	0	0	0	0	0	0	0	0	0	0	0	0	0	0.001742899444	0.001742899444	0	0.001742899444	0.001742899444	0	0.001742899444	0.001742899444	0	0	0	0	0	0	0	0	0	0	0	0	0	0	0	0	0	0	0	0	0	0	0	0	0	0	0	0	0	0	0	0	0	0	0	0	0	0	0	0	0	0	0	0	0	0	0	0	0.001383468819	0	0	0.001383468819	0	0	0	0	0	0	0	0	0	0	0	0	0	0	0	0	0	0	0	0	0	0	0	0	0	0	0	0	0	0	0	0	0	0	0	0	0	0	0	0	0	0	0	0	0	0	0	0	0.0002170147167	0.0002170147167	0	0.0002170147167	0.0002170147167	0	0.0002170147167	0.0002170147167	0	0	0	0	0	0	0	0	0	0	0	0	0	0	0	0	0	0	0	0	0	0	0	0	0	0	0	0	0	0	0	0	0	0	0	0	0	0	0	0	0	0	0	0	0	0	0.0004611562731	0.0004611562731	0	0.0004611562731	0.0004611562731	0	0.0004611562731	0.0004611562731	0	0	0	0	0	0	0	0	0	0	0	0	0	0	0	0	0	0	0	0	0	0	0	0	0	0	0	0	0	0	0	0	0	0	0	0	0	0	0	0	0	0	0	0	0
(5,1)	0	0	0	0	0	0	0	0	0	0	0	0	0	0	0	0	0	0	0	0	0	0	0	0	0	0	0	0	0.001158542108	0.001158542108	0.001158542108	0.001158542108	0.001158542108	0.001158542108	0.001158542108	0.001158542108	0.001158542108	0	0	0	0	0	0	0	0	0	0	0	0	0	0	0	0	0	0	0	0	0	0	0	0	0	0	0	0	0	0	0	0	0	0	0	0	0	0	0	0	0	0	0	0	0	0.004629929862	0.004629929862	0.004629929862	0.004629929862	0.004629929862	0.004629929862	0.004629929862	0.004629929862	0.004629929862	0	0	0	0	0	0	0	0	0	0	0	0	0	0	0	0	0	0	0	0	0	0	0	0	0	0	0	0	0	0	0	0	0	0	0	0	0	0	0	0	0	0	0	0	0	0.0185186598	0.0185186598	0.0185186598	0.0185186598	0.0185186598	0.0185186598	0.0185186598	0.0185186598	0.0185186598	0	0	0	0	0	0	0	0	0	0	0	0	0	0	0	0	0	0	0	0	0	0	0	0	0	0	0	0	0	0	0	0	0	0	0	0	0	0	0	0	0	0	0	0	0	0.004629929862	0.004629929862	0.004629929862	0.004629929862	0.004629929862	0.004629929862	0.004629929862	0.004629929862	0.004629929862	0	0	0	0	0	0	0	0	0	0	0	0	0	0	0	0	0	0	0	0	0	0	0	0	0	0	0	0	0	0	0	0	0	0	0	0	0	0	0	0	0	0	0	0	0	0.001158542108	0.001158542108	0.001158542108	0.001158542108	0.001158542108	0.001158542108	0.001158542108	0.001158542108	0.001158542108	0	0	0	0	0	0	0	0	0	0	0	0	0	0	0	0	0	0	0	0	0	0	0	0	0	0	0	0	0	0	0	0	0	0	0	0	0	0	0	0	0	0	0	0	0	0.0002938740956	0.0002938740956	0.0002938740956	0.0002938740956	0.0002938740956	0.0002938740956	0.0002938740956	0.0002938740956	0.0002938740956	0	0	0	0	0	0	0	0	0	0	0	0	0	0	0	0	0	0	0	0	0	0	0	0	0	0	0	0	0	0	0	0	0	0	0	0	0	0	0	0	0	0	0	0	0	9.042279864e-05	9.042279864e-05	9.042279864e-05	9.042279864e-05	9.042279864e-05	9.042279864e-05	9.042279864e-05	9.042279864e-05	9.042279864e-05	0	0	0	0	0	0	0	0	0	0	0	0	0	0	0	0	0	0	0	0	0	0	0	0	0	0	0	0	0	0	0	0	0	0	0	0	0	0	0	0	0	0	0	0	0	9.042279864e-05	9.042279864e-05	9.042279864e-05	9.042279864e-05	9.042279864e-05	9.042279864e-05	9.042279864e-05	9.042279864e-05	9.042279864e-05	0	0	0	0	0	0	0	0	0	0	0	0	0	0	0	0	0	0	0	0	0	0	0	0	0	0	0	0	0	0	0	0	0	0	0	0	0	0	0	0	0	0	0	0	0	0.0002938740956	0.0002938740956	0.0002938740956	0.0002938740956	0.0002938740956	0.0002938740956	0.0002938740956	0.0002938740956	0.0002938740956	0	0	0	0	0	0	0	0	0	0	0	0	0	0	0	0	0
(5,2)	0	0	0	0	0	0	0	0	0	0	0	0	0	0	0	0	0	0	0	0	0	0	0	0	0	0	0	0	0.001158542108	0.001158542108	0.001158542108	0.001158542108	0.001158542108	0.001158542108	0.001158542108	0.001158542108	0.001158542108	0	0	0	0	0	0	0	0	0	0	0	0	0	0	0	0	0	0	0	0	0	0	0	0	0	0	0	0	0	0	0	0	0	0	0	0	0	0	0	0	0	0	0	0	0	0.004629929862	0.004629929862	0.004629929862	0.004629929862	0.004629929862	0.004629929862	0.004629929862	0.004629929862	0.004629929862	0	0	0	0	0	0	0	0	0	0	0	0	0	0	0	0	0	0	0	0	0	0	0	0	0	0	0	0	0	0	0	0	0	0	0	0	0	0	0	0	0	0	0	0	0	0.0185186598	0.0185186598	0.0185186598	0.0185186598	0.0185186598	0.0185186598	0.0185186598	0.0185186598	0.0185186598	0	0	0	0	0	0	0	0	0	0	0	0	0	0	0	0	0	0	0	0	0	0	0	0	0	0	0	0	0	0	0	0	0	0	0	0	0	0	0	0	0	0	0	0	0	0.004629929862	0.004629929862	0.004629929862	0.004629929862	0.004629929862	0.004629929862	0.004629929862	0.004629929862	0.004629929862	0	0	0	0	0	0	0	0	0	0	0	0	0	0	0	0	0	0	0	0	0	0	0	0	0	0	0	0	0	0	0	0	0	0	0	0	0	0	0	0	0	0	0	0	0	0.001158542108	0.001158542108	0.001158542108	0.001158542108	0.001158542108	0.001158542108	0.001158542108	0.001158542108	0.001158542108	0	0	0	0	0	0	0	0	0	0	0	0	0	0	0	0	0	0	0	0	0	0	0	0	0	0	0	0	0	0	0	0	0	0	0	0	0	0	0	0	0	0	0	0	0	0.0002938740956	0.0002938740956	0.0002938740956	0.0002938740956	0.0002938740956	0.0002938740956	0.0002938740956	0.0002938740956	0.0002938740956	0	0	0	0	0	0	0	0	0	0	0	0	0	0	0	0	0	0	0	0	0	0	0	0	0	0	0	0	0	0	0	0	0	0	0	0	0	0	0	0	0	0	0	0	0	9.042279864e-05	9.042279864e-05	9.042279864e-05	9.042279864e-05	9.042279864e-05	9.042279864e-05	9.042279864e-05	9.042279864e-05	9.042279864e-05	0	0	0	0	0	0	0	0	0	0	0	0	0	0	0	0	0	0	0	0	0	0	0	0	0	0	0	0	0	0	0	0	0	0	0	0	0	0	0	0	0	0	0	0	0	9.042279864e-05	9.042279864e-05	9.042279864e-05	9.042279864e-05	9.042279864e-05	9.042279864e-05	9.042279864e-05	9.042279864e-05	9.042279864e-05	0	0	0	0	0	0	0	0	0	0	0	0	0	0	0	0	0	0	0	0	0	0	0	0	0	0	0	0	0	0	0	0	0	0	0	0	0	0	0	0	0	0	0	0	0	0.0002938740956	0.0002938740956	0.0002938740956	0.0002938740956	0.0002938740956	0.0002938740956	0.0002938740956	0.0002938740956	0.0002938740956	0	0	0	0	0	0	0	0	0	0	0	0	0	0	0	0	0
(5,3)	0	0.01045739666	0	0	0	0	0	0	0	0	0	0	0	0	0	0	0	0	0	0	0	0	0	0	0	0	0	0	0	0	0	0	0	0	0	0	0	0	0	0	0	0	0	0	0	0	0	0	0	0	0	0	0	0	0	0	0.006946166363	0.006946166363	0	0.006946166363	0.006946166363	0	0.006946166363	0.006946166363	0	0	0	0	0	0	0	0	0	0	0	0	0	0	0	0	0	0	0	0	0	0	0	0	0	0	0	0	0	0	0	0	0	0	0	0	0	0	0	0	0	0	0	0	0	0	0.0277783076	0.0277783076	0	0.0277783076	0.0277783076	0	0.0277783076	0.0277783076	0	0	0	0	0	0	0	0	0	0	0	0	0	0	0	0	0	0	0	0	0	0	0	0	0	0	0	0	0	0	0	0	0	0	0	0	0	0	0	0	0	0	0	0	0	0	0	0	0.0833349228	0	0	0.0833349228	0	0	0	0	0	0	0	0	0	0	0	0	0	0	0	0	0	0	0	0	0	0	0	0	0	0	0	0	0	0	0	0	0	0	0	0	0	0	0	0	0	0	0	0	0	0	0	0	0.006946166363	0.006946166363	0	0.006946166363	0.006946166363	0	0.006946166363	0.006946166363	0	0	0	0	0	0	0	0	0	0	0	0	0	0	0	0	0	0	0	0	0	0	0	0	0	0	0	0	0	0	0	0	0	0	0	0	0	0	0	0	0	0	0	0	0	0	0.001742899444	0.001742899444	0	0.001742899444	0.001742899444	0	0.001742899444	0.001742899444	0	0	0	0	0	0	0	0	0	0	0	0	0	0	0	0	0	0	0	0	0	0	0	0	0	0	0	0	0	0	0	0	0	0	0	0	0	0	0	0	0	0	0	0	0	0	0	0	0.001383468819	0	0	0.001383468819	0	0	0	0	0	0	0	0	0	0	0	0	0	0	0	0	0	0	0	0	0	0	0	0	0	0	0	0	0	0	0	0	0	0	0	0	0	0	0	0	0	0	0	0	0	0	0	0	0.0002170147167	0.0002170147167	0	0.0002170147167	0.0002170147167	0	0.0002170147167	0.0002170147167	0	0	0	0	0	0	0	0	0	0	0	0	0	0	0	0	0	0	0	0	0	0	0	0	0	0	0	0	0	0	0	0	0	0	0	0	0	0	0	0	0	0	0	0	0	0	0.0004611562731	0.0004611562731	0	0.0004611562731	0.0004611562731	0	0.0004611562731	0.0004611562731	0	0	0	0	0	0	0	0	0	0	0	0	0	0	0	0	0	0	0	0	0	0	0	0	0	0	0	0	0	0	0	0	0	0	0	0	0	0	0	0	0	0	0	0
(5,4)	0	0	0	0	0	0	0	0	0	0	0	0	0	0	0	0	0	0	0	0	0	0	0	0	0	0	0	0	0	0.001158542108	0.001158542108	0.001158542108	0.001158542108	0.001158542108	0.001158542108	0.001158542108	0.001158542108	0.001158542108	0	0	0	0	0	0	0	0	0	0	0	0	0	0	0	0	0	0	0	0	0	0	0	0	0	0	0	0	0	0	0	0	0	0	0	0	0	0	0	0	0	0	0	0	0	0.004629929862	0.004629929862	0.004629929862	0.004629929862	0.004629929862	0.004629929862	0.004629929862	0.004629929862	0.004629929862	0	0	0	0	0	0	0	0	0	0	0	0	0	0	0	0	0	0	0	0	0	0	0	0	0	0	0	0	0	0	0	0	0	0	0	0	0	0	0	0	0	0	0	0	0	0.0185186598	0.0185186598	0.0185186598	0.0185186598	0.0185186598	0.0185186598	0.0185186598	0.0185186598	0.0185186598	0	0	0	0	0	0	0	0	0	0	0	0	0	0	0	0	0	0	0	0	0	0	0	0	0	0	0	0	0	0	0	0	0	0	0	0	0	0	0	0	0	0	0	0	0	0.004629929862	0.004629929862	0.004629929862	0.004629929862	0.004629929862	0.004629929862	0.004629929862	0.004629929862	0.004629929862	0	0	0	0	0	0	0	0	0	0	0	0	0	0	0	0	0	0	0	0	0	0	0	0	0	0	0	0	0	0	0	0	0	0	0	0	0	0	0	0	0	0	0	0	0	0.001158542108	0.001158542108	0.001158542108	0.001158542108	0.001158542108	0.001158542108	0.001158542108	0.001158542108	0.001158542108	0	0	0	0	0	0	0	0	0	0	0	0	0	0	0	0	0	0	0	0	0	0	0	0	0	0	0	0	0	0	0	0	0	0	0	0	0	0	0	0	0	0	0	0	0	0.0002938740956	0.0002938740956	0.0002938740956	0.0002938740956	0.0002938740956	0.0002938740956	0.0002938740956	0.0002938740956	0.0002938740956	0	0	0	0	0	0	0	0	0	0	0	0	0	0	0	0	0	0	0	0	0	0	0	0	0	0	0	0	0	0	0	0	0	0	0	0	0	0	0	0	0	0	0	0	0	9.042279864e-05	9.042279864e-05	9.042279864e-05	9.042279864e-05	9.042279864e-05	9.042279864e-05	9.042279864e-05	9.042279864e-05	9.042279864e-05	0	0	0	0	0	0	0	0	0	0	0	0	0	0	0	0	0	0	0	0	0	0	0	0	0	0	0	0	0	0	0	0	0	0	0	0	0	0	0	0	0	0	0	0	0	9.042279864e-05	9.042279864e-05	9.042279864e-05	9.042279864e-05	9.042279864e-05	9.042279864e-05	9.042279864e-05	9.042279864e-05	9.042279864e-05	0	0	0	0	0	0	0	0	0	0	0	0	0	0	0	0	0	0	0	0	0	0	0	0	0	0	0	0	0	0	0	0	0	0	0	0	0	0	0	0	0	0	0	0	0	0.0002938740956	0.0002938740956	0.0002938740956	0.0002938740956	0.0002938740956	0.0002938740956	0.0002938740956	0.0002938740956	0.0002938740956	0	0	0	0	0	0	0	0	0	0	0	0	0	0	0	0
(5,5)	0	0	0	0	0	0	0	0	0	0	0	0	0	0	0	0	0	0	0	0	0	0	0	0	0	0	0	0	0	0.001158542108	0.001158542108	0.001158542108	0.001158542108	0.001158542108	0.001158542108	0.001158542108	0.001158542108	0.001158542108	0	0	0	0	0	0	0	0	0	0	0	0	0	0	0	0	0	0	0	0	0	0	0	0	0	0	0	0	0	0	0	0	0	0	0	0	0	0	0	0	0	0	0	0	0	0.004629929862	0.004629929862	0.004629929862	0.004629929862	0.004629929862	0.004629929862	0.004629929862	0.004629929862	0.004629929862	0	0	0	0	0	0	0	0	0	0	0	0	0	0	0	0	0	0	0	0	0	0	0	0	0	0	0	0	0	0	0	0	0	0	0	0	0	0	0	0	0	0	0	0	0	0.0185186598	0.0185186598	0.0185186598	0.0185186598	0.0185186598	0.0185186598	0.0185186598	0.0185186598	0.0185186598	0	0	0	0	0	0	0	0	0	0	0	0	0	0	0	0	0	0	0	0	0	0	0	0	0	0	0	0	0	0	0	0	0	0	0	0	0	0	0	0	0	0	0	0	0	0.004629929862	0.004629929862	0.004629929862	0.004629929862	0.004629929862	0.004629929862	0.004629929862	0.004629929862	0.004629929862	0	0	0	0	0	0	0	0	0	0	0	0	0	0	0	0	0	0	0	0	0	0	0	0	0	0	0	0	0	0	0	0	0	0	0	0	0	0	0	0	0	0	0	0	0	0.001158542108	0.001158542108	0.001158542108	0.001158542108	0.001158542108	0.001158542108	0.001158542108	0.001158542108	0.001158542108	0	0	0	0	0	0	0	0	0	0	0	0	0	0	0	0	0	0	0	0	0	0	0	0	0	0	0	0	0	0	0	0	0	0	0	0	0	0	0	0	0	0	0	0	0	0.0002938740956	0.0002938740956	0.0002938740956	0.0002938740956	0.0002938740956	0.0002938740956	0.0002938740956	0.0002938740956	0.0002938740956	0	0	0	0	0	0	0	0	0	0	0	0	0	0	0	0	0	0	0	0	0	0	0	0	0	0	0	0	0	0	0	0	0	0	0	0	0	0	0	0	0	0	0	0	0	9.042279864e-05	9.042279864e-05	9.042279864e-05	9.042279864e-05	9.042279864e-05	9.042279864e-05	9.042279864e-05	9.042279864e-05	9.042279864e-05	0	0	0	0	0	0	0	0	0	0	0	0	0	0	0	0	0	0	0	0	0	0	0	0	0	0	0	0	0	0	0	0	0	0	0	0	0	0	0	0	0	0	0	0	0	9.042279864e-05	9.042279864e-05	9.042279864e-05	9.042279864e-05	9.042279864e-05	9.042279864e-05	9.042279864e-05	9.042279864e-05	9.042279864e-05	0	0	0	0	0	0	0	0	0	0	0	0	0	0	0	0	0	0	0	0	0	0	0	0	0	0	0	0	0	0	0	0	0	0	0	0	0	0	0	0	0	0	0	0	0	0.0002938740956	0.0002938740956	0.0002938740956	0.0002938740956	0.0002938740956	0.0002938740956	0.0002938740956	0.0002938740956	0.0002938740956	0	0	0	0	0	0	0	0	0	0	0	0	0	0	0	0
(5,6)	0	0	0.01045739666	0	0	0	0	0	0	0	0	0	0	0	0	0	0	0	0	0	0	0	0	0	0	0	0	0	0	0	0	0	0	0	0	0	0	0	0	0	0	0	0	0	0	0	0	0	0	0	0	0	0	0	0	0	0	0.006946166363	0.006946166363	0	0.006946166363	0.006946166363	0	0.006946166363	0.006946166363	0	0	0	0	0	0	0	0	0	0	0	0	0	0	0	0	0	0	0	0	0	0	0	0	0	0	0	0	0	0	0	0	0	0	0	0	0	0	0	0	0	0	0	0	0	0	0.0277783076	0.0277783076	0	0.0277783076	0.0277783076	0	0.0277783076	0.0277783076	0	0	0	0	0	0	0	0	0	0	0	0	0	0	0	0	0	0	0	0	0	0	0	0	0	0	0	0	0	0	0	0	0	0	0	0	0	0	0	0	0	0	0	0	0	0	0	0	0.0833349228	0	0	0.0833349228	0	0	0	0	0	0	0	0	0	0	0	0	0	0	0	0	0	0	0	0	0	0	0	0	0	0	0	0	0	0	0	0	0	0	0	0	0	0	0	0	0	0	0	0	0	0	0	0	0.006946166363	0.006946166363	0	0.006946166363	0.006946166363	0	0.006946166363	0.006946166363	0	0	0	0	0	0	0	0	0	0	0	0	0	0	0	0	0	0	0	0	0	0	0	0	0	0	0	0	0	0	0	0	0	0	0	0	0	0	0	0	0	0	0	0	0	0	0.001742899444	0.001742899444	0	0.001742899444	0.001742899444	0	0.001742899444	0.001742899444	0	0	0	0	0	0	0	0	0	0	0	0	0	0	0	0	0	0	0	0	0	0	0	0	0	0	0	0	0	0	0	0	0	0	0	0	0	0	0	0	0	0	0	0	0	0	0	0	0.001383468819	0	0	0.001383468819	0	0	0	0	0	0	0	0	0	0	0	0	0	0	0	0	0	0	0	0	0	0	0	0	0	0	0	0	0	0	0	0	0	0	0	0	0	0	0	0	0	0	0	0	0	0	0	0	0.0002170147167	0.0002170147167	0	0.0002170147167	0.0002170147167	0	0.0002170147167	0.0002170147167	0	0	0	0	0	0	0	0	0	0	0	0	0	0	0	0	0	0	0	0	0	0	0	0	0	0	0	0	0	0	0	0	0	0	0	0	0	0	0	0	0	0	0	0	0	0	0.0004611562731	0.0004611562731	0	0.0004611562731	0.0004611562731	0	0.0004611562731	0.0004611562731	0	0	0	0	0	0	0	0	0	0	0	0	0	0	0	0	0	0	0	0	0	0	0	0	0	0	0	0	0	0	0	0	0	0	0	0	0	0	0	0	0	0	0
(5,7)	0	0	0	0	0	0	0	0	0	0	0	0	0	0	0	0	0	0	0	0	0	0	0	0	0	0	0	0	0	0	0.001158542108	0.001158542108	0.001158542108	0.001158542108	0.001158542108	0.001158542108	0.001158542108	0.001158542108	0.001158542108	0	0	0	0	0	0	0	0	0	0	0	0	0	0	0	0	0	0	0	0	0	0	0	0	0	0	0	0	0	0	0	0	0	0	0	0	0	0	0	0	0	0	0	0	0	0.004629929862	0.004629929862	0.004629929862	0.004629929862	0.004629929862	0.004629929862	0.004629929862	0.004629929862	0.004629929862	0	0	0	0	0	0	0	0	0	0	0	0	0	0	0	0	0	0	0	0	0	0	0	0	0	0	0	0	0	0	0	0	0	0	0	0	0	0	0	0	0	0	0	0	0	0.0185186598	0.0185186598	0.0185186598	0.0185186598	0.0185186598	0.0185186598	0.0185186598	0.0185186598	0.0185186598	0	0	0	0	0	0	0	0	0	0	0	0	0	0	0	0	0	0	0	0	0	0	0	0	0	0	0	0	0	0	0	0	0	0	0	0	0	0	0	0	0	0	0	0	0	0.004629929862	0.004629929862	0.004629929862	0.004629929862	0.004629929862	0.004629929862	0.004629929862	0.004629929862	0.004629929862	0	0	0	0	0	0	0	0	0	0	0	0	0	0	0	0	0	0	0	0	0	0	0	0	0	0	0	0	0	0	0	0	0	0	0	0	0	0	0	0	0	0	0	0	0	0.001158542108	0.001158542108	0.001158542108	0.001158542108	0.001158542108	0.001158542108	0.001158542108	0.001158542108	0.001158542108	0	0	0	0	0	0	0	0	0	0	0	0	0	0	0	0	0	0	0	0	0	0	0	0	0	0	0	0	0	0	0	0	0	0	0	0	0	0	0	0	0	0	0	0	0	0.0002938740956	0.0002938740956	0.0002938740956	0.0002938740956	0.0002938740956	0.0002938740956	0.0002938740956	0.0002938740956	0.0002938740956	0	0	0	0	0	0	0	0	0	0	0	0	0	0	0	0	0	0	0	0	0	0	0	0	0	0	0	0	0	0	0	0	0	0	0	0	0	0	0	0	0	0	0	0	0	9.042279864e-05	9.042279864e-05	9.042279864e-05	9.042279864e-05	9.042279864e-05	9.042279864e-05	9.042279864e-05	9.042279864e-05	9.042279864e-05	0	0	0	0	0	0	0	0	0	0	0	0	0	0	0	0	0	0	0	0	0	0	0	0	0	0	0	0	0	0	0	0	0	0	0	0	0	0	0	0	0	0	0	0	0	9.042279864e-05	9.042279864e-05	9.042279864e-05	9.042279864e-05	9.042279864e-05	9.042279864e-05	9.042279864e-05	9.042279864e-05	9.042279864e-05	0	0	0	0	0	0	0	0	0	0	0	0	0	0	0	0	0	0	0	0	0	0	0	0	0	0	0	0	0	0	0	0	0	0	0	0	0	0	0	0	0	0	0	0	0	0.0002938740956	0.0002938740956	0.0002938740956	0.0002938740956	0.0002938740956	0.0002938740956	0.0002938740956	0.0002938740956	0.0002938740956	0	0	0	0	0	0	0	0	0	0	0	0	0	0	0
(5,8)	0	0	0	0	0	0	0	0	0	0	0	0	0	0	0	0	0	0	0	0	0	0	0	0	0	0	0	0	0	0	0.001158542108	0.001158542108	0.001158542108	0.001158542108	0.001158542108	0.001158542108	0.001158542108	0.001158542108	0.001158542108	0	0	0	0	0	0	0	0	0	0	0	0	0	0	0	0	0	0	0	0	0	0	0	0	0	0	0	0	0	0	0	0	0	0	0	0	0	0	0	0	0	0	0	0	0	0.004629929862	0.004629929862	0.004629929862	0.004629929862	0.004629929862	0.004629929862	0.004629929862	0.004629929862	0.004629929862	0	0	0	0	0	0	0	0	0	0	0	0	0	0	0	0	0	0	0	0	0	0	0	0	0	0	0	0	0	0	0	0	0	0	0	0	0	0	0	0	0	0	0	0	0	0.0185186598	0.0185186598	0.0185186598	0.0185186598	0.0185186598	0.0185186598	0.0185186598	0.0185186598	0.0185186598	0	0	0	0	0	0	0	0	0	0	0	0	0	0	0	0	0	0	0	0	0	0	0	0	0	0	0	0	0	0	0	0	0	0	0	0	0	0	0	0	0	0	0	0	0	0.004629929862	0.004629929862	0.004629929862	0.004629929862	0.004629929862	0.004629929862	0.004629929862	0.004629929862	0.004629929862	0	0	0	0	0	0	0	0	0	0	0	0	0	0	0	0	0	0	0	0	0	0	0	0	0	0	0	0	0	0	0	0	0	0	0	0	0	0	0	0	0	0	0	0	0	0.001158542108	0.001158542108	0.001158542108	0.001158542108	0.001158542108	0.001158542108	0.001158542108	0.001158542108	0.001158542108	0	0	0	0	0	0	0	0	0	0	0	0	0	0	0	0	0	0	0	0	0	0	0	0	0	0	0	0	0	0	0	0	0	0	0	0	0	0	0	0	0	0	0	0	0	0.0002938740956	0.0002938740956	0.0002938740956	0.0002938740956	0.0002938740956	0.0002938740956	0.0002938740956	0.0002938740956	0.0002938740956	0	0	0	0	0	0	0	0	0	0	0	0	0	0	0	0	0	0	0	0	0	0	0	0	0	0	0	0	0	0	0	0	0	0	0	0	0	0	0	0	0	0	0	0	0	9.042279864e-05	9.042279864e-05	9.042279864e-05	9.042279864e-05	9.042279864e-05	9.042279864e-05	9.042279864e-05	9.042279864e-05	9.042279864e-05	0	0	0	0	0	0	0	0	0	0	0	0	0	0	0	0	0	0	0	0	0	0	0	0	0	0	0	0	0	0	0	0	0	0	0	0	0	0	0	0	0	0	0	0	0	9.042279864e-05	9.042279864e-05	9.042279864e-05	9.042279864e-05	9.042279864e-05	9.042279864e-05	9.042279864e-05	9.042279864e-05	9.042279864e-05	0	0	0	0	0	0	0	0	0	0	0	0	0	0	0	0	0	0	0	0	0	0	0	0	0	0	0	0	0	0	0	0	0	0	0	0	0	0	0	0	0	0	0	0	0	0.0002938740956	0.0002938740956	0.0002938740956	0.0002938740956	0.0002938740956	0.0002938740956	0.0002938740956	0.0002938740956	0.0002938740956	0	0	0	0	0	0	0	0	0	0	0	0	0	0	0
(5,9)	0	0	0	0.01045739666	0	0	0	0	0	0	0	0	0	0	0	0	0	0	0	0	0	0	0	0	0	0	0	0	0	0	0	0	0	0	0	0	0	0	0	0	0	0	0	0	0	0	0	0	0	0	0	0	0	0	0	0	0	0	0.006946166363	0.006946166363	0	0.006946166363	0.006946166363	0	0.006946166363	0.006946166363	0	0	0	0	0	0	0	0	0	0	0	0	0	0	0	0	0	0	0	0	0	0	0	0	0	0	0	0	0	0	0	0	0	0	0	0	0	0	0	0	0	0	0	0	0	0	0.0277783076	0.0277783076	0	0.0277783076	0.0277783076	0	0.0277783076	0.0277783076	0	0	0	0	0	0	0	0	0	0	0	0	0	0	0	0	0	0	0	0	0	0	0	0	0	0	0	0	0	0	0	0	0	0	0	0	0	0	0	0	0	0	0	0	0	0	0	0	0.0833349228	0	0	0.0833349228	0	0	0	0	0	0	0	0	0	0	0	0	0	0	0	0	0	0	0	0	0	0	0	0	0	0	0	0	0	0	0	0	0	0	0	0	0	0	0	0	0	0	0	0	0	0	0	0	0.006946166363	0.006946166363	0	0.006946166363	0.006946166363	0	0.006946166363	0.006946166363	0	0	0	0	0	0	0	0	0	0	0	0	0	0	0	0	0	0	0	0	0	0	0	0	0	0	0	0	0	0	0	0	0	0	0	0	0	0	0	0	0	0	0	0	0	0	0.001742899444	0.001742899444	0	0.001742899444	0.001742899444	0	0.001742899444	0.001742899444	0	0	0	0	0	0	0	0	0	0	0	0	0	0	0	0	0	0	0	0	0	0	0	0	0	0	0	0	0	0	0	0	0	0	0	0	0	0	0	0	0	0	0	0	0	0	0	0	0.001383468819	0	0	0.001383468819	0	0	0	0	0	0	0	0	0	0	0	0	0	0	0	0	0	0	0	0	0	0	0	0	0	0	0	0	0	0	0	0	0	0	0	0	0	0	0	0	0	0	0	0	0	0	0	0	0.0002170147167	0.0002170147167	0	0.0002170147167	0.0002170147167	0	0.0002170147167	0.0002170147167	0	0	0	0	0	0	0	0	0	0	0	0	0	0	0	0	0	0	0	0	0	0	0	0	0	0	0	0	0	0	0	0	0	0	0	0	0	0	0	0	0	0	0	0	0	0	0.0004611562731	0.0004611562731	0	0.0004611562731	0.0004611562731	0	0.0004611562731	0.0004611562731	0	0	0	0	0	0	0	0	0	0	0	0	0	0	0	0	0	0	0	0	0	0	0	0	0	0	0	0	0	0	0	0	0	0	0	0	0	0	0	0	0	0
(5,10)	0	0	0	0	0	0	0	0	0	0	0	0	0	0	0	0	0	0	0	0	0	0	0	0	0	0	0	0	0	0	0	0.001158542108	0.001158542108	0.001158542108	0.001158542108	0.001158542108	0.001158542108	0.001158542108	0.001158542108	0.001158542108	0	0	0	0	0	0	0	0	0	0	0	0	0	0	0	0	0	0	0	0	0	0	0	0	0	0	0	0	0	0	0	0	0	0	0	0	0	0	0	0	0	0	0	0	0	0.004629929862	0.004629929862	0.004629929862	0.004629929862	0.004629929862	0.004629929862	0.004629929862	0.004629929862	0.004629929862	0	0	0	0	0	0	0	0	0	0	0	0	0	0	0	0	0	0	0	0	0	0	0	0	0	0	0	0	0	0	0	0	0	0	0	0	0	0	0	0	0	0	0	0	0	0.0185186598	0.0185186598	0.0185186598	0.0185186598	0.0185186598	0.0185186598	0.0185186598	0.0185186598	0.0185186598	0	0	0	0	0	0	0	0	0	0	0	0	0	0	0	0	0	0	0	0	0	0	0	0	0	0	0	0	0	0	0	0	0	0	0	0	0	0	0	0	0	0	0	0	0	0.004629929862	0.004629929862	0.004629929862	0.004629929862	0.004629929862	0.004629929862	0.004629929862	0.004629929862	0.004629929862	0	0	0	0	0	0	0	0	0	0	0	0	0	0	0	0	0	0	0	0	0	0	0	0	0	0	0	0	0	0	0	0	0	0	0	0	0	0	0	0	0	0	0	0	0	0.001158542108	0.001158542108	0.001158542108	0.001158542108	0.001158542108	0.001158542108	0.001158542108	0.001158542108	0.001158542108	0	0	0	0	0	0	0	0	0	0	0	0	0	0	0	0	0	0	0	0	0	0	0	0	0	0	0	0	0	0	0	0	0	0	0	0	0	0	0	0	0	0	0	0	0	0.0002938740956	0.0002938740956	0.0002938740956	0.0002938740956	0.0002938740956	0.0002938740956	0.0002938740956	0.0002938740956	0.0002938740956	0	0	0	0	0	0	0	0	0	0	0	0	0	0	0	0	0	0	0	0	0	0	0	0	0	0	0	0	0	0	0	0	0	0	0	0	0	0	0	0	0	0	0	0	0	9.042279864e-05	9.042279864e-05	9.042279864e-05	9.042279864e-05	9.042279864e-05	9.042279864e-05	9.042279864e-05	9.042279864e-05	9.042279864e-05	0	0	0	0	0	0	0	0	0	0	0	0	0	0	0	0	0	0	0	0	0	0	0	0	0	0	0	0	0	0	0	0	0	0	0	0	0	0	0	0	0	0	0	0	0	9.042279864e-05	9.042279864e-05	9.042279864e-05	9.042279864e-05	9.042279864e-05	9.042279864e-05	9.042279864e-05	9.042279864e-05	9.042279864e-05	0	0	0	0	0	0	0	0	0	0	0	0	0	0	0	0	0	0	0	0	0	0	0	0	0	0	0	0	0	0	0	0	0	0	0	0	0	0	0	0	0	0	0	0	0	0.0002938740956	0.0002938740956	0.0002938740956	0.0002938740956	0.0002938740956	0.0002938740956	0.0002938740956	0.0002938740956	0.0002938740956	0	0	0	0	0	0	0	0	0	0	0	0	0	0
(5,11)	0	0	0	0	0	0	0	0	0	0	0	0	0	0	0	0	0	0	0	0	0	0	0	0	0	0	0	0	0	0	0	0.001158542108	0.001158542108	0.001158542108	0.001158542108	0.001158542108	0.001158542108	0.001158542108	0.001158542108	0.001158542108	0	0	0	0	0	0	0	0	0	0	0	0	0	0	0	0	0	0	0	0	0	0	0	0	0	0	0	0	0	0	0	0	0	0	0	0	0	0	0	0	0	0	0	0	0	0.004629929862	0.004629929862	0.004629929862	0.004629929862	0.004629929862	0.004629929862	0.004629929862	0.004629929862	0.004629929862	0	0	0	0	0	0	0	0	0	0	0	0	0	0	0	0	0	0	0	0	0	0	0	0	0	0	0	0	0	0	0	0	0	0	0	0	0	0	0	0	0	0	0	0	0	0.0185186598	0.0185186598	0.0185186598	0.0185186598	0.0185186598	0.0185186598	0.0185186598	0.0185186598	0.0185186598	0	0	0	0	0	0	0	0	0	0	0	0	0	0	0	0	0	0	0	0	0	0	0	0	0	0	0	0	0	0	0	0	0	0	0	0	0	0	0	0	0	0	0	0	0	0.004629929862	0.004629929862	0.004629929862	0.004629929862	0.004629929862	0.004629929862	0.004629929862	0.004629929862	0.004629929862	0	0	0	0	0	0	0	0	0	0	0	0	0	0	0	0	0	0	0	0	0	0	0	0	0	0	0	0	0	0	0	0	0	0	0	0	0	0	0	0	0	0	0	0	0	0.001158542108	0.001158542108	0.001158542108	0.001158542108	0.001158542108	0.001158542108	0.001158542108	0.001158542108	0.001158542108	0	0	0	0	0	0	0	0	0	0	0	0	0	0	0	0	0	0	0	0	0	0	0	0	0	0	0	0	0	0	0	0	0	0	0	0	0	0	0	0	0	0	0	0	0	0.0002938740956	0.0002938740956	0.0002938740956	0.0002938740956	0.0002938740956	0.0002938740956	0.0002938740956	0.0002938740956	0.0002938740956	0	0	0	0	0	0	0	0	0	0	0	0	0	0	0	0	0	0	0	0	0	0	0	0	0	0	0	0	0	0	0	0	0	0	0	0	0	0	0	0	0	0	0	0	0	9.042279864e-05	9.042279864e-05	9.042279864e-05	9.042279864e-05	9.042279864e-05	9.042279864e-05	9.042279864e-05	9.042279864e-05	9.042279864e-05	0	0	0	0	0	0	0	0	0	0	0	0	0	0	0	0	0	0	0	0	0	0	0	0	0	0	0	0	0	0	0	0	0	0	0	0	0	0	0	0	0	0	0	0	0	9.042279864e-05	9.042279864e-05	9.042279864e-05	9.042279864e-05	9.042279864e-05	9.042279864e-05	9.042279864e-05	9.042279864e-05	9.042279864e-05	0	0	0	0	0	0	0	0	0	0	0	0	0	0	0	0	0	0	0	0	0	0	0	0	0	0	0	0	0	0	0	0	0	0	0	0	0	0	0	0	0	0	0	0	0	0.0002938740956	0.0002938740956	0.0002938740956	0.0002938740956	0.0002938740956	0.0002938740956	0.0002938740956	0.0002938740956	0.0002938740956	0	0	0	0	0	0	0	0	0	0	0	0	0	0
(5,12)	0	0	0	0	0.01045739666	0	0	0	0	0	0	0	0	0	0	0	0	0	0	0	0	0	0	0	0	0	0	0	0	0	0	0	0	0	0	0	0	0	0	0	0	0	0	0	0	0	0	0	0	0	0	0	0	0	0	0	0	0	0	0.006946166363	0.006946166363	0	0.006946166363	0.006946166363	0	0.006946166363	0.006946166363	0	0	0	0	0	0	0	0	0	0	0	0	0	0	0	0	0	0	0	0	0	0	0	0	0	0	0	0	0	0	0	0	0	0	0	0	0	0	0	0	0	0	0	0	0	0	0.0277783076	0.0277783076	0	0.0277783076	0.0277783076	0	0.0277783076	0.0277783076	0	0	0	0	0	0	0	0	0	0	0	0	0	0	0	0	0	0	0	0	0	0	0	0	0	0	0	0	0	0	0	0	0	0	0	0	0	0	0	0	0	0	0	0	0	0	0	0	0.0833349228	0	0	0.0833349228	0	0	0	0	0	0	0	0	0	0	0	0	0	0	0	0	0	0	0	0	0	0	0	0	0	0	0	0	0	0	0	0	0	0	0	0	0	0	0	0	0	0	0	0	0	0	0	0	0.006946166363	0.006946166363	0	0.006946166363	0.006946166363	0	0.006946166363	0.006946166363	0	0	0	0	0	0	0	0	0	0	0	0	0	0	0	0	0	0	0	0	0	0	0	0	0	0	0	0	0	0	0	0	0	0	0	0	0	0	0	0	0	0	0	0	0	0	0.001742899444	0.001742899444	0	0.001742899444	0.001742899444	0	0.001742899444	0.001742899444	0	0	0	0	0	0	0	0	0	0	0	0	0	0	0	0	0	0	0	0	0	0	0	0	0	0	0	0	0	0	0	0	0	0	0	0	0	0	0	0	0	0	0	0	0	0	0	0	0.001383468819	0	0	0.001383468819	0	0	0	0	0	0	0	0	0	0	0	0	0	0	0	0	0	0	0	0	0	0	0	0	0	0	0	0	0	0	0	0	0	0	0	0	0	0	0	0	0	0	0	0	0	0	0	0	0.0002170147167	0.0002170147167	0	0.0002170147167	0.0002170147167	0	0.0002170147167	0.0002170147167	0	0	0	0	0	0	0	0	0	0	0	0	0	0	0	0	0	0	0	0	0	0	0	0	0	0	0	0	0	0	0	0	0	0	0	0	0	0	0	0	0	0	0	0	0	0	0.0004611562731	0.0004611562731	0	0.0004611562731	0.0004611562731	0	0.0004611562731	0.0004611562731	0	0	0	0	0	0	0	0	0	0	0	0	0	0	0	0	0	0	0	0	0	0	0	0	0	0	0	0	0	0	0	0	0	0	0	0	0	0	0	0	0
(5,13)	0	0	0	0	0	0	0	0	0	0	0	0	0	0	0	0	0	0	0	0	0	0	0	0	0	0	0	0	0	0	0	0	0.001158542108	0.001158542108	0.001158542108	0.001158542108	0.001158542108	0.001158542108	0.001158542108	0.001158542108	0.001158542108	0	0	0	0	0	0	0	0	0	0	0	0	0	0	0	0	0	0	0	0	0	0	0	0	0	0	0	0	0	0	0	0	0	0	0	0	0	0	0	0	0	0	0	0	0	0.004629929862	0.004629929862	0.004629929862	0.004629929862	0.004629929862	0.004629929862	0.004629929862	0.004629929862	0.004629929862	0	0	0	0	0	0	0	0	0	0	0	0	0	0	0	0	0	0	0	0	0	0	0	0	0	0	0	0	0	0	0	0	0	0	0	0	0	0	0	0	0	0	0	0	0	0.0185186598	0.0185186598	0.0185186598	0.0185186598	0.0185186598	0.0185186598	0.0185186598	0.0185186598	0.0185186598	0	0	0	0	0	0	0	0	0	0	0	0	0	0	0	0	0	0	0	0	0	0	0	0	0	0	0	0	0	0	0	0	0	0	0	0	0	0	0	0	0	0	0	0	0	0.004629929862	0.004629929862	0.004629929862	0.004629929862	0.004629929862	0.004629929862	0.004629929862	0.004629929862	0.004629929862	0	0	0	0	0	0	0	0	0	0	0	0	0	0	0	0	0	0	0	0	0	0	0	0	0	0	0	0	0	0	0	0	0	0	0	0	0	0	0	0	0	0	0	0	0	0.001158542108	0.001158542108	0.001158542108	0.001158542108	0.001158542108	0.001158542108	0.001158542108	0.001158542108	0.001158542108	0	0	0	0	0	0	0	0	0	0	0	0	0	0	0	0	0	0	0	0	0	0	0	0	0	0	0	0	0	0	0	0	0	0	0	0	0	0	0	0	0	0	0	0	0	0.0002938740956	0.0002938740956	0.0002938740956	0.0002938740956	0.0002938740956	0.0002938740956	0.0002938740956	0.0002938740956	0.0002938740956	0	0	0	0	0	0	0	0	0	0	0	0	0	0	0	0	0	0	0	0	0	0	0	0	0	0	0	0	0	0	0	0	0	0	0	0	0	0	0	0	0	0	0	0	0	9.042279864e-05	9.042279864e-05	9.042279864e-05	9.042279864e-05	9.042279864e-05	9.042279864e-05	9.042279864e-05	9.042279864e-05	9.042279864e-05	0	0	0	0	0	0	0	0	0	0	0	0	0	0	0	0	0	0	0	0	0	0	0	0	0	0	0	0	0	0	0	0	0	0	0	0	0	0	0	0	0	0	0	0	0	9.042279864e-05	9.042279864e-05	9.042279864e-05	9.042279864e-05	9.042279864e-05	9.042279864e-05	9.042279864e-05	9.042279864e-05	9.042279864e-05	0	0	0	0	0	0	0	0	0	0	0	0	0	0	0	0	0	0	0	0	0	0	0	0	0	0	0	0	0	0	0	0	0	0	0	0	0	0	0	0	0	0	0	0	0	0.0002938740956	0.0002938740956	0.0002938740956	0.0002938740956	0.0002938740956	0.0002938740956	0.0002938740956	0.0002938740956	0.0002938740956	0	0	0	0	0	0	0	0	0	0	0	0	0
(5,14)	0	0	0	0	0	0	0	0	0	0	0	0	0	0	0	0	0	0	0	0	0	0	0	0	0	0	0	0	0	0	0	0	0.001158542108	0.001158542108	0.001158542108	0.001158542108	0.001158542108	0.001158542108	0.001158542108	0.001158542108	0.001158542108	0	0	0	0	0	0	0	0	0	0	0	0	0	0	0	0	0	0	0	0	0	0	0	0	0	0	0	0	0	0	0	0	0	0	0	0	0	0	0	0	0	0	0	0	0	0.004629929862	0.004629929862	0.004629929862	0.004629929862	0.004629929862	0.004629929862	0.004629929862	0.004629929862	0.004629929862	0	0	0	0	0	0	0	0	0	0	0	0	0	0	0	0	0	0	0	0	0	0	0	0	0	0	0	0	0	0	0	0	0	0	0	0	0	0	0	0	0	0	0	0	0	0.0185186598	0.0185186598	0.0185186598	0.0185186598	0.0185186598	0.0185186598	0.0185186598	0.0185186598	0.0185186598	0	0	0	0	0	0	0	0	0	0	0	0	0	0	0	0	0	0	0	0	0	0	0	0	0	0	0	0	0	0	0	0	0	0	0	0	0	0	0	0	0	0	0	0	0	0.004629929862	0.004629929862	0.004629929862	0.004629929862	0.004629929862	0.004629929862	0.004629929862	0.004629929862	0.004629929862	0	0	0	0	0	0	0	0	0	0	0	0	0	0	0	0	0	0	0	0	0	0	0	0	0	0	0	0	0	0	0	0	0	0	0	0	0	0	0	0	0	0	0	0	0	0.001158542108	0.001158542108	0.001158542108	0.001158542108	0.001158542108	0.001158542108	0.001158542108	0.001158542108	0.001158542108	0	0	0	0	0	0	0	0	0	0	0	0	0	0	0	0	0	0	0	0	0	0	0	0	0	0	0	0	0	0	0	0	0	0	0	0	0	0	0	0	0	0	0	0	0	0.0002938740956	0.0002938740956	0.0002938740956	0.0002938740956	0.0002938740956	0.0002938740956	0.0002938740956	0.0002938740956	0.0002938740956	0	0	0	0	0	0	0	0	0	0	0	0	0	0	0	0	0	0	0	0	0	0	0	0	0	0	0	0	0	0	0	0	0	0	0	0	0	0	0	0	0	0	0	0	0	9.042279864e-05	9.042279864e-05	9.042279864e-05	9.042279864e-05	9.042279864e-05	9.042279864e-05	9.042279864e-05	9.042279864e-05	9.042279864e-05	0	0	0	0	0	0	0	0	0	0	0	0	0	0	0	0	0	0	0	0	0	0	0	0	0	0	0	0	0	0	0	0	0	0	0	0	0	0	0	0	0	0	0	0	0	9.042279864e-05	9.042279864e-05	9.042279864e-05	9.042279864e-05	9.042279864e-05	9.042279864e-05	9.042279864e-05	9.042279864e-05	9.042279864e-05	0	0	0	0	0	0	0	0	0	0	0	0	0	0	0	0	0	0	0	0	0	0	0	0	0	0	0	0	0	0	0	0	0	0	0	0	0	0	0	0	0	0	0	0	0	0.0002938740956	0.0002938740956	0.0002938740956	0.0002938740956	0.0002938740956	0.0002938740956	0.0002938740956	0.0002938740956	0.0002938740956	0	0	0	0	0	0	0	0	0	0	0	0	0
(5,15)	0	0	0	0	0	0.01045739666	0	0	0	0	0	0	0	0	0	0	0	0	0	0	0	0	0	0	0	0	0	0	0	0	0	0	0	0	0	0	0	0	0	0	0	0	0	0	0	0	0	0	0	0	0	0	0	0	0	0	0	0	0	0	0.006946166363	0.006946166363	0	0.006946166363	0.006946166363	0	0.006946166363	0.006946166363	0	0	0	0	0	0	0	0	0	0	0	0	0	0	0	0	0	0	0	0	0	0	0	0	0	0	0	0	0	0	0	0	0	0	0	0	0	0	0	0	0	0	0	0	0	0	0.0277783076	0.0277783076	0	0.0277783076	0.0277783076	0	0.0277783076	0.0277783076	0	0	0	0	0	0	0	0	0	0	0	0	0	0	0	0	0	0	0	0	0	0	0	0	0	0	0	0	0	0	0	0	0	0	0	0	0	0	0	0	0	0	0	0	0	0	0	0	0.0833349228	0	0	0.0833349228	0	0	0	0	0	0	0	0	0	0	0	0	0	0	0	0	0	0	0	0	0	0	0	0	0	0	0	0	0	0	0	0	0	0	0	0	0	0	0	0	0	0	0	0	0	0	0	0	0.006946166363	0.006946166363	0	0.006946166363	0.006946166363	0	0.006946166363	0.006946166363	0	0	0	0	0	0	0	0	0	0	0	0	0	0	0	0	0	0	0	0	0	0	0	0	0	0	0	0	0	0	0	0	0	0	0	0	0	0	0	0	0	0	0	0	0	0	0.001742899444	0.001742899444	0	0.001742899444	0.001742899444	0	0.001742899444	0.001742899444	0	0	0	0	0	0	0	0	0	0	0	0	0	0	0	0	0	0	0	0	0	0	0	0	0	0	0	0	0	0	0	0	0	0	0	0	0	0	0	0	0	0	0	0	0	0	0	0	0.001383468819	0	0	0.001383468819	0	0	0	0	0	0	0	0	0	0	0	0	0	0	0	0	0	0	0	0	0	0	0	0	0	0	0	0	0	0	0	0	0	0	0	0	0	0	0	0	0	0	0	0	0	0	0	0	0.0002170147167	0.0002170147167	0	0.0002170147167	0.0002170147167	0	0.0002170147167	0.0002170147167	0	0	0	0	0	0	0	0	0	0	0	0	0	0	0	0	0	0	0	0	0	0	0	0	0	0	0	0	0	0	0	0	0	0	0	0	0	0	0	0	0	0	0	0	0	0	0.0004611562731	0.0004611562731	0	0.0004611562731	0.0004611562731	0	0.0004611562731	0.0004611562731	0	0	0	0	0	0	0	0	0	0	0	0	0	0	0	0	0	0	0	0	0	0	0	0	0	0	0	0	0	0	0	0	0	0	0	0	0	0	0	0
(5,16)	0	0	0	0	0	0	0	0	0	0	0	0	0	0	0	0	0	0	0	0	0	0	0	0	0	0	0	0	0	0	0	0	0	0.001158542108	0.001158542108	0.001158542108	0.001158542108	0.001158542108	0.001158542108	0.001158542108	0.001158542108	0.001158542108	0	0	0	0	0	0	0	0	0	0	0	0	0	0	0	0	0	0	0	0	0	0	0	0	0	0	0	0	0	0	0	0	0	0	0	0	0	0	0	0	0	0	0	0	0	0.004629929862	0.004629929862	0.004629929862	0.004629929862	0.004629929862	0.004629929862	0.004629929862	0.004629929862	0.004629929862	0	0	0	0	0	0	0	0	0	0	0	0	0	0	0	0	0	0	0	0	0	0	0	0	0	0	0	0	0	0	0	0	0	0	0	0	0	0	0	0	0	0	0	0	0	0.0185186598	0.0185186598	0.0185186598	0.0185186598	0.0185186598	0.0185186598	0.0185186598	0.0185186598	0.0185186598	0	0	0	0	0	0	0	0	0	0	0	0	0	0	0	0	0	0	0	0	0	0	0	0	0	0	0	0	0	0	0	0	0	0	0	0	0	0	0	0	0	0	0	0	0	0.004629929862	0.004629929862	0.004629929862	0.004629929862	0.004629929862	0.004629929862	0.004629929862	0.004629929862	0.004629929862	0	0	0	0	0	0	0	0	0	0	0	0	0	0	0	0	0	0	0	0	0	0	0	0	0	0	0	0	0	0	0	0	0	0	0	0	0	0	0	0	0	0	0	0	0	0.001158542108	0.001158542108	0.001158542108	0.001158542108	0.001158542108	0.001158542108	0.001158542108	0.001158542108	0.001158542108	0	0	0	0	0	0	0	0	0	0	0	0	0	0	0	0	0	0	0	0	0	0	0	0	0	0	0	0	0	0	0	0	0	0	0	0	0	0	0	0	0	0	0	0	0	0.0002938740956	0.0002938740956	0.0002938740956	0.0002938740956	0.0002938740956	0.0002938740956	0.0002938740956	0.0002938740956	0.0002938740956	0	0	0	0	0	0	0	0	0	0	0	0	0	0	0	0	0	0	0	0	0	0	0	0	0	0	0	0	0	0	0	0	0	0	0	0	0	0	0	0	0	0	0	0	0	9.042279864e-05	9.042279864e-05	9.042279864e-05	9.042279864e-05	9.042279864e-05	9.042279864e-05	9.042279864e-05	9.042279864e-05	9.042279864e-05	0	0	0	0	0	0	0	0	0	0	0	0	0	0	0	0	0	0	0	0	0	0	0	0	0	0	0	0	0	0	0	0	0	0	0	0	0	0	0	0	0	0	0	0	0	9.042279864e-05	9.042279864e-05	9.042279864e-05	9.042279864e-05	9.042279864e-05	9.042279864e-05	9.042279864e-05	9.042279864e-05	9.042279864e-05	0	0	0	0	0	0	0	0	0	0	0	0	0	0	0	0	0	0	0	0	0	0	0	0	0	0	0	0	0	0	0	0	0	0	0	0	0	0	0	0	0	0	0	0	0	0.0002938740956	0.0002938740956	0.0002938740956	0.0002938740956	0.0002938740956	0.0002938740956	0.0002938740956	0.0002938740956	0.0002938740956	0	0	0	0	0	0	0	0	0	0	0	0
(5,17)	0	0	0	0	0	0	0	0	0	0	0	0	0	0	0	0	0	0	0	0	0	0	0	0	0	0	0	0	0	0	0	0	0	0.001158542108	0.001158542108	0.001158542108	0.001158542108	0.001158542108	0.001158542108	0.001158542108	0.001158542108	0.001158542108	0	0	0	0	0	0	0	0	0	0	0	0	0	0	0	0	0	0	0	0	0	0	0	0	0	0	0	0	0	0	0	0	0	0	0	0	0	0	0	0	0	0	0	0	0	0.004629929862	0.004629929862	0.004629929862	0.004629929862	0.004629929862	0.004629929862	0.004629929862	0.004629929862	0.004629929862	0	0	0	0	0	0	0	0	0	0	0	0	0	0	0	0	0	0	0	0	0	0	0	0	0	0	0	0	0	0	0	0	0	0	0	0	0	0	0	0	0	0	0	0	0	0.0185186598	0.0185186598	0.0185186598	0.0185186598	0.0185186598	0.0185186598	0.0185186598	0.0185186598	0.0185186598	0	0	0	0	0	0	0	0	0	0	0	0	0	0	0	0	0	0	0	0	0	0	0	0	0	0	0	0	0	0	0	0	0	0	0	0	0	0	0	0	0	0	0	0	0	0.004629929862	0.004629929862	0.004629929862	0.004629929862	0.004629929862	0.004629929862	0.004629929862	0.004629929862	0.004629929862	0	0	0	0	0	0	0	0	0	0	0	0	0	0	0	0	0	0	0	0	0	0	0	0	0	0	0	0	0	0	0	0	0	0	0	0	0	0	0	0	0	0	0	0	0	0.001158542108	0.001158542108	0.001158542108	0.001158542108	0.001158542108	0.001158542108	0.001158542108	0.001158542108	0.001158542108	0	0	0	0	0	0	0	0	0	0	0	0	0	0	0	0	0	0	0	0	0	0	0	0	0	0	0	0	0	0	0	0	0	0	0	0	0	0	0	0	0	0	0	0	0	0.0002938740956	0.0002938740956	0.0002938740956	0.0002938740956	0.0002938740956	0.0002938740956	0.0002938740956	0.0002938740956	0.0002938740956	0	0	0	0	0	0	0	0	0	0	0	0	0	0	0	0	0	0	0	0	0	0	0	0	0	0	0	0	0	0	0	0	0	0	0	0	0	0	0	0	0	0	0	0	0	9.042279864e-05	9.042279864e-05	9.042279864e-05	9.042279864e-05	9.042279864e-05	9.042279864e-05	9.042279864e-05	9.042279864e-05	9.042279864e-05	0	0	0	0	0	0	0	0	0	0	0	0	0	0	0	0	0	0	0	0	0	0	0	0	0	0	0	0	0	0	0	0	0	0	0	0	0	0	0	0	0	0	0	0	0	9.042279864e-05	9.042279864e-05	9.042279864e-05	9.042279864e-05	9.042279864e-05	9.042279864e-05	9.042279864e-05	9.042279864e-05	9.042279864e-05	0	0	0	0	0	0	0	0	0	0	0	0	0	0	0	0	0	0	0	0	0	0	0	0	0	0	0	0	0	0	0	0	0	0	0	0	0	0	0	0	0	0	0	0	0	0.0002938740956	0.0002938740956	0.0002938740956	0.0002938740956	0.0002938740956	0.0002938740956	0.0002938740956	0.0002938740956	0.0002938740956	0	0	0	0	0	0	0	0	0	0	0	0
(5,18)	0	0	0	0	0	0	0.01045739666	0	0	0	0	0	0	0	0	0	0	0	0	0	0	0	0	0	0	0	0	0	0	0	0	0	0	0	0	0	0	0	0	0	0	0	0	0	0	0	0	0	0	0	0	0	0	0	0	0	0	0	0	0	0	0.006946166363	0.006946166363	0	0.006946166363	0.006946166363	0	0.006946166363	0.006946166363	0	0	0	0	0	0	0	0	0	0	0	0	0	0	0	0	0	0	0	0	0	0	0	0	0	0	0	0	0	0	0	0	0	0	0	0	0	0	0	0	0	0	0	0	0	0	0.0277783076	0.0277783076	0	0.0277783076	0.0277783076	0	0.0277783076	0.0277783076	0	0	0	0	0	0	0	0	0	0	0	0	0	0	0	0	0	0	0	0	0	0	0	0	0	0	0	0	0	0	0	0	0	0	0	0	0	0	0	0	0	0	0	0	0	0	0	0	0.0833349228	0	0	0.0833349228	0	0	0	0	0	0	0	0	0	0	0	0	0	0	0	0	0	0	0	0	0	0	0	0	0	0	0	0	0	0	0	0	0	0	0	0	0	0	0	0	0	0	0	0	0	0	0	0	0.006946166363	0.006946166363	0	0.006946166363	0.006946166363	0	0.006946166363	0.006946166363	0	0	0	0	0	0	0	0	0	0	0	0	0	0	0	0	0	0	0	0	0	0	0	0	0	0	0	0	0	0	0	0	0	0	0	0	0	0	0	0	0	0	0	0	0	0	0.001742899444	0.001742899444	0	0.001742899444	0.001742899444	0	0.001742899444	0.001742899444	0	0	0	0	0	0	0	0	0	0	0	0	0	0	0	0	0	0	0	0	0	0	0	0	0	0	0	0	0	0	0	0	0	0	0	0	0	0	0	0	0	0	0	0	0	0	0	0	0.001383468819	0	0	0.001383468819	0	0	0	0	0	0	0	0	0	0	0	0	0	0	0	0	0	0	0	0	0	0	0	0	0	0	0	0	0	0	0	0	0	0	0	0	0	0	0	0	0	0	0	0	0	0	0	0	0.0002170147167	0.0002170147167	0	0.0002170147167	0.0002170147167	0	0.0002170147167	0.0002170147167	0	0	0	0	0	0	0	0	0	0	0	0	0	0	0	0	0	0	0	0	0	0	0	0	0	0	0	0	0	0	0	0	0	0	0	0	0	0	0	0	0	0	0	0	0	0	0.0004611562731	0.0004611562731	0	0.0004611562731	0.0004611562731	0	0.0004611562731	0.0004611562731	0	0	0	0	0	0	0	0	0	0	0	0	0	0	0	0	0	0	0	0	0	0	0	0	0	0	0	0	0	0	0	0	0	0	0	0	0	0	0
(5,19)	0	0	0	0	0	0	0	0	0	0	0	0	0	0	0	0	0	0	0	0	0	0	0	0	0	0	0	0	0	0	0	0	0	0	0.001158542108	0.001158542108	0.001158542108	0.001158542108	0.001158542108	0.001158542108	0.001158542108	0.001158542108	0.001158542108	0	0	0	0	0	0	0	0	0	0	0	0	0	0	0	0	0	0	0	0	0	0	0	0	0	0	0	0	0	0	0	0	0	0	0	0	0	0	0	0	0	0	0	0	0	0.004629929862	0.004629929862	0.004629929862	0.004629929862	0.004629929862	0.004629929862	0.004629929862	0.004629929862	0.004629929862	0	0	0	0	0	0	0	0	0	0	0	0	0	0	0	0	0	0	0	0	0	0	0	0	0	0	0	0	0	0	0	0	0	0	0	0	0	0	0	0	0	0	0	0	0	0.0185186598	0.0185186598	0.0185186598	0.0185186598	0.0185186598	0.0185186598	0.0185186598	0.0185186598	0.0185186598	0	0	0	0	0	0	0	0	0	0	0	0	0	0	0	0	0	0	0	0	0	0	0	0	0	0	0	0	0	0	0	0	0	0	0	0	0	0	0	0	0	0	0	0	0	0.004629929862	0.004629929862	0.004629929862	0.004629929862	0.004629929862	0.004629929862	0.004629929862	0.004629929862	0.004629929862	0	0	0	0	0	0	0	0	0	0	0	0	0	0	0	0	0	0	0	0	0	0	0	0	0	0	0	0	0	0	0	0	0	0	0	0	0	0	0	0	0	0	0	0	0	0.001158542108	0.001158542108	0.001158542108	0.001158542108	0.001158542108	0.001158542108	0.001158542108	0.001158542108	0.001158542108	0	0	0	0	0	0	0	0	0	0	0	0	0	0	0	0	0	0	0	0	0	0	0	0	0	0	0	0	0	0	0	0	0	0	0	0	0	0	0	0	0	0	0	0	0	0.0002938740956	0.0002938740956	0.0002938740956	0.0002938740956	0.0002938740956	0.0002938740956	0.0002938740956	0.0002938740956	0.0002938740956	0	0	0	0	0	0	0	0	0	0	0	0	0	0	0	0	0	0	0	0	0	0	0	0	0	0	0	0	0	0	0	0	0	0	0	0	0	0	0	0	0	0	0	0	0	9.042279864e-05	9.042279864e-05	9.042279864e-05	9.042279864e-05	9.042279864e-05	9.042279864e-05	9.042279864e-05	9.042279864e-05	9.042279864e-05	0	0	0	0	0	0	0	0	0	0	0	0	0	0	0	0	0	0	0	0	0	0	0	0	0	0	0	0	0	0	0	0	0	0	0	0	0	0	0	0	0	0	0	0	0	9.042279864e-05	9.042279864e-05	9.042279864e-05	9.042279864e-05	9.042279864e-05	9.042279864e-05	9.042279864e-05	9.042279864e-05	9.042279864e-05	0	0	0	0	0	0	0	0	0	0	0	0	0	0	0	0	0	0	0	0	0	0	0	0	0	0	0	0	0	0	0	0	0	0	0	0	0	0	0	0	0	0	0	0	0	0.0002938740956	0.0002938740956	0.0002938740956	0.0002938740956	0.0002938740956	0.0002938740956	0.0002938740956	0.0002938740956	0.0002938740956	0	0	0	0	0	0	0	0	0	0	0
(5,20)	0	0	0	0	0	0	0	0	0	0	0	0	0	0	0	0	0	0	0	0	0	0	0	0	0	0	0	0	0	0	0	0	0	0	0.001158542108	0.001158542108	0.001158542108	0.001158542108	0.001158542108	0.001158542108	0.001158542108	0.001158542108	0.001158542108	0	0	0	0	0	0	0	0	0	0	0	0	0	0	0	0	0	0	0	0	0	0	0	0	0	0	0	0	0	0	0	0	0	0	0	0	0	0	0	0	0	0	0	0	0	0.004629929862	0.004629929862	0.004629929862	0.004629929862	0.004629929862	0.004629929862	0.004629929862	0.004629929862	0.004629929862	0	0	0	0	0	0	0	0	0	0	0	0	0	0	0	0	0	0	0	0	0	0	0	0	0	0	0	0	0	0	0	0	0	0	0	0	0	0	0	0	0	0	0	0	0	0.0185186598	0.0185186598	0.0185186598	0.0185186598	0.0185186598	0.0185186598	0.0185186598	0.0185186598	0.0185186598	0	0	0	0	0	0	0	0	0	0	0	0	0	0	0	0	0	0	0	0	0	0	0	0	0	0	0	0	0	0	0	0	0	0	0	0	0	0	0	0	0	0	0	0	0	0.004629929862	0.004629929862	0.004629929862	0.004629929862	0.004629929862	0.004629929862	0.004629929862	0.004629929862	0.004629929862	0	0	0	0	0	0	0	0	0	0	0	0	0	0	0	0	0	0	0	0	0	0	0	0	0	0	0	0	0	0	0	0	0	0	0	0	0	0	0	0	0	0	0	0	0	0.001158542108	0.001158542108	0.001158542108	0.001158542108	0.001158542108	0.001158542108	0.001158542108	0.001158542108	0.001158542108	0	0	0	0	0	0	0	0	0	0	0	0	0	0	0	0	0	0	0	0	0	0	0	0	0	0	0	0	0	0	0	0	0	0	0	0	0	0	0	0	0	0	0	0	0	0.0002938740956	0.0002938740956	0.0002938740956	0.0002938740956	0.0002938740956	0.0002938740956	0.0002938740956	0.0002938740956	0.0002938740956	0	0	0	0	0	0	0	0	0	0	0	0	0	0	0	0	0	0	0	0	0	0	0	0	0	0	0	0	0	0	0	0	0	0	0	0	0	0	0	0	0	0	0	0	0	9.042279864e-05	9.042279864e-05	9.042279864e-05	9.042279864e-05	9.042279864e-05	9.042279864e-05	9.042279864e-05	9.042279864e-05	9.042279864e-05	0	0	0	0	0	0	0	0	0	0	0	0	0	0	0	0	0	0	0	0	0	0	0	0	0	0	0	0	0	0	0	0	0	0	0	0	0	0	0	0	0	0	0	0	0	9.042279864e-05	9.042279864e-05	9.042279864e-05	9.042279864e-05	9.042279864e-05	9.042279864e-05	9.042279864e-05	9.042279864e-05	9.042279864e-05	0	0	0	0	0	0	0	0	0	0	0	0	0	0	0	0	0	0	0	0	0	0	0	0	0	0	0	0	0	0	0	0	0	0	0	0	0	0	0	0	0	0	0	0	0	0.0002938740956	0.0002938740956	0.0002938740956	0.0002938740956	0.0002938740956	0.0002938740956	0.0002938740956	0.0002938740956	0.0002938740956	0	0	0	0	0	0	0	0	0	0	0
(5,21)	0	0	0	0	0	0	0	0.01045739666	0	0	0	0	0	0	0	0	0	0	0	0	0	0	0	0	0	0	0	0	0	0	0	0	0	0	0	0	0	0	0	0	0	0	0	0	0	0	0	0	0	0	0	0	0	0	0	0	0	0	0	0	0	0	0.006946166363	0.006946166363	0	0.006946166363	0.006946166363	0	0.006946166363	0.006946166363	0	0	0	0	0	0	0	0	0	0	0	0	0	0	0	0	0	0	0	0	0	0	0	0	0	0	0	0	0	0	0	0	0	0	0	0	0	0	0	0	0	0	0	0	0	0	0.0277783076	0.0277783076	0	0.0277783076	0.0277783076	0	0.0277783076	0.0277783076	0	0	0	0	0	0	0	0	0	0	0	0	0	0	0	0	0	0	0	0	0	0	0	0	0	0	0	0	0	0	0	0	0	0	0	0	0	0	0	0	0	0	0	0	0	0	0	0	0.0833349228	0	0	0.0833349228	0	0	0	0	0	0	0	0	0	0	0	0	0	0	0	0	0	0	0	0	0	0	0	0	0	0	0	0	0	0	0	0	0	0	0	0	0	0	0	0	0	0	0	0	0	0	0	0	0.006946166363	0.006946166363	0	0.006946166363	0.006946166363	0	0.006946166363	0.006946166363	0	0	0	0	0	0	0	0	0	0	0	0	0	0	0	0	0	0	0	0	0	0	0	0	0	0	0	0	0	0	0	0	0	0	0	0	0	0	0	0	0	0	0	0	0	0	0.001742899444	0.001742899444	0	0.001742899444	0.001742899444	0	0.001742899444	0.001742899444	0	0	0	0	0	0	0	0	0	0	0	0	0	0	0	0	0	0	0	0	0	0	0	0	0	0	0	0	0	0	0	0	0	0	0	0	0	0	0	0	0	0	0	0	0	0	0	0	0.001383468819	0	0	0.001383468819	0	0	0	0	0	0	0	0	0	0	0	0	0	0	0	0	0	0	0	0	0	0	0	0	0	0	0	0	0	0	0	0	0	0	0	0	0	0	0	0	0	0	0	0	0	0	0	0	0.0002170147167	0.0002170147167	0	0.0002170147167	0.0002170147167	0	0.0002170147167	0.0002170147167	0	0	0	0	0	0	0	0	0	0	0	0	0	0	0	0	0	0	0	0	0	0	0	0	0	0	0	0	0	0	0	0	0	0	0	0	0	0	0	0	0	0	0	0	0	0	0.0004611562731	0.0004611562731	0	0.0004611562731	0.0004611562731	0	0.0004611562731	0.0004611562731	0	0	0	0	0	0	0	0	0	0	0	0	0	0	0	0	0	0	0	0	0	0	0	0	0	0	0	0	0	0	0	0	0	0	0	0	0	0
(5,22)	0	0	0	0	0	0	0	0	0	0	0	0	0	0	0	0	0	0	0	0	0	0	0	0	0	0	0	0	0	0	0	0	0	0	0	0.001158542108	0.001158542108	0.001158542108	0.001158542108	0.001158542108	0.001158542108	0.001158542108	0.001158542108	0.001158542108	0	0	0	0	0	0	0	0	0	0	0	0	0	0	0	0	0	0	0	0	0	0	0	0	0	0	0	0	0	0	0	0	0	0	0	0	0	0	0	0	0	0	0	0	0	0.004629929862	0.004629929862	0.004629929862	0.004629929862	0.004629929862	0.004629929862	0.004629929862	0.004629929862	0.004629929862	0	0	0	0	0	0	0	0	0	0	0	0	0	0	0	0	0	0	0	0	0	0	0	0	0	0	0	0	0	0	0	0	0	0	0	0	0	0	0	0	0	0	0	0	0	0.0185186598	0.0185186598	0.0185186598	0.0185186598	0.0185186598	0.0185186598	0.0185186598	0.0185186598	0.0185186598	0	0	0	0	0	0	0	0	0	0	0	0	0	0	0	0	0	0	0	0	0	0	0	0	0	0	0	0	0	0	0	0	0	0	0	0	0	0	0	0	0	0	0	0	0	0.004629929862	0.004629929862	0.004629929862	0.004629929862	0.004629929862	0.004629929862	0.004629929862	0.004629929862	0.004629929862	0	0	0	0	0	0	0	0	0	0	0	0	0	0	0	0	0	0	0	0	0	0	0	0	0	0	0	0	0	0	0	0	0	0	0	0	0	0	0	0	0	0	0	0	0	0.001158542108	0.001158542108	0.001158542108	0.001158542108	0.001158542108	0.001158542108	0.001158542108	0.001158542108	0.001158542108	0	0	0	0	0	0	0	0	0	0	0	0	0	0	0	0	0	0	0	0	0	0	0	0	0	0	0	0	0	0	0	0	0	0	0	0	0	0	0	0	0	0	0	0	0	0.0002938740956	0.0002938740956	0.0002938740956	0.0002938740956	0.0002938740956	0.0002938740956	0.0002938740956	0.0002938740956	0.0002938740956	0	0	0	0	0	0	0	0	0	0	0	0	0	0	0	0	0	0	0	0	0	0	0	0	0	0	0	0	0	0	0	0	0	0	0	0	0	0	0	0	0	0	0	0	0	9.042279864e-05	9.042279864e-05	9.042279864e-05	9.042279864e-05	9.042279864e-05	9.042279864e-05	9.042279864e-05	9.042279864e-05	9.042279864e-05	0	0	0	0	0	0	0	0	0	0	0	0	0	0	0	0	0	0	0	0	0	0	0	0	0	0	0	0	0	0	0	0	0	0	0	0	0	0	0	0	0	0	0	0	0	9.042279864e-05	9.042279864e-05	9.042279864e-05	9.042279864e-05	9.042279864e-05	9.042279864e-05	9.042279864e-05	9.042279864e-05	9.042279864e-05	0	0	0	0	0	0	0	0	0	0	0	0	0	0	0	0	0	0	0	0	0	0	0	0	0	0	0	0	0	0	0	0	0	0	0	0	0	0	0	0	0	0	0	0	0	0.0002938740956	0.0002938740956	0.0002938740956	0.0002938740956	0.0002938740956	0.0002938740956	0.0002938740956	0.0002938740956	0.0002938740956	0	0	0	0	0	0	0	0	0	0
(5,23)	0	0	0	0	0	0	0	0	0	0	0	0	0	0	0	0	0	0	0	0	0	0	0	0	0	0	0	0	0	0	0	0	0	0	0	0.001158542108	0.001158542108	0.001158542108	0.001158542108	0.001158542108	0.001158542108	0.001158542108	0.001158542108	0.001158542108	0	0	0	0	0	0	0	0	0	0	0	0	0	0	0	0	0	0	0	0	0	0	0	0	0	0	0	0	0	0	0	0	0	0	0	0	0	0	0	0	0	0	0	0	0	0.004629929862	0.004629929862	0.004629929862	0.004629929862	0.004629929862	0.004629929862	0.004629929862	0.004629929862	0.004629929862	0	0	0	0	0	0	0	0	0	0	0	0	0	0	0	0	0	0	0	0	0	0	0	0	0	0	0	0	0	0	0	0	0	0	0	0	0	0	0	0	0	0	0	0	0	0.0185186598	0.0185186598	0.0185186598	0.0185186598	0.0185186598	0.0185186598	0.0185186598	0.0185186598	0.0185186598	0	0	0	0	0	0	0	0	0	0	0	0	0	0	0	0	0	0	0	0	0	0	0	0	0	0	0	0	0	0	0	0	0	0	0	0	0	0	0	0	0	0	0	0	0	0.004629929862	0.004629929862	0.004629929862	0.004629929862	0.004629929862	0.004629929862	0.004629929862	0.004629929862	0.004629929862	0	0	0	0	0	0	0	0	0	0	0	0	0	0	0	0	0	0	0	0	0	0	0	0	0	0	0	0	0	0	0	0	0	0	0	0	0	0	0	0	0	0	0	0	0	0.001158542108	0.001158542108	0.001158542108	0.001158542108	0.001158542108	0.001158542108	0.001158542108	0.001158542108	0.001158542108	0	0	0	0	0	0	0	0	0	0	0	0	0	0	0	0	0	0	0	0	0	0	0	0	0	0	0	0	0	0	0	0	0	0	0	0	0	0	0	0	0	0	0	0	0	0.0002938740956	0.0002938740956	0.0002938740956	0.0002938740956	0.0002938740956	0.0002938740956	0.0002938740956	0.0002938740956	0.0002938740956	0	0	0	0	0	0	0	0	0	0	0	0	0	0	0	0	0	0	0	0	0	0	0	0	0	0	0	0	0	0	0	0	0	0	0	0	0	0	0	0	0	0	0	0	0	9.042279864e-05	9.042279864e-05	9.042279864e-05	9.042279864e-05	9.042279864e-05	9.042279864e-05	9.042279864e-05	9.042279864e-05	9.042279864e-05	0	0	0	0	0	0	0	0	0	0	0	0	0	0	0	0	0	0	0	0	0	0	0	0	0	0	0	0	0	0	0	0	0	0	0	0	0	0	0	0	0	0	0	0	0	9.042279864e-05	9.042279864e-05	9.042279864e-05	9.042279864e-05	9.042279864e-05	9.042279864e-05	9.042279864e-05	9.042279864e-05	9.042279864e-05	0	0	0	0	0	0	0	0	0	0	0	0	0	0	0	0	0	0	0	0	0	0	0	0	0	0	0	0	0	0	0	0	0	0	0	0	0	0	0	0	0	0	0	0	0	0.0002938740956	0.0002938740956	0.0002938740956	0.0002938740956	0.0002938740956	0.0002938740956	0.0002938740956	0.0002938740956	0.0002938740956	0	0	0	0	0	0	0	0	0	0
(5,24)	0	0	0	0	0	0	0	0	0.01045739666	0	0	0	0	0	0	0	0	0	0	0	0	0	0	0	0	0	0	0	0	0	0	0	0	0	0	0	0	0	0	0	0	0	0	0	0	0	0	0	0	0	0	0	0	0	0	0	0	0	0	0	0	0	0	0.006946166363	0.006946166363	0	0.006946166363	0.006946166363	0	0.006946166363	0.006946166363	0	0	0	0	0	0	0	0	0	0	0	0	0	0	0	0	0	0	0	0	0	0	0	0	0	0	0	0	0	0	0	0	0	0	0	0	0	0	0	0	0	0	0	0	0	0	0.0277783076	0.0277783076	0	0.0277783076	0.0277783076	0	0.0277783076	0.0277783076	0	0	0	0	0	0	0	0	0	0	0	0	0	0	0	0	0	0	0	0	0	0	0	0	0	0	0	0	0	0	0	0	0	0	0	0	0	0	0	0	0	0	0	0	0	0	0	0	0.0833349228	0	0	0.0833349228	0	0	0	0	0	0	0	0	0	0	0	0	0	0	0	0	0	0	0	0	0	0	0	0	0	0	0	0	0	0	0	0	0	0	0	0	0	0	0	0	0	0	0	0	0	0	0	0	0.006946166363	0.006946166363	0	0.006946166363	0.006946166363	0	0.006946166363	0.006946166363	0	0	0	0	0	0	0	0	0	0	0	0	0	0	0	0	0	0	0	0	0	0	0	0	0	0	0	0	0	0	0	0	0	0	0	0	0	0	0	0	0	0	0	0	0	0	0.001742899444	0.001742899444	0	0.001742899444	0.001742899444	0	0.001742899444	0.001742899444	0	0	0	0	0	0	0	0	0	0	0	0	0	0	0	0	0	0	0	0	0	0	0	0	0	0	0	0	0	0	0	0	0	0	0	0	0	0	0	0	0	0	0	0	0	0	0	0	0.001383468819	0	0	0.001383468819	0	0	0	0	0	0	0	0	0	0	0	0	0	0	0	0	0	0	0	0	0	0	0	0	0	0	0	0	0	0	0	0	0	0	0	0	0	0	0	0	0	0	0	0	0	0	0	0	0.0002170147167	0.0002170147167	0	0.0002170147167	0.0002170147167	0	0.0002170147167	0.0002170147167	0	0	0	0	0	0	0	0	0	0	0	0	0	0	0	0	0	0	0	0	0	0	0	0	0	0	0	0	0	0	0	0	0	0	0	0	0	0	0	0	0	0	0	0	0	0	0.0004611562731	0.0004611562731	0	0.0004611562731	0.0004611562731	0	0.0004611562731	0.0004611562731	0	0	0	0	0	0	0	0	0	0	0	0	0	0	0	0	0	0	0	0	0	0	0	0	0	0	0	0	0	0	0	0	0	0	0	0	0
(5,25)	0	0	0	0	0	0	0	0	0	0	0	0	0	0	0	0	0	0	0	0	0	0	0	0	0	0	0	0	0	0	0	0	0	0	0	0	0.001158542108	0.001158542108	0.001158542108	0.001158542108	0.001158542108	0.001158542108	0.001158542108	0.001158542108	0.001158542108	0	0	0	0	0	0	0	0	0	0	0	0	0	0	0	0	0	0	0	0	0	0	0	0	0	0	0	0	0	0	0	0	0	0	0	0	0	0	0	0	0	0	0	0	0	0.004629929862	0.004629929862	0.004629929862	0.004629929862	0.004629929862	0.004629929862	0.004629929862	0.004629929862	0.004629929862	0	0	0	0	0	0	0	0	0	0	0	0	0	0	0	0	0	0	0	0	0	0	0	0	0	0	0	0	0	0	0	0	0	0	0	0	0	0	0	0	0	0	0	0	0	0.0185186598	0.0185186598	0.0185186598	0.0185186598	0.0185186598	0.0185186598	0.0185186598	0.0185186598	0.0185186598	0	0	0	0	0	0	0	0	0	0	0	0	0	0	0	0	0	0	0	0	0	0	0	0	0	0	0	0	0	0	0	0	0	0	0	0	0	0	0	0	0	0	0	0	0	0.004629929862	0.004629929862	0.004629929862	0.004629929862	0.004629929862	0.004629929862	0.004629929862	0.004629929862	0.004629929862	0	0	0	0	0	0	0	0	0	0	0	0	0	0	0	0	0	0	0	0	0	0	0	0	0	0	0	0	0	0	0	0	0	0	0	0	0	0	0	0	0	0	0	0	0	0.001158542108	0.001158542108	0.001158542108	0.001158542108	0.001158542108	0.001158542108	0.001158542108	0.001158542108	0.001158542108	0	0	0	0	0	0	0	0	0	0	0	0	0	0	0	0	0	0	0	0	0	0	0	0	0	0	0	0	0	0	0	0	0	0	0	0	0	0	0	0	0	0	0	0	0	0.0002938740956	0.0002938740956	0.0002938740956	0.0002938740956	0.0002938740956	0.0002938740956	0.0002938740956	0.0002938740956	0.0002938740956	0	0	0	0	0	0	0	0	0	0	0	0	0	0	0	0	0	0	0	0	0	0	0	0	0	0	0	0	0	0	0	0	0	0	0	0	0	0	0	0	0	0	0	0	0	9.042279864e-05	9.042279864e-05	9.042279864e-05	9.042279864e-05	9.042279864e-05	9.042279864e-05	9.042279864e-05	9.042279864e-05	9.042279864e-05	0	0	0	0	0	0	0	0	0	0	0	0	0	0	0	0	0	0	0	0	0	0	0	0	0	0	0	0	0	0	0	0	0	0	0	0	0	0	0	0	0	0	0	0	0	9.042279864e-05	9.042279864e-05	9.042279864e-05	9.042279864e-05	9.042279864e-05	9.042279864e-05	9.042279864e-05	9.042279864e-05	9.042279864e-05	0	0	0	0	0	0	0	0	0	0	0	0	0	0	0	0	0	0	0	0	0	0	0	0	0	0	0	0	0	0	0	0	0	0	0	0	0	0	0	0	0	0	0	0	0	0.0002938740956	0.0002938740956	0.0002938740956	0.0002938740956	0.0002938740956	0.0002938740956	0.0002938740956	0.0002938740956	0.0002938740956	0	0	0	0	0	0	0	0	0
(5,26)	0	0	0	0	0	0	0	0	0	0	0	0	0	0	0	0	0	0	0	0	0	0	0	0	0	0	0	0	0	0	0	0	0	0	0	0	0.001158542108	0.001158542108	0.001158542108	0.001158542108	0.001158542108	0.001158542108	0.001158542108	0.001158542108	0.001158542108	0	0	0	0	0	0	0	0	0	0	0	0	0	0	0	0	0	0	0	0	0	0	0	0	0	0	0	0	0	0	0	0	0	0	0	0	0	0	0	0	0	0	0	0	0	0.004629929862	0.004629929862	0.004629929862	0.004629929862	0.004629929862	0.004629929862	0.004629929862	0.004629929862	0.004629929862	0	0	0	0	0	0	0	0	0	0	0	0	0	0	0	0	0	0	0	0	0	0	0	0	0	0	0	0	0	0	0	0	0	0	0	0	0	0	0	0	0	0	0	0	0	0.0185186598	0.0185186598	0.0185186598	0.0185186598	0.0185186598	0.0185186598	0.0185186598	0.0185186598	0.0185186598	0	0	0	0	0	0	0	0	0	0	0	0	0	0	0	0	0	0	0	0	0	0	0	0	0	0	0	0	0	0	0	0	0	0	0	0	0	0	0	0	0	0	0	0	0	0.004629929862	0.004629929862	0.004629929862	0.004629929862	0.004629929862	0.004629929862	0.004629929862	0.004629929862	0.004629929862	0	0	0	0	0	0	0	0	0	0	0	0	0	0	0	0	0	0	0	0	0	0	0	0	0	0	0	0	0	0	0	0	0	0	0	0	0	0	0	0	0	0	0	0	0	0.001158542108	0.001158542108	0.001158542108	0.001158542108	0.001158542108	0.001158542108	0.001158542108	0.001158542108	0.001158542108	0	0	0	0	0	0	0	0	0	0	0	0	0	0	0	0	0	0	0	0	0	0	0	0	0	0	0	0	0	0	0	0	0	0	0	0	0	0	0	0	0	0	0	0	0	0.0002938740956	0.0002938740956	0.0002938740956	0.0002938740956	0.0002938740956	0.0002938740956	0.0002938740956	0.0002938740956	0.0002938740956	0	0	0	0	0	0	0	0	0	0	0	0	0	0	0	0	0	0	0	0	0	0	0	0	0	0	0	0	0	0	0	0	0	0	0	0	0	0	0	0	0	0	0	0	0	9.042279864e-05	9.042279864e-05	9.042279864e-05	9.042279864e-05	9.042279864e-05	9.042279864e-05	9.042279864e-05	9.042279864e-05	9.042279864e-05	0	0	0	0	0	0	0	0	0	0	0	0	0	0	0	0	0	0	0	0	0	0	0	0	0	0	0	0	0	0	0	0	0	0	0	0	0	0	0	0	0	0	0	0	0	9.042279864e-05	9.042279864e-05	9.042279864e-05	9.042279864e-05	9.042279864e-05	9.042279864e-05	9.042279864e-05	9.042279864e-05	9.042279864e-05	0	0	0	0	0	0	0	0	0	0	0	0	0	0	0	0	0	0	0	0	0	0	0	0	0	0	0	0	0	0	0	0	0	0	0	0	0	0	0	0	0	0	0	0	0	0.0002938740956	0.0002938740956	0.0002938740956	0.0002938740956	0.0002938740956	0.0002938740956	0.0002938740956	0.0002938740956	0.0002938740956	0	0	0	0	0	0	0	0	0
(6,0)	0.00528973372	0	0	0	0	0	0	0	0	0	0	0	0	0	0	0	0	0	0	0	0	0	0	0	0	0	0	0	0	0	0	0	0	0	0	0	0	0	0	0	0	0	0	0	0	0	0	0	0	0	0	0	0	0	0	0.003475626323	0.003475626323	0	0.003475626323	0.003475626323	0	0.003475626323	0.003475626323	0	0	0	0	0	0	0	0	0	0	0	0	0	0	0	0	0	0	0	0	0	0	0	0	0	0	0	0	0	0	0	0	0	0	0	0	0	0	0	0	0	0	0	0	0	0	0.01388978958	0.01388978958	0	0.01388978958	0.01388978958	0	0.01388978958	0.01388978958	0	0	0	0	0	0	0	0	0	0	0	0	0	0	0	0	0	0	0	0	0	0	0	0	0	0	0	0	0	0	0	0	0	0	0	0	0	0	0	0	0	0	0	0	0	0	0	0	0.1666679382	0	0	0.1666679382	0	0	0	0	0	0	0	0	0	0	0	0	0	0	0	0	0	0	0	0	0	0	0	0	0	0	0	0	0	0	0	0	0	0	0	0	0	0	0	0	0	0	0	0	0	0	0	0	0.01388978958	0.01388978958	0	0.01388978958	0.01388978958	0	0.01388978958	0.01388978958	0	0	0	0	0	0	0	0	0	0	0	0	0	0	0	0	0	0	0	0	0	0	0	0	0	0	0	0	0	0	0	0	0	0	0	0	0	0	0	0	0	0	0	0	0	0	0.003475626323	0.003475626323	0	0.003475626323	0.003475626323	0	0.003475626323	0.003475626323	0	0	0	0	0	0	0	0	0	0	0	0	0	0	0	0	0	0	0	0	0	0	0	0	0	0	0	0	0	0	0	0	0	0	0	0	0	0	0	0	0	0	0	0	0	0	0	0	0.00264486686	0	0	0.00264486686	0	0	0	0	0	0	0	0	0	0	0	0	0	0	0	0	0	0	0	0	0	0	0	0	0	0	0	0	0	0	0	0	0	0	0	0	0	0	0	0	0	0	0	0	0	0	0	0	0.0002712683959	0.0002712683959	0	0.0002712683959	0.0002712683959	0	0.0002712683959	0.0002712683959	0	0	0	0	0	0	0	0	0	0	0	0	0	0	0	0	0	0	0	0	0	0	0	0	0	0	0	0	0	0	0	0	0	0	0	0	0	0	0	0	0	0	0	0	0	0	0.0002712683959	0.0002712683959	0	0.0002712683959	0.0002712683959	0	0.0002712683959	0.0002712683959	0	0	0	0	0	0	0	0	0	0	0	0	0	0	0	0	0	0	0	0	0	0	0	0	0	0	0	0	0	0	0	0	0	0	0	0	0	0	0	0	0	0	0	0	0
(6,1)	0	0	0	0	0	0	0	0	0	0	0	0	0	0	0	0	0	0	0	0	0	0	0	0	0	0	0	0	0.0005809664813	0.0005809664813	0.0005809664813	0.0005809664813	0.0005809664813	0.0005809664813	0.0005809664813	0.0005809664813	0.0005809664813	0	0	0	0	0	0	0	0	0	0	0	0	0	0	0	0	0	0	0	0	0	0	0	0	0	0	0	0	0	0	0	0	0	0	0	0	0	0	0	0	0	0	0	0	0	0.002315388788	0.002315388788	0.002315388788	0.002315388788	0.002315388788	0.002315388788	0.002315388788	0.002315388788	0.002315388788	0	0	0	0	0	0	0	0	0	0	0	0	0	0	0	0	0	0	0	0	0	0	0	0	0	0	0	0	0	0	0	0	0	0	0	0	0	0	0	0	0	0	0	0	0	0.009259435866	0.009259435866	0.009259435866	0.009259435866	0.009259435866	0.009259435866	0.009259435866	0.009259435866	0.009259435866	0	0	0	0	0	0	0	0	0	0	0	0	0	0	0	0	0	0	0	0	0	0	0	0	0	0	0	0	0	0	0	0	0	0	0	0	0	0	0	0	0	0	0	0	0	0.009259435866	0.009259435866	0.009259435866	0.009259435866	0.009259435866	0.009259435866	0.009259435866	0.009259435866	0.009259435866	0	0	0	0	0	0	0	0	0	0	0	0	0	0	0	0	0	0	0	0	0	0	0	0	0	0	0	0	0	0	0	0	0	0	0	0	0	0	0	0	0	0	0	0	0	0.002315388788	0.002315388788	0.002315388788	0.002315388788	0.002315388788	0.002315388788	0.002315388788	0.002315388788	0.002315388788	0	0	0	0	0	0	0	0	0	0	0	0	0	0	0	0	0	0	0	0	0	0	0	0	0	0	0	0	0	0	0	0	0	0	0	0	0	0	0	0	0	0	0	0	0	0.0005809664813	0.0005809664813	0.0005809664813	0.0005809664813	0.0005809664813	0.0005809664813	0.0005809664813	0.0005809664813	0.0005809664813	0	0	0	0	0	0	0	0	0	0	0	0	0	0	0	0	0	0	0	0	0	0	0	0	0	0	0	0	0	0	0	0	0	0	0	0	0	0	0	0	0	0	0	0	0	0.0001537187577	0.0001537187577	0.0001537187577	0.0001537187577	0.0001537187577	0.0001537187577	0.0001537187577	0.0001537187577	0.0001537187577	0	0	0	0	0	0	0	0	0	0	0	0	0	0	0	0	0	0	0	0	0	0	0	0	0	0	0	0	0	0	0	0	0	0	0	0	0	0	0	0	0	0	0	0	0	7.233823891e-05	7.233823891e-05	7.233823891e-05	7.233823891e-05	7.233823891e-05	7.233823891e-05	7.233823891e-05	7.233823891e-05	7.233823891e-05	0	0	0	0	0	0	0	0	0	0	0	0	0	0	0	0	0	0	0	0	0	0	0	0	0	0	0	0	0	0	0	0	0	0	0	0	0	0	0	0	0	0	0	0	0	0.0001537187577	0.0001537187577	0.0001537187577	0.0001537187577	0.0001537187577	0.0001537187577	0.0001537187577	0.0001537187577	0.0001537187577	0	0	0	0	0	0	0	0	0	0	0	0	0	0	0	0	0
(6,2)	0	0	0	0	0	0	0	0	0	0	0	0	0	0	0	0	0	0	0	0	0	0	0	0	0	0	0	0	0.0005809664813	0.0005809664813	0.0005809664813	0.0005809664813	0.0005809664813	0.0005809664813	0.0005809664813	0.0005809664813	0.0005809664813	0	0	0	0	0	0	0	0	0	0	0	0	0	0	0	0	0	0	0	0	0	0	0	0	0	0	0	0	0	0	0	0	0	0	0	0	0	0	0	0	0	0	0	0	0	0.002315388788	0.002315388788	0.002315388788	0.002315388788	0.002315388788	0.002315388788	0.002315388788	0.002315388788	0.002315388788	0	0	0	0	0	0	0	0	0	0	0	0	0	0	0	0	0	0	0	0	0	0	0	0	0	0	0	0	0	0	0	0	0	0	0	0	0	0	0	0	0	0	0	0	0	0.009259435866	0.009259435866	0.009259435866	0.009259435866	0.009259435866	0.009259435866	0.009259435866	0.009259435866	0.009259435866	0	0	0	0	0	0	0	0	0	0	0	0	0	0	0	0	0	0	0	0	0	0	0	0	0	0	0	0	0	0	0	0	0	0	0	0	0	0	0	0	0	0	0	0	0	0.009259435866	0.009259435866	0.009259435866	0.009259435866	0.009259435866	0.009259435866	0.009259435866	0.009259435866	0.009259435866	0	0	0	0	0	0	0	0	0	0	0	0	0	0	0	0	0	0	0	0	0	0	0	0	0	0	0	0	0	0	0	0	0	0	0	0	0	0	0	0	0	0	0	0	0	0.002315388788	0.002315388788	0.002315388788	0.002315388788	0.002315388788	0.002315388788	0.002315388788	0.002315388788	0.002315388788	0	0	0	0	0	0	0	0	0	0	0	0	0	0	0	0	0	0	0	0	0	0	0	0	0	0	0	0	0	0	0	0	0	0	0	0	0	0	0	0	0	0	0	0	0	0.0005809664813	0.0005809664813	0.0005809664813	0.0005809664813	0.0005809664813	0.0005809664813	0.0005809664813	0.0005809664813	0.0005809664813	0	0	0	0	0	0	0	0	0	0	0	0	0	0	0	0	0	0	0	0	0	0	0	0	0	0	0	0	0	0	0	0	0	0	0	0	0	0	0	0	0	0	0	0	0	0.0001537187577	0.0001537187577	0.0001537187577	0.0001537187577	0.0001537187577	0.0001537187577	0.0001537187577	0.0001537187577	0.0001537187577	0	0	0	0	0	0	0	0	0	0	0	0	0	0	0	0	0	0	0	0	0	0	0	0	0	0	0	0	0	0	0	0	0	0	0	0	0	0	0	0	0	0	0	0	0	7.233823891e-05	7.233823891e-05	7.233823891e-05	7.233823891e-05	7.233823891e-05	7.233823891e-05	7.233823891e-05	7.233823891e-05	7.233823891e-05	0	0	0	0	0	0	0	0	0	0	0	0	0	0	0	0	0	0	0	0	0	0	0	0	0	0	0	0	0	0	0	0	0	0	0	0	0	0	0	0	0	0	0	0	0	0.0001537187577	0.0001537187577	0.0001537187577	0.0001537187577	0.0001537187577	0.0001537187577	0.0001537187577	0.0001537187577	0.0001537187577	0	0	0	0	0	0	0	0	0	0	0	0	0	0	0	0	0
(6,3)	0	0.00528973372	0	0	0	0	0	0	0	0	0	0	0	0	0	0	0	0	0	0	0	0	0	0	0	0	0	0	0	0	0	0	0	0	0	0	0	0	0	0	0	0	0	0	0	0	0	0	0	0	0	0	0	0	0	0	0.003475626323	0.003475626323	0	0.003475626323	0.003475626323	0	0.003475626323	0.003475626323	0	0	0	0	0	0	0	0	0	0	0	0	0	0	0	0	0	0	0	0	0	0	0	0	0	0	0	0	0	0	0	0	0	0	0	0	0	0	0	0	0	0	0	0	0	0	0.01388978958	0.01388978958	0	0.01388978958	0.01388978958	0	0.01388978958	0.01388978958	0	0	0	0	0	0	0	0	0	0	0	0	0	0	0	0	0	0	0	0	0	0	0	0	0	0	0	0	0	0	0	0	0	0	0	0	0	0	0	0	0	0	0	0	0	0	0	0	0.1666679382	0	0	0.1666679382	0	0	0	0	0	0	0	0	0	0	0	0	0	0	0	0	0	0	0	0	0	0	0	0	0	0	0	0	0	0	0	0	0	0	0	0	0	0	0	0	0	0	0	0	0	0	0	0	0.01388978958	0.01388978958	0	0.01388978958	0.01388978958	0	0.01388978958	0.01388978958	0	0	0	0	0	0	0	0	0	0	0	0	0	0	0	0	0	0	0	0	0	0	0	0	0	0	0	0	0	0	0	0	0	0	0	0	0	0	0	0	0	0	0	0	0	0	0.003475626323	0.003475626323	0	0.003475626323	0.003475626323	0	0.003475626323	0.003475626323	0	0	0	0	0	0	0	0	0	0	0	0	0	0	0	0	0	0	0	0	0	0	0	0	0	0	0	0	0	0	0	0	0	0	0	0	0	0	0	0	0	0	0	0	0	0	0	0	0.00264486686	0	0	0.00264486686	0	0	0	0	0	0	0	0	0	0	0	0	0	0	0	0	0	0	0	0	0	0	0	0	0	0	0	0	0	0	0	0	0	0	0	0	0	0	0	0	0	0	0	0	0	0	0	0	0.0002712683959	0.0002712683959	0	0.0002712683959	0.0002712683959	0	0.0002712683959	0.0002712683959	0	0	0	0	0	0	0	0	0	0	0	0	0	0	0	0	0	0	0	0	0	0	0	0	0	0	0	0	0	0	0	0	0	0	0	0	0	0	0	0	0	0	0	0	0	0	0.0002712683959	0.0002712683959	0	0.0002712683959	0.0002712683959	0	0.0002712683959	0.0002712683959	0	0	0	0	0	0	0	0	0	0	0	0	0	0	0	0	0	0	0	0	0	0	0	0	0	0	0	0	0	0	0	0	0	0	0	0	0	0	0	0	0	0	0	0
(6,4)	0	0	0	0	0	0	0	0	0	0	0	0	0	0	0	0	0	0	0	0	0	0	0	0	0	0	0	0	0	0.0005809664813	0.0005809664813	0.0005809664813	0.0005809664813	0.0005809664813	0.0005809664813	0.0005809664813	0.0005809664813	0.0005809664813	0	0	0	0	0	0	0	0	0	0	0	0	0	0	0	0	0	0	0	0	0	0	0	0	0	0	0	0	0	0	0	0	0	0	0	0	0	0	0	0	0	0	0	0	0	0.002315388788	0.002315388788	0.002315388788	0.002315388788	0.002315388788	0.002315388788	0.002315388788	0.002315388788	0.002315388788	0	0	0	0	0	0	0	0	0	0	0	0	0	0	0	0	0	0	0	0	0	0	0	0	0	0	0	0	0	0	0	0	0	0	0	0	0	0	0	0	0	0	0	0	0	0.009259435866	0.009259435866	0.009259435866	0.009259435866	0.009259435866	0.009259435866	0.009259435866	0.009259435866	0.009259435866	0	0	0	0	0	0	0	0	0	0	0	0	0	0	0	0	0	0	0	0	0	0	0	0	0	0	0	0	0	0	0	0	0	0	0	0	0	0	0	0	0	0	0	0	0	0.009259435866	0.009259435866	0.009259435866	0.009259435866	0.009259435866	0.009259435866	0.009259435866	0.009259435866	0.009259435866	0	0	0	0	0	0	0	0	0	0	0	0	0	0	0	0	0	0	0	0	0	0	0	0	0	0	0	0	0	0	0	0	0	0	0	0	0	0	0	0	0	0	0	0	0	0.002315388788	0.002315388788	0.002315388788	0.002315388788	0.002315388788	0.002315388788	0.002315388788	0.002315388788	0.002315388788	0	0	0	0	0	0	0	0	0	0	0	0	0	0	0	0	0	0	0	0	0	0	0	0	0	0	0	0	0	0	0	0	0	0	0	0	0	0	0	0	0	0	0	0	0	0.0005809664813	0.0005809664813	0.0005809664813	0.0005809664813	0.0005809664813	0.0005809664813	0.0005809664813	0.0005809664813	0.0005809664813	0	0	0	0	0	0	0	0	0	0	0	0	0	0	0	0	0	0	0	0	0	0	0	0	0	0	0	0	0	0	0	0	0	0	0	0	0	0	0	0	0	0	0	0	0	0.0001537187577	0.0001537187577	0.0001537187577	0.0001537187577	0.0001537187577	0.0001537187577	0.0001537187577	0.0001537187577	0.0001537187577	0	0	0	0	0	0	0	0	0	0	0	0	0	0	0	0	0	0	0	0	0	0	0	0	0	0	0	0	0	0	0	0	0	0	0	0	0	0	0	0	0	0	0	0	0	7.233823891e-05	7.233823891e-05	7.233823891e-05	7.233823891e-05	7.233823891e-05	7.233823891e-05	7.233823891e-05	7.233823891e-05	7.233823891e-05	0	0	0	0	0	0	0	0	0	0	0	0	0	0	0	0	0	0	0	0	0	0	0	0	0	0	0	0	0	0	0	0	0	0	0	0	0	0	0	0	0	0	0	0	0	0.0001537187577	0.0001537187577	0.0001537187577	0.0001537187577	0.0001537187577	0.0001537187577	0.0001537187577	0.0001537187577	0.0001537187577	0	0	0	0	0	0	0	0	0	0	0	0	0	0	0	0
(6,5)	0	0	0	0	0	0	0	0	0	0	0	0	0	0	0	0	0	0	0	0	0	0	0	0	0	0	0	0	0	0.0005809664813	0.0005809664813	0.0005809664813	0.0005809664813	0.0005809664813	0.0005809664813	0.0005809664813	0.0005809664813	0.0005809664813	0	0	0	0	0	0	0	0	0	0	0	0	0	0	0	0	0	0	0	0	0	0	0	0	0	0	0	0	0	0	0	0	0	0	0	0	0	0	0	0	0	0	0	0	0	0.002315388788	0.002315388788	0.002315388788	0.002315388788	0.002315388788	0.002315388788	0.002315388788	0.002315388788	0.002315388788	0	0	0	0	0	0	0	0	0	0	0	0	0	0	0	0	0	0	0	0	0	0	0	0	0	0	0	0	0	0	0	0	0	0	0	0	0	0	0	0	0	0	0	0	0	0.009259435866	0.009259435866	0.009259435866	0.009259435866	0.009259435866	0.009259435866	0.009259435866	0.009259435866	0.009259435866	0	0	0	0	0	0	0	0	0	0	0	0	0	0	0	0	0	0	0	0	0	0	0	0	0	0	0	0	0	0	0	0	0	0	0	0	0	0	0	0	0	0	0	0	0	0.009259435866	0.009259435866	0.009259435866	0.009259435866	0.009259435866	0.009259435866	0.009259435866	0.009259435866	0.009259435866	0	0	0	0	0	0	0	0	0	0	0	0	0	0	0	0	0	0	0	0	0	0	0	0	0	0	0	0	0	0	0	0	0	0	0	0	0	0	0	0	0	0	0	0	0	0.002315388788	0.002315388788	0.002315388788	0.002315388788	0.002315388788	0.002315388788	0.002315388788	0.002315388788	0.002315388788	0	0	0	0	0	0	0	0	0	0	0	0	0	0	0	0	0	0	0	0	0	0	0	0	0	0	0	0	0	0	0	0	0	0	0	0	0	0	0	0	0	0	0	0	0	0.0005809664813	0.0005809664813	0.0005809664813	0.0005809664813	0.0005809664813	0.0005809664813	0.0005809664813	0.0005809664813	0.0005809664813	0	0	0	0	0	0	0	0	0	0	0	0	0	0	0	0	0	0	0	0	0	0	0	0	0	0	0	0	0	0	0	0	0	0	0	0	0	0	0	0	0	0	0	0	0	0.0001537187577	0.0001537187577	0.0001537187577	0.0001537187577	0.0001537187577	0.0001537187577	0.0001537187577	0.0001537187577	0.0001537187577	0	0	0	0	0	0	0	0	0	0	0	0	0	0	0	0	0	0	0	0	0	0	0	0	0	0	0	0	0	0	0	0	0	0	0	0	0	0	0	0	0	0	0	0	0	7.233823891e-05	7.233823891e-05	7.233823891e-05	7.233823891e-05	7.233823891e-05	7.233823891e-05	7.233823891e-05	7.233823891e-05	7.233823891e-05	0	0	0	0	0	0	0	0	0	0	0	0	0	0	0	0	0	0	0	0	0	0	0	0	0	0	0	0	0	0	0	0	0	0	0	0	0	0	0	0	0	0	0	0	0	0.0001537187577	0.0001537187577	0.0001537187577	0.0001537187577	0.0001537187577	0.0001537187577	0.0001537187577	0.0001537187577	0.0001537187577	0	0	0	0	0	0	0	0	0	0	0	0	0	0	0	0
(6,6)	0	0	0.00528973372	0	0	0	0	0	0	0	0	0	0	0	0	0	0	0	0	0	0	0	0	0	0	0	0	0	0	0	0	0	0	0	0	0	0	0	0	0	0	0	0	0	0	0	0	0	0	0	0	0	0	0	0	0	0	0.003475626323	0.003475626323	0	0.003475626323	0.003475626323	0	0.003475626323	0.003475626323	0	0	0	0	0	0	0	0	0	0	0	0	0	0	0	0	0	0	0	0	0	0	0	0	0	0	0	0	0	0	0	0	0	0	0	0	0	0	0	0	0	0	0	0	0	0	0.01388978958	0.01388978958	0	0.01388978958	0.01388978958	0	0.01388978958	0.01388978958	0	0	0	0	0	0	0	0	0	0	0	0	0	0	0	0	0	0	0	0	0	0	0	0	0	0	0	0	0	0	0	0	0	0	0	0	0	0	0	0	0	0	0	0	0	0	0	0	0.1666679382	0	0	0.1666679382	0	0	0	0	0	0	0	0	0	0	0	0	0	0	0	0	0	0	0	0	0	0	0	0	0	0	0	0	0	0	0	0	0	0	0	0	0	0	0	0	0	0	0	0	0	0	0	0	0.01388978958	0.01388978958	0	0.01388978958	0.01388978958	0	0.01388978958	0.01388978958	0	0	0	0	0	0	0	0	0	0	0	0	0	0	0	0	0	0	0	0	0	0	0	0	0	0	0	0	0	0	0	0	0	0	0	0	0	0	0	0	0	0	0	0	0	0	0.003475626323	0.003475626323	0	0.003475626323	0.003475626323	0	0.003475626323	0.003475626323	0	0	0	0	0	0	0	0	0	0	0	0	0	0	0	0	0	0	0	0	0	0	0	0	0	0	0	0	0	0	0	0	0	0	0	0	0	0	0	0	0	0	0	0	0	0	0	0	0.00264486686	0	0	0.00264486686	0	0	0	0	0	0	0	0	0	0	0	0	0	0	0	0	0	0	0	0	0	0	0	0	0	0	0	0	0	0	0	0	0	0	0	0	0	0	0	0	0	0	0	0	0	0	0	0	0.0002712683959	0.0002712683959	0	0.0002712683959	0.0002712683959	0	0.0002712683959	0.0002712683959	0	0	0	0	0	0	0	0	0	0	0	0	0	0	0	0	0	0	0	0	0	0	0	0	0	0	0	0	0	0	0	0	0	0	0	0	0	0	0	0	0	0	0	0	0	0	0.0002712683959	0.0002712683959	0	0.0002712683959	0.0002712683959	0	0.0002712683959	0.0002712683959	0	0	0	0	0	0	0	0	0	0	0	0	0	0	0	0	0	0	0	0	0	0	0	0	0	0	0	0	0	0	0	0	0	0	0	0	0	0	0	0	0	0	0
(6,7)	0	0	0	0	0	0	0	0	0	0	0	0	0	0	0	0	0	0	0	0	0	0	0	0	0	0	0	0	0	0	0.0005809664813	0.0005809664813	0.0005809664813	0.0005809664813	0.0005809664813	0.0005809664813	0.0005809664813	0.0005809664813	0.0005809664813	0	0	0	0	0	0	0	0	0	0	0	0	0	0	0	0	0	0	0	0	0	0	0	0	0	0	0	0	0	0	0	0	0	0	0	0	0	0	0	0	0	0	0	0	0	0.002315388788	0.002315388788	0.002315388788	0.002315388788	0.002315388788	0.002315388788	0.002315388788	0.002315388788	0.002315388788	0	0	0	0	0	0	0	0	0	0	0	0	0	0	0	0	0	0	0	0	0	0	0	0	0	0	0	0	0	0	0	0	0	0	0	0	0	0	0	0	0	0	0	0	0	0.009259435866	0.009259435866	0.009259435866	0.009259435866	0.009259435866	0.009259435866	0.009259435866	0.009259435866	0.009259435866	0	0	0	0	0	0	0	0	0	0	0	0	0	0	0	0	0	0	0	0	0	0	0	0	0	0	0	0	0	0	0	0	0	0	0	0	0	0	0	0	0	0	0	0	0	0.009259435866	0.009259435866	0.009259435866	0.009259435866	0.009259435866	0.009259435866	0.009259435866	0.009259435866	0.009259435866	0	0	0	0	0	0	0	0	0	0	0	0	0	0	0	0	0	0	0	0	0	0	0	0	0	0	0	0	0	0	0	0	0	0	0	0	0	0	0	0	0	0	0	0	0	0.002315388788	0.002315388788	0.002315388788	0.002315388788	0.002315388788	0.002315388788	0.002315388788	0.002315388788	0.002315388788	0	0	0	0	0	0	0	0	0	0	0	0	0	0	0	0	0	0	0	0	0	0	0	0	0	0	0	0	0	0	0	0	0	0	0	0	0	0	0	0	0	0	0	0	0	0.0005809664813	0.0005809664813	0.0005809664813	0.0005809664813	0.0005809664813	0.0005809664813	0.0005809664813	0.0005809664813	0.0005809664813	0	0	0	0	0	0	0	0	0	0	0	0	0	0	0	0	0	0	0	0	0	0	0	0	0	0	0	0	0	0	0	0	0	0	0	0	0	0	0	0	0	0	0	0	0	0.0001537187577	0.0001537187577	0.0001537187577	0.0001537187577	0.0001537187577	0.0001537187577	0.0001537187577	0.0001537187577	0.0001537187577	0	0	0	0	0	0	0	0	0	0	0	0	0	0	0	0	0	0	0	0	0	0	0	0	0	0	0	0	0	0	0	0	0	0	0	0	0	0	0	0	0	0	0	0	0	7.233823891e-05	7.233823891e-05	7.233823891e-05	7.233823891e-05	7.233823891e-05	7.233823891e-05	7.233823891e-05	7.233823891e-05	7.233823891e-05	0	0	0	0	0	0	0	0	0	0	0	0	0	0	0	0	0	0	0	0	0	0	0	0	0	0	0	0	0	0	0	0	0	0	0	0	0	0	0	0	0	0	0	0	0	0.0001537187577	0.0001537187577	0.0001537187577	0.0001537187577	0.0001537187577	0.0001537187577	0.0001537187577	0.0001537187577	0.0001537187577	0	0	0	0	0	0	0	0	0	0	0	0	0	0	0
(6,8)	0	0	0	0	0	0	0	0	0	0	0	0	0	0	0	0	0	0	0	0	0	0	0	0	0	0	0	0	0	0	0.0005809664813	0.0005809664813	0.0005809664813	0.0005809664813	0.0005809664813	0.0005809664813	0.0005809664813	0.0005809664813	0.0005809664813	0	0	0	0	0	0	0	0	0	0	0	0	0	0	0	0	0	0	0	0	0	0	0	0	0	0	0	0	0	0	0	0	0	0	0	0	0	0	0	0	0	0	0	0	0	0.002315388788	0.002315388788	0.002315388788	0.002315388788	0.002315388788	0.002315388788	0.002315388788	0.002315388788	0.002315388788	0	0	0	0	0	0	0	0	0	0	0	0	0	0	0	0	0	0	0	0	0	0	0	0	0	0	0	0	0	0	0	0	0	0	0	0	0	0	0	0	0	0	0	0	0	0.009259435866	0.009259435866	0.009259435866	0.009259435866	0.009259435866	0.009259435866	0.009259435866	0.009259435866	0.009259435866	0	0	0	0	0	0	0	0	0	0	0	0	0	0	0	0	0	0	0	0	0	0	0	0	0	0	0	0	0	0	0	0	0	0	0	0	0	0	0	0	0	0	0	0	0	0.009259435866	0.009259435866	0.009259435866	0.009259435866	0.009259435866	0.009259435866	0.009259435866	0.009259435866	0.009259435866	0	0	0	0	0	0	0	0	0	0	0	0	0	0	0	0	0	0	0	0	0	0	0	0	0	0	0	0	0	0	0	0	0	0	0	0	0	0	0	0	0	0	0	0	0	0.002315388788	0.002315388788	0.002315388788	0.002315388788	0.002315388788	0.002315388788	0.002315388788	0.002315388788	0.002315388788	0	0	0	0	0	0	0	0	0	0	0	0	0	0	0	0	0	0	0	0	0	0	0	0	0	0	0	0	0	0	0	0	0	0	0	0	0	0	0	0	0	0	0	0	0	0.0005809664813	0.0005809664813	0.0005809664813	0.0005809664813	0.0005809664813	0.0005809664813	0.0005809664813	0.0005809664813	0.0005809664813	0	0	0	0	0	0	0	0	0	0	0	0	0	0	0	0	0	0	0	0	0	0	0	0	0	0	0	0	0	0	0	0	0	0	0	0	0	0	0	0	0	0	0	0	0	0.0001537187577	0.0001537187577	0.0001537187577	0.0001537187577	0.0001537187577	0.0001537187577	0.0001537187577	0.0001537187577	0.0001537187577	0	0	0	0	0	0	0	0	0	0	0	0	0	0	0	0	0	0	0	0	0	0	0	0	0	0	0	0	0	0	0	0	0	0	0	0	0	0	0	0	0	0	0	0	0	7.233823891e-05	7.233823891e-05	7.233823891e-05	7.233823891e-05	7.233823891e-05	7.233823891e-05	7.233823891e-05	7.233823891e-05	7.233823891e-05	0	0	0	0	0	0	0	0	0	0	0	0	0	0	0	0	0	0	0	0	0	0	0	0	0	0	0	0	0	0	0	0	0	0	0	0	0	0	0	0	0	0	0	0	0	0.0001537187577	0.0001537187577	0.0001537187577	0.0001537187577	0.0001537187577	0.0001537187577	0.0001537187577	0.0001537187577	0.0001537187577	0	0	0	0	0	0	0	0	0	0	0	0	0	0	0
(6,9)	0	0	0	0.00528973372	0	0	0	0	0	0	0	0	0	0	0	0	0	0	0	0	0	0	0	0	0	0	0	0	0	0	0	0	0	0	0	0	0	0	0	0	0	0	0	0	0	0	0	0	0	0	0	0	0	0	0	0	0	0	0.003475626323	0.003475626323	0	0.003475626323	0.003475626323	0	0.003475626323	0.003475626323	0	0	0	0	0	0	0	0	0	0	0	0	0	0	0	0	0	0	0	0	0	0	0	0	0	0	0	0	0	0	0	0	0	0	0	0	0	0	0	0	0	0	0	0	0	0	0.01388978958	0.01388978958	0	0.01388978958	0.01388978958	0	0.01388978958	0.01388978958	0	0	0	0	0	0	0	0	0	0	0	0	0	0	0	0	0	0	0	0	0	0	0	0	0	0	0	0	0	0	0	0	0	0	0	0	0	0	0	0	0	0	0	0	0	0	0	0	0.1666679382	0	0	0.1666679382	0	0	0	0	0	0	0	0	0	0	0	0	0	0	0	0	0	0	0	0	0	0	0	0	0	0	0	0	0	0	0	0	0	0	0	0	0	0	0	0	0	0	0	0	0	0	0	0	0.01388978958	0.01388978958	0	0.01388978958	0.01388978958	0	0.01388978958	0.01388978958	0	0	0	0	0	0	0	0	0	0	0	0	0	0	0	0	0	0	0	0	0	0	0	0	0	0	0	0	0	0	0	0	0	0	0	0	0	0	0	0	0	0	0	0	0	0	0.003475626323	0.003475626323	0	0.003475626323	0.003475626323	0	0.003475626323	0.003475626323	0	0	0	0	0	0	0	0	0	0	0	0	0	0	0	0	0	0	0	0	0	0	0	0	0	0	0	0	0	0	0	0	0	0	0	0	0	0	0	0	0	0	0	0	0	0	0	0	0.00264486686	0	0	0.00264486686	0	0	0	0	0	0	0	0	0	0	0	0	0	0	0	0	0	0	0	0	0	0	0	0	0	0	0	0	0	0	0	0	0	0	0	0	0	0	0	0	0	0	0	0	0	0	0	0	0.0002712683959	0.0002712683959	0	0.0002712683959	0.0002712683959	0	0.0002712683959	0.0002712683959	0	0	0	0	0	0	0	0	0	0	0	0	0	0	0	0	0	0	0	0	0	0	0	0	0	0	0	0	0	0	0	0	0	0	0	0	0	0	0	0	0	0	0	0	0	0	0.0002712683959	0.0002712683959	0	0.0002712683959	0.0002712683959	0	0.0002712683959	0.0002712683959	0	0	0	0	0	0	0	0	0	0	0	0	0	0	0	0	0	0	0	0	0	0	0	0	0	0	0	0	0	0	0	0	0	0	0	0	0	0	0	0	0	0
(6,10)	0	0	0	0	0	0	0	0	0	0	0	0	0	0	0	0	0	0	0	0	0	0	0	0	0	0	0	0	0	0	0	0.0005809664813	0.0005809664813	0.0005809664813	0.0005809664813	0.0005809664813	0.0005809664813	0.0005809664813	0.0005809664813	0.0005809664813	0	0	0	0	0	0	0	0	0	0	0	0	0	0	0	0	0	0	0	0	0	0	0	0	0	0	0	0	0	0	0	0	0	0	0	0	0	0	0	0	0	0	0	0	0	0.002315388788	0.002315388788	0.002315388788	0.002315388788	0.002315388788	0.002315388788	0.002315388788	0.002315388788	0.002315388788	0	0	0	0	0	0	0	0	0	0	0	0	0	0	0	0	0	0	0	0	0	0	0	0	0	0	0	0	0	0	0	0	0	0	0	0	0	0	0	0	0	0	0	0	0	0.009259435866	0.009259435866	0.009259435866	0.009259435866	0.009259435866	0.009259435866	0.009259435866	0.009259435866	0.009259435866	0	0	0	0	0	0	0	0	0	0	0	0	0	0	0	0	0	0	0	0	0	0	0	0	0	0	0	0	0	0	0	0	0	0	0	0	0	0	0	0	0	0	0	0	0	0.009259435866	0.009259435866	0.009259435866	0.009259435866	0.009259435866	0.009259435866	0.009259435866	0.009259435866	0.009259435866	0	0	0	0	0	0	0	0	0	0	0	0	0	0	0	0	0	0	0	0	0	0	0	0	0	0	0	0	0	0	0	0	0	0	0	0	0	0	0	0	0	0	0	0	0	0.002315388788	0.002315388788	0.002315388788	0.002315388788	0.002315388788	0.002315388788	0.002315388788	0.002315388788	0.002315388788	0	0	0	0	0	0	0	0	0	0	0	0	0	0	0	0	0	0	0	0	0	0	0	0	0	0	0	0	0	0	0	0	0	0	0	0	0	0	0	0	0	0	0	0	0	0.0005809664813	0.0005809664813	0.0005809664813	0.0005809664813	0.0005809664813	0.0005809664813	0.0005809664813	0.0005809664813	0.0005809664813	0	0	0	0	0	0	0	0	0	0	0	0	0	0	0	0	0	0	0	0	0	0	0	0	0	0	0	0	0	0	0	0	0	0	0	0	0	0	0	0	0	0	0	0	0	0.0001537187577	0.0001537187577	0.0001537187577	0.0001537187577	0.0001537187577	0.0001537187577	0.0001537187577	0.0001537187577	0.0001537187577	0	0	0	0	0	0	0	0	0	0	0	0	0	0	0	0	0	0	0	0	0	0	0	0	0	0	0	0	0	0	0	0	0	0	0	0	0	0	0	0	0	0	0	0	0	7.233823891e-05	7.233823891e-05	7.233823891e-05	7.233823891e-05	7.233823891e-05	7.233823891e-05	7.233823891e-05	7.233823891e-05	7.233823891e-05	0	0	0	0	0	0	0	0	0	0	0	0	0	0	0	0	0	0	0	0	0	0	0	0	0	0	0	0	0	0	0	0	0	0	0	0	0	0	0	0	0	0	0	0	0	0.0001537187577	0.0001537187577	0.0001537187577	0.0001537187577	0.0001537187577	0.0001537187577	0.0001537187577	0.0001537187577	0.0001537187577	0	0	0	0	0	0	0	0	0	0	0	0	0	0
(6,11)	0	0	0	0	0	0	0	0	0	0	0	0	0	0	0	0	0	0	0	0	0	0	0	0	0	0	0	0	0	0	0	0.0005809664813	0.0005809664813	0.0005809664813	0.0005809664813	0.0005809664813	0.0005809664813	0.0005809664813	0.0005809664813	0.0005809664813	0	0	0	0	0	0	0	0	0	0	0	0	0	0	0	0	0	0	0	0	0	0	0	0	0	0	0	0	0	0	0	0	0	0	0	0	0	0	0	0	0	0	0	0	0	0.002315388788	0.002315388788	0.002315388788	0.002315388788	0.002315388788	0.002315388788	0.002315388788	0.002315388788	0.002315388788	0	0	0	0	0	0	0	0	0	0	0	0	0	0	0	0	0	0	0	0	0	0	0	0	0	0	0	0	0	0	0	0	0	0	0	0	0	0	0	0	0	0	0	0	0	0.009259435866	0.009259435866	0.009259435866	0.009259435866	0.009259435866	0.009259435866	0.009259435866	0.009259435866	0.009259435866	0	0	0	0	0	0	0	0	0	0	0	0	0	0	0	0	0	0	0	0	0	0	0	0	0	0	0	0	0	0	0	0	0	0	0	0	0	0	0	0	0	0	0	0	0	0.009259435866	0.009259435866	0.009259435866	0.009259435866	0.009259435866	0.009259435866	0.009259435866	0.009259435866	0.009259435866	0	0	0	0	0	0	0	0	0	0	0	0	0	0	0	0	0	0	0	0	0	0	0	0	0	0	0	0	0	0	0	0	0	0	0	0	0	0	0	0	0	0	0	0	0	0.002315388788	0.002315388788	0.002315388788	0.002315388788	0.002315388788	0.002315388788	0.002315388788	0.002315388788	0.002315388788	0	0	0	0	0	0	0	0	0	0	0	0	0	0	0	0	0	0	0	0	0	0	0	0	0	0	0	0	0	0	0	0	0	0	0	0	0	0	0	0	0	0	0	0	0	0.0005809664813	0.0005809664813	0.0005809664813	0.0005809664813	0.0005809664813	0.0005809664813	0.0005809664813	0.0005809664813	0.0005809664813	0	0	0	0	0	0	0	0	0	0	0	0	0	0	0	0	0	0	0	0	0	0	0	0	0	0	0	0	0	0	0	0	0	0	0	0	0	0	0	0	0	0	0	0	0	0.0001537187577	0.0001537187577	0.0001537187577	0.0001537187577	0.0001537187577	0.0001537187577	0.0001537187577	0.0001537187577	0.0001537187577	0	0	0	0	0	0	0	0	0	0	0	0	0	0	0	0	0	0	0	0	0	0	0	0	0	0	0	0	0	0	0	0	0	0	0	0	0	0	0	0	0	0	0	0	0	7.233823891e-05	7.233823891e-05	7.233823891e-05	7.233823891e-05	7.233823891e-05	7.233823891e-05	7.233823891e-05	7.233823891e-05	7.233823891e-05	0	0	0	0	0	0	0	0	0	0	0	0	0	0	0	0	0	0	0	0	0	0	0	0	0	0	0	0	0	0	0	0	0	0	0	0	0	0	0	0	0	0	0	0	0	0.0001537187577	0.0001537187577	0.0001537187577	0.0001537187577	0.0001537187577	0.0001537187577	0.0001537187577	0.0001537187577	0.0001537187577	0	0	0	0	0	0	0	0	0	0	0	0	0	0
(6,12)	0	0	0	0	0.00528973372	0	0	0	0	0	0	0	0	0	0	0	0	0	0	0	0	0	0	0	0	0	0	0	0	0	0	0	0	0	0	0	0	0	0	0	0	0	0	0	0	0	0	0	0	0	0	0	0	0	0	0	0	0	0	0.003475626323	0.003475626323	0	0.003475626323	0.003475626323	0	0.003475626323	0.003475626323	0	0	0	0	0	0	0	0	0	0	0	0	0	0	0	0	0	0	0	0	0	0	0	0	0	0	0	0	0	0	0	0	0	0	0	0	0	0	0	0	0	0	0	0	0	0	0.01388978958	0.01388978958	0	0.01388978958	0.01388978958	0	0.01388978958	0.01388978958	0	0	0	0	0	0	0	0	0	0	0	0	0	0	0	0	0	0	0	0	0	0	0	0	0	0	0	0	0	0	0	0	0	0	0	0	0	0	0	0	0	0	0	0	0	0	0	0	0.1666679382	0	0	0.1666679382	0	0	0	0	0	0	0	0	0	0	0	0	0	0	0	0	0	0	0	0	0	0	0	0	0	0	0	0	0	0	0	0	0	0	0	0	0	0	0	0	0	0	0	0	0	0	0	0	0.01388978958	0.01388978958	0	0.01388978958	0.01388978958	0	0.01388978958	0.01388978958	0	0	0	0	0	0	0	0	0	0	0	0	0	0	0	0	0	0	0	0	0	0	0	0	0	0	0	0	0	0	0	0	0	0	0	0	0	0	0	0	0	0	0	0	0	0	0.003475626323	0.003475626323	0	0.003475626323	0.003475626323	0	0.003475626323	0.003475626323	0	0	0	0	0	0	0	0	0	0	0	0	0	0	0	0	0	0	0	0	0	0	0	0	0	0	0	0	0	0	0	0	0	0	0	0	0	0	0	0	0	0	0	0	0	0	0	0	0.00264486686	0	0	0.00264486686	0	0	0	0	0	0	0	0	0	0	0	0	0	0	0	0	0	0	0	0	0	0	0	0	0	0	0	0	0	0	0	0	0	0	0	0	0	0	0	0	0	0	0	0	0	0	0	0	0.0002712683959	0.0002712683959	0	0.0002712683959	0.0002712683959	0	0.0002712683959	0.0002712683959	0	0	0	0	0	0	0	0	0	0	0	0	0	0	0	0	0	0	0	0	0	0	0	0	0	0	0	0	0	0	0	0	0	0	0	0	0	0	0	0	0	0	0	0	0	0	0.0002712683959	0.0002712683959	0	0.0002712683959	0.0002712683959	0	0.0002712683959	0.0002712683959	0	0	0	0	0	0	0	0	0	0	0	0	0	0	0	0	0	0	0	0	0	0	0	0	0	0	0	0	0	0	0	0	0	0	0	0	0	0	0	0	0
(6,13)	0	0	0	0	0	0	0	0	0	0	0	0	0	0	0	0	0	0	0	0	0	0	0	0	0	0	0	0	0	0	0	0	0.0005809664813	0.0005809664813	0.0005809664813	0.0005809664813	0.0005809664813	0.0005809664813	0.0005809664813	0.0005809664813	0.0005809664813	0	0	0	0	0	0	0	0	0	0	0	0	0	0	0	0	0	0	0	0	0	0	0	0	0	0	0	0	0	0	0	0	0	0	0	0	0	0	0	0	0	0	0	0	0	0.002315388788	0.002315388788	0.002315388788	0.002315388788	0.002315388788	0.002315388788	0.002315388788	0.002315388788	0.002315388788	0	0	0	0	0	0	0	0	0	0	0	0	0	0	0	0	0	0	0	0	0	0	0	0	0	0	0	0	0	0	0	0	0	0	0	0	0	0	0	0	0	0	0	0	0	0.009259435866	0.009259435866	0.009259435866	0.009259435866	0.009259435866	0.009259435866	0.009259435866	0.009259435866	0.009259435866	0	0	0	0	0	0	0	0	0	0	0	0	0	0	0	0	0	0	0	0	0	0	0	0	0	0	0	0	0	0	0	0	0	0	0	0	0	0	0	0	0	0	0	0	0	0.009259435866	0.009259435866	0.009259435866	0.009259435866	0.009259435866	0.009259435866	0.009259435866	0.009259435866	0.009259435866	0	0	0	0	0	0	0	0	0	0	0	0	0	0	0	0	0	0	0	0	0	0	0	0	0	0	0	0	0	0	0	0	0	0	0	0	0	0	0	0	0	0	0	0	0	0.002315388788	0.002315388788	0.002315388788	0.002315388788	0.002315388788	0.002315388788	0.002315388788	0.002315388788	0.002315388788	0	0	0	0	0	0	0	0	0	0	0	0	0	0	0	0	0	0	0	0	0	0	0	0	0	0	0	0	0	0	0	0	0	0	0	0	0	0	0	0	0	0	0	0	0	0.0005809664813	0.0005809664813	0.0005809664813	0.0005809664813	0.0005809664813	0.0005809664813	0.0005809664813	0.0005809664813	0.0005809664813	0	0	0	0	0	0	0	0	0	0	0	0	0	0	0	0	0	0	0	0	0	0	0	0	0	0	0	0	0	0	0	0	0	0	0	0	0	0	0	0	0	0	0	0	0	0.0001537187577	0.0001537187577	0.0001537187577	0.0001537187577	0.0001537187577	0.0001537187577	0.0001537187577	0.0001537187577	0.0001537187577	0	0	0	0	0	0	0	0	0	0	0	0	0	0	0	0	0	0	0	0	0	0	0	0	0	0	0	0	0	0	0	0	0	0	0	0	0	0	0	0	0	0	0	0	0	7.233823891e-05	7.233823891e-05	7.233823891e-05	7.233823891e-05	7.233823891e-05	7.233823891e-05	7.233823891e-05	7.233823891e-05	7.233823891e-05	0	0	0	0	0	0	0	0	0	0	0	0	0	0	0	0	0	0	0	0	0	0	0	0	0	0	0	0	0	0	0	0	0	0	0	0	0	0	0	0	0	0	0	0	0	0.0001537187577	0.0001537187577	0.0001537187577	0.0001537187577	0.0001537187577	0.0001537187577	0.0001537187577	0.0001537187577	0.0001537187577	0	0	0	0	0	0	0	0	0	0	0	0	0
(6,14)	0	0	0	0	0	0	0	0	0	0	0	0	0	0	0	0	0	0	0	0	0	0	0	0	0	0	0	0	0	0	0	0	0.0005809664813	0.0005809664813	0.0005809664813	0.0005809664813	0.0005809664813	0.0005809664813	0.0005809664813	0.0005809664813	0.0005809664813	0	0	0	0	0	0	0	0	0	0	0	0	0	0	0	0	0	0	0	0	0	0	0	0	0	0	0	0	0	0	0	0	0	0	0	0	0	0	0	0	0	0	0	0	0	0.002315388788	0.002315388788	0.002315388788	0.002315388788	0.002315388788	0.002315388788	0.002315388788	0.002315388788	0.002315388788	0	0	0	0	0	0	0	0	0	0	0	0	0	0	0	0	0	0	0	0	0	0	0	0	0	0	0	0	0	0	0	0	0	0	0	0	0	0	0	0	0	0	0	0	0	0.009259435866	0.009259435866	0.009259435866	0.009259435866	0.009259435866	0.009259435866	0.009259435866	0.009259435866	0.009259435866	0	0	0	0	0	0	0	0	0	0	0	0	0	0	0	0	0	0	0	0	0	0	0	0	0	0	0	0	0	0	0	0	0	0	0	0	0	0	0	0	0	0	0	0	0	0.009259435866	0.009259435866	0.009259435866	0.009259435866	0.009259435866	0.009259435866	0.009259435866	0.009259435866	0.009259435866	0	0	0	0	0	0	0	0	0	0	0	0	0	0	0	0	0	0	0	0	0	0	0	0	0	0	0	0	0	0	0	0	0	0	0	0	0	0	0	0	0	0	0	0	0	0.002315388788	0.002315388788	0.002315388788	0.002315388788	0.002315388788	0.002315388788	0.002315388788	0.002315388788	0.002315388788	0	0	0	0	0	0	0	0	0	0	0	0	0	0	0	0	0	0	0	0	0	0	0	0	0	0	0	0	0	0	0	0	0	0	0	0	0	0	0	0	0	0	0	0	0	0.0005809664813	0.0005809664813	0.0005809664813	0.0005809664813	0.0005809664813	0.0005809664813	0.0005809664813	0.0005809664813	0.0005809664813	0	0	0	0	0	0	0	0	0	0	0	0	0	0	0	0	0	0	0	0	0	0	0	0	0	0	0	0	0	0	0	0	0	0	0	0	0	0	0	0	0	0	0	0	0	0.0001537187577	0.0001537187577	0.0001537187577	0.0001537187577	0.0001537187577	0.0001537187577	0.0001537187577	0.0001537187577	0.0001537187577	0	0	0	0	0	0	0	0	0	0	0	0	0	0	0	0	0	0	0	0	0	0	0	0	0	0	0	0	0	0	0	0	0	0	0	0	0	0	0	0	0	0	0	0	0	7.233823891e-05	7.233823891e-05	7.233823891e-05	7.233823891e-05	7.233823891e-05	7.233823891e-05	7.233823891e-05	7.233823891e-05	7.233823891e-05	0	0	0	0	0	0	0	0	0	0	0	0	0	0	0	0	0	0	0	0	0	0	0	0	0	0	0	0	0	0	0	0	0	0	0	0	0	0	0	0	0	0	0	0	0	0.0001537187577	0.0001537187577	0.0001537187577	0.0001537187577	0.0001537187577	0.0001537187577	0.0001537187577	0.0001537187577	0.0001537187577	0	0	0	0	0	0	0	0	0	0	0	0	0
(6,15)	0	0	0	0	0	0.00528973372	0	0	0	0	0	0	0	0	0	0	0	0	0	0	0	0	0	0	0	0	0	0	0	0	0	0	0	0	0	0	0	0	0	0	0	0	0	0	0	0	0	0	0	0	0	0	0	0	0	0	0	0	0	0	0.003475626323	0.003475626323	0	0.003475626323	0.003475626323	0	0.003475626323	0.003475626323	0	0	0	0	0	0	0	0	0	0	0	0	0	0	0	0	0	0	0	0	0	0	0	0	0	0	0	0	0	0	0	0	0	0	0	0	0	0	0	0	0	0	0	0	0	0	0.01388978958	0.01388978958	0	0.01388978958	0.01388978958	0	0.01388978958	0.01388978958	0	0	0	0	0	0	0	0	0	0	0	0	0	0	0	0	0	0	0	0	0	0	0	0	0	0	0	0	0	0	0	0	0	0	0	0	0	0	0	0	0	0	0	0	0	0	0	0	0.1666679382	0	0	0.1666679382	0	0	0	0	0	0	0	0	0	0	0	0	0	0	0	0	0	0	0	0	0	0	0	0	0	0	0	0	0	0	0	0	0	0	0	0	0	0	0	0	0	0	0	0	0	0	0	0	0.01388978958	0.01388978958	0	0.01388978958	0.01388978958	0	0.01388978958	0.01388978958	0	0	0	0	0	0	0	0	0	0	0	0	0	0	0	0	0	0	0	0	0	0	0	0	0	0	0	0	0	0	0	0	0	0	0	0	0	0	0	0	0	0	0	0	0	0	0.003475626323	0.003475626323	0	0.003475626323	0.003475626323	0	0.003475626323	0.003475626323	0	0	0	0	0	0	0	0	0	0	0	0	0	0	0	0	0	0	0	0	0	0	0	0	0	0	0	0	0	0	0	0	0	0	0	0	0	0	0	0	0	0	0	0	0	0	0	0	0.00264486686	0	0	0.00264486686	0	0	0	0	0	0	0	0	0	0	0	0	0	0	0	0	0	0	0	0	0	0	0	0	0	0	0	0	0	0	0	0	0	0	0	0	0	0	0	0	0	0	0	0	0	0	0	0	0.0002712683959	0.0002712683959	0	0.0002712683959	0.0002712683959	0	0.0002712683959	0.0002712683959	0	0	0	0	0	0	0	0	0	0	0	0	0	0	0	0	0	0	0	0	0	0	0	0	0	0	0	0	0	0	0	0	0	0	0	0	0	0	0	0	0	0	0	0	0	0	0.0002712683959	0.0002712683959	0	0.0002712683959	0.0002712683959	0	0.0002712683959	0.0002712683959	0	0	0	0	0	0	0	0	0	0	0	0	0	0	0	0	0	0	0	0	0	0	0	0	0	0	0	0	0	0	0	0	0	0	0	0	0	0	0	0
(6,16)	0	0	0	0	0	0	0	0	0	0	0	0	0	0	0	0	0	0	0	0	0	0	0	0	0	0	0	0	0	0	0	0	0	0.0005809664813	0.0005809664813	0.0005809664813	0.0005809664813	0.0005809664813	0.0005809664813	0.0005809664813	0.0005809664813	0.0005809664813	0	0	0	0	0	0	0	0	0	0	0	0	0	0	0	0	0	0	0	0	0	0	0	0	0	0	0	0	0	0	0	0	0	0	0	0	0	0	0	0	0	0	0	0	0	0.002315388788	0.002315388788	0.002315388788	0.002315388788	0.002315388788	0.002315388788	0.002315388788	0.002315388788	0.002315388788	0	0	0	0	0	0	0	0	0	0	0	0	0	0	0	0	0	0	0	0	0	0	0	0	0	0	0	0	0	0	0	0	0	0	0	0	0	0	0	0	0	0	0	0	0	0.009259435866	0.009259435866	0.009259435866	0.009259435866	0.009259435866	0.009259435866	0.009259435866	0.009259435866	0.009259435866	0	0	0	0	0	0	0	0	0	0	0	0	0	0	0	0	0	0	0	0	0	0	0	0	0	0	0	0	0	0	0	0	0	0	0	0	0	0	0	0	0	0	0	0	0	0.009259435866	0.009259435866	0.009259435866	0.009259435866	0.009259435866	0.009259435866	0.009259435866	0.009259435866	0.009259435866	0	0	0	0	0	0	0	0	0	0	0	0	0	0	0	0	0	0	0	0	0	0	0	0	0	0	0	0	0	0	0	0	0	0	0	0	0	0	0	0	0	0	0	0	0	0.002315388788	0.002315388788	0.002315388788	0.002315388788	0.002315388788	0.002315388788	0.002315388788	0.002315388788	0.002315388788	0	0	0	0	0	0	0	0	0	0	0	0	0	0	0	0	0	0	0	0	0	0	0	0	0	0	0	0	0	0	0	0	0	0	0	0	0	0	0	0	0	0	0	0	0	0.0005809664813	0.0005809664813	0.0005809664813	0.0005809664813	0.0005809664813	0.0005809664813	0.0005809664813	0.0005809664813	0.0005809664813	0	0	0	0	0	0	0	0	0	0	0	0	0	0	0	0	0	0	0	0	0	0	0	0	0	0	0	0	0	0	0	0	0	0	0	0	0	0	0	0	0	0	0	0	0	0.0001537187577	0.0001537187577	0.0001537187577	0.0001537187577	0.0001537187577	0.0001537187577	0.0001537187577	0.0001537187577	0.0001537187577	0	0	0	0	0	0	0	0	0	0	0	0	0	0	0	0	0	0	0	0	0	0	0	0	0	0	0	0	0	0	0	0	0	0	0	0	0	0	0	0	0	0	0	0	0	7.233823891e-05	7.233823891e-05	7.233823891e-05	7.233823891e-05	7.233823891e-05	7.233823891e-05	7.233823891e-05	7.233823891e-05	7.233823891e-05	0	0	0	0	0	0	0	0	0	0	0	0	0	0	0	0	0	0	0	0	0	0	0	0	0	0	0	0	0	0	0	0	0	0	0	0	0	0	0	0	0	0	0	0	0	0.0001537187577	0.0001537187577	0.0001537187577	0.0001537187577	0.0001537187577	0.0001537187577	0.0001537187577	0.0001537187577	0.0001537187577	0	0	0	0	0	0	0	0	0	0	0	0
(6,17)	0	0	0	0	0	0	0	0	0	0	0	0	0	0	0	0	0	0	0	0	0	0	0	0	0	0	0	0	0	0	0	0	0	0.0005809664813	0.0005809664813	0.0005809664813	0.0005809664813	0.0005809664813	0.0005809664813	0.0005809664813	0.0005809664813	0.0005809664813	0	0	0	0	0	0	0	0	0	0	0	0	0	0	0	0	0	0	0	0	0	0	0	0	0	0	0	0	0	0	0	0	0	0	0	0	0	0	0	0	0	0	0	0	0	0.002315388788	0.002315388788	0.002315388788	0.002315388788	0.002315388788	0.002315388788	0.002315388788	0.002315388788	0.002315388788	0	0	0	0	0	0	0	0	0	0	0	0	0	0	0	0	0	0	0	0	0	0	0	0	0	0	0	0	0	0	0	0	0	0	0	0	0	0	0	0	0	0	0	0	0	0.009259435866	0.009259435866	0.009259435866	0.009259435866	0.009259435866	0.009259435866	0.009259435866	0.009259435866	0.009259435866	0	0	0	0	0	0	0	0	0	0	0	0	0	0	0	0	0	0	0	0	0	0	0	0	0	0	0	0	0	0	0	0	0	0	0	0	0	0	0	0	0	0	0	0	0	0.009259435866	0.009259435866	0.009259435866	0.009259435866	0.009259435866	0.009259435866	0.009259435866	0.009259435866	0.009259435866	0	0	0	0	0	0	0	0	0	0	0	0	0	0	0	0	0	0	0	0	0	0	0	0	0	0	0	0	0	0	0	0	0	0	0	0	0	0	0	0	0	0	0	0	0	0.002315388788	0.002315388788	0.002315388788	0.002315388788	0.002315388788	0.002315388788	0.002315388788	0.002315388788	0.002315388788	0	0	0	0	0	0	0	0	0	0	0	0	0	0	0	0	0	0	0	0	0	0	0	0	0	0	0	0	0	0	0	0	0	0	0	0	0	0	0	0	0	0	0	0	0	0.0005809664813	0.0005809664813	0.0005809664813	0.0005809664813	0.0005809664813	0.0005809664813	0.0005809664813	0.0005809664813	0.0005809664813	0	0	0	0	0	0	0	0	0	0	0	0	0	0	0	0	0	0	0	0	0	0	0	0	0	0	0	0	0	0	0	0	0	0	0	0	0	0	0	0	0	0	0	0	0	0.0001537187577	0.0001537187577	0.0001537187577	0.0001537187577	0.0001537187577	0.0001537187577	0.0001537187577	0.0001537187577	0.0001537187577	0	0	0	0	0	0	0	0	0	0	0	0	0	0	0	0	0	0	0	0	0	0	0	0	0	0	0	0	0	0	0	0	0	0	0	0	0	0	0	0	0	0	0	0	0	7.233823891e-05	7.233823891e-05	7.233823891e-05	7.233823891e-05	7.233823891e-05	7.233823891e-05	7.233823891e-05	7.233823891e-05	7.233823891e-05	0	0	0	0	0	0	0	0	0	0	0	0	0	0	0	0	0	0	0	0	0	0	0	0	0	0	0	0	0	0	0	0	0	0	0	0	0	0	0	0	0	0	0	0	0	0.0001537187577	0.0001537187577	0.0001537187577	0.0001537187577	0.0001537187577	0.0001537187577	0.0001537187577	0.0001537187577	0.0001537187577	0	0	0	0	0	0	0	0	0	0	0	0
(6,18)	0	0	0	0	0	0	0.00528973372	0	0	0	0	0	0	0	0	0	0	0	0	0	0	0	0	0	0	0	0	0	0	0	0	0	0	0	0	0	0	0	0	0	0	0	0	0	0	0	0	0	0	0	0	0	0	0	0	0	0	0	0	0	0	0.003475626323	0.003475626323	0	0.003475626323	0.003475626323	0	0.003475626323	0.003475626323	0	0	0	0	0	0	0	0	0	0	0	0	0	0	0	0	0	0	0	0	0	0	0	0	0	0	0	0	0	0	0	0	0	0	0	0	0	0	0	0	0	0	0	0	0	0	0.01388978958	0.01388978958	0	0.01388978958	0.01388978958	0	0.01388978958	0.01388978958	0	0	0	0	0	0	0	0	0	0	0	0	0	0	0	0	0	0	0	0	0	0	0	0	0	0	0	0	0	0	0	0	0	0	0	0	0	0	0	0	0	0	0	0	0	0	0	0	0.1666679382	0	0	0.1666679382	0	0	0	0	0	0	0	0	0	0	0	0	0	0	0	0	0	0	0	0	0	0	0	0	0	0	0	0	0	0	0	0	0	0	0	0	0	0	0	0	0	0	0	0	0	0	0	0	0.01388978958	0.01388978958	0	0.01388978958	0.01388978958	0	0.01388978958	0.01388978958	0	0	0	0	0	0	0	0	0	0	0	0	0	0	0	0	0	0	0	0	0	0	0	0	0	0	0	0	0	0	0	0	0	0	0	0	0	0	0	0	0	0	0	0	0	0	0.003475626323	0.003475626323	0	0.003475626323	0.003475626323	0	0.003475626323	0.003475626323	0	0	0	0	0	0	0	0	0	0	0	0	0	0	0	0	0	0	0	0	0	0	0	0	0	0	0	0	0	0	0	0	0	0	0	0	0	0	0	0	0	0	0	0	0	0	0	0	0.00264486686	0	0	0.00264486686	0	0	0	0	0	0	0	0	0	0	0	0	0	0	0	0	0	0	0	0	0	0	0	0	0	0	0	0	0	0	0	0	0	0	0	0	0	0	0	0	0	0	0	0	0	0	0	0	0.0002712683959	0.0002712683959	0	0.0002712683959	0.0002712683959	0	0.0002712683959	0.0002712683959	0	0	0	0	0	0	0	0	0	0	0	0	0	0	0	0	0	0	0	0	0	0	0	0	0	0	0	0	0	0	0	0	0	0	0	0	0	0	0	0	0	0	0	0	0	0	0.0002712683959	0.0002712683959	0	0.0002712683959	0.0002712683959	0	0.0002712683959	0.0002712683959	0	0	0	0	0	0	0	0	0	0	0	0	0	0	0	0	0	0	0	0	0	0	0	0	0	0	0	0	0	0	0	0	0	0	0	0	0	0	0
(6,19)	0	0	0	0	0	0	0	0	0	0	0	0	0	0	0	0	0	0	0	0	0	0	0	0	0	0	0	0	0	0	0	0	0	0	0.0005809664813	0.0005809664813	0.0005809664813	0.0005809664813	0.0005809664813	0.0005809664813	0.0005809664813	0.0005809664813	0.0005809664813	0	0	0	0	0	0	0	0	0	0	0	0	0	0	0	0	0	0	0	0	0	0	0	0	0	0	0	0	0	0	0	0	0	0	0	0	0	0	0	0	0	0	0	0	0	0.002315388788	0.002315388788	0.002315388788	0.002315388788	0.002315388788	0.002315388788	0.002315388788	0.002315388788	0.002315388788	0	0	0	0	0	0	0	0	0	0	0	0	0	0	0	0	0	0	0	0	0	0	0	0	0	0	0	0	0	0	0	0	0	0	0	0	0	0	0	0	0	0	0	0	0	0.009259435866	0.009259435866	0.009259435866	0.009259435866	0.009259435866	0.009259435866	0.009259435866	0.009259435866	0.009259435866	0	0	0	0	0	0	0	0	0	0	0	0	0	0	0	0	0	0	0	0	0	0	0	0	0	0	0	0	0	0	0	0	0	0	0	0	0	0	0	0	0	0	0	0	0	0.009259435866	0.009259435866	0.009259435866	0.009259435866	0.009259435866	0.009259435866	0.009259435866	0.009259435866	0.009259435866	0	0	0	0	0	0	0	0	0	0	0	0	0	0	0	0	0	0	0	0	0	0	0	0	0	0	0	0	0	0	0	0	0	0	0	0	0	0	0	0	0	0	0	0	0	0.002315388788	0.002315388788	0.002315388788	0.002315388788	0.002315388788	0.002315388788	0.002315388788	0.002315388788	0.002315388788	0	0	0	0	0	0	0	0	0	0	0	0	0	0	0	0	0	0	0	0	0	0	0	0	0	0	0	0	0	0	0	0	0	0	0	0	0	0	0	0	0	0	0	0	0	0.0005809664813	0.0005809664813	0.0005809664813	0.0005809664813	0.0005809664813	0.0005809664813	0.0005809664813	0.0005809664813	0.0005809664813	0	0	0	0	0	0	0	0	0	0	0	0	0	0	0	0	0	0	0	0	0	0	0	0	0	0	0	0	0	0	0	0	0	0	0	0	0	0	0	0	0	0	0	0	0	0.0001537187577	0.0001537187577	0.0001537187577	0.0001537187577	0.0001537187577	0.0001537187577	0.0001537187577	0.0001537187577	0.0001537187577	0	0	0	0	0	0	0	0	0	0	0	0	0	0	0	0	0	0	0	0	0	0	0	0	0	0	0	0	0	0	0	0	0	0	0	0	0	0	0	0	0	0	0	0	0	7.233823891e-05	7.233823891e-05	7.233823891e-05	7.233823891e-05	7.233823891e-05	7.233823891e-05	7.233823891e-05	7.233823891e-05	7.233823891e-05	0	0	0	0	0	0	0	0	0	0	0	0	0	0	0	0	0	0	0	0	0	0	0	0	0	0	0	0	0	0	0	0	0	0	0	0	0	0	0	0	0	0	0	0	0	0.0001537187577	0.0001537187577	0.0001537187577	0.0001537187577	0.0001537187577	0.0001537187577	0.0001537187577	0.0001537187577	0.0001537187577	0	0	0	0	0	0	0	0	0	0	0
(6,20)	0	0	0	0	0	0	0	0	0	0	0	0	0	0	0	0	0	0	0	0	0	0	0	0	0	0	0	0	0	0	0	0	0	0	0.0005809664813	0.0005809664813	0.0005809664813	0.0005809664813	0.0005809664813	0.0005809664813	0.0005809664813	0.0005809664813	0.0005809664813	0	0	0	0	0	0	0	0	0	0	0	0	0	0	0	0	0	0	0	0	0	0	0	0	0	0	0	0	0	0	0	0	0	0	0	0	0	0	0	0	0	0	0	0	0	0.002315388788	0.002315388788	0.002315388788	0.002315388788	0.002315388788	0.002315388788	0.002315388788	0.002315388788	0.002315388788	0	0	0	0	0	0	0	0	0	0	0	0	0	0	0	0	0	0	0	0	0	0	0	0	0	0	0	0	0	0	0	0	0	0	0	0	0	0	0	0	0	0	0	0	0	0.009259435866	0.009259435866	0.009259435866	0.009259435866	0.009259435866	0.009259435866	0.009259435866	0.009259435866	0.009259435866	0	0	0	0	0	0	0	0	0	0	0	0	0	0	0	0	0	0	0	0	0	0	0	0	0	0	0	0	0	0	0	0	0	0	0	0	0	0	0	0	0	0	0	0	0	0.009259435866	0.009259435866	0.009259435866	0.009259435866	0.009259435866	0.009259435866	0.009259435866	0.009259435866	0.009259435866	0	0	0	0	0	0	0	0	0	0	0	0	0	0	0	0	0	0	0	0	0	0	0	0	0	0	0	0	0	0	0	0	0	0	0	0	0	0	0	0	0	0	0	0	0	0.002315388788	0.002315388788	0.002315388788	0.002315388788	0.002315388788	0.002315388788	0.002315388788	0.002315388788	0.002315388788	0	0	0	0	0	0	0	0	0	0	0	0	0	0	0	0	0	0	0	0	0	0	0	0	0	0	0	0	0	0	0	0	0	0	0	0	0	0	0	0	0	0	0	0	0	0.0005809664813	0.0005809664813	0.0005809664813	0.0005809664813	0.0005809664813	0.0005809664813	0.0005809664813	0.0005809664813	0.0005809664813	0	0	0	0	0	0	0	0	0	0	0	0	0	0	0	0	0	0	0	0	0	0	0	0	0	0	0	0	0	0	0	0	0	0	0	0	0	0	0	0	0	0	0	0	0	0.0001537187577	0.0001537187577	0.0001537187577	0.0001537187577	0.0001537187577	0.0001537187577	0.0001537187577	0.0001537187577	0.0001537187577	0	0	0	0	0	0	0	0	0	0	0	0	0	0	0	0	0	0	0	0	0	0	0	0	0	0	0	0	0	0	0	0	0	0	0	0	0	0	0	0	0	0	0	0	0	7.233823891e-05	7.233823891e-05	7.233823891e-05	7.233823891e-05	7.233823891e-05	7.233823891e-05	7.233823891e-05	7.233823891e-05	7.233823891e-05	0	0	0	0	0	0	0	0	0	0	0	0	0	0	0	0	0	0	0	0	0	0	0	0	0	0	0	0	0	0	0	0	0	0	0	0	0	0	0	0	0	0	0	0	0	0.0001537187577	0.0001537187577	0.0001537187577	0.0001537187577	0.0001537187577	0.0001537187577	0.0001537187577	0.0001537187577	0.0001537187577	0	0	0	0	0	0	0	0	0	0	0
(6,21)	0	0	0	0	0	0	0	0.00528973372	0	0	0	0	0	0	0	0	0	0	0	0	0	0	0	0	0	0	0	0	0	0	0	0	0	0	0	0	0	0	0	0	0	0	0	0	0	0	0	0	0	0	0	0	0	0	0	0	0	0	0	0	0	0	0.003475626323	0.003475626323	0	0.003475626323	0.003475626323	0	0.003475626323	0.003475626323	0	0	0	0	0	0	0	0	0	0	0	0	0	0	0	0	0	0	0	0	0	0	0	0	0	0	0	0	0	0	0	0	0	0	0	0	0	0	0	0	0	0	0	0	0	0	0.01388978958	0.01388978958	0	0.01388978958	0.01388978958	0	0.01388978958	0.01388978958	0	0	0	0	0	0	0	0	0	0	0	0	0	0	0	0	0	0	0	0	0	0	0	0	0	0	0	0	0	0	0	0	0	0	0	0	0	0	0	0	0	0	0	0	0	0	0	0	0.1666679382	0	0	0.1666679382	0	0	0	0	0	0	0	0	0	0	0	0	0	0	0	0	0	0	0	0	0	0	0	0	0	0	0	0	0	0	0	0	0	0	0	0	0	0	0	0	0	0	0	0	0	0	0	0	0.01388978958	0.01388978958	0	0.01388978958	0.01388978958	0	0.01388978958	0.01388978958	0	0	0	0	0	0	0	0	0	0	0	0	0	0	0	0	0	0	0	0	0	0	0	0	0	0	0	0	0	0	0	0	0	0	0	0	0	0	0	0	0	0	0	0	0	0	0.003475626323	0.003475626323	0	0.003475626323	0.003475626323	0	0.003475626323	0.003475626323	0	0	0	0	0	0	0	0	0	0	0	0	0	0	0	0	0	0	0	0	0	0	0	0	0	0	0	0	0	0	0	0	0	0	0	0	0	0	0	0	0	0	0	0	0	0	0	0	0.00264486686	0	0	0.00264486686	0	0	0	0	0	0	0	0	0	0	0	0	0	0	0	0	0	0	0	0	0	0	0	0	0	0	0	0	0	0	0	0	0	0	0	0	0	0	0	0	0	0	0	0	0	0	0	0	0.0002712683959	0.0002712683959	0	0.0002712683959	0.0002712683959	0	0.0002712683959	0.0002712683959	0	0	0	0	0	0	0	0	0	0	0	0	0	0	0	0	0	0	0	0	0	0	0	0	0	0	0	0	0	0	0	0	0	0	0	0	0	0	0	0	0	0	0	0	0	0	0.0002712683959	0.0002712683959	0	0.0002712683959	0.0002712683959	0	0.0002712683959	0.0002712683959	0	0	0	0	0	0	0	0	0	0	0	0	0	0	0	0	0	0	0	0	0	0	0	0	0	0	0	0	0	0	0	0	0	0	0	0	0	0
(6,22)	0	0	0	0	0	0	0	0	0	0	0	0	0	0	0	0	0	0	0	0	0	0	0	0	0	0	0	0	0	0	0	0	0	0	0	0.0005809664813	0.0005809664813	0.0005809664813	0.0005809664813	0.0005809664813	0.0005809664813	0.0005809664813	0.0005809664813	0.0005809664813	0	0	0	0	0	0	0	0	0	0	0	0	0	0	0	0	0	0	0	0	0	0	0	0	0	0	0	0	0	0	0	0	0	0	0	0	0	0	0	0	0	0	0	0	0	0.002315388788	0.002315388788	0.002315388788	0.002315388788	0.002315388788	0.002315388788	0.002315388788	0.002315388788	0.002315388788	0	0	0	0	0	0	0	0	0	0	0	0	0	0	0	0	0	0	0	0	0	0	0	0	0	0	0	0	0	0	0	0	0	0	0	0	0	0	0	0	0	0	0	0	0	0.009259435866	0.009259435866	0.009259435866	0.009259435866	0.009259435866	0.009259435866	0.009259435866	0.009259435866	0.009259435866	0	0	0	0	0	0	0	0	0	0	0	0	0	0	0	0	0	0	0	0	0	0	0	0	0	0	0	0	0	0	0	0	0	0	0	0	0	0	0	0	0	0	0	0	0	0.009259435866	0.009259435866	0.009259435866	0.009259435866	0.009259435866	0.009259435866	0.009259435866	0.009259435866	0.009259435866	0	0	0	0	0	0	0	0	0	0	0	0	0	0	0	0	0	0	0	0	0	0	0	0	0	0	0	0	0	0	0	0	0	0	0	0	0	0	0	0	0	0	0	0	0	0.002315388788	0.002315388788	0.002315388788	0.002315388788	0.002315388788	0.002315388788	0.002315388788	0.002315388788	0.002315388788	0	0	0	0	0	0	0	0	0	0	0	0	0	0	0	0	0	0	0	0	0	0	0	0	0	0	0	0	0	0	0	0	0	0	0	0	0	0	0	0	0	0	0	0	0	0.0005809664813	0.0005809664813	0.0005809664813	0.0005809664813	0.0005809664813	0.0005809664813	0.0005809664813	0.0005809664813	0.0005809664813	0	0	0	0	0	0	0	0	0	0	0	0	0	0	0	0	0	0	0	0	0	0	0	0	0	0	0	0	0	0	0	0	0	0	0	0	0	0	0	0	0	0	0	0	0	0.0001537187577	0.0001537187577	0.0001537187577	0.0001537187577	0.0001537187577	0.0001537187577	0.0001537187577	0.0001537187577	0.0001537187577	0	0	0	0	0	0	0	0	0	0	0	0	0	0	0	0	0	0	0	0	0	0	0	0	0	0	0	0	0	0	0	0	0	0	0	0	0	0	0	0	0	0	0	0	0	7.233823891e-05	7.233823891e-05	7.233823891e-05	7.233823891e-05	7.233823891e-05	7.233823891e-05	7.233823891e-05	7.233823891e-05	7.233823891e-05	0	0	0	0	0	0	0	0	0	0	0	0	0	0	0	0	0	0	0	0	0	0	0	0	0	0	0	0	0	0	0	0	0	0	0	0	0	0	0	0	0	0	0	0	0	0.0001537187577	0.0001537187577	0.0001537187577	0.0001537187577	0.0001537187577	0.0001537187577	0.0001537187577	0.0001537187577	0.0001537187577	0	0	0	0	0	0	0	0	0	0
(6,23)	0	0	0	0	0	0	0	0	0	0	0	0	0	0	0	0	0	0	0	0	0	0	0	0	0	0	0	0	0	0	0	0	0	0	0	0.0005809664813	0.0005809664813	0.0005809664813	0.0005809664813	0.0005809664813	0.0005809664813	0.0005809664813	0.0005809664813	0.0005809664813	0	0	0	0	0	0	0	0	0	0	0	0	0	0	0	0	0	0	0	0	0	0	0	0	0	0	0	0	0	0	0	0	0	0	0	0	0	0	0	0	0	0	0	0	0	0.002315388788	0.002315388788	0.002315388788	0.002315388788	0.002315388788	0.002315388788	0.002315388788	0.002315388788	0.002315388788	0	0	0	0	0	0	0	0	0	0	0	0	0	0	0	0	0	0	0	0	0	0	0	0	0	0	0	0	0	0	0	0	0	0	0	0	0	0	0	0	0	0	0	0	0	0.009259435866	0.009259435866	0.009259435866	0.009259435866	0.009259435866	0.009259435866	0.009259435866	0.009259435866	0.009259435866	0	0	0	0	0	0	0	0	0	0	0	0	0	0	0	0	0	0	0	0	0	0	0	0	0	0	0	0	0	0	0	0	0	0	0	0	0	0	0	0	0	0	0	0	0	0.009259435866	0.009259435866	0.009259435866	0.009259435866	0.009259435866	0.009259435866	0.009259435866	0.009259435866	0.009259435866	0	0	0	0	0	0	0	0	0	0	0	0	0	0	0	0	0	0	0	0	0	0	0	0	0	0	0	0	0	0	0	0	0	0	0	0	0	0	0	0	0	0	0	0	0	0.002315388788	0.002315388788	0.002315388788	0.002315388788	0.002315388788	0.002315388788	0.002315388788	0.002315388788	0.002315388788	0	0	0	0	0	0	0	0	0	0	0	0	0	0	0	0	0	0	0	0	0	0	0	0	0	0	0	0	0	0	0	0	0	0	0	0	0	0	0	0	0	0	0	0	0	0.0005809664813	0.0005809664813	0.0005809664813	0.0005809664813	0.0005809664813	0.0005809664813	0.0005809664813	0.0005809664813	0.0005809664813	0	0	0	0	0	0	0	0	0	0	0	0	0	0	0	0	0	0	0	0	0	0	0	0	0	0	0	0	0	0	0	0	0	0	0	0	0	0	0	0	0	0	0	0	0	0.0001537187577	0.0001537187577	0.0001537187577	0.0001537187577	0.0001537187577	0.0001537187577	0.0001537187577	0.0001537187577	0.0001537187577	0	0	0	0	0	0	0	0	0	0	0	0	0	0	0	0	0	0	0	0	0	0	0	0	0	0	0	0	0	0	0	0	0	0	0	0	0	0	0	0	0	0	0	0	0	7.233823891e-05	7.233823891e-05	7.233823891e-05	7.233823891e-05	7.233823891e-05	7.233823891e-05	7.233823891e-05	7.233823891e-05	7.233823891e-05	0	0	0	0	0	0	0	0	0	0	0	0	0	0	0	0	0	0	0	0	0	0	0	0	0	0	0	0	0	0	0	0	0	0	0	0	0	0	0	0	0	0	0	0	0	0.0001537187577	0.0001537187577	0.0001537187577	0.0001537187577	0.0001537187577	0.0001537187577	0.0001537187577	0.0001537187577	0.0001537187577	0	0	0	0	0	0	0	0	0	0
(6,24)	0	0	0	0	0	0	0	0	0.00528973372	0	0	0	0	0	0	0	0	0	0	0	0	0	0	0	0	0	0	0	0	0	0	0	0	0	0	0	0	0	0	0	0	0	0	0	0	0	0	0	0	0	0	0	0	0	0	0	0	0	0	0	0	0	0	0.003475626323	0.003475626323	0	0.003475626323	0.003475626323	0	0.003475626323	0.003475626323	0	0	0	0	0	0	0	0	0	0	0	0	0	0	0	0	0	0	0	0	0	0	0	0	0	0	0	0	0	0	0	0	0	0	0	0	0	0	0	0	0	0	0	0	0	0	0.01388978958	0.01388978958	0	0.01388978958	0.01388978958	0	0.01388978958	0.01388978958	0	0	0	0	0	0	0	0	0	0	0	0	0	0	0	0	0	0	0	0	0	0	0	0	0	0	0	0	0	0	0	0	0	0	0	0	0	0	0	0	0	0	0	0	0	0	0	0	0.1666679382	0	0	0.1666679382	0	0	0	0	0	0	0	0	0	0	0	0	0	0	0	0	0	0	0	0	0	0	0	0	0	0	0	0	0	0	0	0	0	0	0	0	0	0	0	0	0	0	0	0	0	0	0	0	0.01388978958	0.01388978958	0	0.01388978958	0.01388978958	0	0.01388978958	0.01388978958	0	0	0	0	0	0	0	0	0	0	0	0	0	0	0	0	0	0	0	0	0	0	0	0	0	0	0	0	0	0	0	0	0	0	0	0	0	0	0	0	0	0	0	0	0	0	0.003475626323	0.003475626323	0	0.003475626323	0.003475626323	0	0.003475626323	0.003475626323	0	0	0	0	0	0	0	0	0	0	0	0	0	0	0	0	0	0	0	0	0	0	0	0	0	0	0	0	0	0	0	0	0	0	0	0	0	0	0	0	0	0	0	0	0	0	0	0	0.00264486686	0	0	0.00264486686	0	0	0	0	0	0	0	0	0	0	0	0	0	0	0	0	0	0	0	0	0	0	0	0	0	0	0	0	0	0	0	0	0	0	0	0	0	0	0	0	0	0	0	0	0	0	0	0	0.0002712683959	0.0002712683959	0	0.0002712683959	0.0002712683959	0	0.0002712683959	0.0002712683959	0	0	0	0	0	0	0	0	0	0	0	0	0	0	0	0	0	0	0	0	0	0	0	0	0	0	0	0	0	0	0	0	0	0	0	0	0	0	0	0	0	0	0	0	0	0	0.0002712683959	0.0002712683959	0	0.0002712683959	0.0002712683959	0	0.0002712683959	0.0002712683959	0	0	0	0	0	0	0	0	0	0	0	0	0	0	0	0	0	0	0	0	0	0	0	0	0	0	0	0	0	0	0	0	0	0	0	0	0
(6,25)	0	0	0	0	0	0	0	0	0	0	0	0	0	0	0	0	0	0	0	0	0	0	0	0	0	0	0	0	0	0	0	0	0	0	0	0	0.0005809664813	0.0005809664813	0.0005809664813	0.0005809664813	0.0005809664813	0.0005809664813	0.0005809664813	0.0005809664813	0.0005809664813	0	0	0	0	0	0	0	0	0	0	0	0	0	0	0	0	0	0	0	0	0	0	0	0	0	0	0	0	0	0	0	0	0	0	0	0	0	0	0	0	0	0	0	0	0	0.002315388788	0.002315388788	0.002315388788	0.002315388788	0.002315388788	0.002315388788	0.002315388788	0.002315388788	0.002315388788	0	0	0	0	0	0	0	0	0	0	0	0	0	0	0	0	0	0	0	0	0	0	0	0	0	0	0	0	0	0	0	0	0	0	0	0	0	0	0	0	0	0	0	0	0	0.009259435866	0.009259435866	0.009259435866	0.009259435866	0.009259435866	0.009259435866	0.009259435866	0.009259435866	0.009259435866	0	0	0	0	0	0	0	0	0	0	0	0	0	0	0	0	0	0	0	0	0	0	0	0	0	0	0	0	0	0	0	0	0	0	0	0	0	0	0	0	0	0	0	0	0	0.009259435866	0.009259435866	0.009259435866	0.009259435866	0.009259435866	0.009259435866	0.009259435866	0.009259435866	0.009259435866	0	0	0	0	0	0	0	0	0	0	0	0	0	0	0	0	0	0	0	0	0	0	0	0	0	0	0	0	0	0	0	0	0	0	0	0	0	0	0	0	0	0	0	0	0	0.002315388788	0.002315388788	0.002315388788	0.002315388788	0.002315388788	0.002315388788	0.002315388788	0.002315388788	0.002315388788	0	0	0	0	0	0	0	0	0	0	0	0	0	0	0	0	0	0	0	0	0	0	0	0	0	0	0	0	0	0	0	0	0	0	0	0	0	0	0	0	0	0	0	0	0	0.0005809664813	0.0005809664813	0.0005809664813	0.0005809664813	0.0005809664813	0.0005809664813	0.0005809664813	0.0005809664813	0.0005809664813	0	0	0	0	0	0	0	0	0	0	0	0	0	0	0	0	0	0	0	0	0	0	0	0	0	0	0	0	0	0	0	0	0	0	0	0	0	0	0	0	0	0	0	0	0	0.0001537187577	0.0001537187577	0.0001537187577	0.0001537187577	0.0001537187577	0.0001537187577	0.0001537187577	0.0001537187577	0.0001537187577	0	0	0	0	0	0	0	0	0	0	0	0	0	0	0	0	0	0	0	0	0	0	0	0	0	0	0	0	0	0	0	0	0	0	0	0	0	0	0	0	0	0	0	0	0	7.233823891e-05	7.233823891e-05	7.233823891e-05	7.233823891e-05	7.233823891e-05	7.233823891e-05	7.233823891e-05	7.233823891e-05	7.233823891e-05	0	0	0	0	0	0	0	0	0	0	0	0	0	0	0	0	0	0	0	0	0	0	0	0	0	0	0	0	0	0	0	0	0	0	0	0	0	0	0	0	0	0	0	0	0	0.0001537187577	0.0001537187577	0.0001537187577	0.0001537187577	0.0001537187577	0.0001537187577	0.0001537187577	0.0001537187577	0.0001537187577	0	0	0	0	0	0	0	0	0
(6,26)	0	0	0	0	0	0	0	0	0	0	0	0	0	0	0	0	0	0	0	0	0	0	0	0	0	0	0	0	0	0	0	0	0	0	0	0	0.0005809664813	0.0005809664813	0.0005809664813	0.0005809664813	0.0005809664813	0.0005809664813	0.0005809664813	0.0005809664813	0.0005809664813	0	0	0	0	0	0	0	0	0	0	0	0	0	0	0	0	0	0	0	0	0	0	0	0	0	0	0	0	0	0	0	0	0	0	0	0	0	0	0	0	0	0	0	0	0	0.002315388788	0.002315388788	0.002315388788	0.002315388788	0.002315388788	0.002315388788	0.002315388788	0.002315388788	0.002315388788	0	0	0	0	0	0	0	0	0	0	0	0	0	0	0	0	0	0	0	0	0	0	0	0	0	0	0	0	0	0	0	0	0	0	0	0	0	0	0	0	0	0	0	0	0	0.009259435866	0.009259435866	0.009259435866	0.009259435866	0.009259435866	0.009259435866	0.009259435866	0.009259435866	0.009259435866	0	0	0	0	0	0	0	0	0	0	0	0	0	0	0	0	0	0	0	0	0	0	0	0	0	0	0	0	0	0	0	0	0	0	0	0	0	0	0	0	0	0	0	0	0	0.009259435866	0.009259435866	0.009259435866	0.009259435866	0.009259435866	0.009259435866	0.009259435866	0.009259435866	0.009259435866	0	0	0	0	0	0	0	0	0	0	0	0	0	0	0	0	0	0	0	0	0	0	0	0	0	0	0	0	0	0	0	0	0	0	0	0	0	0	0	0	0	0	0	0	0	0.002315388788	0.002315388788	0.002315388788	0.002315388788	0.002315388788	0.002315388788	0.002315388788	0.002315388788	0.002315388788	0	0	0	0	0	0	0	0	0	0	0	0	0	0	0	0	0	0	0	0	0	0	0	0	0	0	0	0	0	0	0	0	0	0	0	0	0	0	0	0	0	0	0	0	0	0.0005809664813	0.0005809664813	0.0005809664813	0.0005809664813	0.0005809664813	0.0005809664813	0.0005809664813	0.0005809664813	0.0005809664813	0	0	0	0	0	0	0	0	0	0	0	0	0	0	0	0	0	0	0	0	0	0	0	0	0	0	0	0	0	0	0	0	0	0	0	0	0	0	0	0	0	0	0	0	0	0.0001537187577	0.0001537187577	0.0001537187577	0.0001537187577	0.0001537187577	0.0001537187577	0.0001537187577	0.0001537187577	0.0001537187577	0	0	0	0	0	0	0	0	0	0	0	0	0	0	0	0	0	0	0	0	0	0	0	0	0	0	0	0	0	0	0	0	0	0	0	0	0	0	0	0	0	0	0	0	0	7.233823891e-05	7.233823891e-05	7.233823891e-05	7.233823891e-05	7.233823891e-05	7.233823891e-05	7.233823891e-05	7.233823891e-05	7.233823891e-05	0	0	0	0	0	0	0	0	0	0	0	0	0	0	0	0	0	0	0	0	0	0	0	0	0	0	0	0	0	0	0	0	0	0	0	0	0	0	0	0	0	0	0	0	0	0.0001537187577	0.0001537187577	0.0001537187577	0.0001537187577	0.0001537187577	0.0001537187577	0.0001537187577	0.0001537187577	0.0001537187577	0	0	0	0	0	0	0	0	0
(7,0)	0.002766937638	0	0	0	0	0	0	0	0	0	0	0	0	0	0	0	0	0	0	0	0	0	0	0	0	0	0	0	0	0	0	0	0	0	0	0	0	0	0	0	0	0	0	0	0	0	0	0	0	0	0	0	0	0	0	0.001742899444	0.001742899444	0	0.001742899444	0.001742899444	0	0.001742899444	0.001742899444	0	0	0	0	0	0	0	0	0	0	0	0	0	0	0	0	0	0	0	0	0	0	0	0	0	0	0	0	0	0	0	0	0	0	0	0	0	0	0	0	0	0	0	0	0	0	0.006946166363	0.006946166363	0	0.006946166363	0.006946166363	0	0.006946166363	0.006946166363	0	0	0	0	0	0	0	0	0	0	0	0	0	0	0	0	0	0	0	0	0	0	0	0	0	0	0	0	0	0	0	0	0	0	0	0	0	0	0	0	0	0	0	0	0	0	0	0	0.0833349228	0	0	0.0833349228	0	0	0	0	0	0	0	0	0	0	0	0	0	0	0	0	0	0	0	0	0	0	0	0	0	0	0	0	0	0	0	0	0	0	0	0	0	0	0	0	0	0	0	0	0	0	0	0	0.0277783076	0.0277783076	0	0.0277783076	0.0277783076	0	0.0277783076	0.0277783076	0	0	0	0	0	0	0	0	0	0	0	0	0	0	0	0	0	0	0	0	0	0	0	0	0	0	0	0	0	0	0	0	0	0	0	0	0	0	0	0	0	0	0	0	0	0	0.006946166363	0.006946166363	0	0.006946166363	0.006946166363	0	0.006946166363	0.006946166363	0	0	0	0	0	0	0	0	0	0	0	0	0	0	0	0	0	0	0	0	0	0	0	0	0	0	0	0	0	0	0	0	0	0	0	0	0	0	0	0	0	0	0	0	0	0	0	0	0.005228698331	0	0	0.005228698331	0	0	0	0	0	0	0	0	0	0	0	0	0	0	0	0	0	0	0	0	0	0	0	0	0	0	0	0	0	0	0	0	0	0	0	0	0	0	0	0	0	0	0	0	0	0	0	0	0.0004611562731	0.0004611562731	0	0.0004611562731	0.0004611562731	0	0.0004611562731	0.0004611562731	0	0	0	0	0	0	0	0	0	0	0	0	0	0	0	0	0	0	0	0	0	0	0	0	0	0	0	0	0	0	0	0	0	0	0	0	0	0	0	0	0	0	0	0	0	0	0.0002170147167	0.0002170147167	0	0.0002170147167	0.0002170147167	0	0.0002170147167	0.0002170147167	0	0	0	0	0	0	0	0	0	0	0	0	0	0	0	0	0	0	0	0	0	0	0	0	0	0	0	0	0	0	0	0	0	0	0	0	0	0	0	0	0	0	0	0	0
(7,1)	0	0	0	0	0	0	0	0	0	0	0	0	0	0	0	0	0	0	0	0	0	0	0	0	0	0	0	0	0.0002938740956	0.0002938740956	0.0002938740956	0.0002938740956	0.0002938740956	0.0002938740956	0.0002938740956	0.0002938740956	0.0002938740956	0	0	0	0	0	0	0	0	0	0	0	0	0	0	0	0	0	0	0	0	0	0	0	0	0	0	0	0	0	0	0	0	0	0	0	0	0	0	0	0	0	0	0	0	0	0.001158542108	0.001158542108	0.001158542108	0.001158542108	0.001158542108	0.001158542108	0.001158542108	0.001158542108	0.001158542108	0	0	0	0	0	0	0	0	0	0	0	0	0	0	0	0	0	0	0	0	0	0	0	0	0	0	0	0	0	0	0	0	0	0	0	0	0	0	0	0	0	0	0	0	0	0.004629929862	0.004629929862	0.004629929862	0.004629929862	0.004629929862	0.004629929862	0.004629929862	0.004629929862	0.004629929862	0	0	0	0	0	0	0	0	0	0	0	0	0	0	0	0	0	0	0	0	0	0	0	0	0	0	0	0	0	0	0	0	0	0	0	0	0	0	0	0	0	0	0	0	0	0.0185186598	0.0185186598	0.0185186598	0.0185186598	0.0185186598	0.0185186598	0.0185186598	0.0185186598	0.0185186598	0	0	0	0	0	0	0	0	0	0	0	0	0	0	0	0	0	0	0	0	0	0	0	0	0	0	0	0	0	0	0	0	0	0	0	0	0	0	0	0	0	0	0	0	0	0.004629929862	0.004629929862	0.004629929862	0.004629929862	0.004629929862	0.004629929862	0.004629929862	0.004629929862	0.004629929862	0	0	0	0	0	0	0	0	0	0	0	0	0	0	0	0	0	0	0	0	0	0	0	0	0	0	0	0	0	0	0	0	0	0	0	0	0	0	0	0	0	0	0	0	0	0.001158542108	0.001158542108	0.001158542108	0.001158542108	0.001158542108	0.001158542108	0.001158542108	0.001158542108	0.001158542108	0	0	0	0	0	0	0	0	0	0	0	0	0	0	0	0	0	0	0	0	0	0	0	0	0	0	0	0	0	0	0	0	0	0	0	0	0	0	0	0	0	0	0	0	0	0.0002938740956	0.0002938740956	0.0002938740956	0.0002938740956	0.0002938740956	0.0002938740956	0.0002938740956	0.0002938740956	0.0002938740956	0	0	0	0	0	0	0	0	0	0	0	0	0	0	0	0	0	0	0	0	0	0	0	0	0	0	0	0	0	0	0	0	0	0	0	0	0	0	0	0	0	0	0	0	0	9.042279864e-05	9.042279864e-05	9.042279864e-05	9.042279864e-05	9.042279864e-05	9.042279864e-05	9.042279864e-05	9.042279864e-05	9.042279864e-05	0	0	0	0	0	0	0	0	0	0	0	0	0	0	0	0	0	0	0	0	0	0	0	0	0	0	0	0	0	0	0	0	0	0	0	0	0	0	0	0	0	0	0	0	0	9.042279864e-05	9.042279864e-05	9.042279864e-05	9.042279864e-05	9.042279864e-05	9.042279864e-05	9.042279864e-05	9.042279864e-05	9.042279864e-05	0	0	0	0	0	0	0	0	0	0	0	0	0	0	0	0	0
(7,2)	0	0	0	0	0	0	0	0	0	0	0	0	0	0	0	0	0	0	0	0	0	0	0	0	0	0	0	0	0.0002938740956	0.0002938740956	0.0002938740956	0.0002938740956	0.0002938740956	0.0002938740956	0.0002938740956	0.0002938740956	0.0002938740956	0	0	0	0	0	0	0	0	0	0	0	0	0	0	0	0	0	0	0	0	0	0	0	0	0	0	0	0	0	0	0	0	0	0	0	0	0	0	0	0	0	0	0	0	0	0.001158542108	0.001158542108	0.001158542108	0.001158542108	0.001158542108	0.001158542108	0.001158542108	0.001158542108	0.001158542108	0	0	0	0	0	0	0	0	0	0	0	0	0	0	0	0	0	0	0	0	0	0	0	0	0	0	0	0	0	0	0	0	0	0	0	0	0	0	0	0	0	0	0	0	0	0.004629929862	0.004629929862	0.004629929862	0.004629929862	0.004629929862	0.004629929862	0.004629929862	0.004629929862	0.004629929862	0	0	0	0	0	0	0	0	0	0	0	0	0	0	0	0	0	0	0	0	0	0	0	0	0	0	0	0	0	0	0	0	0	0	0	0	0	0	0	0	0	0	0	0	0	0.0185186598	0.0185186598	0.0185186598	0.0185186598	0.0185186598	0.0185186598	0.0185186598	0.0185186598	0.0185186598	0	0	0	0	0	0	0	0	0	0	0	0	0	0	0	0	0	0	0	0	0	0	0	0	0	0	0	0	0	0	0	0	0	0	0	0	0	0	0	0	0	0	0	0	0	0.004629929862	0.004629929862	0.004629929862	0.004629929862	0.004629929862	0.004629929862	0.004629929862	0.004629929862	0.004629929862	0	0	0	0	0	0	0	0	0	0	0	0	0	0	0	0	0	0	0	0	0	0	0	0	0	0	0	0	0	0	0	0	0	0	0	0	0	0	0	0	0	0	0	0	0	0.001158542108	0.001158542108	0.001158542108	0.001158542108	0.001158542108	0.001158542108	0.001158542108	0.001158542108	0.001158542108	0	0	0	0	0	0	0	0	0	0	0	0	0	0	0	0	0	0	0	0	0	0	0	0	0	0	0	0	0	0	0	0	0	0	0	0	0	0	0	0	0	0	0	0	0	0.0002938740956	0.0002938740956	0.0002938740956	0.0002938740956	0.0002938740956	0.0002938740956	0.0002938740956	0.0002938740956	0.0002938740956	0	0	0	0	0	0	0	0	0	0	0	0	0	0	0	0	0	0	0	0	0	0	0	0	0	0	0	0	0	0	0	0	0	0	0	0	0	0	0	0	0	0	0	0	0	9.042279864e-05	9.042279864e-05	9.042279864e-05	9.042279864e-05	9.042279864e-05	9.042279864e-05	9.042279864e-05	9.042279864e-05	9.042279864e-05	0	0	0	0	0	0	0	0	0	0	0	0	0	0	0	0	0	0	0	0	0	0	0	0	0	0	0	0	0	0	0	0	0	0	0	0	0	0	0	0	0	0	0	0	0	9.042279864e-05	9.042279864e-05	9.042279864e-05	9.042279864e-05	9.042279864e-05	9.042279864e-05	9.042279864e-05	9.042279864e-05	9.042279864e-05	0	0	0	0	0	0	0	0	0	0	0	0	0	0	0	0	0
(7,3)	0	0.002766937638	0	0	0	0	0	0	0	0	0	0	0	0	0	0	0	0	0	0	0	0	0	0	0	0	0	0	0	0	0	0	0	0	0	0	0	0	0	0	0	0	0	0	0	0	0	0	0	0	0	0	0	0	0	0	0.001742899444	0.001742899444	0	0.001742899444	0.001742899444	0	0.001742899444	0.001742899444	0	0	0	0	0	0	0	0	0	0	0	0	0	0	0	0	0	0	0	0	0	0	0	0	0	0	0	0	0	0	0	0	0	0	0	0	0	0	0	0	0	0	0	0	0	0	0.006946166363	0.006946166363	0	0.006946166363	0.006946166363	0	0.006946166363	0.006946166363	0	0	0	0	0	0	0	0	0	0	0	0	0	0	0	0	0	0	0	0	0	0	0	0	0	0	0	0	0	0	0	0	0	0	0	0	0	0	0	0	0	0	0	0	0	0	0	0	0.0833349228	0	0	0.0833349228	0	0	0	0	0	0	0	0	0	0	0	0	0	0	0	0	0	0	0	0	0	0	0	0	0	0	0	0	0	0	0	0	0	0	0	0	0	0	0	0	0	0	0	0	0	0	0	0	0.0277783076	0.0277783076	0	0.0277783076	0.0277783076	0	0.0277783076	0.0277783076	0	0	0	0	0	0	0	0	0	0	0	0	0	0	0	0	0	0	0	0	0	0	0	0	0	0	0	0	0	0	0	0	0	0	0	0	0	0	0	0	0	0	0	0	0	0	0.006946166363	0.006946166363	0	0.006946166363	0.006946166363	0	0.006946166363	0.006946166363	0	0	0	0	0	0	0	0	0	0	0	0	0	0	0	0	0	0	0	0	0	0	0	0	0	0	0	0	0	0	0	0	0	0	0	0	0	0	0	0	0	0	0	0	0	0	0	0	0.005228698331	0	0	0.005228698331	0	0	0	0	0	0	0	0	0	0	0	0	0	0	0	0	0	0	0	0	0	0	0	0	0	0	0	0	0	0	0	0	0	0	0	0	0	0	0	0	0	0	0	0	0	0	0	0	0.0004611562731	0.0004611562731	0	0.0004611562731	0.0004611562731	0	0.0004611562731	0.0004611562731	0	0	0	0	0	0	0	0	0	0	0	0	0	0	0	0	0	0	0	0	0	0	0	0	0	0	0	0	0	0	0	0	0	0	0	0	0	0	0	0	0	0	0	0	0	0	0.0002170147167	0.0002170147167	0	0.0002170147167	0.0002170147167	0	0.0002170147167	0.0002170147167	0	0	0	0	0	0	0	0	0	0	0	0	0	0	0	0	0	0	0	0	0	0	0	0	0	0	0	0	0	0	0	0	0	0	0	0	0	0	0	0	0	0	0	0
(7,4)	0	0	0	0	0	0	0	0	0	0	0	0	0	0	0	0	0	0	0	0	0	0	0	0	0	0	0	0	0	0.0002938740956	0.0002938740956	0.0002938740956	0.0002938740956	0.0002938740956	0.0002938740956	0.0002938740956	0.0002938740956	0.0002938740956	0	0	0	0	0	0	0	0	0	0	0	0	0	0	0	0	0	0	0	0	0	0	0	0	0	0	0	0	0	0	0	0	0	0	0	0	0	0	0	0	0	0	0	0	0	0.001158542108	0.001158542108	0.001158542108	0.001158542108	0.001158542108	0.001158542108	0.001158542108	0.001158542108	0.001158542108	0	0	0	0	0	0	0	0	0	0	0	0	0	0	0	0	0	0	0	0	0	0	0	0	0	0	0	0	0	0	0	0	0	0	0	0	0	0	0	0	0	0	0	0	0	0.004629929862	0.004629929862	0.004629929862	0.004629929862	0.004629929862	0.004629929862	0.004629929862	0.004629929862	0.004629929862	0	0	0	0	0	0	0	0	0	0	0	0	0	0	0	0	0	0	0	0	0	0	0	0	0	0	0	0	0	0	0	0	0	0	0	0	0	0	0	0	0	0	0	0	0	0.0185186598	0.0185186598	0.0185186598	0.0185186598	0.0185186598	0.0185186598	0.0185186598	0.0185186598	0.0185186598	0	0	0	0	0	0	0	0	0	0	0	0	0	0	0	0	0	0	0	0	0	0	0	0	0	0	0	0	0	0	0	0	0	0	0	0	0	0	0	0	0	0	0	0	0	0.004629929862	0.004629929862	0.004629929862	0.004629929862	0.004629929862	0.004629929862	0.004629929862	0.004629929862	0.004629929862	0	0	0	0	0	0	0	0	0	0	0	0	0	0	0	0	0	0	0	0	0	0	0	0	0	0	0	0	0	0	0	0	0	0	0	0	0	0	0	0	0	0	0	0	0	0.001158542108	0.001158542108	0.001158542108	0.001158542108	0.001158542108	0.001158542108	0.001158542108	0.001158542108	0.001158542108	0	0	0	0	0	0	0	0	0	0	0	0	0	0	0	0	0	0	0	0	0	0	0	0	0	0	0	0	0	0	0	0	0	0	0	0	0	0	0	0	0	0	0	0	0	0.0002938740956	0.0002938740956	0.0002938740956	0.0002938740956	0.0002938740956	0.0002938740956	0.0002938740956	0.0002938740956	0.0002938740956	0	0	0	0	0	0	0	0	0	0	0	0	0	0	0	0	0	0	0	0	0	0	0	0	0	0	0	0	0	0	0	0	0	0	0	0	0	0	0	0	0	0	0	0	0	9.042279864e-05	9.042279864e-05	9.042279864e-05	9.042279864e-05	9.042279864e-05	9.042279864e-05	9.042279864e-05	9.042279864e-05	9.042279864e-05	0	0	0	0	0	0	0	0	0	0	0	0	0	0	0	0	0	0	0	0	0	0	0	0	0	0	0	0	0	0	0	0	0	0	0	0	0	0	0	0	0	0	0	0	0	9.042279864e-05	9.042279864e-05	9.042279864e-05	9.042279864e-05	9.042279864e-05	9.042279864e-05	9.042279864e-05	9.042279864e-05	9.042279864e-05	0	0	0	0	0	0	0	0	0	0	0	0	0	0	0	0
(7,5)	0	0	0	0	0	0	0	0	0	0	0	0	0	0	0	0	0	0	0	0	0	0	0	0	0	0	0	0	0	0.0002938740956	0.0002938740956	0.0002938740956	0.0002938740956	0.0002938740956	0.0002938740956	0.0002938740956	0.0002938740956	0.0002938740956	0	0	0	0	0	0	0	0	0	0	0	0	0	0	0	0	0	0	0	0	0	0	0	0	0	0	0	0	0	0	0	0	0	0	0	0	0	0	0	0	0	0	0	0	0	0.001158542108	0.001158542108	0.001158542108	0.001158542108	0.001158542108	0.001158542108	0.001158542108	0.001158542108	0.001158542108	0	0	0	0	0	0	0	0	0	0	0	0	0	0	0	0	0	0	0	0	0	0	0	0	0	0	0	0	0	0	0	0	0	0	0	0	0	0	0	0	0	0	0	0	0	0.004629929862	0.004629929862	0.004629929862	0.004629929862	0.004629929862	0.004629929862	0.004629929862	0.004629929862	0.004629929862	0	0	0	0	0	0	0	0	0	0	0	0	0	0	0	0	0	0	0	0	0	0	0	0	0	0	0	0	0	0	0	0	0	0	0	0	0	0	0	0	0	0	0	0	0	0.0185186598	0.0185186598	0.0185186598	0.0185186598	0.0185186598	0.0185186598	0.0185186598	0.0185186598	0.0185186598	0	0	0	0	0	0	0	0	0	0	0	0	0	0	0	0	0	0	0	0	0	0	0	0	0	0	0	0	0	0	0	0	0	0	0	0	0	0	0	0	0	0	0	0	0	0.004629929862	0.004629929862	0.004629929862	0.004629929862	0.004629929862	0.004629929862	0.004629929862	0.004629929862	0.004629929862	0	0	0	0	0	0	0	0	0	0	0	0	0	0	0	0	0	0	0	0	0	0	0	0	0	0	0	0	0	0	0	0	0	0	0	0	0	0	0	0	0	0	0	0	0	0.001158542108	0.001158542108	0.001158542108	0.001158542108	0.001158542108	0.001158542108	0.001158542108	0.001158542108	0.001158542108	0	0	0	0	0	0	0	0	0	0	0	0	0	0	0	0	0	0	0	0	0	0	0	0	0	0	0	0	0	0	0	0	0	0	0	0	0	0	0	0	0	0	0	0	0	0.0002938740956	0.0002938740956	0.0002938740956	0.0002938740956	0.0002938740956	0.0002938740956	0.0002938740956	0.0002938740956	0.0002938740956	0	0	0	0	0	0	0	0	0	0	0	0	0	0	0	0	0	0	0	0	0	0	0	0	0	0	0	0	0	0	0	0	0	0	0	0	0	0	0	0	0	0	0	0	0	9.042279864e-05	9.042279864e-05	9.042279864e-05	9.042279864e-05	9.042279864e-05	9.042279864e-05	9.042279864e-05	9.042279864e-05	9.042279864e-05	0	0	0	0	0	0	0	0	0	0	0	0	0	0	0	0	0	0	0	0	0	0	0	0	0	0	0	0	0	0	0	0	0	0	0	0	0	0	0	0	0	0	0	0	0	9.042279864e-05	9.042279864e-05	9.042279864e-05	9.042279864e-05	9.042279864e-05	9.042279864e-05	9.042279864e-05	9.042279864e-05	9.042279864e-05	0	0	0	0	0	0	0	0	0	0	0	0	0	0	0	0
(7,6)	0	0	0.002766937638	0	0	0	0	0	0	0	0	0	0	0	0	0	0	0	0	0	0	0	0	0	0	0	0	0	0	0	0	0	0	0	0	0	0	0	0	0	0	0	0	0	0	0	0	0	0	0	0	0	0	0	0	0	0	0.001742899444	0.001742899444	0	0.001742899444	0.001742899444	0	0.001742899444	0.001742899444	0	0	0	0	0	0	0	0	0	0	0	0	0	0	0	0	0	0	0	0	0	0	0	0	0	0	0	0	0	0	0	0	0	0	0	0	0	0	0	0	0	0	0	0	0	0	0.006946166363	0.006946166363	0	0.006946166363	0.006946166363	0	0.006946166363	0.006946166363	0	0	0	0	0	0	0	0	0	0	0	0	0	0	0	0	0	0	0	0	0	0	0	0	0	0	0	0	0	0	0	0	0	0	0	0	0	0	0	0	0	0	0	0	0	0	0	0	0.0833349228	0	0	0.0833349228	0	0	0	0	0	0	0	0	0	0	0	0	0	0	0	0	0	0	0	0	0	0	0	0	0	0	0	0	0	0	0	0	0	0	0	0	0	0	0	0	0	0	0	0	0	0	0	0	0.0277783076	0.0277783076	0	0.0277783076	0.0277783076	0	0.0277783076	0.0277783076	0	0	0	0	0	0	0	0	0	0	0	0	0	0	0	0	0	0	0	0	0	0	0	0	0	0	0	0	0	0	0	0	0	0	0	0	0	0	0	0	0	0	0	0	0	0	0.006946166363	0.006946166363	0	0.006946166363	0.006946166363	0	0.006946166363	0.006946166363	0	0	0	0	0	0	0	0	0	0	0	0	0	0	0	0	0	0	0	0	0	0	0	0	0	0	0	0	0	0	0	0	0	0	0	0	0	0	0	0	0	0	0	0	0	0	0	0	0.005228698331	0	0	0.005228698331	0	0	0	0	0	0	0	0	0	0	0	0	0	0	0	0	0	0	0	0	0	0	0	0	0	0	0	0	0	0	0	0	0	0	0	0	0	0	0	0	0	0	0	0	0	0	0	0	0.0004611562731	0.0004611562731	0	0.0004611562731	0.0004611562731	0	0.0004611562731	0.0004611562731	0	0	0	0	0	0	0	0	0	0	0	0	0	0	0	0	0	0	0	0	0	0	0	0	0	0	0	0	0	0	0	0	0	0	0	0	0	0	0	0	0	0	0	0	0	0	0.0002170147167	0.0002170147167	0	0.0002170147167	0.0002170147167	0	0.0002170147167	0.0002170147167	0	0	0	0	0	0	0	0	0	0	0	0	0	0	0	0	0	0	0	0	0	0	0	0	0	0	0	0	0	0	0	0	0	0	0	0	0	0	0	0	0	0	0
(7,7)	0	0	0	0	0	0	0	0	0	0	0	0	0	0	0	0	0	0	0	0	0	0	0	0	0	0	0	0	0	0	0.0002938740956	0.0002938740956	0.0002938740956	0.0002938740956	0.0002938740956	0.0002938740956	0.0002938740956	0.0002938740956	0.0002938740956	0	0	0	0	0	0	0	0	0	0	0	0	0	0	0	0	0	0	0	0	0	0	0	0	0	0	0	0	0	0	0	0	0	0	0	0	0	0	0	0	0	0	0	0	0	0.001158542108	0.001158542108	0.001158542108	0.001158542108	0.001158542108	0.001158542108	0.001158542108	0.001158542108	0.001158542108	0	0	0	0	0	0	0	0	0	0	0	0	0	0	0	0	0	0	0	0	0	0	0	0	0	0	0	0	0	0	0	0	0	0	0	0	0	0	0	0	0	0	0	0	0	0.004629929862	0.004629929862	0.004629929862	0.004629929862	0.004629929862	0.004629929862	0.004629929862	0.004629929862	0.004629929862	0	0	0	0	0	0	0	0	0	0	0	0	0	0	0	0	0	0	0	0	0	0	0	0	0	0	0	0	0	0	0	0	0	0	0	0	0	0	0	0	0	0	0	0	0	0.0185186598	0.0185186598	0.0185186598	0.0185186598	0.0185186598	0.0185186598	0.0185186598	0.0185186598	0.0185186598	0	0	0	0	0	0	0	0	0	0	0	0	0	0	0	0	0	0	0	0	0	0	0	0	0	0	0	0	0	0	0	0	0	0	0	0	0	0	0	0	0	0	0	0	0	0.004629929862	0.004629929862	0.004629929862	0.004629929862	0.004629929862	0.004629929862	0.004629929862	0.004629929862	0.004629929862	0	0	0	0	0	0	0	0	0	0	0	0	0	0	0	0	0	0	0	0	0	0	0	0	0	0	0	0	0	0	0	0	0	0	0	0	0	0	0	0	0	0	0	0	0	0.001158542108	0.001158542108	0.001158542108	0.001158542108	0.001158542108	0.001158542108	0.001158542108	0.001158542108	0.001158542108	0	0	0	0	0	0	0	0	0	0	0	0	0	0	0	0	0	0	0	0	0	0	0	0	0	0	0	0	0	0	0	0	0	0	0	0	0	0	0	0	0	0	0	0	0	0.0002938740956	0.0002938740956	0.0002938740956	0.0002938740956	0.0002938740956	0.0002938740956	0.0002938740956	0.0002938740956	0.0002938740956	0	0	0	0	0	0	0	0	0	0	0	0	0	0	0	0	0	0	0	0	0	0	0	0	0	0	0	0	0	0	0	0	0	0	0	0	0	0	0	0	0	0	0	0	0	9.042279864e-05	9.042279864e-05	9.042279864e-05	9.042279864e-05	9.042279864e-05	9.042279864e-05	9.042279864e-05	9.042279864e-05	9.042279864e-05	0	0	0	0	0	0	0	0	0	0	0	0	0	0	0	0	0	0	0	0	0	0	0	0	0	0	0	0	0	0	0	0	0	0	0	0	0	0	0	0	0	0	0	0	0	9.042279864e-05	9.042279864e-05	9.042279864e-05	9.042279864e-05	9.042279864e-05	9.042279864e-05	9.042279864e-05	9.042279864e-05	9.042279864e-05	0	0	0	0	0	0	0	0	0	0	0	0	0	0	0
(7,8)	0	0	0	0	0	0	0	0	0	0	0	0	0	0	0	0	0	0	0	0	0	0	0	0	0	0	0	0	0	0	0.0002938740956	0.0002938740956	0.0002938740956	0.0002938740956	0.0002938740956	0.0002938740956	0.0002938740956	0.0002938740956	0.0002938740956	0	0	0	0	0	0	0	0	0	0	0	0	0	0	0	0	0	0	0	0	0	0	0	0	0	0	0	0	0	0	0	0	0	0	0	0	0	0	0	0	0	0	0	0	0	0.001158542108	0.001158542108	0.001158542108	0.001158542108	0.001158542108	0.001158542108	0.001158542108	0.001158542108	0.001158542108	0	0	0	0	0	0	0	0	0	0	0	0	0	0	0	0	0	0	0	0	0	0	0	0	0	0	0	0	0	0	0	0	0	0	0	0	0	0	0	0	0	0	0	0	0	0.004629929862	0.004629929862	0.004629929862	0.004629929862	0.004629929862	0.004629929862	0.004629929862	0.004629929862	0.004629929862	0	0	0	0	0	0	0	0	0	0	0	0	0	0	0	0	0	0	0	0	0	0	0	0	0	0	0	0	0	0	0	0	0	0	0	0	0	0	0	0	0	0	0	0	0	0.0185186598	0.0185186598	0.0185186598	0.0185186598	0.0185186598	0.0185186598	0.0185186598	0.0185186598	0.0185186598	0	0	0	0	0	0	0	0	0	0	0	0	0	0	0	0	0	0	0	0	0	0	0	0	0	0	0	0	0	0	0	0	0	0	0	0	0	0	0	0	0	0	0	0	0	0.004629929862	0.004629929862	0.004629929862	0.004629929862	0.004629929862	0.004629929862	0.004629929862	0.004629929862	0.004629929862	0	0	0	0	0	0	0	0	0	0	0	0	0	0	0	0	0	0	0	0	0	0	0	0	0	0	0	0	0	0	0	0	0	0	0	0	0	0	0	0	0	0	0	0	0	0.001158542108	0.001158542108	0.001158542108	0.001158542108	0.001158542108	0.001158542108	0.001158542108	0.001158542108	0.001158542108	0	0	0	0	0	0	0	0	0	0	0	0	0	0	0	0	0	0	0	0	0	0	0	0	0	0	0	0	0	0	0	0	0	0	0	0	0	0	0	0	0	0	0	0	0	0.0002938740956	0.0002938740956	0.0002938740956	0.0002938740956	0.0002938740956	0.0002938740956	0.0002938740956	0.0002938740956	0.0002938740956	0	0	0	0	0	0	0	0	0	0	0	0	0	0	0	0	0	0	0	0	0	0	0	0	0	0	0	0	0	0	0	0	0	0	0	0	0	0	0	0	0	0	0	0	0	9.042279864e-05	9.042279864e-05	9.042279864e-05	9.042279864e-05	9.042279864e-05	9.042279864e-05	9.042279864e-05	9.042279864e-05	9.042279864e-05	0	0	0	0	0	0	0	0	0	0	0	0	0	0	0	0	0	0	0	0	0	0	0	0	0	0	0	0	0	0	0	0	0	0	0	0	0	0	0	0	0	0	0	0	0	9.042279864e-05	9.042279864e-05	9.042279864e-05	9.042279864e-05	9.042279864e-05	9.042279864e-05	9.042279864e-05	9.042279864e-05	9.042279864e-05	0	0	0	0	0	0	0	0	0	0	0	0	0	0	0
(7,9)	0	0	0	0.002766937638	0	0	0	0	0	0	0	0	0	0	0	0	0	0	0	0	0	0	0	0	0	0	0	0	0	0	0	0	0	0	0	0	0	0	0	0	0	0	0	0	0	0	0	0	0	0	0	0	0	0	0	0	0	0	0.001742899444	0.001742899444	0	0.001742899444	0.001742899444	0	0.001742899444	0.001742899444	0	0	0	0	0	0	0	0	0	0	0	0	0	0	0	0	0	0	0	0	0	0	0	0	0	0	0	0	0	0	0	0	0	0	0	0	0	0	0	0	0	0	0	0	0	0	0.006946166363	0.006946166363	0	0.006946166363	0.006946166363	0	0.006946166363	0.006946166363	0	0	0	0	0	0	0	0	0	0	0	0	0	0	0	0	0	0	0	0	0	0	0	0	0	0	0	0	0	0	0	0	0	0	0	0	0	0	0	0	0	0	0	0	0	0	0	0	0.0833349228	0	0	0.0833349228	0	0	0	0	0	0	0	0	0	0	0	0	0	0	0	0	0	0	0	0	0	0	0	0	0	0	0	0	0	0	0	0	0	0	0	0	0	0	0	0	0	0	0	0	0	0	0	0	0.0277783076	0.0277783076	0	0.0277783076	0.0277783076	0	0.0277783076	0.0277783076	0	0	0	0	0	0	0	0	0	0	0	0	0	0	0	0	0	0	0	0	0	0	0	0	0	0	0	0	0	0	0	0	0	0	0	0	0	0	0	0	0	0	0	0	0	0	0.006946166363	0.006946166363	0	0.006946166363	0.006946166363	0	0.006946166363	0.006946166363	0	0	0	0	0	0	0	0	0	0	0	0	0	0	0	0	0	0	0	0	0	0	0	0	0	0	0	0	0	0	0	0	0	0	0	0	0	0	0	0	0	0	0	0	0	0	0	0	0.005228698331	0	0	0.005228698331	0	0	0	0	0	0	0	0	0	0	0	0	0	0	0	0	0	0	0	0	0	0	0	0	0	0	0	0	0	0	0	0	0	0	0	0	0	0	0	0	0	0	0	0	0	0	0	0	0.0004611562731	0.0004611562731	0	0.0004611562731	0.0004611562731	0	0.0004611562731	0.0004611562731	0	0	0	0	0	0	0	0	0	0	0	0	0	0	0	0	0	0	0	0	0	0	0	0	0	0	0	0	0	0	0	0	0	0	0	0	0	0	0	0	0	0	0	0	0	0	0.0002170147167	0.0002170147167	0	0.0002170147167	0.0002170147167	0	0.0002170147167	0.0002170147167	0	0	0	0	0	0	0	0	0	0	0	0	0	0	0	0	0	0	0	0	0	0	0	0	0	0	0	0	0	0	0	0	0	0	0	0	0	0	0	0	0	0
(7,10)	0	0	0	0	0	0	0	0	0	0	0	0	0	0	0	0	0	0	0	0	0	0	0	0	0	0	0	0	0	0	0	0.0002938740956	0.0002938740956	0.0002938740956	0.0002938740956	0.0002938740956	0.0002938740956	0.0002938740956	0.0002938740956	0.0002938740956	0	0	0	0	0	0	0	0	0	0	0	0	0	0	0	0	0	0	0	0	0	0	0	0	0	0	0	0	0	0	0	0	0	0	0	0	0	0	0	0	0	0	0	0	0	0.001158542108	0.001158542108	0.001158542108	0.001158542108	0.001158542108	0.001158542108	0.001158542108	0.001158542108	0.001158542108	0	0	0	0	0	0	0	0	0	0	0	0	0	0	0	0	0	0	0	0	0	0	0	0	0	0	0	0	0	0	0	0	0	0	0	0	0	0	0	0	0	0	0	0	0	0.004629929862	0.004629929862	0.004629929862	0.004629929862	0.004629929862	0.004629929862	0.004629929862	0.004629929862	0.004629929862	0	0	0	0	0	0	0	0	0	0	0	0	0	0	0	0	0	0	0	0	0	0	0	0	0	0	0	0	0	0	0	0	0	0	0	0	0	0	0	0	0	0	0	0	0	0.0185186598	0.0185186598	0.0185186598	0.0185186598	0.0185186598	0.0185186598	0.0185186598	0.0185186598	0.0185186598	0	0	0	0	0	0	0	0	0	0	0	0	0	0	0	0	0	0	0	0	0	0	0	0	0	0	0	0	0	0	0	0	0	0	0	0	0	0	0	0	0	0	0	0	0	0.004629929862	0.004629929862	0.004629929862	0.004629929862	0.004629929862	0.004629929862	0.004629929862	0.004629929862	0.004629929862	0	0	0	0	0	0	0	0	0	0	0	0	0	0	0	0	0	0	0	0	0	0	0	0	0	0	0	0	0	0	0	0	0	0	0	0	0	0	0	0	0	0	0	0	0	0.001158542108	0.001158542108	0.001158542108	0.001158542108	0.001158542108	0.001158542108	0.001158542108	0.001158542108	0.001158542108	0	0	0	0	0	0	0	0	0	0	0	0	0	0	0	0	0	0	0	0	0	0	0	0	0	0	0	0	0	0	0	0	0	0	0	0	0	0	0	0	0	0	0	0	0	0.0002938740956	0.0002938740956	0.0002938740956	0.0002938740956	0.0002938740956	0.0002938740956	0.0002938740956	0.0002938740956	0.0002938740956	0	0	0	0	0	0	0	0	0	0	0	0	0	0	0	0	0	0	0	0	0	0	0	0	0	0	0	0	0	0	0	0	0	0	0	0	0	0	0	0	0	0	0	0	0	9.042279864e-05	9.042279864e-05	9.042279864e-05	9.042279864e-05	9.042279864e-05	9.042279864e-05	9.042279864e-05	9.042279864e-05	9.042279864e-05	0	0	0	0	0	0	0	0	0	0	0	0	0	0	0	0	0	0	0	0	0	0	0	0	0	0	0	0	0	0	0	0	0	0	0	0	0	0	0	0	0	0	0	0	0	9.042279864e-05	9.042279864e-05	9.042279864e-05	9.042279864e-05	9.042279864e-05	9.042279864e-05	9.042279864e-05	9.042279864e-05	9.042279864e-05	0	0	0	0	0	0	0	0	0	0	0	0	0	0
(7,11)	0	0	0	0	0	0	0	0	0	0	0	0	0	0	0	0	0	0	0	0	0	0	0	0	0	0	0	0	0	0	0	0.0002938740956	0.0002938740956	0.0002938740956	0.0002938740956	0.0002938740956	0.0002938740956	0.0002938740956	0.0002938740956	0.0002938740956	0	0	0	0	0	0	0	0	0	0	0	0	0	0	0	0	0	0	0	0	0	0	0	0	0	0	0	0	0	0	0	0	0	0	0	0	0	0	0	0	0	0	0	0	0	0.001158542108	0.001158542108	0.001158542108	0.001158542108	0.001158542108	0.001158542108	0.001158542108	0.001158542108	0.001158542108	0	0	0	0	0	0	0	0	0	0	0	0	0	0	0	0	0	0	0	0	0	0	0	0	0	0	0	0	0	0	0	0	0	0	0	0	0	0	0	0	0	0	0	0	0	0.004629929862	0.004629929862	0.004629929862	0.004629929862	0.004629929862	0.004629929862	0.004629929862	0.004629929862	0.004629929862	0	0	0	0	0	0	0	0	0	0	0	0	0	0	0	0	0	0	0	0	0	0	0	0	0	0	0	0	0	0	0	0	0	0	0	0	0	0	0	0	0	0	0	0	0	0.0185186598	0.0185186598	0.0185186598	0.0185186598	0.0185186598	0.0185186598	0.0185186598	0.0185186598	0.0185186598	0	0	0	0	0	0	0	0	0	0	0	0	0	0	0	0	0	0	0	0	0	0	0	0	0	0	0	0	0	0	0	0	0	0	0	0	0	0	0	0	0	0	0	0	0	0.004629929862	0.004629929862	0.004629929862	0.004629929862	0.004629929862	0.004629929862	0.004629929862	0.004629929862	0.004629929862	0	0	0	0	0	0	0	0	0	0	0	0	0	0	0	0	0	0	0	0	0	0	0	0	0	0	0	0	0	0	0	0	0	0	0	0	0	0	0	0	0	0	0	0	0	0.001158542108	0.001158542108	0.001158542108	0.001158542108	0.001158542108	0.001158542108	0.001158542108	0.001158542108	0.001158542108	0	0	0	0	0	0	0	0	0	0	0	0	0	0	0	0	0	0	0	0	0	0	0	0	0	0	0	0	0	0	0	0	0	0	0	0	0	0	0	0	0	0	0	0	0	0.0002938740956	0.0002938740956	0.0002938740956	0.0002938740956	0.0002938740956	0.0002938740956	0.0002938740956	0.0002938740956	0.0002938740956	0	0	0	0	0	0	0	0	0	0	0	0	0	0	0	0	0	0	0	0	0	0	0	0	0	0	0	0	0	0	0	0	0	0	0	0	0	0	0	0	0	0	0	0	0	9.042279864e-05	9.042279864e-05	9.042279864e-05	9.042279864e-05	9.042279864e-05	9.042279864e-05	9.042279864e-05	9.042279864e-05	9.042279864e-05	0	0	0	0	0	0	0	0	0	0	0	0	0	0	0	0	0	0	0	0	0	0	0	0	0	0	0	0	0	0	0	0	0	0	0	0	0	0	0	0	0	0	0	0	0	9.042279864e-05	9.042279864e-05	9.042279864e-05	9.042279864e-05	9.042279864e-05	9.042279864e-05	9.042279864e-05	9.042279864e-05	9.042279864e-05	0	0	0	0	0	0	0	0	0	0	0	0	0	0
(7,12)	0	0	0	0	0.002766937638	0	0	0	0	0	0	0	0	0	0	0	0	0	0	0	0	0	0	0	0	0	0	0	0	0	0	0	0	0	0	0	0	0	0	0	0	0	0	0	0	0	0	0	0	0	0	0	0	0	0	0	0	0	0	0.001742899444	0.001742899444	0	0.001742899444	0.001742899444	0	0.001742899444	0.001742899444	0	0	0	0	0	0	0	0	0	0	0	0	0	0	0	0	0	0	0	0	0	0	0	0	0	0	0	0	0	0	0	0	0	0	0	0	0	0	0	0	0	0	0	0	0	0	0.006946166363	0.006946166363	0	0.006946166363	0.006946166363	0	0.006946166363	0.006946166363	0	0	0	0	0	0	0	0	0	0	0	0	0	0	0	0	0	0	0	0	0	0	0	0	0	0	0	0	0	0	0	0	0	0	0	0	0	0	0	0	0	0	0	0	0	0	0	0	0.0833349228	0	0	0.0833349228	0	0	0	0	0	0	0	0	0	0	0	0	0	0	0	0	0	0	0	0	0	0	0	0	0	0	0	0	0	0	0	0	0	0	0	0	0	0	0	0	0	0	0	0	0	0	0	0	0.0277783076	0.0277783076	0	0.0277783076	0.0277783076	0	0.0277783076	0.0277783076	0	0	0	0	0	0	0	0	0	0	0	0	0	0	0	0	0	0	0	0	0	0	0	0	0	0	0	0	0	0	0	0	0	0	0	0	0	0	0	0	0	0	0	0	0	0	0.006946166363	0.006946166363	0	0.006946166363	0.006946166363	0	0.006946166363	0.006946166363	0	0	0	0	0	0	0	0	0	0	0	0	0	0	0	0	0	0	0	0	0	0	0	0	0	0	0	0	0	0	0	0	0	0	0	0	0	0	0	0	0	0	0	0	0	0	0	0	0.005228698331	0	0	0.005228698331	0	0	0	0	0	0	0	0	0	0	0	0	0	0	0	0	0	0	0	0	0	0	0	0	0	0	0	0	0	0	0	0	0	0	0	0	0	0	0	0	0	0	0	0	0	0	0	0	0.0004611562731	0.0004611562731	0	0.0004611562731	0.0004611562731	0	0.0004611562731	0.0004611562731	0	0	0	0	0	0	0	0	0	0	0	0	0	0	0	0	0	0	0	0	0	0	0	0	0	0	0	0	0	0	0	0	0	0	0	0	0	0	0	0	0	0	0	0	0	0	0.0002170147167	0.0002170147167	0	0.0002170147167	0.0002170147167	0	0.0002170147167	0.0002170147167	0	0	0	0	0	0	0	0	0	0	0	0	0	0	0	0	0	0	0	0	0	0	0	0	0	0	0	0	0	0	0	0	0	0	0	0	0	0	0	0	0
(7,13)	0	0	0	0	0	0	0	0	0	0	0	0	0	0	0	0	0	0	0	0	0	0	0	0	0	0	0	0	0	0	0	0	0.0002938740956	0.0002938740956	0.0002938740956	0.0002938740956	0.0002938740956	0.0002938740956	0.0002938740956	0.0002938740956	0.0002938740956	0	0	0	0	0	0	0	0	0	0	0	0	0	0	0	0	0	0	0	0	0	0	0	0	0	0	0	0	0	0	0	0	0	0	0	0	0	0	0	0	0	0	0	0	0	0.001158542108	0.001158542108	0.001158542108	0.001158542108	0.001158542108	0.001158542108	0.001158542108	0.001158542108	0.001158542108	0	0	0	0	0	0	0	0	0	0	0	0	0	0	0	0	0	0	0	0	0	0	0	0	0	0	0	0	0	0	0	0	0	0	0	0	0	0	0	0	0	0	0	0	0	0.004629929862	0.004629929862	0.004629929862	0.004629929862	0.004629929862	0.004629929862	0.004629929862	0.004629929862	0.004629929862	0	0	0	0	0	0	0	0	0	0	0	0	0	0	0	0	0	0	0	0	0	0	0	0	0	0	0	0	0	0	0	0	0	0	0	0	0	0	0	0	0	0	0	0	0	0.0185186598	0.0185186598	0.0185186598	0.0185186598	0.0185186598	0.0185186598	0.0185186598	0.0185186598	0.0185186598	0	0	0	0	0	0	0	0	0	0	0	0	0	0	0	0	0	0	0	0	0	0	0	0	0	0	0	0	0	0	0	0	0	0	0	0	0	0	0	0	0	0	0	0	0	0.004629929862	0.004629929862	0.004629929862	0.004629929862	0.004629929862	0.004629929862	0.004629929862	0.004629929862	0.004629929862	0	0	0	0	0	0	0	0	0	0	0	0	0	0	0	0	0	0	0	0	0	0	0	0	0	0	0	0	0	0	0	0	0	0	0	0	0	0	0	0	0	0	0	0	0	0.001158542108	0.001158542108	0.001158542108	0.001158542108	0.001158542108	0.001158542108	0.001158542108	0.001158542108	0.001158542108	0	0	0	0	0	0	0	0	0	0	0	0	0	0	0	0	0	0	0	0	0	0	0	0	0	0	0	0	0	0	0	0	0	0	0	0	0	0	0	0	0	0	0	0	0	0.0002938740956	0.0002938740956	0.0002938740956	0.0002938740956	0.0002938740956	0.0002938740956	0.0002938740956	0.0002938740956	0.0002938740956	0	0	0	0	0	0	0	0	0	0	0	0	0	0	0	0	0	0	0	0	0	0	0	0	0	0	0	0	0	0	0	0	0	0	0	0	0	0	0	0	0	0	0	0	0	9.042279864e-05	9.042279864e-05	9.042279864e-05	9.042279864e-05	9.042279864e-05	9.042279864e-05	9.042279864e-05	9.042279864e-05	9.042279864e-05	0	0	0	0	0	0	0	0	0	0	0	0	0	0	0	0	0	0	0	0	0	0	0	0	0	0	0	0	0	0	0	0	0	0	0	0	0	0	0	0	0	0	0	0	0	9.042279864e-05	9.042279864e-05	9.042279864e-05	9.042279864e-05	9.042279864e-05	9.042279864e-05	9.042279864e-05	9.042279864e-05	9.042279864e-05	0	0	0	0	0	0	0	0	0	0	0	0	0
(7,14)	0	0	0	0	0	0	0	0	0	0	0	0	0	0	0	0	0	0	0	0	0	0	0	0	0	0	0	0	0	0	0	0	0.0002938740956	0.0002938740956	0.0002938740956	0.0002938740956	0.0002938740956	0.0002938740956	0.0002938740956	0.0002938740956	0.0002938740956	0	0	0	0	0	0	0	0	0	0	0	0	0	0	0	0	0	0	0	0	0	0	0	0	0	0	0	0	0	0	0	0	0	0	0	0	0	0	0	0	0	0	0	0	0	0.001158542108	0.001158542108	0.001158542108	0.001158542108	0.001158542108	0.001158542108	0.001158542108	0.001158542108	0.001158542108	0	0	0	0	0	0	0	0	0	0	0	0	0	0	0	0	0	0	0	0	0	0	0	0	0	0	0	0	0	0	0	0	0	0	0	0	0	0	0	0	0	0	0	0	0	0.004629929862	0.004629929862	0.004629929862	0.004629929862	0.004629929862	0.004629929862	0.004629929862	0.004629929862	0.004629929862	0	0	0	0	0	0	0	0	0	0	0	0	0	0	0	0	0	0	0	0	0	0	0	0	0	0	0	0	0	0	0	0	0	0	0	0	0	0	0	0	0	0	0	0	0	0.0185186598	0.0185186598	0.0185186598	0.0185186598	0.0185186598	0.0185186598	0.0185186598	0.0185186598	0.0185186598	0	0	0	0	0	0	0	0	0	0	0	0	0	0	0	0	0	0	0	0	0	0	0	0	0	0	0	0	0	0	0	0	0	0	0	0	0	0	0	0	0	0	0	0	0	0.004629929862	0.004629929862	0.004629929862	0.004629929862	0.004629929862	0.004629929862	0.004629929862	0.004629929862	0.004629929862	0	0	0	0	0	0	0	0	0	0	0	0	0	0	0	0	0	0	0	0	0	0	0	0	0	0	0	0	0	0	0	0	0	0	0	0	0	0	0	0	0	0	0	0	0	0.001158542108	0.001158542108	0.001158542108	0.001158542108	0.001158542108	0.001158542108	0.001158542108	0.001158542108	0.001158542108	0	0	0	0	0	0	0	0	0	0	0	0	0	0	0	0	0	0	0	0	0	0	0	0	0	0	0	0	0	0	0	0	0	0	0	0	0	0	0	0	0	0	0	0	0	0.0002938740956	0.0002938740956	0.0002938740956	0.0002938740956	0.0002938740956	0.0002938740956	0.0002938740956	0.0002938740956	0.0002938740956	0	0	0	0	0	0	0	0	0	0	0	0	0	0	0	0	0	0	0	0	0	0	0	0	0	0	0	0	0	0	0	0	0	0	0	0	0	0	0	0	0	0	0	0	0	9.042279864e-05	9.042279864e-05	9.042279864e-05	9.042279864e-05	9.042279864e-05	9.042279864e-05	9.042279864e-05	9.042279864e-05	9.042279864e-05	0	0	0	0	0	0	0	0	0	0	0	0	0	0	0	0	0	0	0	0	0	0	0	0	0	0	0	0	0	0	0	0	0	0	0	0	0	0	0	0	0	0	0	0	0	9.042279864e-05	9.042279864e-05	9.042279864e-05	9.042279864e-05	9.042279864e-05	9.042279864e-05	9.042279864e-05	9.042279864e-05	9.042279864e-05	0	0	0	0	0	0	0	0	0	0	0	0	0
(7,15)	0	0	0	0	0	0.002766937638	0	0	0	0	0	0	0	0	0	0	0	0	0	0	0	0	0	0	0	0	0	0	0	0	0	0	0	0	0	0	0	0	0	0	0	0	0	0	0	0	0	0	0	0	0	0	0	0	0	0	0	0	0	0	0.001742899444	0.001742899444	0	0.001742899444	0.001742899444	0	0.001742899444	0.001742899444	0	0	0	0	0	0	0	0	0	0	0	0	0	0	0	0	0	0	0	0	0	0	0	0	0	0	0	0	0	0	0	0	0	0	0	0	0	0	0	0	0	0	0	0	0	0	0.006946166363	0.006946166363	0	0.006946166363	0.006946166363	0	0.006946166363	0.006946166363	0	0	0	0	0	0	0	0	0	0	0	0	0	0	0	0	0	0	0	0	0	0	0	0	0	0	0	0	0	0	0	0	0	0	0	0	0	0	0	0	0	0	0	0	0	0	0	0	0.0833349228	0	0	0.0833349228	0	0	0	0	0	0	0	0	0	0	0	0	0	0	0	0	0	0	0	0	0	0	0	0	0	0	0	0	0	0	0	0	0	0	0	0	0	0	0	0	0	0	0	0	0	0	0	0	0.0277783076	0.0277783076	0	0.0277783076	0.0277783076	0	0.0277783076	0.0277783076	0	0	0	0	0	0	0	0	0	0	0	0	0	0	0	0	0	0	0	0	0	0	0	0	0	0	0	0	0	0	0	0	0	0	0	0	0	0	0	0	0	0	0	0	0	0	0.006946166363	0.006946166363	0	0.006946166363	0.006946166363	0	0.006946166363	0.006946166363	0	0	0	0	0	0	0	0	0	0	0	0	0	0	0	0	0	0	0	0	0	0	0	0	0	0	0	0	0	0	0	0	0	0	0	0	0	0	0	0	0	0	0	0	0	0	0	0	0.005228698331	0	0	0.005228698331	0	0	0	0	0	0	0	0	0	0	0	0	0	0	0	0	0	0	0	0	0	0	0	0	0	0	0	0	0	0	0	0	0	0	0	0	0	0	0	0	0	0	0	0	0	0	0	0	0.0004611562731	0.0004611562731	0	0.0004611562731	0.0004611562731	0	0.0004611562731	0.0004611562731	0	0	0	0	0	0	0	0	0	0	0	0	0	0	0	0	0	0	0	0	0	0	0	0	0	0	0	0	0	0	0	0	0	0	0	0	0	0	0	0	0	0	0	0	0	0	0.0002170147167	0.0002170147167	0	0.0002170147167	0.0002170147167	0	0.0002170147167	0.0002170147167	0	0	0	0	0	0	0	0	0	0	0	0	0	0	0	0	0	0	0	0	0	0	0	0	0	0	0	0	0	0	0	0	0	0	0	0	0	0	0	0
(7,16)	0	0	0	0	0	0	0	0	0	0	0	0	0	0	0	0	0	0	0	0	0	0	0	0	0	0	0	0	0	0	0	0	0	0.0002938740956	0.0002938740956	0.0002938740956	0.0002938740956	0.0002938740956	0.0002938740956	0.0002938740956	0.0002938740956	0.0002938740956	0	0	0	0	0	0	0	0	0	0	0	0	0	0	0	0	0	0	0	0	0	0	0	0	0	0	0	0	0	0	0	0	0	0	0	0	0	0	0	0	0	0	0	0	0	0.001158542108	0.001158542108	0.001158542108	0.001158542108	0.001158542108	0.001158542108	0.001158542108	0.001158542108	0.001158542108	0	0	0	0	0	0	0	0	0	0	0	0	0	0	0	0	0	0	0	0	0	0	0	0	0	0	0	0	0	0	0	0	0	0	0	0	0	0	0	0	0	0	0	0	0	0.004629929862	0.004629929862	0.004629929862	0.004629929862	0.004629929862	0.004629929862	0.004629929862	0.004629929862	0.004629929862	0	0	0	0	0	0	0	0	0	0	0	0	0	0	0	0	0	0	0	0	0	0	0	0	0	0	0	0	0	0	0	0	0	0	0	0	0	0	0	0	0	0	0	0	0	0.0185186598	0.0185186598	0.0185186598	0.0185186598	0.0185186598	0.0185186598	0.0185186598	0.0185186598	0.0185186598	0	0	0	0	0	0	0	0	0	0	0	0	0	0	0	0	0	0	0	0	0	0	0	0	0	0	0	0	0	0	0	0	0	0	0	0	0	0	0	0	0	0	0	0	0	0.004629929862	0.004629929862	0.004629929862	0.004629929862	0.004629929862	0.004629929862	0.004629929862	0.004629929862	0.004629929862	0	0	0	0	0	0	0	0	0	0	0	0	0	0	0	0	0	0	0	0	0	0	0	0	0	0	0	0	0	0	0	0	0	0	0	0	0	0	0	0	0	0	0	0	0	0.001158542108	0.001158542108	0.001158542108	0.001158542108	0.001158542108	0.001158542108	0.001158542108	0.001158542108	0.001158542108	0	0	0	0	0	0	0	0	0	0	0	0	0	0	0	0	0	0	0	0	0	0	0	0	0	0	0	0	0	0	0	0	0	0	0	0	0	0	0	0	0	0	0	0	0	0.0002938740956	0.0002938740956	0.0002938740956	0.0002938740956	0.0002938740956	0.0002938740956	0.0002938740956	0.0002938740956	0.0002938740956	0	0	0	0	0	0	0	0	0	0	0	0	0	0	0	0	0	0	0	0	0	0	0	0	0	0	0	0	0	0	0	0	0	0	0	0	0	0	0	0	0	0	0	0	0	9.042279864e-05	9.042279864e-05	9.042279864e-05	9.042279864e-05	9.042279864e-05	9.042279864e-05	9.042279864e-05	9.042279864e-05	9.042279864e-05	0	0	0	0	0	0	0	0	0	0	0	0	0	0	0	0	0	0	0	0	0	0	0	0	0	0	0	0	0	0	0	0	0	0	0	0	0	0	0	0	0	0	0	0	0	9.042279864e-05	9.042279864e-05	9.042279864e-05	9.042279864e-05	9.042279864e-05	9.042279864e-05	9.042279864e-05	9.042279864e-05	9.042279864e-05	0	0	0	0	0	0	0	0	0	0	0	0
(7,17)	0	0	0	0	0	0	0	0	0	0	0	0	0	0	0	0	0	0	0	0	0	0	0	0	0	0	0	0	0	0	0	0	0	0.0002938740956	0.0002938740956	0.0002938740956	0.0002938740956	0.0002938740956	0.0002938740956	0.0002938740956	0.0002938740956	0.0002938740956	0	0	0	0	0	0	0	0	0	0	0	0	0	0	0	0	0	0	0	0	0	0	0	0	0	0	0	0	0	0	0	0	0	0	0	0	0	0	0	0	0	0	0	0	0	0.001158542108	0.001158542108	0.001158542108	0.001158542108	0.001158542108	0.001158542108	0.001158542108	0.001158542108	0.001158542108	0	0	0	0	0	0	0	0	0	0	0	0	0	0	0	0	0	0	0	0	0	0	0	0	0	0	0	0	0	0	0	0	0	0	0	0	0	0	0	0	0	0	0	0	0	0.004629929862	0.004629929862	0.004629929862	0.004629929862	0.004629929862	0.004629929862	0.004629929862	0.004629929862	0.004629929862	0	0	0	0	0	0	0	0	0	0	0	0	0	0	0	0	0	0	0	0	0	0	0	0	0	0	0	0	0	0	0	0	0	0	0	0	0	0	0	0	0	0	0	0	0	0.0185186598	0.0185186598	0.0185186598	0.0185186598	0.0185186598	0.0185186598	0.0185186598	0.0185186598	0.0185186598	0	0	0	0	0	0	0	0	0	0	0	0	0	0	0	0	0	0	0	0	0	0	0	0	0	0	0	0	0	0	0	0	0	0	0	0	0	0	0	0	0	0	0	0	0	0.004629929862	0.004629929862	0.004629929862	0.004629929862	0.004629929862	0.004629929862	0.004629929862	0.004629929862	0.004629929862	0	0	0	0	0	0	0	0	0	0	0	0	0	0	0	0	0	0	0	0	0	0	0	0	0	0	0	0	0	0	0	0	0	0	0	0	0	0	0	0	0	0	0	0	0	0.001158542108	0.001158542108	0.001158542108	0.001158542108	0.001158542108	0.001158542108	0.001158542108	0.001158542108	0.001158542108	0	0	0	0	0	0	0	0	0	0	0	0	0	0	0	0	0	0	0	0	0	0	0	0	0	0	0	0	0	0	0	0	0	0	0	0	0	0	0	0	0	0	0	0	0	0.0002938740956	0.0002938740956	0.0002938740956	0.0002938740956	0.0002938740956	0.0002938740956	0.0002938740956	0.0002938740956	0.0002938740956	0	0	0	0	0	0	0	0	0	0	0	0	0	0	0	0	0	0	0	0	0	0	0	0	0	0	0	0	0	0	0	0	0	0	0	0	0	0	0	0	0	0	0	0	0	9.042279864e-05	9.042279864e-05	9.042279864e-05	9.042279864e-05	9.042279864e-05	9.042279864e-05	9.042279864e-05	9.042279864e-05	9.042279864e-05	0	0	0	0	0	0	0	0	0	0	0	0	0	0	0	0	0	0	0	0	0	0	0	0	0	0	0	0	0	0	0	0	0	0	0	0	0	0	0	0	0	0	0	0	0	9.042279864e-05	9.042279864e-05	9.042279864e-05	9.042279864e-05	9.042279864e-05	9.042279864e-05	9.042279864e-05	9.042279864e-05	9.042279864e-05	0	0	0	0	0	0	0	0	0	0	0	0
(7,18)	0	0	0	0	0	0	0.002766937638	0	0	0	0	0	0	0	0	0	0	0	0	0	0	0	0	0	0	0	0	0	0	0	0	0	0	0	0	0	0	0	0	0	0	0	0	0	0	0	0	0	0	0	0	0	0	0	0	0	0	0	0	0	0	0.001742899444	0.001742899444	0	0.001742899444	0.001742899444	0	0.001742899444	0.001742899444	0	0	0	0	0	0	0	0	0	0	0	0	0	0	0	0	0	0	0	0	0	0	0	0	0	0	0	0	0	0	0	0	0	0	0	0	0	0	0	0	0	0	0	0	0	0	0.006946166363	0.006946166363	0	0.006946166363	0.006946166363	0	0.006946166363	0.006946166363	0	0	0	0	0	0	0	0	0	0	0	0	0	0	0	0	0	0	0	0	0	0	0	0	0	0	0	0	0	0	0	0	0	0	0	0	0	0	0	0	0	0	0	0	0	0	0	0	0.0833349228	0	0	0.0833349228	0	0	0	0	0	0	0	0	0	0	0	0	0	0	0	0	0	0	0	0	0	0	0	0	0	0	0	0	0	0	0	0	0	0	0	0	0	0	0	0	0	0	0	0	0	0	0	0	0.0277783076	0.0277783076	0	0.0277783076	0.0277783076	0	0.0277783076	0.0277783076	0	0	0	0	0	0	0	0	0	0	0	0	0	0	0	0	0	0	0	0	0	0	0	0	0	0	0	0	0	0	0	0	0	0	0	0	0	0	0	0	0	0	0	0	0	0	0.006946166363	0.006946166363	0	0.006946166363	0.006946166363	0	0.006946166363	0.006946166363	0	0	0	0	0	0	0	0	0	0	0	0	0	0	0	0	0	0	0	0	0	0	0	0	0	0	0	0	0	0	0	0	0	0	0	0	0	0	0	0	0	0	0	0	0	0	0	0	0.005228698331	0	0	0.005228698331	0	0	0	0	0	0	0	0	0	0	0	0	0	0	0	0	0	0	0	0	0	0	0	0	0	0	0	0	0	0	0	0	0	0	0	0	0	0	0	0	0	0	0	0	0	0	0	0	0.0004611562731	0.0004611562731	0	0.0004611562731	0.0004611562731	0	0.0004611562731	0.0004611562731	0	0	0	0	0	0	0	0	0	0	0	0	0	0	0	0	0	0	0	0	0	0	0	0	0	0	0	0	0	0	0	0	0	0	0	0	0	0	0	0	0	0	0	0	0	0	0.0002170147167	0.0002170147167	0	0.0002170147167	0.0002170147167	0	0.0002170147167	0.0002170147167	0	0	0	0	0	0	0	0	0	0	0	0	0	0	0	0	0	0	0	0	0	0	0	0	0	0	0	0	0	0	0	0	0	0	0	0	0	0	0
(7,19)	0	0	0	0	0	0	0	0	0	0	0	0	0	0	0	0	0	0	0	0	0	0	0	0	0	0	0	0	0	0	0	0	0	0	0.0002938740956	0.0002938740956	0.0002938740956	0.0002938740956	0.0002938740956	0.0002938740956	0.0002938740956	0.0002938740956	0.0002938740956	0	0	0	0	0	0	0	0	0	0	0	0	0	0	0	0	0	0	0	0	0	0	0	0	0	0	0	0	0	0	0	0	0	0	0	0	0	0	0	0	0	0	0	0	0	0.001158542108	0.001158542108	0.001158542108	0.001158542108	0.001158542108	0.001158542108	0.001158542108	0.001158542108	0.001158542108	0	0	0	0	0	0	0	0	0	0	0	0	0	0	0	0	0	0	0	0	0	0	0	0	0	0	0	0	0	0	0	0	0	0	0	0	0	0	0	0	0	0	0	0	0	0.004629929862	0.004629929862	0.004629929862	0.004629929862	0.004629929862	0.004629929862	0.004629929862	0.004629929862	0.004629929862	0	0	0	0	0	0	0	0	0	0	0	0	0	0	0	0	0	0	0	0	0	0	0	0	0	0	0	0	0	0	0	0	0	0	0	0	0	0	0	0	0	0	0	0	0	0.0185186598	0.0185186598	0.0185186598	0.0185186598	0.0185186598	0.0185186598	0.0185186598	0.0185186598	0.0185186598	0	0	0	0	0	0	0	0	0	0	0	0	0	0	0	0	0	0	0	0	0	0	0	0	0	0	0	0	0	0	0	0	0	0	0	0	0	0	0	0	0	0	0	0	0	0.004629929862	0.004629929862	0.004629929862	0.004629929862	0.004629929862	0.004629929862	0.004629929862	0.004629929862	0.004629929862	0	0	0	0	0	0	0	0	0	0	0	0	0	0	0	0	0	0	0	0	0	0	0	0	0	0	0	0	0	0	0	0	0	0	0	0	0	0	0	0	0	0	0	0	0	0.001158542108	0.001158542108	0.001158542108	0.001158542108	0.001158542108	0.001158542108	0.001158542108	0.001158542108	0.001158542108	0	0	0	0	0	0	0	0	0	0	0	0	0	0	0	0	0	0	0	0	0	0	0	0	0	0	0	0	0	0	0	0	0	0	0	0	0	0	0	0	0	0	0	0	0	0.0002938740956	0.0002938740956	0.0002938740956	0.0002938740956	0.0002938740956	0.0002938740956	0.0002938740956	0.0002938740956	0.0002938740956	0	0	0	0	0	0	0	0	0	0	0	0	0	0	0	0	0	0	0	0	0	0	0	0	0	0	0	0	0	0	0	0	0	0	0	0	0	0	0	0	0	0	0	0	0	9.042279864e-05	9.042279864e-05	9.042279864e-05	9.042279864e-05	9.042279864e-05	9.042279864e-05	9.042279864e-05	9.042279864e-05	9.042279864e-05	0	0	0	0	0	0	0	0	0	0	0	0	0	0	0	0	0	0	0	0	0	0	0	0	0	0	0	0	0	0	0	0	0	0	0	0	0	0	0	0	0	0	0	0	0	9.042279864e-05	9.042279864e-05	9.042279864e-05	9.042279864e-05	9.042279864e-05	9.042279864e-05	9.042279864e-05	9.042279864e-05	9.042279864e-05	0	0	0	0	0	0	0	0	0	0	0
(7,20)	0	0	0	0	0	0	0	0	0	0	0	0	0	0	0	0	0	0	0	0	0	0	0	0	0	0	0	0	0	0	0	0	0	0	0.0002938740956	0.0002938740956	0.0002938740956	0.0002938740956	0.0002938740956	0.0002938740956	0.0002938740956	0.0002938740956	0.0002938740956	0	0	0	0	0	0	0	0	0	0	0	0	0	0	0	0	0	0	0	0	0	0	0	0	0	0	0	0	0	0	0	0	0	0	0	0	0	0	0	0	0	0	0	0	0	0.001158542108	0.001158542108	0.001158542108	0.001158542108	0.001158542108	0.001158542108	0.001158542108	0.001158542108	0.001158542108	0	0	0	0	0	0	0	0	0	0	0	0	0	0	0	0	0	0	0	0	0	0	0	0	0	0	0	0	0	0	0	0	0	0	0	0	0	0	0	0	0	0	0	0	0	0.004629929862	0.004629929862	0.004629929862	0.004629929862	0.004629929862	0.004629929862	0.004629929862	0.004629929862	0.004629929862	0	0	0	0	0	0	0	0	0	0	0	0	0	0	0	0	0	0	0	0	0	0	0	0	0	0	0	0	0	0	0	0	0	0	0	0	0	0	0	0	0	0	0	0	0	0.0185186598	0.0185186598	0.0185186598	0.0185186598	0.0185186598	0.0185186598	0.0185186598	0.0185186598	0.0185186598	0	0	0	0	0	0	0	0	0	0	0	0	0	0	0	0	0	0	0	0	0	0	0	0	0	0	0	0	0	0	0	0	0	0	0	0	0	0	0	0	0	0	0	0	0	0.004629929862	0.004629929862	0.004629929862	0.004629929862	0.004629929862	0.004629929862	0.004629929862	0.004629929862	0.004629929862	0	0	0	0	0	0	0	0	0	0	0	0	0	0	0	0	0	0	0	0	0	0	0	0	0	0	0	0	0	0	0	0	0	0	0	0	0	0	0	0	0	0	0	0	0	0.001158542108	0.001158542108	0.001158542108	0.001158542108	0.001158542108	0.001158542108	0.001158542108	0.001158542108	0.001158542108	0	0	0	0	0	0	0	0	0	0	0	0	0	0	0	0	0	0	0	0	0	0	0	0	0	0	0	0	0	0	0	0	0	0	0	0	0	0	0	0	0	0	0	0	0	0.0002938740956	0.0002938740956	0.0002938740956	0.0002938740956	0.0002938740956	0.0002938740956	0.0002938740956	0.0002938740956	0.0002938740956	0	0	0	0	0	0	0	0	0	0	0	0	0	0	0	0	0	0	0	0	0	0	0	0	0	0	0	0	0	0	0	0	0	0	0	0	0	0	0	0	0	0	0	0	0	9.042279864e-05	9.042279864e-05	9.042279864e-05	9.042279864e-05	9.042279864e-05	9.042279864e-05	9.042279864e-05	9.042279864e-05	9.042279864e-05	0	0	0	0	0	0	0	0	0	0	0	0	0	0	0	0	0	0	0	0	0	0	0	0	0	0	0	0	0	0	0	0	0	0	0	0	0	0	0	0	0	0	0	0	0	9.042279864e-05	9.042279864e-05	9.042279864e-05	9.042279864e-05	9.042279864e-05	9.042279864e-05	9.042279864e-05	9.042279864e-05	9.042279864e-05	0	0	0	0	0	0	0	0	0	0	0
(7,21)	0	0	0	0	0	0	0	0.002766937638	0	0	0	0	0	0	0	0	0	0	0	0	0	0	0	0	0	0	0	0	0	0	0	0	0	0	0	0	0	0	0	0	0	0	0	0	0	0	0	0	0	0	0	0	0	0	0	0	0	0	0	0	0	0	0.001742899444	0.001742899444	0	0.001742899444	0.001742899444	0	0.001742899444	0.001742899444	0	0	0	0	0	0	0	0	0	0	0	0	0	0	0	0	0	0	0	0	0	0	0	0	0	0	0	0	0	0	0	0	0	0	0	0	0	0	0	0	0	0	0	0	0	0	0.006946166363	0.006946166363	0	0.006946166363	0.006946166363	0	0.006946166363	0.006946166363	0	0	0	0	0	0	0	0	0	0	0	0	0	0	0	0	0	0	0	0	0	0	0	0	0	0	0	0	0	0	0	0	0	0	0	0	0	0	0	0	0	0	0	0	0	0	0	0	0.0833349228	0	0	0.0833349228	0	0	0	0	0	0	0	0	0	0	0	0	0	0	0	0	0	0	0	0	0	0	0	0	0	0	0	0	0	0	0	0	0	0	0	0	0	0	0	0	0	0	0	0	0	0	0	0	0.0277783076	0.0277783076	0	0.0277783076	0.0277783076	0	0.0277783076	0.0277783076	0	0	0	0	0	0	0	0	0	0	0	0	0	0	0	0	0	0	0	0	0	0	0	0	0	0	0	0	0	0	0	0	0	0	0	0	0	0	0	0	0	0	0	0	0	0	0.006946166363	0.006946166363	0	0.006946166363	0.006946166363	0	0.006946166363	0.006946166363	0	0	0	0	0	0	0	0	0	0	0	0	0	0	0	0	0	0	0	0	0	0	0	0	0	0	0	0	0	0	0	0	0	0	0	0	0	0	0	0	0	0	0	0	0	0	0	0	0.005228698331	0	0	0.005228698331	0	0	0	0	0	0	0	0	0	0	0	0	0	0	0	0	0	0	0	0	0	0	0	0	0	0	0	0	0	0	0	0	0	0	0	0	0	0	0	0	0	0	0	0	0	0	0	0	0.0004611562731	0.0004611562731	0	0.0004611562731	0.0004611562731	0	0.0004611562731	0.0004611562731	0	0	0	0	0	0	0	0	0	0	0	0	0	0	0	0	0	0	0	0	0	0	0	0	0	0	0	0	0	0	0	0	0	0	0	0	0	0	0	0	0	0	0	0	0	0	0.0002170147167	0.0002170147167	0	0.0002170147167	0.0002170147167	0	0.0002170147167	0.0002170147167	0	0	0	0	0	0	0	0	0	0	0	0	0	0	0	0	0	0	0	0	0	0	0	0	0	0	0	0	0	0	0	0	0	0	0	0	0	0
(7,22)	0	0	0	0	0	0	0	0	0	0	0	0	0	0	0	0	0	0	0	0	0	0	0	0	0	0	0	0	0	0	0	0	0	0	0	0.0002938740956	0.0002938740956	0.0002938740956	0.0002938740956	0.0002938740956	0.0002938740956	0.0002938740956	0.0002938740956	0.0002938740956	0	0	0	0	0	0	0	0	0	0	0	0	0	0	0	0	0	0	0	0	0	0	0	0	0	0	0	0	0	0	0	0	0	0	0	0	0	0	0	0	0	0	0	0	0	0.001158542108	0.001158542108	0.001158542108	0.001158542108	0.001158542108	0.001158542108	0.001158542108	0.001158542108	0.001158542108	0	0	0	0	0	0	0	0	0	0	0	0	0	0	0	0	0	0	0	0	0	0	0	0	0	0	0	0	0	0	0	0	0	0	0	0	0	0	0	0	0	0	0	0	0	0.004629929862	0.004629929862	0.004629929862	0.004629929862	0.004629929862	0.004629929862	0.004629929862	0.004629929862	0.004629929862	0	0	0	0	0	0	0	0	0	0	0	0	0	0	0	0	0	0	0	0	0	0	0	0	0	0	0	0	0	0	0	0	0	0	0	0	0	0	0	0	0	0	0	0	0	0.0185186598	0.0185186598	0.0185186598	0.0185186598	0.0185186598	0.0185186598	0.0185186598	0.0185186598	0.0185186598	0	0	0	0	0	0	0	0	0	0	0	0	0	0	0	0	0	0	0	0	0	0	0	0	0	0	0	0	0	0	0	0	0	0	0	0	0	0	0	0	0	0	0	0	0	0.004629929862	0.004629929862	0.004629929862	0.004629929862	0.004629929862	0.004629929862	0.004629929862	0.004629929862	0.004629929862	0	0	0	0	0	0	0	0	0	0	0	0	0	0	0	0	0	0	0	0	0	0	0	0	0	0	0	0	0	0	0	0	0	0	0	0	0	0	0	0	0	0	0	0	0	0.001158542108	0.001158542108	0.001158542108	0.001158542108	0.001158542108	0.001158542108	0.001158542108	0.001158542108	0.001158542108	0	0	0	0	0	0	0	0	0	0	0	0	0	0	0	0	0	0	0	0	0	0	0	0	0	0	0	0	0	0	0	0	0	0	0	0	0	0	0	0	0	0	0	0	0	0.0002938740956	0.0002938740956	0.0002938740956	0.0002938740956	0.0002938740956	0.0002938740956	0.0002938740956	0.0002938740956	0.0002938740956	0	0	0	0	0	0	0	0	0	0	0	0	0	0	0	0	0	0	0	0	0	0	0	0	0	0	0	0	0	0	0	0	0	0	0	0	0	0	0	0	0	0	0	0	0	9.042279864e-05	9.042279864e-05	9.042279864e-05	9.042279864e-05	9.042279864e-05	9.042279864e-05	9.042279864e-05	9.042279864e-05	9.042279864e-05	0	0	0	0	0	0	0	0	0	0	0	0	0	0	0	0	0	0	0	0	0	0	0	0	0	0	0	0	0	0	0	0	0	0	0	0	0	0	0	0	0	0	0	0	0	9.042279864e-05	9.042279864e-05	9.042279864e-05	9.042279864e-05	9.042279864e-05	9.042279864e-05	9.042279864e-05	9.042279864e-05	9.042279864e-05	0	0	0	0	0	0	0	0	0	0
(7,23)	0	0	0	0	0	0	0	0	0	0	0	0	0	0	0	0	0	0	0	0	0	0	0	0	0	0	0	0	0	0	0	0	0	0	0	0.0002938740956	0.0002938740956	0.0002938740956	0.0002938740956	0.0002938740956	0.0002938740956	0.0002938740956	0.0002938740956	0.0002938740956	0	0	0	0	0	0	0	0	0	0	0	0	0	0	0	0	0	0	0	0	0	0	0	0	0	0	0	0	0	0	0	0	0	0	0	0	0	0	0	0	0	0	0	0	0	0.001158542108	0.001158542108	0.001158542108	0.001158542108	0.001158542108	0.001158542108	0.001158542108	0.001158542108	0.001158542108	0	0	0	0	0	0	0	0	0	0	0	0	0	0	0	0	0	0	0	0	0	0	0	0	0	0	0	0	0	0	0	0	0	0	0	0	0	0	0	0	0	0	0	0	0	0.004629929862	0.004629929862	0.004629929862	0.004629929862	0.004629929862	0.004629929862	0.004629929862	0.004629929862	0.004629929862	0	0	0	0	0	0	0	0	0	0	0	0	0	0	0	0	0	0	0	0	0	0	0	0	0	0	0	0	0	0	0	0	0	0	0	0	0	0	0	0	0	0	0	0	0	0.0185186598	0.0185186598	0.0185186598	0.0185186598	0.0185186598	0.0185186598	0.0185186598	0.0185186598	0.0185186598	0	0	0	0	0	0	0	0	0	0	0	0	0	0	0	0	0	0	0	0	0	0	0	0	0	0	0	0	0	0	0	0	0	0	0	0	0	0	0	0	0	0	0	0	0	0.004629929862	0.004629929862	0.004629929862	0.004629929862	0.004629929862	0.004629929862	0.004629929862	0.004629929862	0.004629929862	0	0	0	0	0	0	0	0	0	0	0	0	0	0	0	0	0	0	0	0	0	0	0	0	0	0	0	0	0	0	0	0	0	0	0	0	0	0	0	0	0	0	0	0	0	0.001158542108	0.001158542108	0.001158542108	0.001158542108	0.001158542108	0.001158542108	0.001158542108	0.001158542108	0.001158542108	0	0	0	0	0	0	0	0	0	0	0	0	0	0	0	0	0	0	0	0	0	0	0	0	0	0	0	0	0	0	0	0	0	0	0	0	0	0	0	0	0	0	0	0	0	0.0002938740956	0.0002938740956	0.0002938740956	0.0002938740956	0.0002938740956	0.0002938740956	0.0002938740956	0.0002938740956	0.0002938740956	0	0	0	0	0	0	0	0	0	0	0	0	0	0	0	0	0	0	0	0	0	0	0	0	0	0	0	0	0	0	0	0	0	0	0	0	0	0	0	0	0	0	0	0	0	9.042279864e-05	9.042279864e-05	9.042279864e-05	9.042279864e-05	9.042279864e-05	9.042279864e-05	9.042279864e-05	9.042279864e-05	9.042279864e-05	0	0	0	0	0	0	0	0	0	0	0	0	0	0	0	0	0	0	0	0	0	0	0	0	0	0	0	0	0	0	0	0	0	0	0	0	0	0	0	0	0	0	0	0	0	9.042279864e-05	9.042279864e-05	9.042279864e-05	9.042279864e-05	9.042279864e-05	9.042279864e-05	9.042279864e-05	9.042279864e-05	9.042279864e-05	0	0	0	0	0	0	0	0	0	0
(7,24)	0	0	0	0	0	0	0	0	0.002766937638	0	0	0	0	0	0	0	0	0	0	0	0	0	0	0	0	0	0	0	0	0	0	0	0	0	0	0	0	0	0	0	0	0	0	0	0	0	0	0	0	0	0	0	0	0	0	0	0	0	0	0	0	0	0	0.001742899444	0.001742899444	0	0.001742899444	0.001742899444	0	0.001742899444	0.001742899444	0	0	0	0	0	0	0	0	0	0	0	0	0	0	0	0	0	0	0	0	0	0	0	0	0	0	0	0	0	0	0	0	0	0	0	0	0	0	0	0	0	0	0	0	0	0	0.006946166363	0.006946166363	0	0.006946166363	0.006946166363	0	0.006946166363	0.006946166363	0	0	0	0	0	0	0	0	0	0	0	0	0	0	0	0	0	0	0	0	0	0	0	0	0	0	0	0	0	0	0	0	0	0	0	0	0	0	0	0	0	0	0	0	0	0	0	0	0.0833349228	0	0	0.0833349228	0	0	0	0	0	0	0	0	0	0	0	0	0	0	0	0	0	0	0	0	0	0	0	0	0	0	0	0	0	0	0	0	0	0	0	0	0	0	0	0	0	0	0	0	0	0	0	0	0.0277783076	0.0277783076	0	0.0277783076	0.0277783076	0	0.0277783076	0.0277783076	0	0	0	0	0	0	0	0	0	0	0	0	0	0	0	0	0	0	0	0	0	0	0	0	0	0	0	0	0	0	0	0	0	0	0	0	0	0	0	0	0	0	0	0	0	0	0.006946166363	0.006946166363	0	0.006946166363	0.006946166363	0	0.006946166363	0.006946166363	0	0	0	0	0	0	0	0	0	0	0	0	0	0	0	0	0	0	0	0	0	0	0	0	0	0	0	0	0	0	0	0	0	0	0	0	0	0	0	0	0	0	0	0	0	0	0	0	0.005228698331	0	0	0.005228698331	0	0	0	0	0	0	0	0	0	0	0	0	0	0	0	0	0	0	0	0	0	0	0	0	0	0	0	0	0	0	0	0	0	0	0	0	0	0	0	0	0	0	0	0	0	0	0	0	0.0004611562731	0.0004611562731	0	0.0004611562731	0.0004611562731	0	0.0004611562731	0.0004611562731	0	0	0	0	0	0	0	0	0	0	0	0	0	0	0	0	0	0	0	0	0	0	0	0	0	0	0	0	0	0	0	0	0	0	0	0	0	0	0	0	0	0	0	0	0	0	0.0002170147167	0.0002170147167	0	0.0002170147167	0.0002170147167	0	0.0002170147167	0.0002170147167	0	0	0	0	0	0	0	0	0	0	0	0	0	0	0	0	0	0	0	0	0	0	0	0	0	0	0	0	0	0	0	0	0	0	0	0	0
(7,25)	0	0	0	0	0	0	0	0	0	0	0	0	0	0	0	0	0	0	0	0	0	0	0	0	0	0	0	0	0	0	0	0	0	0	0	0	0.0002938740956	0.0002938740956	0.0002938740956	0.0002938740956	0.0002938740956	0.0002938740956	0.0002938740956	0.0002938740956	0.0002938740956	0	0	0	0	0	0	0	0	0	0	0	0	0	0	0	0	0	0	0	0	0	0	0	0	0	0	0	0	0	0	0	0	0	0	0	0	0	0	0	0	0	0	0	0	0	0.001158542108	0.001158542108	0.001158542108	0.001158542108	0.001158542108	0.001158542108	0.001158542108	0.001158542108	0.001158542108	0	0	0	0	0	0	0	0	0	0	0	0	0	0	0	0	0	0	0	0	0	0	0	0	0	0	0	0	0	0	0	0	0	0	0	0	0	0	0	0	0	0	0	0	0	0.004629929862	0.004629929862	0.004629929862	0.004629929862	0.004629929862	0.004629929862	0.004629929862	0.004629929862	0.004629929862	0	0	0	0	0	0	0	0	0	0	0	0	0	0	0	0	0	0	0	0	0	0	0	0	0	0	0	0	0	0	0	0	0	0	0	0	0	0	0	0	0	0	0	0	0	0.0185186598	0.0185186598	0.0185186598	0.0185186598	0.0185186598	0.0185186598	0.0185186598	0.0185186598	0.0185186598	0	0	0	0	0	0	0	0	0	0	0	0	0	0	0	0	0	0	0	0	0	0	0	0	0	0	0	0	0	0	0	0	0	0	0	0	0	0	0	0	0	0	0	0	0	0.004629929862	0.004629929862	0.004629929862	0.004629929862	0.004629929862	0.004629929862	0.004629929862	0.004629929862	0.004629929862	0	0	0	0	0	0	0	0	0	0	0	0	0	0	0	0	0	0	0	0	0	0	0	0	0	0	0	0	0	0	0	0	0	0	0	0	0	0	0	0	0	0	0	0	0	0.001158542108	0.001158542108	0.001158542108	0.001158542108	0.001158542108	0.001158542108	0.001158542108	0.001158542108	0.001158542108	0	0	0	0	0	0	0	0	0	0	0	0	0	0	0	0	0	0	0	0	0	0	0	0	0	0	0	0	0	0	0	0	0	0	0	0	0	0	0	0	0	0	0	0	0	0.0002938740956	0.0002938740956	0.0002938740956	0.0002938740956	0.0002938740956	0.0002938740956	0.0002938740956	0.0002938740956	0.0002938740956	0	0	0	0	0	0	0	0	0	0	0	0	0	0	0	0	0	0	0	0	0	0	0	0	0	0	0	0	0	0	0	0	0	0	0	0	0	0	0	0	0	0	0	0	0	9.042279864e-05	9.042279864e-05	9.042279864e-05	9.042279864e-05	9.042279864e-05	9.042279864e-05	9.042279864e-05	9.042279864e-05	9.042279864e-05	0	0	0	0	0	0	0	0	0	0	0	0	0	0	0	0	0	0	0	0	0	0	0	0	0	0	0	0	0	0	0	0	0	0	0	0	0	0	0	0	0	0	0	0	0	9.042279864e-05	9.042279864e-05	9.042279864e-05	9.042279864e-05	9.042279864e-05	9.042279864e-05	9.042279864e-05	9.042279864e-05	9.042279864e-05	0	0	0	0	0	0	0	0	0
(7,26)	0	0	0	0	0	0	0	0	0	0	0	0	0	0	0	0	0	0	0	0	0	0	0	0	0	0	0	0	0	0	0	0	0	0	0	0	0.0002938740956	0.0002938740956	0.0002938740956	0.0002938740956	0.0002938740956	0.0002938740956	0.0002938740956	0.0002938740956	0.0002938740956	0	0	0	0	0	0	0	0	0	0	0	0	0	0	0	0	0	0	0	0	0	0	0	0	0	0	0	0	0	0	0	0	0	0	0	0	0	0	0	0	0	0	0	0	0	0.001158542108	0.001158542108	0.001158542108	0.001158542108	0.001158542108	0.001158542108	0.001158542108	0.001158542108	0.001158542108	0	0	0	0	0	0	0	0	0	0	0	0	0	0	0	0	0	0	0	0	0	0	0	0	0	0	0	0	0	0	0	0	0	0	0	0	0	0	0	0	0	0	0	0	0	0.004629929862	0.004629929862	0.004629929862	0.004629929862	0.004629929862	0.004629929862	0.004629929862	0.004629929862	0.004629929862	0	0	0	0	0	0	0	0	0	0	0	0	0	0	0	0	0	0	0	0	0	0	0	0	0	0	0	0	0	0	0	0	0	0	0	0	0	0	0	0	0	0	0	0	0	0.0185186598	0.0185186598	0.0185186598	0.0185186598	0.0185186598	0.0185186598	0.0185186598	0.0185186598	0.0185186598	0	0	0	0	0	0	0	0	0	0	0	0	0	0	0	0	0	0	0	0	0	0	0	0	0	0	0	0	0	0	0	0	0	0	0	0	0	0	0	0	0	0	0	0	0	0.004629929862	0.004629929862	0.004629929862	0.004629929862	0.004629929862	0.004629929862	0.004629929862	0.004629929862	0.004629929862	0	0	0	0	0	0	0	0	0	0	0	0	0	0	0	0	0	0	0	0	0	0	0	0	0	0	0	0	0	0	0	0	0	0	0	0	0	0	0	0	0	0	0	0	0	0.001158542108	0.001158542108	0.001158542108	0.001158542108	0.001158542108	0.001158542108	0.001158542108	0.001158542108	0.001158542108	0	0	0	0	0	0	0	0	0	0	0	0	0	0	0	0	0	0	0	0	0	0	0	0	0	0	0	0	0	0	0	0	0	0	0	0	0	0	0	0	0	0	0	0	0	0.0002938740956	0.0002938740956	0.0002938740956	0.0002938740956	0.0002938740956	0.0002938740956	0.0002938740956	0.0002938740956	0.0002938740956	0	0	0	0	0	0	0	0	0	0	0	0	0	0	0	0	0	0	0	0	0	0	0	0	0	0	0	0	0	0	0	0	0	0	0	0	0	0	0	0	0	0	0	0	0	9.042279864e-05	9.042279864e-05	9.042279864e-05	9.042279864e-05	9.042279864e-05	9.042279864e-05	9.042279864e-05	9.042279864e-05	9.042279864e-05	0	0	0	0	0	0	0	0	0	0	0	0	0	0	0	0	0	0	0	0	0	0	0	0	0	0	0	0	0	0	0	0	0	0	0	0	0	0	0	0	0	0	0	0	0	9.042279864e-05	9.042279864e-05	9.042279864e-05	9.042279864e-05	9.042279864e-05	9.042279864e-05	9.042279864e-05	9.042279864e-05	9.042279864e-05	0	0	0	0	0	0	0	0	0
(8,0)	0.001627610376	0	0	0	0	0	0	0	0	0	0	0	0	0	0	0	0	0	0	0	0	0	0	0	0	0	0	0	0	0	0	0	0	0	0	0	0	0	0	0	0	0	0	0	0	0	0	0	0	0	0	0	0	0	0	0.0008816222867	0.0008816222867	0	0.0008816222867	0.0008816222867	0	0.0008816222867	0.0008816222867	0	0	0	0	0	0	0	0	0	0	0	0	0	0	0	0	0	0	0	0	0	0	0	0	0	0	0	0	0	0	0	0	0	0	0	0	0	0	0	0	0	0	0	0	0	0	0.003475626323	0.003475626323	0	0.003475626323	0.003475626323	0	0.003475626323	0.003475626323	0	0	0	0	0	0	0	0	0	0	0	0	0	0	0	0	0	0	0	0	0	0	0	0	0	0	0	0	0	0	0	0	0	0	0	0	0	0	0	0	0	0	0	0	0	0	0	0	0.04166936875	0	0	0.04166936875	0	0	0	0	0	0	0	0	0	0	0	0	0	0	0	0	0	0	0	0	0	0	0	0	0	0	0	0	0	0	0	0	0	0	0	0	0	0	0	0	0	0	0	0	0	0	0	0	0.05555597941	0.05555597941	0	0.05555597941	0.05555597941	0	0.05555597941	0.05555597941	0	0	0	0	0	0	0	0	0	0	0	0	0	0	0	0	0	0	0	0	0	0	0	0	0	0	0	0	0	0	0	0	0	0	0	0	0	0	0	0	0	0	0	0	0	0	0.01388978958	0.01388978958	0	0.01388978958	0.01388978958	0	0.01388978958	0.01388978958	0	0	0	0	0	0	0	0	0	0	0	0	0	0	0	0	0	0	0	0	0	0	0	0	0	0	0	0	0	0	0	0	0	0	0	0	0	0	0	0	0	0	0	0	0	0	0	0	0.01042687897	0	0	0.01042687897	0	0	0	0	0	0	0	0	0	0	0	0	0	0	0	0	0	0	0	0	0	0	0	0	0	0	0	0	0	0	0	0	0	0	0	0	0	0	0	0	0	0	0	0	0	0	0	0	0.0008816222867	0.0008816222867	0	0.0008816222867	0.0008816222867	0	0.0008816222867	0.0008816222867	0	0	0	0	0	0	0	0	0	0	0	0	0	0	0	0	0	0	0	0	0	0	0	0	0	0	0	0	0	0	0	0	0	0	0	0	0	0	0	0	0	0	0	0	0	0	0.0002712683959	0.0002712683959	0	0.0002712683959	0.0002712683959	0	0.0002712683959	0.0002712683959	0	0	0	0	0	0	0	0	0	0	0	0	0	0	0	0	0	0	0	0	0	0	0	0	0	0	0	0	0	0	0	0	0	0	0	0	0	0	0	0	0	0	0	0	0
(8,1)	0	0	0	0	0	0	0	0	0	0	0	0	0	0	0	0	0	0	0	0	0	0	0	0	0	0	0	0	0.0001537187577	0.0001537187577	0.0001537187577	0.0001537187577	0.0001537187577	0.0001537187577	0.0001537187577	0.0001537187577	0.0001537187577	0	0	0	0	0	0	0	0	0	0	0	0	0	0	0	0	0	0	0	0	0	0	0	0	0	0	0	0	0	0	0	0	0	0	0	0	0	0	0	0	0	0	0	0	0	0.0005809664813	0.0005809664813	0.0005809664813	0.0005809664813	0.0005809664813	0.0005809664813	0.0005809664813	0.0005809664813	0.0005809664813	0	0	0	0	0	0	0	0	0	0	0	0	0	0	0	0	0	0	0	0	0	0	0	0	0	0	0	0	0	0	0	0	0	0	0	0	0	0	0	0	0	0	0	0	0	0.002315388788	0.002315388788	0.002315388788	0.002315388788	0.002315388788	0.002315388788	0.002315388788	0.002315388788	0.002315388788	0	0	0	0	0	0	0	0	0	0	0	0	0	0	0	0	0	0	0	0	0	0	0	0	0	0	0	0	0	0	0	0	0	0	0	0	0	0	0	0	0	0	0	0	0	0.009259435866	0.009259435866	0.009259435866	0.009259435866	0.009259435866	0.009259435866	0.009259435866	0.009259435866	0.009259435866	0	0	0	0	0	0	0	0	0	0	0	0	0	0	0	0	0	0	0	0	0	0	0	0	0	0	0	0	0	0	0	0	0	0	0	0	0	0	0	0	0	0	0	0	0	0.009259435866	0.009259435866	0.009259435866	0.009259435866	0.009259435866	0.009259435866	0.009259435866	0.009259435866	0.009259435866	0	0	0	0	0	0	0	0	0	0	0	0	0	0	0	0	0	0	0	0	0	0	0	0	0	0	0	0	0	0	0	0	0	0	0	0	0	0	0	0	0	0	0	0	0	0.002315388788	0.002315388788	0.002315388788	0.002315388788	0.002315388788	0.002315388788	0.002315388788	0.002315388788	0.002315388788	0	0	0	0	0	0	0	0	0	0	0	0	0	0	0	0	0	0	0	0	0	0	0	0	0	0	0	0	0	0	0	0	0	0	0	0	0	0	0	0	0	0	0	0	0	0.0005809664813	0.0005809664813	0.0005809664813	0.0005809664813	0.0005809664813	0.0005809664813	0.0005809664813	0.0005809664813	0.0005809664813	0	0	0	0	0	0	0	0	0	0	0	0	0	0	0	0	0	0	0	0	0	0	0	0	0	0	0	0	0	0	0	0	0	0	0	0	0	0	0	0	0	0	0	0	0	0.0001537187577	0.0001537187577	0.0001537187577	0.0001537187577	0.0001537187577	0.0001537187577	0.0001537187577	0.0001537187577	0.0001537187577	0	0	0	0	0	0	0	0	0	0	0	0	0	0	0	0	0	0	0	0	0	0	0	0	0	0	0	0	0	0	0	0	0	0	0	0	0	0	0	0	0	0	0	0	0	7.233823891e-05	7.233823891e-05	7.233823891e-05	7.233823891e-05	7.233823891e-05	7.233823891e-05	7.233823891e-05	7.233823891e-05	7.233823891e-05	0	0	0	0	0	0	0	0	0	0	0	0	0	0	0	0	0
(8,2)	0	0	0	0	0	0	0	0	0	0	0	0	0	0	0	0	0	0	0	0	0	0	0	0	0	0	0	0	0.0001537187577	0.0001537187577	0.0001537187577	0.0001537187577	0.0001537187577	0.0001537187577	0.0001537187577	0.0001537187577	0.0001537187577	0	0	0	0	0	0	0	0	0	0	0	0	0	0	0	0	0	0	0	0	0	0	0	0	0	0	0	0	0	0	0	0	0	0	0	0	0	0	0	0	0	0	0	0	0	0.0005809664813	0.0005809664813	0.0005809664813	0.0005809664813	0.0005809664813	0.0005809664813	0.0005809664813	0.0005809664813	0.0005809664813	0	0	0	0	0	0	0	0	0	0	0	0	0	0	0	0	0	0	0	0	0	0	0	0	0	0	0	0	0	0	0	0	0	0	0	0	0	0	0	0	0	0	0	0	0	0.002315388788	0.002315388788	0.002315388788	0.002315388788	0.002315388788	0.002315388788	0.002315388788	0.002315388788	0.002315388788	0	0	0	0	0	0	0	0	0	0	0	0	0	0	0	0	0	0	0	0	0	0	0	0	0	0	0	0	0	0	0	0	0	0	0	0	0	0	0	0	0	0	0	0	0	0.009259435866	0.009259435866	0.009259435866	0.009259435866	0.009259435866	0.009259435866	0.009259435866	0.009259435866	0.009259435866	0	0	0	0	0	0	0	0	0	0	0	0	0	0	0	0	0	0	0	0	0	0	0	0	0	0	0	0	0	0	0	0	0	0	0	0	0	0	0	0	0	0	0	0	0	0.009259435866	0.009259435866	0.009259435866	0.009259435866	0.009259435866	0.009259435866	0.009259435866	0.009259435866	0.009259435866	0	0	0	0	0	0	0	0	0	0	0	0	0	0	0	0	0	0	0	0	0	0	0	0	0	0	0	0	0	0	0	0	0	0	0	0	0	0	0	0	0	0	0	0	0	0.002315388788	0.002315388788	0.002315388788	0.002315388788	0.002315388788	0.002315388788	0.002315388788	0.002315388788	0.002315388788	0	0	0	0	0	0	0	0	0	0	0	0	0	0	0	0	0	0	0	0	0	0	0	0	0	0	0	0	0	0	0	0	0	0	0	0	0	0	0	0	0	0	0	0	0	0.0005809664813	0.0005809664813	0.0005809664813	0.0005809664813	0.0005809664813	0.0005809664813	0.0005809664813	0.0005809664813	0.0005809664813	0	0	0	0	0	0	0	0	0	0	0	0	0	0	0	0	0	0	0	0	0	0	0	0	0	0	0	0	0	0	0	0	0	0	0	0	0	0	0	0	0	0	0	0	0	0.0001537187577	0.0001537187577	0.0001537187577	0.0001537187577	0.0001537187577	0.0001537187577	0.0001537187577	0.0001537187577	0.0001537187577	0	0	0	0	0	0	0	0	0	0	0	0	0	0	0	0	0	0	0	0	0	0	0	0	0	0	0	0	0	0	0	0	0	0	0	0	0	0	0	0	0	0	0	0	0	7.233823891e-05	7.233823891e-05	7.233823891e-05	7.233823891e-05	7.233823891e-05	7.233823891e-05	7.233823891e-05	7.233823891e-05	7.233823891e-05	0	0	0	0	0	0	0	0	0	0	0	0	0	0	0	0	0
(8,3)	0	0.001627610376	0	0	0	0	0	0	0	0	0	0	0	0	0	0	0	0	0	0	0	0	0	0	0	0	0	0	0	0	0	0	0	0	0	0	0	0	0	0	0	0	0	0	0	0	0	0	0	0	0	0	0	0	0	0	0.0008816222867	0.0008816222867	0	0.0008816222867	0.0008816222867	0	0.0008816222867	0.0008816222867	0	0	0	0	0	0	0	0	0	0	0	0	0	0	0	0	0	0	0	0	0	0	0	0	0	0	0	0	0	0	0	0	0	0	0	0	0	0	0	0	0	0	0	0	0	0	0.003475626323	0.003475626323	0	0.003475626323	0.003475626323	0	0.003475626323	0.003475626323	0	0	0	0	0	0	0	0	0	0	0	0	0	0	0	0	0	0	0	0	0	0	0	0	0	0	0	0	0	0	0	0	0	0	0	0	0	0	0	0	0	0	0	0	0	0	0	0	0.04166936875	0	0	0.04166936875	0	0	0	0	0	0	0	0	0	0	0	0	0	0	0	0	0	0	0	0	0	0	0	0	0	0	0	0	0	0	0	0	0	0	0	0	0	0	0	0	0	0	0	0	0	0	0	0	0.05555597941	0.05555597941	0	0.05555597941	0.05555597941	0	0.05555597941	0.05555597941	0	0	0	0	0	0	0	0	0	0	0	0	0	0	0	0	0	0	0	0	0	0	0	0	0	0	0	0	0	0	0	0	0	0	0	0	0	0	0	0	0	0	0	0	0	0	0.01388978958	0.01388978958	0	0.01388978958	0.01388978958	0	0.01388978958	0.01388978958	0	0	0	0	0	0	0	0	0	0	0	0	0	0	0	0	0	0	0	0	0	0	0	0	0	0	0	0	0	0	0	0	0	0	0	0	0	0	0	0	0	0	0	0	0	0	0	0	0.01042687897	0	0	0.01042687897	0	0	0	0	0	0	0	0	0	0	0	0	0	0	0	0	0	0	0	0	0	0	0	0	0	0	0	0	0	0	0	0	0	0	0	0	0	0	0	0	0	0	0	0	0	0	0	0	0.0008816222867	0.0008816222867	0	0.0008816222867	0.0008816222867	0	0.0008816222867	0.0008816222867	0	0	0	0	0	0	0	0	0	0	0	0	0	0	0	0	0	0	0	0	0	0	0	0	0	0	0	0	0	0	0	0	0	0	0	0	0	0	0	0	0	0	0	0	0	0	0.0002712683959	0.0002712683959	0	0.0002712683959	0.0002712683959	0	0.0002712683959	0.0002712683959	0	0	0	0	0	0	0	0	0	0	0	0	0	0	0	0	0	0	0	0	0	0	0	0	0	0	0	0	0	0	0	0	0	0	0	0	0	0	0	0	0	0	0	0
(8,4)	0	0	0	0	0	0	0	0	0	0	0	0	0	0	0	0	0	0	0	0	0	0	0	0	0	0	0	0	0	0.0001537187577	0.0001537187577	0.0001537187577	0.0001537187577	0.0001537187577	0.0001537187577	0.0001537187577	0.0001537187577	0.0001537187577	0	0	0	0	0	0	0	0	0	0	0	0	0	0	0	0	0	0	0	0	0	0	0	0	0	0	0	0	0	0	0	0	0	0	0	0	0	0	0	0	0	0	0	0	0	0.0005809664813	0.0005809664813	0.0005809664813	0.0005809664813	0.0005809664813	0.0005809664813	0.0005809664813	0.0005809664813	0.0005809664813	0	0	0	0	0	0	0	0	0	0	0	0	0	0	0	0	0	0	0	0	0	0	0	0	0	0	0	0	0	0	0	0	0	0	0	0	0	0	0	0	0	0	0	0	0	0.002315388788	0.002315388788	0.002315388788	0.002315388788	0.002315388788	0.002315388788	0.002315388788	0.002315388788	0.002315388788	0	0	0	0	0	0	0	0	0	0	0	0	0	0	0	0	0	0	0	0	0	0	0	0	0	0	0	0	0	0	0	0	0	0	0	0	0	0	0	0	0	0	0	0	0	0.009259435866	0.009259435866	0.009259435866	0.009259435866	0.009259435866	0.009259435866	0.009259435866	0.009259435866	0.009259435866	0	0	0	0	0	0	0	0	0	0	0	0	0	0	0	0	0	0	0	0	0	0	0	0	0	0	0	0	0	0	0	0	0	0	0	0	0	0	0	0	0	0	0	0	0	0.009259435866	0.009259435866	0.009259435866	0.009259435866	0.009259435866	0.009259435866	0.009259435866	0.009259435866	0.009259435866	0	0	0	0	0	0	0	0	0	0	0	0	0	0	0	0	0	0	0	0	0	0	0	0	0	0	0	0	0	0	0	0	0	0	0	0	0	0	0	0	0	0	0	0	0	0.002315388788	0.002315388788	0.002315388788	0.002315388788	0.002315388788	0.002315388788	0.002315388788	0.002315388788	0.002315388788	0	0	0	0	0	0	0	0	0	0	0	0	0	0	0	0	0	0	0	0	0	0	0	0	0	0	0	0	0	0	0	0	0	0	0	0	0	0	0	0	0	0	0	0	0	0.0005809664813	0.0005809664813	0.0005809664813	0.0005809664813	0.0005809664813	0.0005809664813	0.0005809664813	0.0005809664813	0.0005809664813	0	0	0	0	0	0	0	0	0	0	0	0	0	0	0	0	0	0	0	0	0	0	0	0	0	0	0	0	0	0	0	0	0	0	0	0	0	0	0	0	0	0	0	0	0	0.0001537187577	0.0001537187577	0.0001537187577	0.0001537187577	0.0001537187577	0.0001537187577	0.0001537187577	0.0001537187577	0.0001537187577	0	0	0	0	0	0	0	0	0	0	0	0	0	0	0	0	0	0	0	0	0	0	0	0	0	0	0	0	0	0	0	0	0	0	0	0	0	0	0	0	0	0	0	0	0	7.233823891e-05	7.233823891e-05	7.233823891e-05	7.233823891e-05	7.233823891e-05	7.233823891e-05	7.233823891e-05	7.233823891e-05	7.233823891e-05	0	0	0	0	0	0	0	0	0	0	0	0	0	0	0	0
(8,5)	0	0	0	0	0	0	0	0	0	0	0	0	0	0	0	0	0	0	0	0	0	0	0	0	0	0	0	0	0	0.0001537187577	0.0001537187577	0.0001537187577	0.0001537187577	0.0001537187577	0.0001537187577	0.0001537187577	0.0001537187577	0.0001537187577	0	0	0	0	0	0	0	0	0	0	0	0	0	0	0	0	0	0	0	0	0	0	0	0	0	0	0	0	0	0	0	0	0	0	0	0	0	0	0	0	0	0	0	0	0	0.0005809664813	0.0005809664813	0.0005809664813	0.0005809664813	0.0005809664813	0.0005809664813	0.0005809664813	0.0005809664813	0.0005809664813	0	0	0	0	0	0	0	0	0	0	0	0	0	0	0	0	0	0	0	0	0	0	0	0	0	0	0	0	0	0	0	0	0	0	0	0	0	0	0	0	0	0	0	0	0	0.002315388788	0.002315388788	0.002315388788	0.002315388788	0.002315388788	0.002315388788	0.002315388788	0.002315388788	0.002315388788	0	0	0	0	0	0	0	0	0	0	0	0	0	0	0	0	0	0	0	0	0	0	0	0	0	0	0	0	0	0	0	0	0	0	0	0	0	0	0	0	0	0	0	0	0	0.009259435866	0.009259435866	0.009259435866	0.009259435866	0.009259435866	0.009259435866	0.009259435866	0.009259435866	0.009259435866	0	0	0	0	0	0	0	0	0	0	0	0	0	0	0	0	0	0	0	0	0	0	0	0	0	0	0	0	0	0	0	0	0	0	0	0	0	0	0	0	0	0	0	0	0	0.009259435866	0.009259435866	0.009259435866	0.009259435866	0.009259435866	0.009259435866	0.009259435866	0.009259435866	0.009259435866	0	0	0	0	0	0	0	0	0	0	0	0	0	0	0	0	0	0	0	0	0	0	0	0	0	0	0	0	0	0	0	0	0	0	0	0	0	0	0	0	0	0	0	0	0	0.002315388788	0.002315388788	0.002315388788	0.002315388788	0.002315388788	0.002315388788	0.002315388788	0.002315388788	0.002315388788	0	0	0	0	0	0	0	0	0	0	0	0	0	0	0	0	0	0	0	0	0	0	0	0	0	0	0	0	0	0	0	0	0	0	0	0	0	0	0	0	0	0	0	0	0	0.0005809664813	0.0005809664813	0.0005809664813	0.0005809664813	0.0005809664813	0.0005809664813	0.0005809664813	0.0005809664813	0.0005809664813	0	0	0	0	0	0	0	0	0	0	0	0	0	0	0	0	0	0	0	0	0	0	0	0	0	0	0	0	0	0	0	0	0	0	0	0	0	0	0	0	0	0	0	0	0	0.0001537187577	0.0001537187577	0.0001537187577	0.0001537187577	0.0001537187577	0.0001537187577	0.0001537187577	0.0001537187577	0.0001537187577	0	0	0	0	0	0	0	0	0	0	0	0	0	0	0	0	0	0	0	0	0	0	0	0	0	0	0	0	0	0	0	0	0	0	0	0	0	0	0	0	0	0	0	0	0	7.233823891e-05	7.233823891e-05	7.233823891e-05	7.233823891e-05	7.233823891e-05	7.233823891e-05	7.233823891e-05	7.233823891e-05	7.233823891e-05	0	0	0	0	0	0	0	0	0	0	0	0	0	0	0	0
(8,6)	0	0	0.001627610376	0	0	0	0	0	0	0	0	0	0	0	0	0	0	0	0	0	0	0	0	0	0	0	0	0	0	0	0	0	0	0	0	0	0	0	0	0	0	0	0	0	0	0	0	0	0	0	0	0	0	0	0	0	0	0.0008816222867	0.0008816222867	0	0.0008816222867	0.0008816222867	0	0.0008816222867	0.0008816222867	0	0	0	0	0	0	0	0	0	0	0	0	0	0	0	0	0	0	0	0	0	0	0	0	0	0	0	0	0	0	0	0	0	0	0	0	0	0	0	0	0	0	0	0	0	0	0.003475626323	0.003475626323	0	0.003475626323	0.003475626323	0	0.003475626323	0.003475626323	0	0	0	0	0	0	0	0	0	0	0	0	0	0	0	0	0	0	0	0	0	0	0	0	0	0	0	0	0	0	0	0	0	0	0	0	0	0	0	0	0	0	0	0	0	0	0	0	0.04166936875	0	0	0.04166936875	0	0	0	0	0	0	0	0	0	0	0	0	0	0	0	0	0	0	0	0	0	0	0	0	0	0	0	0	0	0	0	0	0	0	0	0	0	0	0	0	0	0	0	0	0	0	0	0	0.05555597941	0.05555597941	0	0.05555597941	0.05555597941	0	0.05555597941	0.05555597941	0	0	0	0	0	0	0	0	0	0	0	0	0	0	0	0	0	0	0	0	0	0	0	0	0	0	0	0	0	0	0	0	0	0	0	0	0	0	0	0	0	0	0	0	0	0	0.01388978958	0.01388978958	0	0.01388978958	0.01388978958	0	0.01388978958	0.01388978958	0	0	0	0	0	0	0	0	0	0	0	0	0	0	0	0	0	0	0	0	0	0	0	0	0	0	0	0	0	0	0	0	0	0	0	0	0	0	0	0	0	0	0	0	0	0	0	0	0.01042687897	0	0	0.01042687897	0	0	0	0	0	0	0	0	0	0	0	0	0	0	0	0	0	0	0	0	0	0	0	0	0	0	0	0	0	0	0	0	0	0	0	0	0	0	0	0	0	0	0	0	0	0	0	0	0.0008816222867	0.0008816222867	0	0.0008816222867	0.0008816222867	0	0.0008816222867	0.0008816222867	0	0	0	0	0	0	0	0	0	0	0	0	0	0	0	0	0	0	0	0	0	0	0	0	0	0	0	0	0	0	0	0	0	0	0	0	0	0	0	0	0	0	0	0	0	0	0.0002712683959	0.0002712683959	0	0.0002712683959	0.0002712683959	0	0.0002712683959	0.0002712683959	0	0	0	0	0	0	0	0	0	0	0	0	0	0	0	0	0	0	0	0	0	0	0	0	0	0	0	0	0	0	0	0	0	0	0	0	0	0	0	0	0	0	0
(8,7)	0	0	0	0	0	0	0	0	0	0	0	0	0	0	0	0	0	0	0	0	0	0	0	0	0	0	0	0	0	0	0.0001537187577	0.0001537187577	0.0001537187577	0.0001537187577	0.0001537187577	0.0001537187577	0.0001537187577	0.0001537187577	0.0001537187577	0	0	0	0	0	0	0	0	0	0	0	0	0	0	0	0	0	0	0	0	0	0	0	0	0	0	0	0	0	0	0	0	0	0	0	0	0	0	0	0	0	0	0	0	0	0.0005809664813	0.0005809664813	0.0005809664813	0.0005809664813	0.0005809664813	0.0005809664813	0.0005809664813	0.0005809664813	0.0005809664813	0	0	0	0	0	0	0	0	0	0	0	0	0	0	0	0	0	0	0	0	0	0	0	0	0	0	0	0	0	0	0	0	0	0	0	0	0	0	0	0	0	0	0	0	0	0.002315388788	0.002315388788	0.002315388788	0.002315388788	0.002315388788	0.002315388788	0.002315388788	0.002315388788	0.002315388788	0	0	0	0	0	0	0	0	0	0	0	0	0	0	0	0	0	0	0	0	0	0	0	0	0	0	0	0	0	0	0	0	0	0	0	0	0	0	0	0	0	0	0	0	0	0.009259435866	0.009259435866	0.009259435866	0.009259435866	0.009259435866	0.009259435866	0.009259435866	0.009259435866	0.009259435866	0	0	0	0	0	0	0	0	0	0	0	0	0	0	0	0	0	0	0	0	0	0	0	0	0	0	0	0	0	0	0	0	0	0	0	0	0	0	0	0	0	0	0	0	0	0.009259435866	0.009259435866	0.009259435866	0.009259435866	0.009259435866	0.009259435866	0.009259435866	0.009259435866	0.009259435866	0	0	0	0	0	0	0	0	0	0	0	0	0	0	0	0	0	0	0	0	0	0	0	0	0	0	0	0	0	0	0	0	0	0	0	0	0	0	0	0	0	0	0	0	0	0.002315388788	0.002315388788	0.002315388788	0.002315388788	0.002315388788	0.002315388788	0.002315388788	0.002315388788	0.002315388788	0	0	0	0	0	0	0	0	0	0	0	0	0	0	0	0	0	0	0	0	0	0	0	0	0	0	0	0	0	0	0	0	0	0	0	0	0	0	0	0	0	0	0	0	0	0.0005809664813	0.0005809664813	0.0005809664813	0.0005809664813	0.0005809664813	0.0005809664813	0.0005809664813	0.0005809664813	0.0005809664813	0	0	0	0	0	0	0	0	0	0	0	0	0	0	0	0	0	0	0	0	0	0	0	0	0	0	0	0	0	0	0	0	0	0	0	0	0	0	0	0	0	0	0	0	0	0.0001537187577	0.0001537187577	0.0001537187577	0.0001537187577	0.0001537187577	0.0001537187577	0.0001537187577	0.0001537187577	0.0001537187577	0	0	0	0	0	0	0	0	0	0	0	0	0	0	0	0	0	0	0	0	0	0	0	0	0	0	0	0	0	0	0	0	0	0	0	0	0	0	0	0	0	0	0	0	0	7.233823891e-05	7.233823891e-05	7.233823891e-05	7.233823891e-05	7.233823891e-05	7.233823891e-05	7.233823891e-05	7.233823891e-05	7.233823891e-05	0	0	0	0	0	0	0	0	0	0	0	0	0	0	0
(8,8)	0	0	0	0	0	0	0	0	0	0	0	0	0	0	0	0	0	0	0	0	0	0	0	0	0	0	0	0	0	0	0.0001537187577	0.0001537187577	0.0001537187577	0.0001537187577	0.0001537187577	0.0001537187577	0.0001537187577	0.0001537187577	0.0001537187577	0	0	0	0	0	0	0	0	0	0	0	0	0	0	0	0	0	0	0	0	0	0	0	0	0	0	0	0	0	0	0	0	0	0	0	0	0	0	0	0	0	0	0	0	0	0.0005809664813	0.0005809664813	0.0005809664813	0.0005809664813	0.0005809664813	0.0005809664813	0.0005809664813	0.0005809664813	0.0005809664813	0	0	0	0	0	0	0	0	0	0	0	0	0	0	0	0	0	0	0	0	0	0	0	0	0	0	0	0	0	0	0	0	0	0	0	0	0	0	0	0	0	0	0	0	0	0.002315388788	0.002315388788	0.002315388788	0.002315388788	0.002315388788	0.002315388788	0.002315388788	0.002315388788	0.002315388788	0	0	0	0	0	0	0	0	0	0	0	0	0	0	0	0	0	0	0	0	0	0	0	0	0	0	0	0	0	0	0	0	0	0	0	0	0	0	0	0	0	0	0	0	0	0.009259435866	0.009259435866	0.009259435866	0.009259435866	0.009259435866	0.009259435866	0.009259435866	0.009259435866	0.009259435866	0	0	0	0	0	0	0	0	0	0	0	0	0	0	0	0	0	0	0	0	0	0	0	0	0	0	0	0	0	0	0	0	0	0	0	0	0	0	0	0	0	0	0	0	0	0.009259435866	0.009259435866	0.009259435866	0.009259435866	0.009259435866	0.009259435866	0.009259435866	0.009259435866	0.009259435866	0	0	0	0	0	0	0	0	0	0	0	0	0	0	0	0	0	0	0	0	0	0	0	0	0	0	0	0	0	0	0	0	0	0	0	0	0	0	0	0	0	0	0	0	0	0.002315388788	0.002315388788	0.002315388788	0.002315388788	0.002315388788	0.002315388788	0.002315388788	0.002315388788	0.002315388788	0	0	0	0	0	0	0	0	0	0	0	0	0	0	0	0	0	0	0	0	0	0	0	0	0	0	0	0	0	0	0	0	0	0	0	0	0	0	0	0	0	0	0	0	0	0.0005809664813	0.0005809664813	0.0005809664813	0.0005809664813	0.0005809664813	0.0005809664813	0.0005809664813	0.0005809664813	0.0005809664813	0	0	0	0	0	0	0	0	0	0	0	0	0	0	0	0	0	0	0	0	0	0	0	0	0	0	0	0	0	0	0	0	0	0	0	0	0	0	0	0	0	0	0	0	0	0.0001537187577	0.0001537187577	0.0001537187577	0.0001537187577	0.0001537187577	0.0001537187577	0.0001537187577	0.0001537187577	0.0001537187577	0	0	0	0	0	0	0	0	0	0	0	0	0	0	0	0	0	0	0	0	0	0	0	0	0	0	0	0	0	0	0	0	0	0	0	0	0	0	0	0	0	0	0	0	0	7.233823891e-05	7.233823891e-05	7.233823891e-05	7.233823891e-05	7.233823891e-05	7.233823891e-05	7.233823891e-05	7.233823891e-05	7.233823891e-05	0	0	0	0	0	0	0	0	0	0	0	0	0	0	0
(8,9)	0	0	0	0.001627610376	0	0	0	0	0	0	0	0	0	0	0	0	0	0	0	0	0	0	0	0	0	0	0	0	0	0	0	0	0	0	0	0	0	0	0	0	0	0	0	0	0	0	0	0	0	0	0	0	0	0	0	0	0	0	0.0008816222867	0.0008816222867	0	0.0008816222867	0.0008816222867	0	0.0008816222867	0.0008816222867	0	0	0	0	0	0	0	0	0	0	0	0	0	0	0	0	0	0	0	0	0	0	0	0	0	0	0	0	0	0	0	0	0	0	0	0	0	0	0	0	0	0	0	0	0	0	0.003475626323	0.003475626323	0	0.003475626323	0.003475626323	0	0.003475626323	0.003475626323	0	0	0	0	0	0	0	0	0	0	0	0	0	0	0	0	0	0	0	0	0	0	0	0	0	0	0	0	0	0	0	0	0	0	0	0	0	0	0	0	0	0	0	0	0	0	0	0	0.04166936875	0	0	0.04166936875	0	0	0	0	0	0	0	0	0	0	0	0	0	0	0	0	0	0	0	0	0	0	0	0	0	0	0	0	0	0	0	0	0	0	0	0	0	0	0	0	0	0	0	0	0	0	0	0	0.05555597941	0.05555597941	0	0.05555597941	0.05555597941	0	0.05555597941	0.05555597941	0	0	0	0	0	0	0	0	0	0	0	0	0	0	0	0	0	0	0	0	0	0	0	0	0	0	0	0	0	0	0	0	0	0	0	0	0	0	0	0	0	0	0	0	0	0	0.01388978958	0.01388978958	0	0.01388978958	0.01388978958	0	0.01388978958	0.01388978958	0	0	0	0	0	0	0	0	0	0	0	0	0	0	0	0	0	0	0	0	0	0	0	0	0	0	0	0	0	0	0	0	0	0	0	0	0	0	0	0	0	0	0	0	0	0	0	0	0.01042687897	0	0	0.01042687897	0	0	0	0	0	0	0	0	0	0	0	0	0	0	0	0	0	0	0	0	0	0	0	0	0	0	0	0	0	0	0	0	0	0	0	0	0	0	0	0	0	0	0	0	0	0	0	0	0.0008816222867	0.0008816222867	0	0.0008816222867	0.0008816222867	0	0.0008816222867	0.0008816222867	0	0	0	0	0	0	0	0	0	0	0	0	0	0	0	0	0	0	0	0	0	0	0	0	0	0	0	0	0	0	0	0	0	0	0	0	0	0	0	0	0	0	0	0	0	0	0.0002712683959	0.0002712683959	0	0.0002712683959	0.0002712683959	0	0.0002712683959	0.0002712683959	0	0	0	0	0	0	0	0	0	0	0	0	0	0	0	0	0	0	0	0	0	0	0	0	0	0	0	0	0	0	0	0	0	0	0	0	0	0	0	0	0	0
(8,10)	0	0	0	0	0	0	0	0	0	0	0	0	0	0	0	0	0	0	0	0	0	0	0	0	0	0	0	0	0	0	0	0.0001537187577	0.0001537187577	0.0001537187577	0.0001537187577	0.0001537187577	0.0001537187577	0.0001537187577	0.0001537187577	0.0001537187577	0	0	0	0	0	0	0	0	0	0	0	0	0	0	0	0	0	0	0	0	0	0	0	0	0	0	0	0	0	0	0	0	0	0	0	0	0	0	0	0	0	0	0	0	0	0.0005809664813	0.0005809664813	0.0005809664813	0.0005809664813	0.0005809664813	0.0005809664813	0.0005809664813	0.0005809664813	0.0005809664813	0	0	0	0	0	0	0	0	0	0	0	0	0	0	0	0	0	0	0	0	0	0	0	0	0	0	0	0	0	0	0	0	0	0	0	0	0	0	0	0	0	0	0	0	0	0.002315388788	0.002315388788	0.002315388788	0.002315388788	0.002315388788	0.002315388788	0.002315388788	0.002315388788	0.002315388788	0	0	0	0	0	0	0	0	0	0	0	0	0	0	0	0	0	0	0	0	0	0	0	0	0	0	0	0	0	0	0	0	0	0	0	0	0	0	0	0	0	0	0	0	0	0.009259435866	0.009259435866	0.009259435866	0.009259435866	0.009259435866	0.009259435866	0.009259435866	0.009259435866	0.009259435866	0	0	0	0	0	0	0	0	0	0	0	0	0	0	0	0	0	0	0	0	0	0	0	0	0	0	0	0	0	0	0	0	0	0	0	0	0	0	0	0	0	0	0	0	0	0.009259435866	0.009259435866	0.009259435866	0.009259435866	0.009259435866	0.009259435866	0.009259435866	0.009259435866	0.009259435866	0	0	0	0	0	0	0	0	0	0	0	0	0	0	0	0	0	0	0	0	0	0	0	0	0	0	0	0	0	0	0	0	0	0	0	0	0	0	0	0	0	0	0	0	0	0.002315388788	0.002315388788	0.002315388788	0.002315388788	0.002315388788	0.002315388788	0.002315388788	0.002315388788	0.002315388788	0	0	0	0	0	0	0	0	0	0	0	0	0	0	0	0	0	0	0	0	0	0	0	0	0	0	0	0	0	0	0	0	0	0	0	0	0	0	0	0	0	0	0	0	0	0.0005809664813	0.0005809664813	0.0005809664813	0.0005809664813	0.0005809664813	0.0005809664813	0.0005809664813	0.0005809664813	0.0005809664813	0	0	0	0	0	0	0	0	0	0	0	0	0	0	0	0	0	0	0	0	0	0	0	0	0	0	0	0	0	0	0	0	0	0	0	0	0	0	0	0	0	0	0	0	0	0.0001537187577	0.0001537187577	0.0001537187577	0.0001537187577	0.0001537187577	0.0001537187577	0.0001537187577	0.0001537187577	0.0001537187577	0	0	0	0	0	0	0	0	0	0	0	0	0	0	0	0	0	0	0	0	0	0	0	0	0	0	0	0	0	0	0	0	0	0	0	0	0	0	0	0	0	0	0	0	0	7.233823891e-05	7.233823891e-05	7.233823891e-05	7.233823891e-05	7.233823891e-05	7.233823891e-05	7.233823891e-05	7.233823891e-05	7.233823891e-05	0	0	0	0	0	0	0	0	0	0	0	0	0	0
(8,11)	0	0	0	0	0	0	0	0	0	0	0	0	0	0	0	0	0	0	0	0	0	0	0	0	0	0	0	0	0	0	0	0.0001537187577	0.0001537187577	0.0001537187577	0.0001537187577	0.0001537187577	0.0001537187577	0.0001537187577	0.0001537187577	0.0001537187577	0	0	0	0	0	0	0	0	0	0	0	0	0	0	0	0	0	0	0	0	0	0	0	0	0	0	0	0	0	0	0	0	0	0	0	0	0	0	0	0	0	0	0	0	0	0.0005809664813	0.0005809664813	0.0005809664813	0.0005809664813	0.0005809664813	0.0005809664813	0.0005809664813	0.0005809664813	0.0005809664813	0	0	0	0	0	0	0	0	0	0	0	0	0	0	0	0	0	0	0	0	0	0	0	0	0	0	0	0	0	0	0	0	0	0	0	0	0	0	0	0	0	0	0	0	0	0.002315388788	0.002315388788	0.002315388788	0.002315388788	0.002315388788	0.002315388788	0.002315388788	0.002315388788	0.002315388788	0	0	0	0	0	0	0	0	0	0	0	0	0	0	0	0	0	0	0	0	0	0	0	0	0	0	0	0	0	0	0	0	0	0	0	0	0	0	0	0	0	0	0	0	0	0.009259435866	0.009259435866	0.009259435866	0.009259435866	0.009259435866	0.009259435866	0.009259435866	0.009259435866	0.009259435866	0	0	0	0	0	0	0	0	0	0	0	0	0	0	0	0	0	0	0	0	0	0	0	0	0	0	0	0	0	0	0	0	0	0	0	0	0	0	0	0	0	0	0	0	0	0.009259435866	0.009259435866	0.009259435866	0.009259435866	0.009259435866	0.009259435866	0.009259435866	0.009259435866	0.009259435866	0	0	0	0	0	0	0	0	0	0	0	0	0	0	0	0	0	0	0	0	0	0	0	0	0	0	0	0	0	0	0	0	0	0	0	0	0	0	0	0	0	0	0	0	0	0.002315388788	0.002315388788	0.002315388788	0.002315388788	0.002315388788	0.002315388788	0.002315388788	0.002315388788	0.002315388788	0	0	0	0	0	0	0	0	0	0	0	0	0	0	0	0	0	0	0	0	0	0	0	0	0	0	0	0	0	0	0	0	0	0	0	0	0	0	0	0	0	0	0	0	0	0.0005809664813	0.0005809664813	0.0005809664813	0.0005809664813	0.0005809664813	0.0005809664813	0.0005809664813	0.0005809664813	0.0005809664813	0	0	0	0	0	0	0	0	0	0	0	0	0	0	0	0	0	0	0	0	0	0	0	0	0	0	0	0	0	0	0	0	0	0	0	0	0	0	0	0	0	0	0	0	0	0.0001537187577	0.0001537187577	0.0001537187577	0.0001537187577	0.0001537187577	0.0001537187577	0.0001537187577	0.0001537187577	0.0001537187577	0	0	0	0	0	0	0	0	0	0	0	0	0	0	0	0	0	0	0	0	0	0	0	0	0	0	0	0	0	0	0	0	0	0	0	0	0	0	0	0	0	0	0	0	0	7.233823891e-05	7.233823891e-05	7.233823891e-05	7.233823891e-05	7.233823891e-05	7.233823891e-05	7.233823891e-05	7.233823891e-05	7.233823891e-05	0	0	0	0	0	0	0	0	0	0	0	0	0	0
(8,12)	0	0	0	0	0.001627610376	0	0	0	0	0	0	0	0	0	0	0	0	0	0	0	0	0	0	0	0	0	0	0	0	0	0	0	0	0	0	0	0	0	0	0	0	0	0	0	0	0	0	0	0	0	0	0	0	0	0	0	0	0	0	0.0008816222867	0.0008816222867	0	0.0008816222867	0.0008816222867	0	0.0008816222867	0.0008816222867	0	0	0	0	0	0	0	0	0	0	0	0	0	0	0	0	0	0	0	0	0	0	0	0	0	0	0	0	0	0	0	0	0	0	0	0	0	0	0	0	0	0	0	0	0	0	0.003475626323	0.003475626323	0	0.003475626323	0.003475626323	0	0.003475626323	0.003475626323	0	0	0	0	0	0	0	0	0	0	0	0	0	0	0	0	0	0	0	0	0	0	0	0	0	0	0	0	0	0	0	0	0	0	0	0	0	0	0	0	0	0	0	0	0	0	0	0	0.04166936875	0	0	0.04166936875	0	0	0	0	0	0	0	0	0	0	0	0	0	0	0	0	0	0	0	0	0	0	0	0	0	0	0	0	0	0	0	0	0	0	0	0	0	0	0	0	0	0	0	0	0	0	0	0	0.05555597941	0.05555597941	0	0.05555597941	0.05555597941	0	0.05555597941	0.05555597941	0	0	0	0	0	0	0	0	0	0	0	0	0	0	0	0	0	0	0	0	0	0	0	0	0	0	0	0	0	0	0	0	0	0	0	0	0	0	0	0	0	0	0	0	0	0	0.01388978958	0.01388978958	0	0.01388978958	0.01388978958	0	0.01388978958	0.01388978958	0	0	0	0	0	0	0	0	0	0	0	0	0	0	0	0	0	0	0	0	0	0	0	0	0	0	0	0	0	0	0	0	0	0	0	0	0	0	0	0	0	0	0	0	0	0	0	0	0.01042687897	0	0	0.01042687897	0	0	0	0	0	0	0	0	0	0	0	0	0	0	0	0	0	0	0	0	0	0	0	0	0	0	0	0	0	0	0	0	0	0	0	0	0	0	0	0	0	0	0	0	0	0	0	0	0.0008816222867	0.0008816222867	0	0.0008816222867	0.0008816222867	0	0.0008816222867	0.0008816222867	0	0	0	0	0	0	0	0	0	0	0	0	0	0	0	0	0	0	0	0	0	0	0	0	0	0	0	0	0	0	0	0	0	0	0	0	0	0	0	0	0	0	0	0	0	0	0.0002712683959	0.0002712683959	0	0.0002712683959	0.0002712683959	0	0.0002712683959	0.0002712683959	0	0	0	0	0	0	0	0	0	0	0	0	0	0	0	0	0	0	0	0	0	0	0	0	0	0	0	0	0	0	0	0	0	0	0	0	0	0	0	0	0
(8,13)	0	0	0	0	0	0	0	0	0	0	0	0	0	0	0	0	0	0	0	0	0	0	0	0	0	0	0	0	0	0	0	0	0.0001537187577	0.0001537187577	0.0001537187577	0.0001537187577	0.0001537187577	0.0001537187577	0.0001537187577	0.0001537187577	0.0001537187577	0	0	0	0	0	0	0	0	0	0	0	0	0	0	0	0	0	0	0	0	0	0	0	0	0	0	0	0	0	0	0	0	0	0	0	0	0	0	0	0	0	0	0	0	0	0.0005809664813	0.0005809664813	0.0005809664813	0.0005809664813	0.0005809664813	0.0005809664813	0.0005809664813	0.0005809664813	0.0005809664813	0	0	0	0	0	0	0	0	0	0	0	0	0	0	0	0	0	0	0	0	0	0	0	0	0	0	0	0	0	0	0	0	0	0	0	0	0	0	0	0	0	0	0	0	0	0.002315388788	0.002315388788	0.002315388788	0.002315388788	0.002315388788	0.002315388788	0.002315388788	0.002315388788	0.002315388788	0	0	0	0	0	0	0	0	0	0	0	0	0	0	0	0	0	0	0	0	0	0	0	0	0	0	0	0	0	0	0	0	0	0	0	0	0	0	0	0	0	0	0	0	0	0.009259435866	0.009259435866	0.009259435866	0.009259435866	0.009259435866	0.009259435866	0.009259435866	0.009259435866	0.009259435866	0	0	0	0	0	0	0	0	0	0	0	0	0	0	0	0	0	0	0	0	0	0	0	0	0	0	0	0	0	0	0	0	0	0	0	0	0	0	0	0	0	0	0	0	0	0.009259435866	0.009259435866	0.009259435866	0.009259435866	0.009259435866	0.009259435866	0.009259435866	0.009259435866	0.009259435866	0	0	0	0	0	0	0	0	0	0	0	0	0	0	0	0	0	0	0	0	0	0	0	0	0	0	0	0	0	0	0	0	0	0	0	0	0	0	0	0	0	0	0	0	0	0.002315388788	0.002315388788	0.002315388788	0.002315388788	0.002315388788	0.002315388788	0.002315388788	0.002315388788	0.002315388788	0	0	0	0	0	0	0	0	0	0	0	0	0	0	0	0	0	0	0	0	0	0	0	0	0	0	0	0	0	0	0	0	0	0	0	0	0	0	0	0	0	0	0	0	0	0.0005809664813	0.0005809664813	0.0005809664813	0.0005809664813	0.0005809664813	0.0005809664813	0.0005809664813	0.0005809664813	0.0005809664813	0	0	0	0	0	0	0	0	0	0	0	0	0	0	0	0	0	0	0	0	0	0	0	0	0	0	0	0	0	0	0	0	0	0	0	0	0	0	0	0	0	0	0	0	0	0.0001537187577	0.0001537187577	0.0001537187577	0.0001537187577	0.0001537187577	0.0001537187577	0.0001537187577	0.0001537187577	0.0001537187577	0	0	0	0	0	0	0	0	0	0	0	0	0	0	0	0	0	0	0	0	0	0	0	0	0	0	0	0	0	0	0	0	0	0	0	0	0	0	0	0	0	0	0	0	0	7.233823891e-05	7.233823891e-05	7.233823891e-05	7.233823891e-05	7.233823891e-05	7.233823891e-05	7.233823891e-05	7.233823891e-05	7.233823891e-05	0	0	0	0	0	0	0	0	0	0	0	0	0
(8,14)	0	0	0	0	0	0	0	0	0	0	0	0	0	0	0	0	0	0	0	0	0	0	0	0	0	0	0	0	0	0	0	0	0.0001537187577	0.0001537187577	0.0001537187577	0.0001537187577	0.0001537187577	0.0001537187577	0.0001537187577	0.0001537187577	0.0001537187577	0	0	0	0	0	0	0	0	0	0	0	0	0	0	0	0	0	0	0	0	0	0	0	0	0	0	0	0	0	0	0	0	0	0	0	0	0	0	0	0	0	0	0	0	0	0.0005809664813	0.0005809664813	0.0005809664813	0.0005809664813	0.0005809664813	0.0005809664813	0.0005809664813	0.0005809664813	0.0005809664813	0	0	0	0	0	0	0	0	0	0	0	0	0	0	0	0	0	0	0	0	0	0	0	0	0	0	0	0	0	0	0	0	0	0	0	0	0	0	0	0	0	0	0	0	0	0.002315388788	0.002315388788	0.002315388788	0.002315388788	0.002315388788	0.002315388788	0.002315388788	0.002315388788	0.002315388788	0	0	0	0	0	0	0	0	0	0	0	0	0	0	0	0	0	0	0	0	0	0	0	0	0	0	0	0	0	0	0	0	0	0	0	0	0	0	0	0	0	0	0	0	0	0.009259435866	0.009259435866	0.009259435866	0.009259435866	0.009259435866	0.009259435866	0.009259435866	0.009259435866	0.009259435866	0	0	0	0	0	0	0	0	0	0	0	0	0	0	0	0	0	0	0	0	0	0	0	0	0	0	0	0	0	0	0	0	0	0	0	0	0	0	0	0	0	0	0	0	0	0.009259435866	0.009259435866	0.009259435866	0.009259435866	0.009259435866	0.009259435866	0.009259435866	0.009259435866	0.009259435866	0	0	0	0	0	0	0	0	0	0	0	0	0	0	0	0	0	0	0	0	0	0	0	0	0	0	0	0	0	0	0	0	0	0	0	0	0	0	0	0	0	0	0	0	0	0.002315388788	0.002315388788	0.002315388788	0.002315388788	0.002315388788	0.002315388788	0.002315388788	0.002315388788	0.002315388788	0	0	0	0	0	0	0	0	0	0	0	0	0	0	0	0	0	0	0	0	0	0	0	0	0	0	0	0	0	0	0	0	0	0	0	0	0	0	0	0	0	0	0	0	0	0.0005809664813	0.0005809664813	0.0005809664813	0.0005809664813	0.0005809664813	0.0005809664813	0.0005809664813	0.0005809664813	0.0005809664813	0	0	0	0	0	0	0	0	0	0	0	0	0	0	0	0	0	0	0	0	0	0	0	0	0	0	0	0	0	0	0	0	0	0	0	0	0	0	0	0	0	0	0	0	0	0.0001537187577	0.0001537187577	0.0001537187577	0.0001537187577	0.0001537187577	0.0001537187577	0.0001537187577	0.0001537187577	0.0001537187577	0	0	0	0	0	0	0	0	0	0	0	0	0	0	0	0	0	0	0	0	0	0	0	0	0	0	0	0	0	0	0	0	0	0	0	0	0	0	0	0	0	0	0	0	0	7.233823891e-05	7.233823891e-05	7.233823891e-05	7.233823891e-05	7.233823891e-05	7.233823891e-05	7.233823891e-05	7.233823891e-05	7.233823891e-05	0	0	0	0	0	0	0	0	0	0	0	0	0
(8,15)	0	0	0	0	0	0.001627610376	0	0	0	0	0	0	0	0	0	0	0	0	0	0	0	0	0	0	0	0	0	0	0	0	0	0	0	0	0	0	0	0	0	0	0	0	0	0	0	0	0	0	0	0	0	0	0	0	0	0	0	0	0	0	0.0008816222867	0.0008816222867	0	0.0008816222867	0.0008816222867	0	0.0008816222867	0.0008816222867	0	0	0	0	0	0	0	0	0	0	0	0	0	0	0	0	0	0	0	0	0	0	0	0	0	0	0	0	0	0	0	0	0	0	0	0	0	0	0	0	0	0	0	0	0	0	0.003475626323	0.003475626323	0	0.003475626323	0.003475626323	0	0.003475626323	0.003475626323	0	0	0	0	0	0	0	0	0	0	0	0	0	0	0	0	0	0	0	0	0	0	0	0	0	0	0	0	0	0	0	0	0	0	0	0	0	0	0	0	0	0	0	0	0	0	0	0	0.04166936875	0	0	0.04166936875	0	0	0	0	0	0	0	0	0	0	0	0	0	0	0	0	0	0	0	0	0	0	0	0	0	0	0	0	0	0	0	0	0	0	0	0	0	0	0	0	0	0	0	0	0	0	0	0	0.05555597941	0.05555597941	0	0.05555597941	0.05555597941	0	0.05555597941	0.05555597941	0	0	0	0	0	0	0	0	0	0	0	0	0	0	0	0	0	0	0	0	0	0	0	0	0	0	0	0	0	0	0	0	0	0	0	0	0	0	0	0	0	0	0	0	0	0	0.01388978958	0.01388978958	0	0.01388978958	0.01388978958	0	0.01388978958	0.01388978958	0	0	0	0	0	0	0	0	0	0	0	0	0	0	0	0	0	0	0	0	0	0	0	0	0	0	0	0	0	0	0	0	0	0	0	0	0	0	0	0	0	0	0	0	0	0	0	0	0.01042687897	0	0	0.01042687897	0	0	0	0	0	0	0	0	0	0	0	0	0	0	0	0	0	0	0	0	0	0	0	0	0	0	0	0	0	0	0	0	0	0	0	0	0	0	0	0	0	0	0	0	0	0	0	0	0.0008816222867	0.0008816222867	0	0.0008816222867	0.0008816222867	0	0.0008816222867	0.0008816222867	0	0	0	0	0	0	0	0	0	0	0	0	0	0	0	0	0	0	0	0	0	0	0	0	0	0	0	0	0	0	0	0	0	0	0	0	0	0	0	0	0	0	0	0	0	0	0.0002712683959	0.0002712683959	0	0.0002712683959	0.0002712683959	0	0.0002712683959	0.0002712683959	0	0	0	0	0	0	0	0	0	0	0	0	0	0	0	0	0	0	0	0	0	0	0	0	0	0	0	0	0	0	0	0	0	0	0	0	0	0	0	0
(8,16)	0	0	0	0	0	0	0	0	0	0	0	0	0	0	0	0	0	0	0	0	0	0	0	0	0	0	0	0	0	0	0	0	0	0.0001537187577	0.0001537187577	0.0001537187577	0.0001537187577	0.0001537187577	0.0001537187577	0.0001537187577	0.0001537187577	0.0001537187577	0	0	0	0	0	0	0	0	0	0	0	0	0	0	0	0	0	0	0	0	0	0	0	0	0	0	0	0	0	0	0	0	0	0	0	0	0	0	0	0	0	0	0	0	0	0.0005809664813	0.0005809664813	0.0005809664813	0.0005809664813	0.0005809664813	0.0005809664813	0.0005809664813	0.0005809664813	0.0005809664813	0	0	0	0	0	0	0	0	0	0	0	0	0	0	0	0	0	0	0	0	0	0	0	0	0	0	0	0	0	0	0	0	0	0	0	0	0	0	0	0	0	0	0	0	0	0.002315388788	0.002315388788	0.002315388788	0.002315388788	0.002315388788	0.002315388788	0.002315388788	0.002315388788	0.002315388788	0	0	0	0	0	0	0	0	0	0	0	0	0	0	0	0	0	0	0	0	0	0	0	0	0	0	0	0	0	0	0	0	0	0	0	0	0	0	0	0	0	0	0	0	0	0.009259435866	0.009259435866	0.009259435866	0.009259435866	0.009259435866	0.009259435866	0.009259435866	0.009259435866	0.009259435866	0	0	0	0	0	0	0	0	0	0	0	0	0	0	0	0	0	0	0	0	0	0	0	0	0	0	0	0	0	0	0	0	0	0	0	0	0	0	0	0	0	0	0	0	0	0.009259435866	0.009259435866	0.009259435866	0.009259435866	0.009259435866	0.009259435866	0.009259435866	0.009259435866	0.009259435866	0	0	0	0	0	0	0	0	0	0	0	0	0	0	0	0	0	0	0	0	0	0	0	0	0	0	0	0	0	0	0	0	0	0	0	0	0	0	0	0	0	0	0	0	0	0.002315388788	0.002315388788	0.002315388788	0.002315388788	0.002315388788	0.002315388788	0.002315388788	0.002315388788	0.002315388788	0	0	0	0	0	0	0	0	0	0	0	0	0	0	0	0	0	0	0	0	0	0	0	0	0	0	0	0	0	0	0	0	0	0	0	0	0	0	0	0	0	0	0	0	0	0.0005809664813	0.0005809664813	0.0005809664813	0.0005809664813	0.0005809664813	0.0005809664813	0.0005809664813	0.0005809664813	0.0005809664813	0	0	0	0	0	0	0	0	0	0	0	0	0	0	0	0	0	0	0	0	0	0	0	0	0	0	0	0	0	0	0	0	0	0	0	0	0	0	0	0	0	0	0	0	0	0.0001537187577	0.0001537187577	0.0001537187577	0.0001537187577	0.0001537187577	0.0001537187577	0.0001537187577	0.0001537187577	0.0001537187577	0	0	0	0	0	0	0	0	0	0	0	0	0	0	0	0	0	0	0	0	0	0	0	0	0	0	0	0	0	0	0	0	0	0	0	0	0	0	0	0	0	0	0	0	0	7.233823891e-05	7.233823891e-05	7.233823891e-05	7.233823891e-05	7.233823891e-05	7.233823891e-05	7.233823891e-05	7.233823891e-05	7.233823891e-05	0	0	0	0	0	0	0	0	0	0	0	0
(8,17)	0	0	0	0	0	0	0	0	0	0	0	0	0	0	0	0	0	0	0	0	0	0	0	0	0	0	0	0	0	0	0	0	0	0.0001537187577	0.0001537187577	0.0001537187577	0.0001537187577	0.0001537187577	0.0001537187577	0.0001537187577	0.0001537187577	0.0001537187577	0	0	0	0	0	0	0	0	0	0	0	0	0	0	0	0	0	0	0	0	0	0	0	0	0	0	0	0	0	0	0	0	0	0	0	0	0	0	0	0	0	0	0	0	0	0.0005809664813	0.0005809664813	0.0005809664813	0.0005809664813	0.0005809664813	0.0005809664813	0.0005809664813	0.0005809664813	0.0005809664813	0	0	0	0	0	0	0	0	0	0	0	0	0	0	0	0	0	0	0	0	0	0	0	0	0	0	0	0	0	0	0	0	0	0	0	0	0	0	0	0	0	0	0	0	0	0.002315388788	0.002315388788	0.002315388788	0.002315388788	0.002315388788	0.002315388788	0.002315388788	0.002315388788	0.002315388788	0	0	0	0	0	0	0	0	0	0	0	0	0	0	0	0	0	0	0	0	0	0	0	0	0	0	0	0	0	0	0	0	0	0	0	0	0	0	0	0	0	0	0	0	0	0.009259435866	0.009259435866	0.009259435866	0.009259435866	0.009259435866	0.009259435866	0.009259435866	0.009259435866	0.009259435866	0	0	0	0	0	0	0	0	0	0	0	0	0	0	0	0	0	0	0	0	0	0	0	0	0	0	0	0	0	0	0	0	0	0	0	0	0	0	0	0	0	0	0	0	0	0.009259435866	0.009259435866	0.009259435866	0.009259435866	0.009259435866	0.009259435866	0.009259435866	0.009259435866	0.009259435866	0	0	0	0	0	0	0	0	0	0	0	0	0	0	0	0	0	0	0	0	0	0	0	0	0	0	0	0	0	0	0	0	0	0	0	0	0	0	0	0	0	0	0	0	0	0.002315388788	0.002315388788	0.002315388788	0.002315388788	0.002315388788	0.002315388788	0.002315388788	0.002315388788	0.002315388788	0	0	0	0	0	0	0	0	0	0	0	0	0	0	0	0	0	0	0	0	0	0	0	0	0	0	0	0	0	0	0	0	0	0	0	0	0	0	0	0	0	0	0	0	0	0.0005809664813	0.0005809664813	0.0005809664813	0.0005809664813	0.0005809664813	0.0005809664813	0.0005809664813	0.0005809664813	0.0005809664813	0	0	0	0	0	0	0	0	0	0	0	0	0	0	0	0	0	0	0	0	0	0	0	0	0	0	0	0	0	0	0	0	0	0	0	0	0	0	0	0	0	0	0	0	0	0.0001537187577	0.0001537187577	0.0001537187577	0.0001537187577	0.0001537187577	0.0001537187577	0.0001537187577	0.0001537187577	0.0001537187577	0	0	0	0	0	0	0	0	0	0	0	0	0	0	0	0	0	0	0	0	0	0	0	0	0	0	0	0	0	0	0	0	0	0	0	0	0	0	0	0	0	0	0	0	0	7.233823891e-05	7.233823891e-05	7.233823891e-05	7.233823891e-05	7.233823891e-05	7.233823891e-05	7.233823891e-05	7.233823891e-05	7.233823891e-05	0	0	0	0	0	0	0	0	0	0	0	0
(8,18)	0	0	0	0	0	0	0.001627610376	0	0	0	0	0	0	0	0	0	0	0	0	0	0	0	0	0	0	0	0	0	0	0	0	0	0	0	0	0	0	0	0	0	0	0	0	0	0	0	0	0	0	0	0	0	0	0	0	0	0	0	0	0	0	0.0008816222867	0.0008816222867	0	0.0008816222867	0.0008816222867	0	0.0008816222867	0.0008816222867	0	0	0	0	0	0	0	0	0	0	0	0	0	0	0	0	0	0	0	0	0	0	0	0	0	0	0	0	0	0	0	0	0	0	0	0	0	0	0	0	0	0	0	0	0	0	0.003475626323	0.003475626323	0	0.003475626323	0.003475626323	0	0.003475626323	0.003475626323	0	0	0	0	0	0	0	0	0	0	0	0	0	0	0	0	0	0	0	0	0	0	0	0	0	0	0	0	0	0	0	0	0	0	0	0	0	0	0	0	0	0	0	0	0	0	0	0	0.04166936875	0	0	0.04166936875	0	0	0	0	0	0	0	0	0	0	0	0	0	0	0	0	0	0	0	0	0	0	0	0	0	0	0	0	0	0	0	0	0	0	0	0	0	0	0	0	0	0	0	0	0	0	0	0	0.05555597941	0.05555597941	0	0.05555597941	0.05555597941	0	0.05555597941	0.05555597941	0	0	0	0	0	0	0	0	0	0	0	0	0	0	0	0	0	0	0	0	0	0	0	0	0	0	0	0	0	0	0	0	0	0	0	0	0	0	0	0	0	0	0	0	0	0	0.01388978958	0.01388978958	0	0.01388978958	0.01388978958	0	0.01388978958	0.01388978958	0	0	0	0	0	0	0	0	0	0	0	0	0	0	0	0	0	0	0	0	0	0	0	0	0	0	0	0	0	0	0	0	0	0	0	0	0	0	0	0	0	0	0	0	0	0	0	0	0.01042687897	0	0	0.01042687897	0	0	0	0	0	0	0	0	0	0	0	0	0	0	0	0	0	0	0	0	0	0	0	0	0	0	0	0	0	0	0	0	0	0	0	0	0	0	0	0	0	0	0	0	0	0	0	0	0.0008816222867	0.0008816222867	0	0.0008816222867	0.0008816222867	0	0.0008816222867	0.0008816222867	0	0	0	0	0	0	0	0	0	0	0	0	0	0	0	0	0	0	0	0	0	0	0	0	0	0	0	0	0	0	0	0	0	0	0	0	0	0	0	0	0	0	0	0	0	0	0.0002712683959	0.0002712683959	0	0.0002712683959	0.0002712683959	0	0.0002712683959	0.0002712683959	0	0	0	0	0	0	0	0	0	0	0	0	0	0	0	0	0	0	0	0	0	0	0	0	0	0	0	0	0	0	0	0	0	0	0	0	0	0	0
(8,19)	0	0	0	0	0	0	0	0	0	0	0	0	0	0	0	0	0	0	0	0	0	0	0	0	0	0	0	0	0	0	0	0	0	0	0.0001537187577	0.0001537187577	0.0001537187577	0.0001537187577	0.0001537187577	0.0001537187577	0.0001537187577	0.0001537187577	0.0001537187577	0	0	0	0	0	0	0	0	0	0	0	0	0	0	0	0	0	0	0	0	0	0	0	0	0	0	0	0	0	0	0	0	0	0	0	0	0	0	0	0	0	0	0	0	0	0.0005809664813	0.0005809664813	0.0005809664813	0.0005809664813	0.0005809664813	0.0005809664813	0.0005809664813	0.0005809664813	0.0005809664813	0	0	0	0	0	0	0	0	0	0	0	0	0	0	0	0	0	0	0	0	0	0	0	0	0	0	0	0	0	0	0	0	0	0	0	0	0	0	0	0	0	0	0	0	0	0.002315388788	0.002315388788	0.002315388788	0.002315388788	0.002315388788	0.002315388788	0.002315388788	0.002315388788	0.002315388788	0	0	0	0	0	0	0	0	0	0	0	0	0	0	0	0	0	0	0	0	0	0	0	0	0	0	0	0	0	0	0	0	0	0	0	0	0	0	0	0	0	0	0	0	0	0.009259435866	0.009259435866	0.009259435866	0.009259435866	0.009259435866	0.009259435866	0.009259435866	0.009259435866	0.009259435866	0	0	0	0	0	0	0	0	0	0	0	0	0	0	0	0	0	0	0	0	0	0	0	0	0	0	0	0	0	0	0	0	0	0	0	0	0	0	0	0	0	0	0	0	0	0.009259435866	0.009259435866	0.009259435866	0.009259435866	0.009259435866	0.009259435866	0.009259435866	0.009259435866	0.009259435866	0	0	0	0	0	0	0	0	0	0	0	0	0	0	0	0	0	0	0	0	0	0	0	0	0	0	0	0	0	0	0	0	0	0	0	0	0	0	0	0	0	0	0	0	0	0.002315388788	0.002315388788	0.002315388788	0.002315388788	0.002315388788	0.002315388788	0.002315388788	0.002315388788	0.002315388788	0	0	0	0	0	0	0	0	0	0	0	0	0	0	0	0	0	0	0	0	0	0	0	0	0	0	0	0	0	0	0	0	0	0	0	0	0	0	0	0	0	0	0	0	0	0.0005809664813	0.0005809664813	0.0005809664813	0.0005809664813	0.0005809664813	0.0005809664813	0.0005809664813	0.0005809664813	0.0005809664813	0	0	0	0	0	0	0	0	0	0	0	0	0	0	0	0	0	0	0	0	0	0	0	0	0	0	0	0	0	0	0	0	0	0	0	0	0	0	0	0	0	0	0	0	0	0.0001537187577	0.0001537187577	0.0001537187577	0.0001537187577	0.0001537187577	0.0001537187577	0.0001537187577	0.0001537187577	0.0001537187577	0	0	0	0	0	0	0	0	0	0	0	0	0	0	0	0	0	0	0	0	0	0	0	0	0	0	0	0	0	0	0	0	0	0	0	0	0	0	0	0	0	0	0	0	0	7.233823891e-05	7.233823891e-05	7.233823891e-05	7.233823891e-05	7.233823891e-05	7.233823891e-05	7.233823891e-05	7.233823891e-05	7.233823891e-05	0	0	0	0	0	0	0	0	0	0	0
(8,20)	0	0	0	0	0	0	0	0	0	0	0	0	0	0	0	0	0	0	0	0	0	0	0	0	0	0	0	0	0	0	0	0	0	0	0.0001537187577	0.0001537187577	0.0001537187577	0.0001537187577	0.0001537187577	0.0001537187577	0.0001537187577	0.0001537187577	0.0001537187577	0	0	0	0	0	0	0	0	0	0	0	0	0	0	0	0	0	0	0	0	0	0	0	0	0	0	0	0	0	0	0	0	0	0	0	0	0	0	0	0	0	0	0	0	0	0.0005809664813	0.0005809664813	0.0005809664813	0.0005809664813	0.0005809664813	0.0005809664813	0.0005809664813	0.0005809664813	0.0005809664813	0	0	0	0	0	0	0	0	0	0	0	0	0	0	0	0	0	0	0	0	0	0	0	0	0	0	0	0	0	0	0	0	0	0	0	0	0	0	0	0	0	0	0	0	0	0.002315388788	0.002315388788	0.002315388788	0.002315388788	0.002315388788	0.002315388788	0.002315388788	0.002315388788	0.002315388788	0	0	0	0	0	0	0	0	0	0	0	0	0	0	0	0	0	0	0	0	0	0	0	0	0	0	0	0	0	0	0	0	0	0	0	0	0	0	0	0	0	0	0	0	0	0.009259435866	0.009259435866	0.009259435866	0.009259435866	0.009259435866	0.009259435866	0.009259435866	0.009259435866	0.009259435866	0	0	0	0	0	0	0	0	0	0	0	0	0	0	0	0	0	0	0	0	0	0	0	0	0	0	0	0	0	0	0	0	0	0	0	0	0	0	0	0	0	0	0	0	0	0.009259435866	0.009259435866	0.009259435866	0.009259435866	0.009259435866	0.009259435866	0.009259435866	0.009259435866	0.009259435866	0	0	0	0	0	0	0	0	0	0	0	0	0	0	0	0	0	0	0	0	0	0	0	0	0	0	0	0	0	0	0	0	0	0	0	0	0	0	0	0	0	0	0	0	0	0.002315388788	0.002315388788	0.002315388788	0.002315388788	0.002315388788	0.002315388788	0.002315388788	0.002315388788	0.002315388788	0	0	0	0	0	0	0	0	0	0	0	0	0	0	0	0	0	0	0	0	0	0	0	0	0	0	0	0	0	0	0	0	0	0	0	0	0	0	0	0	0	0	0	0	0	0.0005809664813	0.0005809664813	0.0005809664813	0.0005809664813	0.0005809664813	0.0005809664813	0.0005809664813	0.0005809664813	0.0005809664813	0	0	0	0	0	0	0	0	0	0	0	0	0	0	0	0	0	0	0	0	0	0	0	0	0	0	0	0	0	0	0	0	0	0	0	0	0	0	0	0	0	0	0	0	0	0.0001537187577	0.0001537187577	0.0001537187577	0.0001537187577	0.0001537187577	0.0001537187577	0.0001537187577	0.0001537187577	0.0001537187577	0	0	0	0	0	0	0	0	0	0	0	0	0	0	0	0	0	0	0	0	0	0	0	0	0	0	0	0	0	0	0	0	0	0	0	0	0	0	0	0	0	0	0	0	0	7.233823891e-05	7.233823891e-05	7.233823891e-05	7.233823891e-05	7.233823891e-05	7.233823891e-05	7.233823891e-05	7.233823891e-05	7.233823891e-05	0	0	0	0	0	0	0	0	0	0	0
(8,21)	0	0	0	0	0	0	0	0.001627610376	0	0	0	0	0	0	0	0	0	0	0	0	0	0	0	0	0	0	0	0	0	0	0	0	0	0	0	0	0	0	0	0	0	0	0	0	0	0	0	0	0	0	0	0	0	0	0	0	0	0	0	0	0	0	0.0008816222867	0.0008816222867	0	0.0008816222867	0.0008816222867	0	0.0008816222867	0.0008816222867	0	0	0	0	0	0	0	0	0	0	0	0	0	0	0	0	0	0	0	0	0	0	0	0	0	0	0	0	0	0	0	0	0	0	0	0	0	0	0	0	0	0	0	0	0	0	0.003475626323	0.003475626323	0	0.003475626323	0.003475626323	0	0.003475626323	0.003475626323	0	0	0	0	0	0	0	0	0	0	0	0	0	0	0	0	0	0	0	0	0	0	0	0	0	0	0	0	0	0	0	0	0	0	0	0	0	0	0	0	0	0	0	0	0	0	0	0	0.04166936875	0	0	0.04166936875	0	0	0	0	0	0	0	0	0	0	0	0	0	0	0	0	0	0	0	0	0	0	0	0	0	0	0	0	0	0	0	0	0	0	0	0	0	0	0	0	0	0	0	0	0	0	0	0	0.05555597941	0.05555597941	0	0.05555597941	0.05555597941	0	0.05555597941	0.05555597941	0	0	0	0	0	0	0	0	0	0	0	0	0	0	0	0	0	0	0	0	0	0	0	0	0	0	0	0	0	0	0	0	0	0	0	0	0	0	0	0	0	0	0	0	0	0	0.01388978958	0.01388978958	0	0.01388978958	0.01388978958	0	0.01388978958	0.01388978958	0	0	0	0	0	0	0	0	0	0	0	0	0	0	0	0	0	0	0	0	0	0	0	0	0	0	0	0	0	0	0	0	0	0	0	0	0	0	0	0	0	0	0	0	0	0	0	0	0.01042687897	0	0	0.01042687897	0	0	0	0	0	0	0	0	0	0	0	0	0	0	0	0	0	0	0	0	0	0	0	0	0	0	0	0	0	0	0	0	0	0	0	0	0	0	0	0	0	0	0	0	0	0	0	0	0.0008816222867	0.0008816222867	0	0.0008816222867	0.0008816222867	0	0.0008816222867	0.0008816222867	0	0	0	0	0	0	0	0	0	0	0	0	0	0	0	0	0	0	0	0	0	0	0	0	0	0	0	0	0	0	0	0	0	0	0	0	0	0	0	0	0	0	0	0	0	0	0.0002712683959	0.0002712683959	0	0.0002712683959	0.0002712683959	0	0.0002712683959	0.0002712683959	0	0	0	0	0	0	0	0	0	0	0	0	0	0	0	0	0	0	0	0	0	0	0	0	0	0	0	0	0	0	0	0	0	0	0	0	0	0
(8,22)	0	0	0	0	0	0	0	0	0	0	0	0	0	0	0	0	0	0	0	0	0	0	0	0	0	0	0	0	0	0	0	0	0	0	0	0.0001537187577	0.0001537187577	0.0001537187577	0.0001537187577	0.0001537187577	0.0001537187577	0.0001537187577	0.0001537187577	0.0001537187577	0	0	0	0	0	0	0	0	0	0	0	0	0	0	0	0	0	0	0	0	0	0	0	0	0	0	0	0	0	0	0	0	0	0	0	0	0	0	0	0	0	0	0	0	0	0.0005809664813	0.0005809664813	0.0005809664813	0.0005809664813	0.0005809664813	0.0005809664813	0.0005809664813	0.0005809664813	0.0005809664813	0	0	0	0	0	0	0	0	0	0	0	0	0	0	0	0	0	0	0	0	0	0	0	0	0	0	0	0	0	0	0	0	0	0	0	0	0	0	0	0	0	0	0	0	0	0.002315388788	0.002315388788	0.002315388788	0.002315388788	0.002315388788	0.002315388788	0.002315388788	0.002315388788	0.002315388788	0	0	0	0	0	0	0	0	0	0	0	0	0	0	0	0	0	0	0	0	0	0	0	0	0	0	0	0	0	0	0	0	0	0	0	0	0	0	0	0	0	0	0	0	0	0.009259435866	0.009259435866	0.009259435866	0.009259435866	0.009259435866	0.009259435866	0.009259435866	0.009259435866	0.009259435866	0	0	0	0	0	0	0	0	0	0	0	0	0	0	0	0	0	0	0	0	0	0	0	0	0	0	0	0	0	0	0	0	0	0	0	0	0	0	0	0	0	0	0	0	0	0.009259435866	0.009259435866	0.009259435866	0.009259435866	0.009259435866	0.009259435866	0.009259435866	0.009259435866	0.009259435866	0	0	0	0	0	0	0	0	0	0	0	0	0	0	0	0	0	0	0	0	0	0	0	0	0	0	0	0	0	0	0	0	0	0	0	0	0	0	0	0	0	0	0	0	0	0.002315388788	0.002315388788	0.002315388788	0.002315388788	0.002315388788	0.002315388788	0.002315388788	0.002315388788	0.002315388788	0	0	0	0	0	0	0	0	0	0	0	0	0	0	0	0	0	0	0	0	0	0	0	0	0	0	0	0	0	0	0	0	0	0	0	0	0	0	0	0	0	0	0	0	0	0.0005809664813	0.0005809664813	0.0005809664813	0.0005809664813	0.0005809664813	0.0005809664813	0.0005809664813	0.0005809664813	0.0005809664813	0	0	0	0	0	0	0	0	0	0	0	0	0	0	0	0	0	0	0	0	0	0	0	0	0	0	0	0	0	0	0	0	0	0	0	0	0	0	0	0	0	0	0	0	0	0.0001537187577	0.0001537187577	0.0001537187577	0.0001537187577	0.0001537187577	0.0001537187577	0.0001537187577	0.0001537187577	0.0001537187577	0	0	0	0	0	0	0	0	0	0	0	0	0	0	0	0	0	0	0	0	0	0	0	0	0	0	0	0	0	0	0	0	0	0	0	0	0	0	0	0	0	0	0	0	0	7.233823891e-05	7.233823891e-05	7.233823891e-05	7.233823891e-05	7.233823891e-05	7.233823891e-05	7.233823891e-05	7.233823891e-05	7.233823891e-05	0	0	0	0	0	0	0	0	0	0
(8,23)	0	0	0	0	0	0	0	0	0	0	0	0	0	0	0	0	0	0	0	0	0	0	0	0	0	0	0	0	0	0	0	0	0	0	0	0.0001537187577	0.0001537187577	0.0001537187577	0.0001537187577	0.0001537187577	0.0001537187577	0.0001537187577	0.0001537187577	0.0001537187577	0	0	0	0	0	0	0	0	0	0	0	0	0	0	0	0	0	0	0	0	0	0	0	0	0	0	0	0	0	0	0	0	0	0	0	0	0	0	0	0	0	0	0	0	0	0.0005809664813	0.0005809664813	0.0005809664813	0.0005809664813	0.0005809664813	0.0005809664813	0.0005809664813	0.0005809664813	0.0005809664813	0	0	0	0	0	0	0	0	0	0	0	0	0	0	0	0	0	0	0	0	0	0	0	0	0	0	0	0	0	0	0	0	0	0	0	0	0	0	0	0	0	0	0	0	0	0.002315388788	0.002315388788	0.002315388788	0.002315388788	0.002315388788	0.002315388788	0.002315388788	0.002315388788	0.002315388788	0	0	0	0	0	0	0	0	0	0	0	0	0	0	0	0	0	0	0	0	0	0	0	0	0	0	0	0	0	0	0	0	0	0	0	0	0	0	0	0	0	0	0	0	0	0.009259435866	0.009259435866	0.009259435866	0.009259435866	0.009259435866	0.009259435866	0.009259435866	0.009259435866	0.009259435866	0	0	0	0	0	0	0	0	0	0	0	0	0	0	0	0	0	0	0	0	0	0	0	0	0	0	0	0	0	0	0	0	0	0	0	0	0	0	0	0	0	0	0	0	0	0.009259435866	0.009259435866	0.009259435866	0.009259435866	0.009259435866	0.009259435866	0.009259435866	0.009259435866	0.009259435866	0	0	0	0	0	0	0	0	0	0	0	0	0	0	0	0	0	0	0	0	0	0	0	0	0	0	0	0	0	0	0	0	0	0	0	0	0	0	0	0	0	0	0	0	0	0.002315388788	0.002315388788	0.002315388788	0.002315388788	0.002315388788	0.002315388788	0.002315388788	0.002315388788	0.002315388788	0	0	0	0	0	0	0	0	0	0	0	0	0	0	0	0	0	0	0	0	0	0	0	0	0	0	0	0	0	0	0	0	0	0	0	0	0	0	0	0	0	0	0	0	0	0.0005809664813	0.0005809664813	0.0005809664813	0.0005809664813	0.0005809664813	0.0005809664813	0.0005809664813	0.0005809664813	0.0005809664813	0	0	0	0	0	0	0	0	0	0	0	0	0	0	0	0	0	0	0	0	0	0	0	0	0	0	0	0	0	0	0	0	0	0	0	0	0	0	0	0	0	0	0	0	0	0.0001537187577	0.0001537187577	0.0001537187577	0.0001537187577	0.0001537187577	0.0001537187577	0.0001537187577	0.0001537187577	0.0001537187577	0	0	0	0	0	0	0	0	0	0	0	0	0	0	0	0	0	0	0	0	0	0	0	0	0	0	0	0	0	0	0	0	0	0	0	0	0	0	0	0	0	0	0	0	0	7.233823891e-05	7.233823891e-05	7.233823891e-05	7.233823891e-05	7.233823891e-05	7.233823891e-05	7.233823891e-05	7.233823891e-05	7.233823891e-05	0	0	0	0	0	0	0	0	0	0
(8,24)	0	0	0	0	0	0	0	0	0.001627610376	0	0	0	0	0	0	0	0	0	0	0	0	0	0	0	0	0	0	0	0	0	0	0	0	0	0	0	0	0	0	0	0	0	0	0	0	0	0	0	0	0	0	0	0	0	0	0	0	0	0	0	0	0	0	0.0008816222867	0.0008816222867	0	0.0008816222867	0.0008816222867	0	0.0008816222867	0.0008816222867	0	0	0	0	0	0	0	0	0	0	0	0	0	0	0	0	0	0	0	0	0	0	0	0	0	0	0	0	0	0	0	0	0	0	0	0	0	0	0	0	0	0	0	0	0	0	0.003475626323	0.003475626323	0	0.003475626323	0.003475626323	0	0.003475626323	0.003475626323	0	0	0	0	0	0	0	0	0	0	0	0	0	0	0	0	0	0	0	0	0	0	0	0	0	0	0	0	0	0	0	0	0	0	0	0	0	0	0	0	0	0	0	0	0	0	0	0	0.04166936875	0	0	0.04166936875	0	0	0	0	0	0	0	0	0	0	0	0	0	0	0	0	0	0	0	0	0	0	0	0	0	0	0	0	0	0	0	0	0	0	0	0	0	0	0	0	0	0	0	0	0	0	0	0	0.05555597941	0.05555597941	0	0.05555597941	0.05555597941	0	0.05555597941	0.05555597941	0	0	0	0	0	0	0	0	0	0	0	0	0	0	0	0	0	0	0	0	0	0	0	0	0	0	0	0	0	0	0	0	0	0	0	0	0	0	0	0	0	0	0	0	0	0	0.01388978958	0.01388978958	0	0.01388978958	0.01388978958	0	0.01388978958	0.01388978958	0	0	0	0	0	0	0	0	0	0	0	0	0	0	0	0	0	0	0	0	0	0	0	0	0	0	0	0	0	0	0	0	0	0	0	0	0	0	0	0	0	0	0	0	0	0	0	0	0.01042687897	0	0	0.01042687897	0	0	0	0	0	0	0	0	0	0	0	0	0	0	0	0	0	0	0	0	0	0	0	0	0	0	0	0	0	0	0	0	0	0	0	0	0	0	0	0	0	0	0	0	0	0	0	0	0.0008816222867	0.0008816222867	0	0.0008816222867	0.0008816222867	0	0.0008816222867	0.0008816222867	0	0	0	0	0	0	0	0	0	0	0	0	0	0	0	0	0	0	0	0	0	0	0	0	0	0	0	0	0	0	0	0	0	0	0	0	0	0	0	0	0	0	0	0	0	0	0.0002712683959	0.0002712683959	0	0.0002712683959	0.0002712683959	0	0.0002712683959	0.0002712683959	0	0	0	0	0	0	0	0	0	0	0	0	0	0	0	0	0	0	0	0	0	0	0	0	0	0	0	0	0	0	0	0	0	0	0	0	0
(8,25)	0	0	0	0	0	0	0	0	0	0	0	0	0	0	0	0	0	0	0	0	0	0	0	0	0	0	0	0	0	0	0	0	0	0	0	0	0.0001537187577	0.0001537187577	0.0001537187577	0.0001537187577	0.0001537187577	0.0001537187577	0.0001537187577	0.0001537187577	0.0001537187577	0	0	0	0	0	0	0	0	0	0	0	0	0	0	0	0	0	0	0	0	0	0	0	0	0	0	0	0	0	0	0	0	0	0	0	0	0	0	0	0	0	0	0	0	0	0.0005809664813	0.0005809664813	0.0005809664813	0.0005809664813	0.0005809664813	0.0005809664813	0.0005809664813	0.0005809664813	0.0005809664813	0	0	0	0	0	0	0	0	0	0	0	0	0	0	0	0	0	0	0	0	0	0	0	0	0	0	0	0	0	0	0	0	0	0	0	0	0	0	0	0	0	0	0	0	0	0.002315388788	0.002315388788	0.002315388788	0.002315388788	0.002315388788	0.002315388788	0.002315388788	0.002315388788	0.002315388788	0	0	0	0	0	0	0	0	0	0	0	0	0	0	0	0	0	0	0	0	0	0	0	0	0	0	0	0	0	0	0	0	0	0	0	0	0	0	0	0	0	0	0	0	0	0.009259435866	0.009259435866	0.009259435866	0.009259435866	0.009259435866	0.009259435866	0.009259435866	0.009259435866	0.009259435866	0	0	0	0	0	0	0	0	0	0	0	0	0	0	0	0	0	0	0	0	0	0	0	0	0	0	0	0	0	0	0	0	0	0	0	0	0	0	0	0	0	0	0	0	0	0.009259435866	0.009259435866	0.009259435866	0.009259435866	0.009259435866	0.009259435866	0.009259435866	0.009259435866	0.009259435866	0	0	0	0	0	0	0	0	0	0	0	0	0	0	0	0	0	0	0	0	0	0	0	0	0	0	0	0	0	0	0	0	0	0	0	0	0	0	0	0	0	0	0	0	0	0.002315388788	0.002315388788	0.002315388788	0.002315388788	0.002315388788	0.002315388788	0.002315388788	0.002315388788	0.002315388788	0	0	0	0	0	0	0	0	0	0	0	0	0	0	0	0	0	0	0	0	0	0	0	0	0	0	0	0	0	0	0	0	0	0	0	0	0	0	0	0	0	0	0	0	0	0.0005809664813	0.0005809664813	0.0005809664813	0.0005809664813	0.0005809664813	0.0005809664813	0.0005809664813	0.0005809664813	0.0005809664813	0	0	0	0	0	0	0	0	0	0	0	0	0	0	0	0	0	0	0	0	0	0	0	0	0	0	0	0	0	0	0	0	0	0	0	0	0	0	0	0	0	0	0	0	0	0.0001537187577	0.0001537187577	0.0001537187577	0.0001537187577	0.0001537187577	0.0001537187577	0.0001537187577	0.0001537187577	0.0001537187577	0	0	0	0	0	0	0	0	0	0	0	0	0	0	0	0	0	0	0	0	0	0	0	0	0	0	0	0	0	0	0	0	0	0	0	0	0	0	0	0	0	0	0	0	0	7.233823891e-05	7.233823891e-05	7.233823891e-05	7.233823891e-05	7.233823891e-05	7.233823891e-05	7.233823891e-05	7.233823891e-05	7.233823891e-05	0	0	0	0	0	0	0	0	0
(8,26)	0	0	0	0	0	0	0	0	0	0	0	0	0	0	0	0	0	0	0	0	0	0	0	0	0	0	0	0	0	0	0	0	0	0	0	0	0.0001537187577	0.0001537187577	0.0001537187577	0.0001537187577	0.0001537187577	0.0001537187577	0.0001537187577	0.0001537187577	0.0001537187577	0	0	0	0	0	0	0	0	0	0	0	0	0	0	0	0	0	0	0	0	0	0	0	0	0	0	0	0	0	0	0	0	0	0	0	0	0	0	0	0	0	0	0	0	0	0.0005809664813	0.0005809664813	0.0005809664813	0.0005809664813	0.0005809664813	0.0005809664813	0.0005809664813	0.0005809664813	0.0005809664813	0	0	0	0	0	0	0	0	0	0	0	0	0	0	0	0	0	0	0	0	0	0	0	0	0	0	0	0	0	0	0	0	0	0	0	0	0	0	0	0	0	0	0	0	0	0.002315388788	0.002315388788	0.002315388788	0.002315388788	0.002315388788	0.002315388788	0.002315388788	0.002315388788	0.002315388788	0	0	0	0	0	0	0	0	0	0	0	0	0	0	0	0	0	0	0	0	0	0	0	0	0	0	0	0	0	0	0	0	0	0	0	0	0	0	0	0	0	0	0	0	0	0.009259435866	0.009259435866	0.009259435866	0.009259435866	0.009259435866	0.009259435866	0.009259435866	0.009259435866	0.009259435866	0	0	0	0	0	0	0	0	0	0	0	0	0	0	0	0	0	0	0	0	0	0	0	0	0	0	0	0	0	0	0	0	0	0	0	0	0	0	0	0	0	0	0	0	0	0.009259435866	0.009259435866	0.009259435866	0.009259435866	0.009259435866	0.009259435866	0.009259435866	0.009259435866	0.009259435866	0	0	0	0	0	0	0	0	0	0	0	0	0	0	0	0	0	0	0	0	0	0	0	0	0	0	0	0	0	0	0	0	0	0	0	0	0	0	0	0	0	0	0	0	0	0.002315388788	0.002315388788	0.002315388788	0.002315388788	0.002315388788	0.002315388788	0.002315388788	0.002315388788	0.002315388788	0	0	0	0	0	0	0	0	0	0	0	0	0	0	0	0	0	0	0	0	0	0	0	0	0	0	0	0	0	0	0	0	0	0	0	0	0	0	0	0	0	0	0	0	0	0.0005809664813	0.0005809664813	0.0005809664813	0.0005809664813	0.0005809664813	0.0005809664813	0.0005809664813	0.0005809664813	0.0005809664813	0	0	0	0	0	0	0	0	0	0	0	0	0	0	0	0	0	0	0	0	0	0	0	0	0	0	0	0	0	0	0	0	0	0	0	0	0	0	0	0	0	0	0	0	0	0.0001537187577	0.0001537187577	0.0001537187577	0.0001537187577	0.0001537187577	0.0001537187577	0.0001537187577	0.0001537187577	0.0001537187577	0	0	0	0	0	0	0	0	0	0	0	0	0	0	0	0	0	0	0	0	0	0	0	0	0	0	0	0	0	0	0	0	0	0	0	0	0	0	0	0	0	0	0	0	0	7.233823891e-05	7.233823891e-05	7.233823891e-05	7.233823891e-05	7.233823891e-05	7.233823891e-05	7.233823891e-05	7.233823891e-05	7.233823891e-05	0	0	0	0	0	0	0	0	0
(9,0)	0.0013020883	0	0	0	0	0	0	0	0	0	0	0	0	0	0	0	0	0	0	0	0	0	0	0	0	0	0	0	0	0	0	0	0	0	0	0	0	0	0	0	0	0	0	0	0	0	0	0	0	0	0	0	0	0	0	0.0004611562731	0.0004611562731	0	0.0004611562731	0.0004611562731	0	0.0004611562731	0.0004611562731	0	0	0	0	0	0	0	0	0	0	0	0	0	0	0	0	0	0	0	0	0	0	0	0	0	0	0	0	0	0	0	0	0	0	0	0	0	0	0	0	0	0	0	0	0	0	0.001742899444	0.001742899444	0	0.001742899444	0.001742899444	0	0.001742899444	0.001742899444	0	0	0	0	0	0	0	0	0	0	0	0	0	0	0	0	0	0	0	0	0	0	0	0	0	0	0	0	0	0	0	0	0	0	0	0	0	0	0	0	0	0	0	0	0	0	0	0	0.02083849909	0	0	0.02083849909	0	0	0	0	0	0	0	0	0	0	0	0	0	0	0	0	0	0	0	0	0	0	0	0	0	0	0	0	0	0	0	0	0	0	0	0	0	0	0	0	0	0	0	0	0	0	0	0	0.0277783076	0.0277783076	0	0.0277783076	0.0277783076	0	0.0277783076	0.0277783076	0	0	0	0	0	0	0	0	0	0	0	0	0	0	0	0	0	0	0	0	0	0	0	0	0	0	0	0	0	0	0	0	0	0	0	0	0	0	0	0	0	0	0	0	0	0	0.0277783076	0.0277783076	0	0.0277783076	0.0277783076	0	0.0277783076	0.0277783076	0	0	0	0	0	0	0	0	0	0	0	0	0	0	0	0	0	0	0	0	0	0	0	0	0	0	0	0	0	0	0	0	0	0	0	0	0	0	0	0	0	0	0	0	0	0	0	0	0.02083849909	0	0	0.02083849909	0	0	0	0	0	0	0	0	0	0	0	0	0	0	0	0	0	0	0	0	0	0	0	0	0	0	0	0	0	0	0	0	0	0	0	0	0	0	0	0	0	0	0	0	0	0	0	0	0.001742899444	0.001742899444	0	0.001742899444	0.001742899444	0	0.001742899444	0.001742899444	0	0	0	0	0	0	0	0	0	0	0	0	0	0	0	0	0	0	0	0	0	0	0	0	0	0	0	0	0	0	0	0	0	0	0	0	0	0	0	0	0	0	0	0	0	0	0.0004611562731	0.0004611562731	0	0.0004611562731	0.0004611562731	0	0.0004611562731	0.0004611562731	0	0	0	0	0	0	0	0	0	0	0	0	0	0	0	0	0	0	0	0	0	0	0	0	0	0	0	0	0	0	0	0	0	0	0	0	0	0	0	0	0	0	0	0	0
(9,1)	0	0	0	0	0	0	0	0	0	0	0	0	0	0	0	0	0	0	0	0	0	0	0	0	0	0	0	0	9.042279864e-05	9.042279864e-05	9.042279864e-05	9.042279864e-05	9.042279864e-05	9.042279864e-05	9.042279864e-05	9.042279864e-05	9.042279864e-05	0	0	0	0	0	0	0	0	0	0	0	0	0	0	0	0	0	0	0	0	0	0	0	0	0	0	0	0	0	0	0	0	0	0	0	0	0	0	0	0	0	0	0	0	0	0.0002938740956	0.0002938740956	0.0002938740956	0.0002938740956	0.0002938740956	0.0002938740956	0.0002938740956	0.0002938740956	0.0002938740956	0	0	0	0	0	0	0	0	0	0	0	0	0	0	0	0	0	0	0	0	0	0	0	0	0	0	0	0	0	0	0	0	0	0	0	0	0	0	0	0	0	0	0	0	0	0.001158542108	0.001158542108	0.001158542108	0.001158542108	0.001158542108	0.001158542108	0.001158542108	0.001158542108	0.001158542108	0	0	0	0	0	0	0	0	0	0	0	0	0	0	0	0	0	0	0	0	0	0	0	0	0	0	0	0	0	0	0	0	0	0	0	0	0	0	0	0	0	0	0	0	0	0.004629929862	0.004629929862	0.004629929862	0.004629929862	0.004629929862	0.004629929862	0.004629929862	0.004629929862	0.004629929862	0	0	0	0	0	0	0	0	0	0	0	0	0	0	0	0	0	0	0	0	0	0	0	0	0	0	0	0	0	0	0	0	0	0	0	0	0	0	0	0	0	0	0	0	0	0.0185186598	0.0185186598	0.0185186598	0.0185186598	0.0185186598	0.0185186598	0.0185186598	0.0185186598	0.0185186598	0	0	0	0	0	0	0	0	0	0	0	0	0	0	0	0	0	0	0	0	0	0	0	0	0	0	0	0	0	0	0	0	0	0	0	0	0	0	0	0	0	0	0	0	0	0.004629929862	0.004629929862	0.004629929862	0.004629929862	0.004629929862	0.004629929862	0.004629929862	0.004629929862	0.004629929862	0	0	0	0	0	0	0	0	0	0	0	0	0	0	0	0	0	0	0	0	0	0	0	0	0	0	0	0	0	0	0	0	0	0	0	0	0	0	0	0	0	0	0	0	0	0.001158542108	0.001158542108	0.001158542108	0.001158542108	0.001158542108	0.001158542108	0.001158542108	0.001158542108	0.001158542108	0	0	0	0	0	0	0	0	0	0	0	0	0	0	0	0	0	0	0	0	0	0	0	0	0	0	0	0	0	0	0	0	0	0	0	0	0	0	0	0	0	0	0	0	0	0.0002938740956	0.0002938740956	0.0002938740956	0.0002938740956	0.0002938740956	0.0002938740956	0.0002938740956	0.0002938740956	0.0002938740956	0	0	0	0	0	0	0	0	0	0	0	0	0	0	0	0	0	0	0	0	0	0	0	0	0	0	0	0	0	0	0	0	0	0	0	0	0	0	0	0	0	0	0	0	0	9.042279864e-05	9.042279864e-05	9.042279864e-05	9.042279864e-05	9.042279864e-05	9.042279864e-05	9.042279864e-05	9.042279864e-05	9.042279864e-05	0	0	0	0	0	0	0	0	0	0	0	0	0	0	0	0	0
(9,2)	0	0	0	0	0	0	0	0	0	0	0	0	0	0	0	0	0	0	0	0	0	0	0	0	0	0	0	0	9.042279864e-05	9.042279864e-05	9.042279864e-05	9.042279864e-05	9.042279864e-05	9.042279864e-05	9.042279864e-05	9.042279864e-05	9.042279864e-05	0	0	0	0	0	0	0	0	0	0	0	0	0	0	0	0	0	0	0	0	0	0	0	0	0	0	0	0	0	0	0	0	0	0	0	0	0	0	0	0	0	0	0	0	0	0.0002938740956	0.0002938740956	0.0002938740956	0.0002938740956	0.0002938740956	0.0002938740956	0.0002938740956	0.0002938740956	0.0002938740956	0	0	0	0	0	0	0	0	0	0	0	0	0	0	0	0	0	0	0	0	0	0	0	0	0	0	0	0	0	0	0	0	0	0	0	0	0	0	0	0	0	0	0	0	0	0.001158542108	0.001158542108	0.001158542108	0.001158542108	0.001158542108	0.001158542108	0.001158542108	0.001158542108	0.001158542108	0	0	0	0	0	0	0	0	0	0	0	0	0	0	0	0	0	0	0	0	0	0	0	0	0	0	0	0	0	0	0	0	0	0	0	0	0	0	0	0	0	0	0	0	0	0.004629929862	0.004629929862	0.004629929862	0.004629929862	0.004629929862	0.004629929862	0.004629929862	0.004629929862	0.004629929862	0	0	0	0	0	0	0	0	0	0	0	0	0	0	0	0	0	0	0	0	0	0	0	0	0	0	0	0	0	0	0	0	0	0	0	0	0	0	0	0	0	0	0	0	0	0.0185186598	0.0185186598	0.0185186598	0.0185186598	0.0185186598	0.0185186598	0.0185186598	0.0185186598	0.0185186598	0	0	0	0	0	0	0	0	0	0	0	0	0	0	0	0	0	0	0	0	0	0	0	0	0	0	0	0	0	0	0	0	0	0	0	0	0	0	0	0	0	0	0	0	0	0.004629929862	0.004629929862	0.004629929862	0.004629929862	0.004629929862	0.004629929862	0.004629929862	0.004629929862	0.004629929862	0	0	0	0	0	0	0	0	0	0	0	0	0	0	0	0	0	0	0	0	0	0	0	0	0	0	0	0	0	0	0	0	0	0	0	0	0	0	0	0	0	0	0	0	0	0.001158542108	0.001158542108	0.001158542108	0.001158542108	0.001158542108	0.001158542108	0.001158542108	0.001158542108	0.001158542108	0	0	0	0	0	0	0	0	0	0	0	0	0	0	0	0	0	0	0	0	0	0	0	0	0	0	0	0	0	0	0	0	0	0	0	0	0	0	0	0	0	0	0	0	0	0.0002938740956	0.0002938740956	0.0002938740956	0.0002938740956	0.0002938740956	0.0002938740956	0.0002938740956	0.0002938740956	0.0002938740956	0	0	0	0	0	0	0	0	0	0	0	0	0	0	0	0	0	0	0	0	0	0	0	0	0	0	0	0	0	0	0	0	0	0	0	0	0	0	0	0	0	0	0	0	0	9.042279864e-05	9.042279864e-05	9.042279864e-05	9.042279864e-05	9.042279864e-05	9.042279864e-05	9.042279864e-05	9.042279864e-05	9.042279864e-05	0	0	0	0	0	0	0	0	0	0	0	0	0	0	0	0	0
(9,3)	0	0.0013020883	0	0	0	0	0	0	0	0	0	0	0	0	0	0	0	0	0	0	0	0	0	0	0	0	0	0	0	0	0	0	0	0	0	0	0	0	0	0	0	0	0	0	0	0	0	0	0	0	0	0	0	0	0	0	0.0004611562731	0.0004611562731	0	0.0004611562731	0.0004611562731	0	0.0004611562731	0.0004611562731	0	0	0	0	0	0	0	0	0	0	0	0	0	0	0	0	0	0	0	0	0	0	0	0	0	0	0	0	0	0	0	0	0	0	0	0	0	0	0	0	0	0	0	0	0	0	0.001742899444	0.001742899444	0	0.001742899444	0.001742899444	0	0.001742899444	0.001742899444	0	0	0	0	0	0	0	0	0	0	0	0	0	0	0	0	0	0	0	0	0	0	0	0	0	0	0	0	0	0	0	0	0	0	0	0	0	0	0	0	0	0	0	0	0	0	0	0	0.02083849909	0	0	0.02083849909	0	0	0	0	0	0	0	0	0	0	0	0	0	0	0	0	0	0	0	0	0	0	0	0	0	0	0	0	0	0	0	0	0	0	0	0	0	0	0	0	0	0	0	0	0	0	0	0	0.0277783076	0.0277783076	0	0.0277783076	0.0277783076	0	0.0277783076	0.0277783076	0	0	0	0	0	0	0	0	0	0	0	0	0	0	0	0	0	0	0	0	0	0	0	0	0	0	0	0	0	0	0	0	0	0	0	0	0	0	0	0	0	0	0	0	0	0	0.0277783076	0.0277783076	0	0.0277783076	0.0277783076	0	0.0277783076	0.0277783076	0	0	0	0	0	0	0	0	0	0	0	0	0	0	0	0	0	0	0	0	0	0	0	0	0	0	0	0	0	0	0	0	0	0	0	0	0	0	0	0	0	0	0	0	0	0	0	0	0.02083849909	0	0	0.02083849909	0	0	0	0	0	0	0	0	0	0	0	0	0	0	0	0	0	0	0	0	0	0	0	0	0	0	0	0	0	0	0	0	0	0	0	0	0	0	0	0	0	0	0	0	0	0	0	0	0.001742899444	0.001742899444	0	0.001742899444	0.001742899444	0	0.001742899444	0.001742899444	0	0	0	0	0	0	0	0	0	0	0	0	0	0	0	0	0	0	0	0	0	0	0	0	0	0	0	0	0	0	0	0	0	0	0	0	0	0	0	0	0	0	0	0	0	0	0.0004611562731	0.0004611562731	0	0.0004611562731	0.0004611562731	0	0.0004611562731	0.0004611562731	0	0	0	0	0	0	0	0	0	0	0	0	0	0	0	0	0	0	0	0	0	0	0	0	0	0	0	0	0	0	0	0	0	0	0	0	0	0	0	0	0	0	0	0
(9,4)	0	0	0	0	0	0	0	0	0	0	0	0	0	0	0	0	0	0	0	0	0	0	0	0	0	0	0	0	0	9.042279864e-05	9.042279864e-05	9.042279864e-05	9.042279864e-05	9.042279864e-05	9.042279864e-05	9.042279864e-05	9.042279864e-05	9.042279864e-05	0	0	0	0	0	0	0	0	0	0	0	0	0	0	0	0	0	0	0	0	0	0	0	0	0	0	0	0	0	0	0	0	0	0	0	0	0	0	0	0	0	0	0	0	0	0.0002938740956	0.0002938740956	0.0002938740956	0.0002938740956	0.0002938740956	0.0002938740956	0.0002938740956	0.0002938740956	0.0002938740956	0	0	0	0	0	0	0	0	0	0	0	0	0	0	0	0	0	0	0	0	0	0	0	0	0	0	0	0	0	0	0	0	0	0	0	0	0	0	0	0	0	0	0	0	0	0.001158542108	0.001158542108	0.001158542108	0.001158542108	0.001158542108	0.001158542108	0.001158542108	0.001158542108	0.001158542108	0	0	0	0	0	0	0	0	0	0	0	0	0	0	0	0	0	0	0	0	0	0	0	0	0	0	0	0	0	0	0	0	0	0	0	0	0	0	0	0	0	0	0	0	0	0.004629929862	0.004629929862	0.004629929862	0.004629929862	0.004629929862	0.004629929862	0.004629929862	0.004629929862	0.004629929862	0	0	0	0	0	0	0	0	0	0	0	0	0	0	0	0	0	0	0	0	0	0	0	0	0	0	0	0	0	0	0	0	0	0	0	0	0	0	0	0	0	0	0	0	0	0.0185186598	0.0185186598	0.0185186598	0.0185186598	0.0185186598	0.0185186598	0.0185186598	0.0185186598	0.0185186598	0	0	0	0	0	0	0	0	0	0	0	0	0	0	0	0	0	0	0	0	0	0	0	0	0	0	0	0	0	0	0	0	0	0	0	0	0	0	0	0	0	0	0	0	0	0.004629929862	0.004629929862	0.004629929862	0.004629929862	0.004629929862	0.004629929862	0.004629929862	0.004629929862	0.004629929862	0	0	0	0	0	0	0	0	0	0	0	0	0	0	0	0	0	0	0	0	0	0	0	0	0	0	0	0	0	0	0	0	0	0	0	0	0	0	0	0	0	0	0	0	0	0.001158542108	0.001158542108	0.001158542108	0.001158542108	0.001158542108	0.001158542108	0.001158542108	0.001158542108	0.001158542108	0	0	0	0	0	0	0	0	0	0	0	0	0	0	0	0	0	0	0	0	0	0	0	0	0	0	0	0	0	0	0	0	0	0	0	0	0	0	0	0	0	0	0	0	0	0.0002938740956	0.0002938740956	0.0002938740956	0.0002938740956	0.0002938740956	0.0002938740956	0.0002938740956	0.0002938740956	0.0002938740956	0	0	0	0	0	0	0	0	0	0	0	0	0	0	0	0	0	0	0	0	0	0	0	0	0	0	0	0	0	0	0	0	0	0	0	0	0	0	0	0	0	0	0	0	0	9.042279864e-05	9.042279864e-05	9.042279864e-05	9.042279864e-05	9.042279864e-05	9.042279864e-05	9.042279864e-05	9.042279864e-05	9.042279864e-05	0	0	0	0	0	0	0	0	0	0	0	0	0	0	0	0
(9,5)	0	0	0	0	0	0	0	0	0	0	0	0	0	0	0	0	0	0	0	0	0	0	0	0	0	0	0	0	0	9.042279864e-05	9.042279864e-05	9.042279864e-05	9.042279864e-05	9.042279864e-05	9.042279864e-05	9.042279864e-05	9.042279864e-05	9.042279864e-05	0	0	0	0	0	0	0	0	0	0	0	0	0	0	0	0	0	0	0	0	0	0	0	0	0	0	0	0	0	0	0	0	0	0	0	0	0	0	0	0	0	0	0	0	0	0.0002938740956	0.0002938740956	0.0002938740956	0.0002938740956	0.0002938740956	0.0002938740956	0.0002938740956	0.0002938740956	0.0002938740956	0	0	0	0	0	0	0	0	0	0	0	0	0	0	0	0	0	0	0	0	0	0	0	0	0	0	0	0	0	0	0	0	0	0	0	0	0	0	0	0	0	0	0	0	0	0.001158542108	0.001158542108	0.001158542108	0.001158542108	0.001158542108	0.001158542108	0.001158542108	0.001158542108	0.001158542108	0	0	0	0	0	0	0	0	0	0	0	0	0	0	0	0	0	0	0	0	0	0	0	0	0	0	0	0	0	0	0	0	0	0	0	0	0	0	0	0	0	0	0	0	0	0.004629929862	0.004629929862	0.004629929862	0.004629929862	0.004629929862	0.004629929862	0.004629929862	0.004629929862	0.004629929862	0	0	0	0	0	0	0	0	0	0	0	0	0	0	0	0	0	0	0	0	0	0	0	0	0	0	0	0	0	0	0	0	0	0	0	0	0	0	0	0	0	0	0	0	0	0.0185186598	0.0185186598	0.0185186598	0.0185186598	0.0185186598	0.0185186598	0.0185186598	0.0185186598	0.0185186598	0	0	0	0	0	0	0	0	0	0	0	0	0	0	0	0	0	0	0	0	0	0	0	0	0	0	0	0	0	0	0	0	0	0	0	0	0	0	0	0	0	0	0	0	0	0.004629929862	0.004629929862	0.004629929862	0.004629929862	0.004629929862	0.004629929862	0.004629929862	0.004629929862	0.004629929862	0	0	0	0	0	0	0	0	0	0	0	0	0	0	0	0	0	0	0	0	0	0	0	0	0	0	0	0	0	0	0	0	0	0	0	0	0	0	0	0	0	0	0	0	0	0.001158542108	0.001158542108	0.001158542108	0.001158542108	0.001158542108	0.001158542108	0.001158542108	0.001158542108	0.001158542108	0	0	0	0	0	0	0	0	0	0	0	0	0	0	0	0	0	0	0	0	0	0	0	0	0	0	0	0	0	0	0	0	0	0	0	0	0	0	0	0	0	0	0	0	0	0.0002938740956	0.0002938740956	0.0002938740956	0.0002938740956	0.0002938740956	0.0002938740956	0.0002938740956	0.0002938740956	0.0002938740956	0	0	0	0	0	0	0	0	0	0	0	0	0	0	0	0	0	0	0	0	0	0	0	0	0	0	0	0	0	0	0	0	0	0	0	0	0	0	0	0	0	0	0	0	0	9.042279864e-05	9.042279864e-05	9.042279864e-05	9.042279864e-05	9.042279864e-05	9.042279864e-05	9.042279864e-05	9.042279864e-05	9.042279864e-05	0	0	0	0	0	0	0	0	0	0	0	0	0	0	0	0
(9,6)	0	0	0.0013020883	0	0	0	0	0	0	0	0	0	0	0	0	0	0	0	0	0	0	0	0	0	0	0	0	0	0	0	0	0	0	0	0	0	0	0	0	0	0	0	0	0	0	0	0	0	0	0	0	0	0	0	0	0	0	0.0004611562731	0.0004611562731	0	0.0004611562731	0.0004611562731	0	0.0004611562731	0.0004611562731	0	0	0	0	0	0	0	0	0	0	0	0	0	0	0	0	0	0	0	0	0	0	0	0	0	0	0	0	0	0	0	0	0	0	0	0	0	0	0	0	0	0	0	0	0	0	0.001742899444	0.001742899444	0	0.001742899444	0.001742899444	0	0.001742899444	0.001742899444	0	0	0	0	0	0	0	0	0	0	0	0	0	0	0	0	0	0	0	0	0	0	0	0	0	0	0	0	0	0	0	0	0	0	0	0	0	0	0	0	0	0	0	0	0	0	0	0	0.02083849909	0	0	0.02083849909	0	0	0	0	0	0	0	0	0	0	0	0	0	0	0	0	0	0	0	0	0	0	0	0	0	0	0	0	0	0	0	0	0	0	0	0	0	0	0	0	0	0	0	0	0	0	0	0	0.0277783076	0.0277783076	0	0.0277783076	0.0277783076	0	0.0277783076	0.0277783076	0	0	0	0	0	0	0	0	0	0	0	0	0	0	0	0	0	0	0	0	0	0	0	0	0	0	0	0	0	0	0	0	0	0	0	0	0	0	0	0	0	0	0	0	0	0	0.0277783076	0.0277783076	0	0.0277783076	0.0277783076	0	0.0277783076	0.0277783076	0	0	0	0	0	0	0	0	0	0	0	0	0	0	0	0	0	0	0	0	0	0	0	0	0	0	0	0	0	0	0	0	0	0	0	0	0	0	0	0	0	0	0	0	0	0	0	0	0.02083849909	0	0	0.02083849909	0	0	0	0	0	0	0	0	0	0	0	0	0	0	0	0	0	0	0	0	0	0	0	0	0	0	0	0	0	0	0	0	0	0	0	0	0	0	0	0	0	0	0	0	0	0	0	0	0.001742899444	0.001742899444	0	0.001742899444	0.001742899444	0	0.001742899444	0.001742899444	0	0	0	0	0	0	0	0	0	0	0	0	0	0	0	0	0	0	0	0	0	0	0	0	0	0	0	0	0	0	0	0	0	0	0	0	0	0	0	0	0	0	0	0	0	0	0.0004611562731	0.0004611562731	0	0.0004611562731	0.0004611562731	0	0.0004611562731	0.0004611562731	0	0	0	0	0	0	0	0	0	0	0	0	0	0	0	0	0	0	0	0	0	0	0	0	0	0	0	0	0	0	0	0	0	0	0	0	0	0	0	0	0	0	0
(9,7)	0	0	0	0	0	0	0	0	0	0	0	0	0	0	0	0	0	0	0	0	0	0	0	0	0	0	0	0	0	0	9.042279864e-05	9.042279864e-05	9.042279864e-05	9.042279864e-05	9.042279864e-05	9.042279864e-05	9.042279864e-05	9.042279864e-05	9.042279864e-05	0	0	0	0	0	0	0	0	0	0	0	0	0	0	0	0	0	0	0	0	0	0	0	0	0	0	0	0	0	0	0	0	0	0	0	0	0	0	0	0	0	0	0	0	0	0.0002938740956	0.0002938740956	0.0002938740956	0.0002938740956	0.0002938740956	0.0002938740956	0.0002938740956	0.0002938740956	0.0002938740956	0	0	0	0	0	0	0	0	0	0	0	0	0	0	0	0	0	0	0	0	0	0	0	0	0	0	0	0	0	0	0	0	0	0	0	0	0	0	0	0	0	0	0	0	0	0.001158542108	0.001158542108	0.001158542108	0.001158542108	0.001158542108	0.001158542108	0.001158542108	0.001158542108	0.001158542108	0	0	0	0	0	0	0	0	0	0	0	0	0	0	0	0	0	0	0	0	0	0	0	0	0	0	0	0	0	0	0	0	0	0	0	0	0	0	0	0	0	0	0	0	0	0.004629929862	0.004629929862	0.004629929862	0.004629929862	0.004629929862	0.004629929862	0.004629929862	0.004629929862	0.004629929862	0	0	0	0	0	0	0	0	0	0	0	0	0	0	0	0	0	0	0	0	0	0	0	0	0	0	0	0	0	0	0	0	0	0	0	0	0	0	0	0	0	0	0	0	0	0.0185186598	0.0185186598	0.0185186598	0.0185186598	0.0185186598	0.0185186598	0.0185186598	0.0185186598	0.0185186598	0	0	0	0	0	0	0	0	0	0	0	0	0	0	0	0	0	0	0	0	0	0	0	0	0	0	0	0	0	0	0	0	0	0	0	0	0	0	0	0	0	0	0	0	0	0.004629929862	0.004629929862	0.004629929862	0.004629929862	0.004629929862	0.004629929862	0.004629929862	0.004629929862	0.004629929862	0	0	0	0	0	0	0	0	0	0	0	0	0	0	0	0	0	0	0	0	0	0	0	0	0	0	0	0	0	0	0	0	0	0	0	0	0	0	0	0	0	0	0	0	0	0.001158542108	0.001158542108	0.001158542108	0.001158542108	0.001158542108	0.001158542108	0.001158542108	0.001158542108	0.001158542108	0	0	0	0	0	0	0	0	0	0	0	0	0	0	0	0	0	0	0	0	0	0	0	0	0	0	0	0	0	0	0	0	0	0	0	0	0	0	0	0	0	0	0	0	0	0.0002938740956	0.0002938740956	0.0002938740956	0.0002938740956	0.0002938740956	0.0002938740956	0.0002938740956	0.0002938740956	0.0002938740956	0	0	0	0	0	0	0	0	0	0	0	0	0	0	0	0	0	0	0	0	0	0	0	0	0	0	0	0	0	0	0	0	0	0	0	0	0	0	0	0	0	0	0	0	0	9.042279864e-05	9.042279864e-05	9.042279864e-05	9.042279864e-05	9.042279864e-05	9.042279864e-05	9.042279864e-05	9.042279864e-05	9.042279864e-05	0	0	0	0	0	0	0	0	0	0	0	0	0	0	0
(9,8)	0	0	0	0	0	0	0	0	0	0	0	0	0	0	0	0	0	0	0	0	0	0	0	0	0	0	0	0	0	0	9.042279864e-05	9.042279864e-05	9.042279864e-05	9.042279864e-05	9.042279864e-05	9.042279864e-05	9.042279864e-05	9.042279864e-05	9.042279864e-05	0	0	0	0	0	0	0	0	0	0	0	0	0	0	0	0	0	0	0	0	0	0	0	0	0	0	0	0	0	0	0	0	0	0	0	0	0	0	0	0	0	0	0	0	0	0.0002938740956	0.0002938740956	0.0002938740956	0.0002938740956	0.0002938740956	0.0002938740956	0.0002938740956	0.0002938740956	0.0002938740956	0	0	0	0	0	0	0	0	0	0	0	0	0	0	0	0	0	0	0	0	0	0	0	0	0	0	0	0	0	0	0	0	0	0	0	0	0	0	0	0	0	0	0	0	0	0.001158542108	0.001158542108	0.001158542108	0.001158542108	0.001158542108	0.001158542108	0.001158542108	0.001158542108	0.001158542108	0	0	0	0	0	0	0	0	0	0	0	0	0	0	0	0	0	0	0	0	0	0	0	0	0	0	0	0	0	0	0	0	0	0	0	0	0	0	0	0	0	0	0	0	0	0.004629929862	0.004629929862	0.004629929862	0.004629929862	0.004629929862	0.004629929862	0.004629929862	0.004629929862	0.004629929862	0	0	0	0	0	0	0	0	0	0	0	0	0	0	0	0	0	0	0	0	0	0	0	0	0	0	0	0	0	0	0	0	0	0	0	0	0	0	0	0	0	0	0	0	0	0.0185186598	0.0185186598	0.0185186598	0.0185186598	0.0185186598	0.0185186598	0.0185186598	0.0185186598	0.0185186598	0	0	0	0	0	0	0	0	0	0	0	0	0	0	0	0	0	0	0	0	0	0	0	0	0	0	0	0	0	0	0	0	0	0	0	0	0	0	0	0	0	0	0	0	0	0.004629929862	0.004629929862	0.004629929862	0.004629929862	0.004629929862	0.004629929862	0.004629929862	0.004629929862	0.004629929862	0	0	0	0	0	0	0	0	0	0	0	0	0	0	0	0	0	0	0	0	0	0	0	0	0	0	0	0	0	0	0	0	0	0	0	0	0	0	0	0	0	0	0	0	0	0.001158542108	0.001158542108	0.001158542108	0.001158542108	0.001158542108	0.001158542108	0.001158542108	0.001158542108	0.001158542108	0	0	0	0	0	0	0	0	0	0	0	0	0	0	0	0	0	0	0	0	0	0	0	0	0	0	0	0	0	0	0	0	0	0	0	0	0	0	0	0	0	0	0	0	0	0.0002938740956	0.0002938740956	0.0002938740956	0.0002938740956	0.0002938740956	0.0002938740956	0.0002938740956	0.0002938740956	0.0002938740956	0	0	0	0	0	0	0	0	0	0	0	0	0	0	0	0	0	0	0	0	0	0	0	0	0	0	0	0	0	0	0	0	0	0	0	0	0	0	0	0	0	0	0	0	0	9.042279864e-05	9.042279864e-05	9.042279864e-05	9.042279864e-05	9.042279864e-05	9.042279864e-05	9.042279864e-05	9.042279864e-05	9.042279864e-05	0	0	0	0	0	0	0	0	0	0	0	0	0	0	0
(9,9)	0	0	0	0.0013020883	0	0	0	0	0	0	0	0	0	0	0	0	0	0	0	0	0	0	0	0	0	0	0	0	0	0	0	0	0	0	0	0	0	0	0	0	0	0	0	0	0	0	0	0	0	0	0	0	0	0	0	0	0	0	0.0004611562731	0.0004611562731	0	0.0004611562731	0.0004611562731	0	0.0004611562731	0.0004611562731	0	0	0	0	0	0	0	0	0	0	0	0	0	0	0	0	0	0	0	0	0	0	0	0	0	0	0	0	0	0	0	0	0	0	0	0	0	0	0	0	0	0	0	0	0	0	0.001742899444	0.001742899444	0	0.001742899444	0.001742899444	0	0.001742899444	0.001742899444	0	0	0	0	0	0	0	0	0	0	0	0	0	0	0	0	0	0	0	0	0	0	0	0	0	0	0	0	0	0	0	0	0	0	0	0	0	0	0	0	0	0	0	0	0	0	0	0	0.02083849909	0	0	0.02083849909	0	0	0	0	0	0	0	0	0	0	0	0	0	0	0	0	0	0	0	0	0	0	0	0	0	0	0	0	0	0	0	0	0	0	0	0	0	0	0	0	0	0	0	0	0	0	0	0	0.0277783076	0.0277783076	0	0.0277783076	0.0277783076	0	0.0277783076	0.0277783076	0	0	0	0	0	0	0	0	0	0	0	0	0	0	0	0	0	0	0	0	0	0	0	0	0	0	0	0	0	0	0	0	0	0	0	0	0	0	0	0	0	0	0	0	0	0	0.0277783076	0.0277783076	0	0.0277783076	0.0277783076	0	0.0277783076	0.0277783076	0	0	0	0	0	0	0	0	0	0	0	0	0	0	0	0	0	0	0	0	0	0	0	0	0	0	0	0	0	0	0	0	0	0	0	0	0	0	0	0	0	0	0	0	0	0	0	0	0.02083849909	0	0	0.02083849909	0	0	0	0	0	0	0	0	0	0	0	0	0	0	0	0	0	0	0	0	0	0	0	0	0	0	0	0	0	0	0	0	0	0	0	0	0	0	0	0	0	0	0	0	0	0	0	0	0.001742899444	0.001742899444	0	0.001742899444	0.001742899444	0	0.001742899444	0.001742899444	0	0	0	0	0	0	0	0	0	0	0	0	0	0	0	0	0	0	0	0	0	0	0	0	0	0	0	0	0	0	0	0	0	0	0	0	0	0	0	0	0	0	0	0	0	0	0.0004611562731	0.0004611562731	0	0.0004611562731	0.0004611562731	0	0.0004611562731	0.0004611562731	0	0	0	0	0	0	0	0	0	0	0	0	0	0	0	0	0	0	0	0	0	0	0	0	0	0	0	0	0	0	0	0	0	0	0	0	0	0	0	0	0	0
(9,10)	0	0	0	0	0	0	0	0	0	0	0	0	0	0	0	0	0	0	0	0	0	0	0	0	0	0	0	0	0	0	0	9.042279864e-05	9.042279864e-05	9.042279864e-05	9.042279864e-05	9.042279864e-05	9.042279864e-05	9.042279864e-05	9.042279864e-05	9.042279864e-05	0	0	0	0	0	0	0	0	0	0	0	0	0	0	0	0	0	0	0	0	0	0	0	0	0	0	0	0	0	0	0	0	0	0	0	0	0	0	0	0	0	0	0	0	0	0.0002938740956	0.0002938740956	0.0002938740956	0.0002938740956	0.0002938740956	0.0002938740956	0.0002938740956	0.0002938740956	0.0002938740956	0	0	0	0	0	0	0	0	0	0	0	0	0	0	0	0	0	0	0	0	0	0	0	0	0	0	0	0	0	0	0	0	0	0	0	0	0	0	0	0	0	0	0	0	0	0.001158542108	0.001158542108	0.001158542108	0.001158542108	0.001158542108	0.001158542108	0.001158542108	0.001158542108	0.001158542108	0	0	0	0	0	0	0	0	0	0	0	0	0	0	0	0	0	0	0	0	0	0	0	0	0	0	0	0	0	0	0	0	0	0	0	0	0	0	0	0	0	0	0	0	0	0.004629929862	0.004629929862	0.004629929862	0.004629929862	0.004629929862	0.004629929862	0.004629929862	0.004629929862	0.004629929862	0	0	0	0	0	0	0	0	0	0	0	0	0	0	0	0	0	0	0	0	0	0	0	0	0	0	0	0	0	0	0	0	0	0	0	0	0	0	0	0	0	0	0	0	0	0.0185186598	0.0185186598	0.0185186598	0.0185186598	0.0185186598	0.0185186598	0.0185186598	0.0185186598	0.0185186598	0	0	0	0	0	0	0	0	0	0	0	0	0	0	0	0	0	0	0	0	0	0	0	0	0	0	0	0	0	0	0	0	0	0	0	0	0	0	0	0	0	0	0	0	0	0.004629929862	0.004629929862	0.004629929862	0.004629929862	0.004629929862	0.004629929862	0.004629929862	0.004629929862	0.004629929862	0	0	0	0	0	0	0	0	0	0	0	0	0	0	0	0	0	0	0	0	0	0	0	0	0	0	0	0	0	0	0	0	0	0	0	0	0	0	0	0	0	0	0	0	0	0.001158542108	0.001158542108	0.001158542108	0.001158542108	0.001158542108	0.001158542108	0.001158542108	0.001158542108	0.001158542108	0	0	0	0	0	0	0	0	0	0	0	0	0	0	0	0	0	0	0	0	0	0	0	0	0	0	0	0	0	0	0	0	0	0	0	0	0	0	0	0	0	0	0	0	0	0.0002938740956	0.0002938740956	0.0002938740956	0.0002938740956	0.0002938740956	0.0002938740956	0.0002938740956	0.0002938740956	0.0002938740956	0	0	0	0	0	0	0	0	0	0	0	0	0	0	0	0	0	0	0	0	0	0	0	0	0	0	0	0	0	0	0	0	0	0	0	0	0	0	0	0	0	0	0	0	0	9.042279864e-05	9.042279864e-05	9.042279864e-05	9.042279864e-05	9.042279864e-05	9.042279864e-05	9.042279864e-05	9.042279864e-05	9.042279864e-05	0	0	0	0	0	0	0	0	0	0	0	0	0	0
(9,11)	0	0	0	0	0	0	0	0	0	0	0	0	0	0	0	0	0	0	0	0	0	0	0	0	0	0	0	0	0	0	0	9.042279864e-05	9.042279864e-05	9.042279864e-05	9.042279864e-05	9.042279864e-05	9.042279864e-05	9.042279864e-05	9.042279864e-05	9.042279864e-05	0	0	0	0	0	0	0	0	0	0	0	0	0	0	0	0	0	0	0	0	0	0	0	0	0	0	0	0	0	0	0	0	0	0	0	0	0	0	0	0	0	0	0	0	0	0.0002938740956	0.0002938740956	0.0002938740956	0.0002938740956	0.0002938740956	0.0002938740956	0.0002938740956	0.0002938740956	0.0002938740956	0	0	0	0	0	0	0	0	0	0	0	0	0	0	0	0	0	0	0	0	0	0	0	0	0	0	0	0	0	0	0	0	0	0	0	0	0	0	0	0	0	0	0	0	0	0.001158542108	0.001158542108	0.001158542108	0.001158542108	0.001158542108	0.001158542108	0.001158542108	0.001158542108	0.001158542108	0	0	0	0	0	0	0	0	0	0	0	0	0	0	0	0	0	0	0	0	0	0	0	0	0	0	0	0	0	0	0	0	0	0	0	0	0	0	0	0	0	0	0	0	0	0.004629929862	0.004629929862	0.004629929862	0.004629929862	0.004629929862	0.004629929862	0.004629929862	0.004629929862	0.004629929862	0	0	0	0	0	0	0	0	0	0	0	0	0	0	0	0	0	0	0	0	0	0	0	0	0	0	0	0	0	0	0	0	0	0	0	0	0	0	0	0	0	0	0	0	0	0.0185186598	0.0185186598	0.0185186598	0.0185186598	0.0185186598	0.0185186598	0.0185186598	0.0185186598	0.0185186598	0	0	0	0	0	0	0	0	0	0	0	0	0	0	0	0	0	0	0	0	0	0	0	0	0	0	0	0	0	0	0	0	0	0	0	0	0	0	0	0	0	0	0	0	0	0.004629929862	0.004629929862	0.004629929862	0.004629929862	0.004629929862	0.004629929862	0.004629929862	0.004629929862	0.004629929862	0	0	0	0	0	0	0	0	0	0	0	0	0	0	0	0	0	0	0	0	0	0	0	0	0	0	0	0	0	0	0	0	0	0	0	0	0	0	0	0	0	0	0	0	0	0.001158542108	0.001158542108	0.001158542108	0.001158542108	0.001158542108	0.001158542108	0.001158542108	0.001158542108	0.001158542108	0	0	0	0	0	0	0	0	0	0	0	0	0	0	0	0	0	0	0	0	0	0	0	0	0	0	0	0	0	0	0	0	0	0	0	0	0	0	0	0	0	0	0	0	0	0.0002938740956	0.0002938740956	0.0002938740956	0.0002938740956	0.0002938740956	0.0002938740956	0.0002938740956	0.0002938740956	0.0002938740956	0	0	0	0	0	0	0	0	0	0	0	0	0	0	0	0	0	0	0	0	0	0	0	0	0	0	0	0	0	0	0	0	0	0	0	0	0	0	0	0	0	0	0	0	0	9.042279864e-05	9.042279864e-05	9.042279864e-05	9.042279864e-05	9.042279864e-05	9.042279864e-05	9.042279864e-05	9.042279864e-05	9.042279864e-05	0	0	0	0	0	0	0	0	0	0	0	0	0	0
(9,12)	0	0	0	0	0.0013020883	0	0	0	0	0	0	0	0	0	0	0	0	0	0	0	0	0	0	0	0	0	0	0	0	0	0	0	0	0	0	0	0	0	0	0	0	0	0	0	0	0	0	0	0	0	0	0	0	0	0	0	0	0	0	0.0004611562731	0.0004611562731	0	0.0004611562731	0.0004611562731	0	0.0004611562731	0.0004611562731	0	0	0	0	0	0	0	0	0	0	0	0	0	0	0	0	0	0	0	0	0	0	0	0	0	0	0	0	0	0	0	0	0	0	0	0	0	0	0	0	0	0	0	0	0	0	0.001742899444	0.001742899444	0	0.001742899444	0.001742899444	0	0.001742899444	0.001742899444	0	0	0	0	0	0	0	0	0	0	0	0	0	0	0	0	0	0	0	0	0	0	0	0	0	0	0	0	0	0	0	0	0	0	0	0	0	0	0	0	0	0	0	0	0	0	0	0	0.02083849909	0	0	0.02083849909	0	0	0	0	0	0	0	0	0	0	0	0	0	0	0	0	0	0	0	0	0	0	0	0	0	0	0	0	0	0	0	0	0	0	0	0	0	0	0	0	0	0	0	0	0	0	0	0	0.0277783076	0.0277783076	0	0.0277783076	0.0277783076	0	0.0277783076	0.0277783076	0	0	0	0	0	0	0	0	0	0	0	0	0	0	0	0	0	0	0	0	0	0	0	0	0	0	0	0	0	0	0	0	0	0	0	0	0	0	0	0	0	0	0	0	0	0	0.0277783076	0.0277783076	0	0.0277783076	0.0277783076	0	0.0277783076	0.0277783076	0	0	0	0	0	0	0	0	0	0	0	0	0	0	0	0	0	0	0	0	0	0	0	0	0	0	0	0	0	0	0	0	0	0	0	0	0	0	0	0	0	0	0	0	0	0	0	0	0.02083849909	0	0	0.02083849909	0	0	0	0	0	0	0	0	0	0	0	0	0	0	0	0	0	0	0	0	0	0	0	0	0	0	0	0	0	0	0	0	0	0	0	0	0	0	0	0	0	0	0	0	0	0	0	0	0.001742899444	0.001742899444	0	0.001742899444	0.001742899444	0	0.001742899444	0.001742899444	0	0	0	0	0	0	0	0	0	0	0	0	0	0	0	0	0	0	0	0	0	0	0	0	0	0	0	0	0	0	0	0	0	0	0	0	0	0	0	0	0	0	0	0	0	0	0.0004611562731	0.0004611562731	0	0.0004611562731	0.0004611562731	0	0.0004611562731	0.0004611562731	0	0	0	0	0	0	0	0	0	0	0	0	0	0	0	0	0	0	0	0	0	0	0	0	0	0	0	0	0	0	0	0	0	0	0	0	0	0	0	0	0
(9,13)	0	0	0	0	0	0	0	0	0	0	0	0	0	0	0	0	0	0	0	0	0	0	0	0	0	0	0	0	0	0	0	0	9.042279864e-05	9.042279864e-05	9.042279864e-05	9.042279864e-05	9.042279864e-05	9.042279864e-05	9.042279864e-05	9.042279864e-05	9.042279864e-05	0	0	0	0	0	0	0	0	0	0	0	0	0	0	0	0	0	0	0	0	0	0	0	0	0	0	0	0	0	0	0	0	0	0	0	0	0	0	0	0	0	0	0	0	0	0.0002938740956	0.0002938740956	0.0002938740956	0.0002938740956	0.0002938740956	0.0002938740956	0.0002938740956	0.0002938740956	0.0002938740956	0	0	0	0	0	0	0	0	0	0	0	0	0	0	0	0	0	0	0	0	0	0	0	0	0	0	0	0	0	0	0	0	0	0	0	0	0	0	0	0	0	0	0	0	0	0.001158542108	0.001158542108	0.001158542108	0.001158542108	0.001158542108	0.001158542108	0.001158542108	0.001158542108	0.001158542108	0	0	0	0	0	0	0	0	0	0	0	0	0	0	0	0	0	0	0	0	0	0	0	0	0	0	0	0	0	0	0	0	0	0	0	0	0	0	0	0	0	0	0	0	0	0.004629929862	0.004629929862	0.004629929862	0.004629929862	0.004629929862	0.004629929862	0.004629929862	0.004629929862	0.004629929862	0	0	0	0	0	0	0	0	0	0	0	0	0	0	0	0	0	0	0	0	0	0	0	0	0	0	0	0	0	0	0	0	0	0	0	0	0	0	0	0	0	0	0	0	0	0.0185186598	0.0185186598	0.0185186598	0.0185186598	0.0185186598	0.0185186598	0.0185186598	0.0185186598	0.0185186598	0	0	0	0	0	0	0	0	0	0	0	0	0	0	0	0	0	0	0	0	0	0	0	0	0	0	0	0	0	0	0	0	0	0	0	0	0	0	0	0	0	0	0	0	0	0.004629929862	0.004629929862	0.004629929862	0.004629929862	0.004629929862	0.004629929862	0.004629929862	0.004629929862	0.004629929862	0	0	0	0	0	0	0	0	0	0	0	0	0	0	0	0	0	0	0	0	0	0	0	0	0	0	0	0	0	0	0	0	0	0	0	0	0	0	0	0	0	0	0	0	0	0.001158542108	0.001158542108	0.001158542108	0.001158542108	0.001158542108	0.001158542108	0.001158542108	0.001158542108	0.001158542108	0	0	0	0	0	0	0	0	0	0	0	0	0	0	0	0	0	0	0	0	0	0	0	0	0	0	0	0	0	0	0	0	0	0	0	0	0	0	0	0	0	0	0	0	0	0.0002938740956	0.0002938740956	0.0002938740956	0.0002938740956	0.0002938740956	0.0002938740956	0.0002938740956	0.0002938740956	0.0002938740956	0	0	0	0	0	0	0	0	0	0	0	0	0	0	0	0	0	0	0	0	0	0	0	0	0	0	0	0	0	0	0	0	0	0	0	0	0	0	0	0	0	0	0	0	0	9.042279864e-05	9.042279864e-05	9.042279864e-05	9.042279864e-05	9.042279864e-05	9.042279864e-05	9.042279864e-05	9.042279864e-05	9.042279864e-05	0	0	0	0	0	0	0	0	0	0	0	0	0
(9,14)	0	0	0	0	0	0	0	0	0	0	0	0	0	0	0	0	0	0	0	0	0	0	0	0	0	0	0	0	0	0	0	0	9.042279864e-05	9.042279864e-05	9.042279864e-05	9.042279864e-05	9.042279864e-05	9.042279864e-05	9.042279864e-05	9.042279864e-05	9.042279864e-05	0	0	0	0	0	0	0	0	0	0	0	0	0	0	0	0	0	0	0	0	0	0	0	0	0	0	0	0	0	0	0	0	0	0	0	0	0	0	0	0	0	0	0	0	0	0.0002938740956	0.0002938740956	0.0002938740956	0.0002938740956	0.0002938740956	0.0002938740956	0.0002938740956	0.0002938740956	0.0002938740956	0	0	0	0	0	0	0	0	0	0	0	0	0	0	0	0	0	0	0	0	0	0	0	0	0	0	0	0	0	0	0	0	0	0	0	0	0	0	0	0	0	0	0	0	0	0.001158542108	0.001158542108	0.001158542108	0.001158542108	0.001158542108	0.001158542108	0.001158542108	0.001158542108	0.001158542108	0	0	0	0	0	0	0	0	0	0	0	0	0	0	0	0	0	0	0	0	0	0	0	0	0	0	0	0	0	0	0	0	0	0	0	0	0	0	0	0	0	0	0	0	0	0.004629929862	0.004629929862	0.004629929862	0.004629929862	0.004629929862	0.004629929862	0.004629929862	0.004629929862	0.004629929862	0	0	0	0	0	0	0	0	0	0	0	0	0	0	0	0	0	0	0	0	0	0	0	0	0	0	0	0	0	0	0	0	0	0	0	0	0	0	0	0	0	0	0	0	0	0.0185186598	0.0185186598	0.0185186598	0.0185186598	0.0185186598	0.0185186598	0.0185186598	0.0185186598	0.0185186598	0	0	0	0	0	0	0	0	0	0	0	0	0	0	0	0	0	0	0	0	0	0	0	0	0	0	0	0	0	0	0	0	0	0	0	0	0	0	0	0	0	0	0	0	0	0.004629929862	0.004629929862	0.004629929862	0.004629929862	0.004629929862	0.004629929862	0.004629929862	0.004629929862	0.004629929862	0	0	0	0	0	0	0	0	0	0	0	0	0	0	0	0	0	0	0	0	0	0	0	0	0	0	0	0	0	0	0	0	0	0	0	0	0	0	0	0	0	0	0	0	0	0.001158542108	0.001158542108	0.001158542108	0.001158542108	0.001158542108	0.001158542108	0.001158542108	0.001158542108	0.001158542108	0	0	0	0	0	0	0	0	0	0	0	0	0	0	0	0	0	0	0	0	0	0	0	0	0	0	0	0	0	0	0	0	0	0	0	0	0	0	0	0	0	0	0	0	0	0.0002938740956	0.0002938740956	0.0002938740956	0.0002938740956	0.0002938740956	0.0002938740956	0.0002938740956	0.0002938740956	0.0002938740956	0	0	0	0	0	0	0	0	0	0	0	0	0	0	0	0	0	0	0	0	0	0	0	0	0	0	0	0	0	0	0	0	0	0	0	0	0	0	0	0	0	0	0	0	0	9.042279864e-05	9.042279864e-05	9.042279864e-05	9.042279864e-05	9.042279864e-05	9.042279864e-05	9.042279864e-05	9.042279864e-05	9.042279864e-05	0	0	0	0	0	0	0	0	0	0	0	0	0
(9,15)	0	0	0	0	0	0.0013020883	0	0	0	0	0	0	0	0	0	0	0	0	0	0	0	0	0	0	0	0	0	0	0	0	0	0	0	0	0	0	0	0	0	0	0	0	0	0	0	0	0	0	0	0	0	0	0	0	0	0	0	0	0	0	0.0004611562731	0.0004611562731	0	0.0004611562731	0.0004611562731	0	0.0004611562731	0.0004611562731	0	0	0	0	0	0	0	0	0	0	0	0	0	0	0	0	0	0	0	0	0	0	0	0	0	0	0	0	0	0	0	0	0	0	0	0	0	0	0	0	0	0	0	0	0	0	0.001742899444	0.001742899444	0	0.001742899444	0.001742899444	0	0.001742899444	0.001742899444	0	0	0	0	0	0	0	0	0	0	0	0	0	0	0	0	0	0	0	0	0	0	0	0	0	0	0	0	0	0	0	0	0	0	0	0	0	0	0	0	0	0	0	0	0	0	0	0	0.02083849909	0	0	0.02083849909	0	0	0	0	0	0	0	0	0	0	0	0	0	0	0	0	0	0	0	0	0	0	0	0	0	0	0	0	0	0	0	0	0	0	0	0	0	0	0	0	0	0	0	0	0	0	0	0	0.0277783076	0.0277783076	0	0.0277783076	0.0277783076	0	0.0277783076	0.0277783076	0	0	0	0	0	0	0	0	0	0	0	0	0	0	0	0	0	0	0	0	0	0	0	0	0	0	0	0	0	0	0	0	0	0	0	0	0	0	0	0	0	0	0	0	0	0	0.0277783076	0.0277783076	0	0.0277783076	0.0277783076	0	0.0277783076	0.0277783076	0	0	0	0	0	0	0	0	0	0	0	0	0	0	0	0	0	0	0	0	0	0	0	0	0	0	0	0	0	0	0	0	0	0	0	0	0	0	0	0	0	0	0	0	0	0	0	0	0.02083849909	0	0	0.02083849909	0	0	0	0	0	0	0	0	0	0	0	0	0	0	0	0	0	0	0	0	0	0	0	0	0	0	0	0	0	0	0	0	0	0	0	0	0	0	0	0	0	0	0	0	0	0	0	0	0.001742899444	0.001742899444	0	0.001742899444	0.001742899444	0	0.001742899444	0.001742899444	0	0	0	0	0	0	0	0	0	0	0	0	0	0	0	0	0	0	0	0	0	0	0	0	0	0	0	0	0	0	0	0	0	0	0	0	0	0	0	0	0	0	0	0	0	0	0.0004611562731	0.0004611562731	0	0.0004611562731	0.0004611562731	0	0.0004611562731	0.0004611562731	0	0	0	0	0	0	0	0	0	0	0	0	0	0	0	0	0	0	0	0	0	0	0	0	0	0	0	0	0	0	0	0	0	0	0	0	0	0	0	0
(9,16)	0	0	0	0	0	0	0	0	0	0	0	0	0	0	0	0	0	0	0	0	0	0	0	0	0	0	0	0	0	0	0	0	0	9.042279864e-05	9.042279864e-05	9.042279864e-05	9.042279864e-05	9.042279864e-05	9.042279864e-05	9.042279864e-05	9.042279864e-05	9.042279864e-05	0	0	0	0	0	0	0	0	0	0	0	0	0	0	0	0	0	0	0	0	0	0	0	0	0	0	0	0	0	0	0	0	0	0	0	0	0	0	0	0	0	0	0	0	0	0.0002938740956	0.0002938740956	0.0002938740956	0.0002938740956	0.0002938740956	0.0002938740956	0.0002938740956	0.0002938740956	0.0002938740956	0	0	0	0	0	0	0	0	0	0	0	0	0	0	0	0	0	0	0	0	0	0	0	0	0	0	0	0	0	0	0	0	0	0	0	0	0	0	0	0	0	0	0	0	0	0.001158542108	0.001158542108	0.001158542108	0.001158542108	0.001158542108	0.001158542108	0.001158542108	0.001158542108	0.001158542108	0	0	0	0	0	0	0	0	0	0	0	0	0	0	0	0	0	0	0	0	0	0	0	0	0	0	0	0	0	0	0	0	0	0	0	0	0	0	0	0	0	0	0	0	0	0.004629929862	0.004629929862	0.004629929862	0.004629929862	0.004629929862	0.004629929862	0.004629929862	0.004629929862	0.004629929862	0	0	0	0	0	0	0	0	0	0	0	0	0	0	0	0	0	0	0	0	0	0	0	0	0	0	0	0	0	0	0	0	0	0	0	0	0	0	0	0	0	0	0	0	0	0.0185186598	0.0185186598	0.0185186598	0.0185186598	0.0185186598	0.0185186598	0.0185186598	0.0185186598	0.0185186598	0	0	0	0	0	0	0	0	0	0	0	0	0	0	0	0	0	0	0	0	0	0	0	0	0	0	0	0	0	0	0	0	0	0	0	0	0	0	0	0	0	0	0	0	0	0.004629929862	0.004629929862	0.004629929862	0.004629929862	0.004629929862	0.004629929862	0.004629929862	0.004629929862	0.004629929862	0	0	0	0	0	0	0	0	0	0	0	0	0	0	0	0	0	0	0	0	0	0	0	0	0	0	0	0	0	0	0	0	0	0	0	0	0	0	0	0	0	0	0	0	0	0.001158542108	0.001158542108	0.001158542108	0.001158542108	0.001158542108	0.001158542108	0.001158542108	0.001158542108	0.001158542108	0	0	0	0	0	0	0	0	0	0	0	0	0	0	0	0	0	0	0	0	0	0	0	0	0	0	0	0	0	0	0	0	0	0	0	0	0	0	0	0	0	0	0	0	0	0.0002938740956	0.0002938740956	0.0002938740956	0.0002938740956	0.0002938740956	0.0002938740956	0.0002938740956	0.0002938740956	0.0002938740956	0	0	0	0	0	0	0	0	0	0	0	0	0	0	0	0	0	0	0	0	0	0	0	0	0	0	0	0	0	0	0	0	0	0	0	0	0	0	0	0	0	0	0	0	0	9.042279864e-05	9.042279864e-05	9.042279864e-05	9.042279864e-05	9.042279864e-05	9.042279864e-05	9.042279864e-05	9.042279864e-05	9.042279864e-05	0	0	0	0	0	0	0	0	0	0	0	0
(9,17)	0	0	0	0	0	0	0	0	0	0	0	0	0	0	0	0	0	0	0	0	0	0	0	0	0	0	0	0	0	0	0	0	0	9.042279864e-05	9.042279864e-05	9.042279864e-05	9.042279864e-05	9.042279864e-05	9.042279864e-05	9.042279864e-05	9.042279864e-05	9.042279864e-05	0	0	0	0	0	0	0	0	0	0	0	0	0	0	0	0	0	0	0	0	0	0	0	0	0	0	0	0	0	0	0	0	0	0	0	0	0	0	0	0	0	0	0	0	0	0.0002938740956	0.0002938740956	0.0002938740956	0.0002938740956	0.0002938740956	0.0002938740956	0.0002938740956	0.0002938740956	0.0002938740956	0	0	0	0	0	0	0	0	0	0	0	0	0	0	0	0	0	0	0	0	0	0	0	0	0	0	0	0	0	0	0	0	0	0	0	0	0	0	0	0	0	0	0	0	0	0.001158542108	0.001158542108	0.001158542108	0.001158542108	0.001158542108	0.001158542108	0.001158542108	0.001158542108	0.001158542108	0	0	0	0	0	0	0	0	0	0	0	0	0	0	0	0	0	0	0	0	0	0	0	0	0	0	0	0	0	0	0	0	0	0	0	0	0	0	0	0	0	0	0	0	0	0.004629929862	0.004629929862	0.004629929862	0.004629929862	0.004629929862	0.004629929862	0.004629929862	0.004629929862	0.004629929862	0	0	0	0	0	0	0	0	0	0	0	0	0	0	0	0	0	0	0	0	0	0	0	0	0	0	0	0	0	0	0	0	0	0	0	0	0	0	0	0	0	0	0	0	0	0.0185186598	0.0185186598	0.0185186598	0.0185186598	0.0185186598	0.0185186598	0.0185186598	0.0185186598	0.0185186598	0	0	0	0	0	0	0	0	0	0	0	0	0	0	0	0	0	0	0	0	0	0	0	0	0	0	0	0	0	0	0	0	0	0	0	0	0	0	0	0	0	0	0	0	0	0.004629929862	0.004629929862	0.004629929862	0.004629929862	0.004629929862	0.004629929862	0.004629929862	0.004629929862	0.004629929862	0	0	0	0	0	0	0	0	0	0	0	0	0	0	0	0	0	0	0	0	0	0	0	0	0	0	0	0	0	0	0	0	0	0	0	0	0	0	0	0	0	0	0	0	0	0.001158542108	0.001158542108	0.001158542108	0.001158542108	0.001158542108	0.001158542108	0.001158542108	0.001158542108	0.001158542108	0	0	0	0	0	0	0	0	0	0	0	0	0	0	0	0	0	0	0	0	0	0	0	0	0	0	0	0	0	0	0	0	0	0	0	0	0	0	0	0	0	0	0	0	0	0.0002938740956	0.0002938740956	0.0002938740956	0.0002938740956	0.0002938740956	0.0002938740956	0.0002938740956	0.0002938740956	0.0002938740956	0	0	0	0	0	0	0	0	0	0	0	0	0	0	0	0	0	0	0	0	0	0	0	0	0	0	0	0	0	0	0	0	0	0	0	0	0	0	0	0	0	0	0	0	0	9.042279864e-05	9.042279864e-05	9.042279864e-05	9.042279864e-05	9.042279864e-05	9.042279864e-05	9.042279864e-05	9.042279864e-05	9.042279864e-05	0	0	0	0	0	0	0	0	0	0	0	0
(9,18)	0	0	0	0	0	0	0.0013020883	0	0	0	0	0	0	0	0	0	0	0	0	0	0	0	0	0	0	0	0	0	0	0	0	0	0	0	0	0	0	0	0	0	0	0	0	0	0	0	0	0	0	0	0	0	0	0	0	0	0	0	0	0	0	0.0004611562731	0.0004611562731	0	0.0004611562731	0.0004611562731	0	0.0004611562731	0.0004611562731	0	0	0	0	0	0	0	0	0	0	0	0	0	0	0	0	0	0	0	0	0	0	0	0	0	0	0	0	0	0	0	0	0	0	0	0	0	0	0	0	0	0	0	0	0	0	0.001742899444	0.001742899444	0	0.001742899444	0.001742899444	0	0.001742899444	0.001742899444	0	0	0	0	0	0	0	0	0	0	0	0	0	0	0	0	0	0	0	0	0	0	0	0	0	0	0	0	0	0	0	0	0	0	0	0	0	0	0	0	0	0	0	0	0	0	0	0	0.02083849909	0	0	0.02083849909	0	0	0	0	0	0	0	0	0	0	0	0	0	0	0	0	0	0	0	0	0	0	0	0	0	0	0	0	0	0	0	0	0	0	0	0	0	0	0	0	0	0	0	0	0	0	0	0	0.0277783076	0.0277783076	0	0.0277783076	0.0277783076	0	0.0277783076	0.0277783076	0	0	0	0	0	0	0	0	0	0	0	0	0	0	0	0	0	0	0	0	0	0	0	0	0	0	0	0	0	0	0	0	0	0	0	0	0	0	0	0	0	0	0	0	0	0	0.0277783076	0.0277783076	0	0.0277783076	0.0277783076	0	0.0277783076	0.0277783076	0	0	0	0	0	0	0	0	0	0	0	0	0	0	0	0	0	0	0	0	0	0	0	0	0	0	0	0	0	0	0	0	0	0	0	0	0	0	0	0	0	0	0	0	0	0	0	0	0.02083849909	0	0	0.02083849909	0	0	0	0	0	0	0	0	0	0	0	0	0	0	0	0	0	0	0	0	0	0	0	0	0	0	0	0	0	0	0	0	0	0	0	0	0	0	0	0	0	0	0	0	0	0	0	0	0.001742899444	0.001742899444	0	0.001742899444	0.001742899444	0	0.001742899444	0.001742899444	0	0	0	0	0	0	0	0	0	0	0	0	0	0	0	0	0	0	0	0	0	0	0	0	0	0	0	0	0	0	0	0	0	0	0	0	0	0	0	0	0	0	0	0	0	0	0.0004611562731	0.0004611562731	0	0.0004611562731	0.0004611562731	0	0.0004611562731	0.0004611562731	0	0	0	0	0	0	0	0	0	0	0	0	0	0	0	0	0	0	0	0	0	0	0	0	0	0	0	0	0	0	0	0	0	0	0	0	0	0	0
(9,19)	0	0	0	0	0	0	0	0	0	0	0	0	0	0	0	0	0	0	0	0	0	0	0	0	0	0	0	0	0	0	0	0	0	0	9.042279864e-05	9.042279864e-05	9.042279864e-05	9.042279864e-05	9.042279864e-05	9.042279864e-05	9.042279864e-05	9.042279864e-05	9.042279864e-05	0	0	0	0	0	0	0	0	0	0	0	0	0	0	0	0	0	0	0	0	0	0	0	0	0	0	0	0	0	0	0	0	0	0	0	0	0	0	0	0	0	0	0	0	0	0.0002938740956	0.0002938740956	0.0002938740956	0.0002938740956	0.0002938740956	0.0002938740956	0.0002938740956	0.0002938740956	0.0002938740956	0	0	0	0	0	0	0	0	0	0	0	0	0	0	0	0	0	0	0	0	0	0	0	0	0	0	0	0	0	0	0	0	0	0	0	0	0	0	0	0	0	0	0	0	0	0.001158542108	0.001158542108	0.001158542108	0.001158542108	0.001158542108	0.001158542108	0.001158542108	0.001158542108	0.001158542108	0	0	0	0	0	0	0	0	0	0	0	0	0	0	0	0	0	0	0	0	0	0	0	0	0	0	0	0	0	0	0	0	0	0	0	0	0	0	0	0	0	0	0	0	0	0.004629929862	0.004629929862	0.004629929862	0.004629929862	0.004629929862	0.004629929862	0.004629929862	0.004629929862	0.004629929862	0	0	0	0	0	0	0	0	0	0	0	0	0	0	0	0	0	0	0	0	0	0	0	0	0	0	0	0	0	0	0	0	0	0	0	0	0	0	0	0	0	0	0	0	0	0.0185186598	0.0185186598	0.0185186598	0.0185186598	0.0185186598	0.0185186598	0.0185186598	0.0185186598	0.0185186598	0	0	0	0	0	0	0	0	0	0	0	0	0	0	0	0	0	0	0	0	0	0	0	0	0	0	0	0	0	0	0	0	0	0	0	0	0	0	0	0	0	0	0	0	0	0.004629929862	0.004629929862	0.004629929862	0.004629929862	0.004629929862	0.004629929862	0.004629929862	0.004629929862	0.004629929862	0	0	0	0	0	0	0	0	0	0	0	0	0	0	0	0	0	0	0	0	0	0	0	0	0	0	0	0	0	0	0	0	0	0	0	0	0	0	0	0	0	0	0	0	0	0.001158542108	0.001158542108	0.001158542108	0.001158542108	0.001158542108	0.001158542108	0.001158542108	0.001158542108	0.001158542108	0	0	0	0	0	0	0	0	0	0	0	0	0	0	0	0	0	0	0	0	0	0	0	0	0	0	0	0	0	0	0	0	0	0	0	0	0	0	0	0	0	0	0	0	0	0.0002938740956	0.0002938740956	0.0002938740956	0.0002938740956	0.0002938740956	0.0002938740956	0.0002938740956	0.0002938740956	0.0002938740956	0	0	0	0	0	0	0	0	0	0	0	0	0	0	0	0	0	0	0	0	0	0	0	0	0	0	0	0	0	0	0	0	0	0	0	0	0	0	0	0	0	0	0	0	0	9.042279864e-05	9.042279864e-05	9.042279864e-05	9.042279864e-05	9.042279864e-05	9.042279864e-05	9.042279864e-05	9.042279864e-05	9.042279864e-05	0	0	0	0	0	0	0	0	0	0	0
(9,20)	0	0	0	0	0	0	0	0	0	0	0	0	0	0	0	0	0	0	0	0	0	0	0	0	0	0	0	0	0	0	0	0	0	0	9.042279864e-05	9.042279864e-05	9.042279864e-05	9.042279864e-05	9.042279864e-05	9.042279864e-05	9.042279864e-05	9.042279864e-05	9.042279864e-05	0	0	0	0	0	0	0	0	0	0	0	0	0	0	0	0	0	0	0	0	0	0	0	0	0	0	0	0	0	0	0	0	0	0	0	0	0	0	0	0	0	0	0	0	0	0.0002938740956	0.0002938740956	0.0002938740956	0.0002938740956	0.0002938740956	0.0002938740956	0.0002938740956	0.0002938740956	0.0002938740956	0	0	0	0	0	0	0	0	0	0	0	0	0	0	0	0	0	0	0	0	0	0	0	0	0	0	0	0	0	0	0	0	0	0	0	0	0	0	0	0	0	0	0	0	0	0.001158542108	0.001158542108	0.001158542108	0.001158542108	0.001158542108	0.001158542108	0.001158542108	0.001158542108	0.001158542108	0	0	0	0	0	0	0	0	0	0	0	0	0	0	0	0	0	0	0	0	0	0	0	0	0	0	0	0	0	0	0	0	0	0	0	0	0	0	0	0	0	0	0	0	0	0.004629929862	0.004629929862	0.004629929862	0.004629929862	0.004629929862	0.004629929862	0.004629929862	0.004629929862	0.004629929862	0	0	0	0	0	0	0	0	0	0	0	0	0	0	0	0	0	0	0	0	0	0	0	0	0	0	0	0	0	0	0	0	0	0	0	0	0	0	0	0	0	0	0	0	0	0.0185186598	0.0185186598	0.0185186598	0.0185186598	0.0185186598	0.0185186598	0.0185186598	0.0185186598	0.0185186598	0	0	0	0	0	0	0	0	0	0	0	0	0	0	0	0	0	0	0	0	0	0	0	0	0	0	0	0	0	0	0	0	0	0	0	0	0	0	0	0	0	0	0	0	0	0.004629929862	0.004629929862	0.004629929862	0.004629929862	0.004629929862	0.004629929862	0.004629929862	0.004629929862	0.004629929862	0	0	0	0	0	0	0	0	0	0	0	0	0	0	0	0	0	0	0	0	0	0	0	0	0	0	0	0	0	0	0	0	0	0	0	0	0	0	0	0	0	0	0	0	0	0.001158542108	0.001158542108	0.001158542108	0.001158542108	0.001158542108	0.001158542108	0.001158542108	0.001158542108	0.001158542108	0	0	0	0	0	0	0	0	0	0	0	0	0	0	0	0	0	0	0	0	0	0	0	0	0	0	0	0	0	0	0	0	0	0	0	0	0	0	0	0	0	0	0	0	0	0.0002938740956	0.0002938740956	0.0002938740956	0.0002938740956	0.0002938740956	0.0002938740956	0.0002938740956	0.0002938740956	0.0002938740956	0	0	0	0	0	0	0	0	0	0	0	0	0	0	0	0	0	0	0	0	0	0	0	0	0	0	0	0	0	0	0	0	0	0	0	0	0	0	0	0	0	0	0	0	0	9.042279864e-05	9.042279864e-05	9.042279864e-05	9.042279864e-05	9.042279864e-05	9.042279864e-05	9.042279864e-05	9.042279864e-05	9.042279864e-05	0	0	0	0	0	0	0	0	0	0	0
(9,21)	0	0	0	0	0	0	0	0.0013020883	0	0	0	0	0	0	0	0	0	0	0	0	0	0	0	0	0	0	0	0	0	0	0	0	0	0	0	0	0	0	0	0	0	0	0	0	0	0	0	0	0	0	0	0	0	0	0	0	0	0	0	0	0	0	0.0004611562731	0.0004611562731	0	0.0004611562731	0.0004611562731	0	0.0004611562731	0.0004611562731	0	0	0	0	0	0	0	0	0	0	0	0	0	0	0	0	0	0	0	0	0	0	0	0	0	0	0	0	0	0	0	0	0	0	0	0	0	0	0	0	0	0	0	0	0	0	0.001742899444	0.001742899444	0	0.001742899444	0.001742899444	0	0.001742899444	0.001742899444	0	0	0	0	0	0	0	0	0	0	0	0	0	0	0	0	0	0	0	0	0	0	0	0	0	0	0	0	0	0	0	0	0	0	0	0	0	0	0	0	0	0	0	0	0	0	0	0	0.02083849909	0	0	0.02083849909	0	0	0	0	0	0	0	0	0	0	0	0	0	0	0	0	0	0	0	0	0	0	0	0	0	0	0	0	0	0	0	0	0	0	0	0	0	0	0	0	0	0	0	0	0	0	0	0	0.0277783076	0.0277783076	0	0.0277783076	0.0277783076	0	0.0277783076	0.0277783076	0	0	0	0	0	0	0	0	0	0	0	0	0	0	0	0	0	0	0	0	0	0	0	0	0	0	0	0	0	0	0	0	0	0	0	0	0	0	0	0	0	0	0	0	0	0	0.0277783076	0.0277783076	0	0.0277783076	0.0277783076	0	0.0277783076	0.0277783076	0	0	0	0	0	0	0	0	0	0	0	0	0	0	0	0	0	0	0	0	0	0	0	0	0	0	0	0	0	0	0	0	0	0	0	0	0	0	0	0	0	0	0	0	0	0	0	0	0.02083849909	0	0	0.02083849909	0	0	0	0	0	0	0	0	0	0	0	0	0	0	0	0	0	0	0	0	0	0	0	0	0	0	0	0	0	0	0	0	0	0	0	0	0	0	0	0	0	0	0	0	0	0	0	0	0.001742899444	0.001742899444	0	0.001742899444	0.001742899444	0	0.001742899444	0.001742899444	0	0	0	0	0	0	0	0	0	0	0	0	0	0	0	0	0	0	0	0	0	0	0	0	0	0	0	0	0	0	0	0	0	0	0	0	0	0	0	0	0	0	0	0	0	0	0.0004611562731	0.0004611562731	0	0.0004611562731	0.0004611562731	0	0.0004611562731	0.0004611562731	0	0	0	0	0	0	0	0	0	0	0	0	0	0	0	0	0	0	0	0	0	0	0	0	0	0	0	0	0	0	0	0	0	0	0	0	0	0
(9,22)	0	0	0	0	0	0	0	0	0	0	0	0	0	0	0	0	0	0	0	0	0	0	0	0	0	0	0	0	0	0	0	0	0	0	0	9.042279864e-05	9.042279864e-05	9.042279864e-05	9.042279864e-05	9.042279864e-05	9.042279864e-05	9.042279864e-05	9.042279864e-05	9.042279864e-05	0	0	0	0	0	0	0	0	0	0	0	0	0	0	0	0	0	0	0	0	0	0	0	0	0	0	0	0	0	0	0	0	0	0	0	0	0	0	0	0	0	0	0	0	0	0.0002938740956	0.0002938740956	0.0002938740956	0.0002938740956	0.0002938740956	0.0002938740956	0.0002938740956	0.0002938740956	0.0002938740956	0	0	0	0	0	0	0	0	0	0	0	0	0	0	0	0	0	0	0	0	0	0	0	0	0	0	0	0	0	0	0	0	0	0	0	0	0	0	0	0	0	0	0	0	0	0.001158542108	0.001158542108	0.001158542108	0.001158542108	0.001158542108	0.001158542108	0.001158542108	0.001158542108	0.001158542108	0	0	0	0	0	0	0	0	0	0	0	0	0	0	0	0	0	0	0	0	0	0	0	0	0	0	0	0	0	0	0	0	0	0	0	0	0	0	0	0	0	0	0	0	0	0.004629929862	0.004629929862	0.004629929862	0.004629929862	0.004629929862	0.004629929862	0.004629929862	0.004629929862	0.004629929862	0	0	0	0	0	0	0	0	0	0	0	0	0	0	0	0	0	0	0	0	0	0	0	0	0	0	0	0	0	0	0	0	0	0	0	0	0	0	0	0	0	0	0	0	0	0.0185186598	0.0185186598	0.0185186598	0.0185186598	0.0185186598	0.0185186598	0.0185186598	0.0185186598	0.0185186598	0	0	0	0	0	0	0	0	0	0	0	0	0	0	0	0	0	0	0	0	0	0	0	0	0	0	0	0	0	0	0	0	0	0	0	0	0	0	0	0	0	0	0	0	0	0.004629929862	0.004629929862	0.004629929862	0.004629929862	0.004629929862	0.004629929862	0.004629929862	0.004629929862	0.004629929862	0	0	0	0	0	0	0	0	0	0	0	0	0	0	0	0	0	0	0	0	0	0	0	0	0	0	0	0	0	0	0	0	0	0	0	0	0	0	0	0	0	0	0	0	0	0.001158542108	0.001158542108	0.001158542108	0.001158542108	0.001158542108	0.001158542108	0.001158542108	0.001158542108	0.001158542108	0	0	0	0	0	0	0	0	0	0	0	0	0	0	0	0	0	0	0	0	0	0	0	0	0	0	0	0	0	0	0	0	0	0	0	0	0	0	0	0	0	0	0	0	0	0.0002938740956	0.0002938740956	0.0002938740956	0.0002938740956	0.0002938740956	0.0002938740956	0.0002938740956	0.0002938740956	0.0002938740956	0	0	0	0	0	0	0	0	0	0	0	0	0	0	0	0	0	0	0	0	0	0	0	0	0	0	0	0	0	0	0	0	0	0	0	0	0	0	0	0	0	0	0	0	0	9.042279864e-05	9.042279864e-05	9.042279864e-05	9.042279864e-05	9.042279864e-05	9.042279864e-05	9.042279864e-05	9.042279864e-05	9.042279864e-05	0	0	0	0	0	0	0	0	0	0
(9,23)	0	0	0	0	0	0	0	0	0	0	0	0	0	0	0	0	0	0	0	0	0	0	0	0	0	0	0	0	0	0	0	0	0	0	0	9.042279864e-05	9.042279864e-05	9.042279864e-05	9.042279864e-05	9.042279864e-05	9.042279864e-05	9.042279864e-05	9.042279864e-05	9.042279864e-05	0	0	0	0	0	0	0	0	0	0	0	0	0	0	0	0	0	0	0	0	0	0	0	0	0	0	0	0	0	0	0	0	0	0	0	0	0	0	0	0	0	0	0	0	0	0.0002938740956	0.0002938740956	0.0002938740956	0.0002938740956	0.0002938740956	0.0002938740956	0.0002938740956	0.0002938740956	0.0002938740956	0	0	0	0	0	0	0	0	0	0	0	0	0	0	0	0	0	0	0	0	0	0	0	0	0	0	0	0	0	0	0	0	0	0	0	0	0	0	0	0	0	0	0	0	0	0.001158542108	0.001158542108	0.001158542108	0.001158542108	0.001158542108	0.001158542108	0.001158542108	0.001158542108	0.001158542108	0	0	0	0	0	0	0	0	0	0	0	0	0	0	0	0	0	0	0	0	0	0	0	0	0	0	0	0	0	0	0	0	0	0	0	0	0	0	0	0	0	0	0	0	0	0.004629929862	0.004629929862	0.004629929862	0.004629929862	0.004629929862	0.004629929862	0.004629929862	0.004629929862	0.004629929862	0	0	0	0	0	0	0	0	0	0	0	0	0	0	0	0	0	0	0	0	0	0	0	0	0	0	0	0	0	0	0	0	0	0	0	0	0	0	0	0	0	0	0	0	0	0.0185186598	0.0185186598	0.0185186598	0.0185186598	0.0185186598	0.0185186598	0.0185186598	0.0185186598	0.0185186598	0	0	0	0	0	0	0	0	0	0	0	0	0	0	0	0	0	0	0	0	0	0	0	0	0	0	0	0	0	0	0	0	0	0	0	0	0	0	0	0	0	0	0	0	0	0.004629929862	0.004629929862	0.004629929862	0.004629929862	0.004629929862	0.004629929862	0.004629929862	0.004629929862	0.004629929862	0	0	0	0	0	0	0	0	0	0	0	0	0	0	0	0	0	0	0	0	0	0	0	0	0	0	0	0	0	0	0	0	0	0	0	0	0	0	0	0	0	0	0	0	0	0.001158542108	0.001158542108	0.001158542108	0.001158542108	0.001158542108	0.001158542108	0.001158542108	0.001158542108	0.001158542108	0	0	0	0	0	0	0	0	0	0	0	0	0	0	0	0	0	0	0	0	0	0	0	0	0	0	0	0	0	0	0	0	0	0	0	0	0	0	0	0	0	0	0	0	0	0.0002938740956	0.0002938740956	0.0002938740956	0.0002938740956	0.0002938740956	0.0002938740956	0.0002938740956	0.0002938740956	0.0002938740956	0	0	0	0	0	0	0	0	0	0	0	0	0	0	0	0	0	0	0	0	0	0	0	0	0	0	0	0	0	0	0	0	0	0	0	0	0	0	0	0	0	0	0	0	0	9.042279864e-05	9.042279864e-05	9.042279864e-05	9.042279864e-05	9.042279864e-05	9.042279864e-05	9.042279864e-05	9.042279864e-05	9.042279864e-05	0	0	0	0	0	0	0	0	0	0
(9,24)	0	0	0	0	0	0	0	0	0.0013020883	0	0	0	0	0	0	0	0	0	0	0	0	0	0	0	0	0	0	0	0	0	0	0	0	0	0	0	0	0	0	0	0	0	0	0	0	0	0	0	0	0	0	0	0	0	0	0	0	0	0	0	0	0	0	0.0004611562731	0.0004611562731	0	0.0004611562731	0.0004611562731	0	0.0004611562731	0.0004611562731	0	0	0	0	0	0	0	0	0	0	0	0	0	0	0	0	0	0	0	0	0	0	0	0	0	0	0	0	0	0	0	0	0	0	0	0	0	0	0	0	0	0	0	0	0	0	0.001742899444	0.001742899444	0	0.001742899444	0.001742899444	0	0.001742899444	0.001742899444	0	0	0	0	0	0	0	0	0	0	0	0	0	0	0	0	0	0	0	0	0	0	0	0	0	0	0	0	0	0	0	0	0	0	0	0	0	0	0	0	0	0	0	0	0	0	0	0	0.02083849909	0	0	0.02083849909	0	0	0	0	0	0	0	0	0	0	0	0	0	0	0	0	0	0	0	0	0	0	0	0	0	0	0	0	0	0	0	0	0	0	0	0	0	0	0	0	0	0	0	0	0	0	0	0	0.0277783076	0.0277783076	0	0.0277783076	0.0277783076	0	0.0277783076	0.0277783076	0	0	0	0	0	0	0	0	0	0	0	0	0	0	0	0	0	0	0	0	0	0	0	0	0	0	0	0	0	0	0	0	0	0	0	0	0	0	0	0	0	0	0	0	0	0	0.0277783076	0.0277783076	0	0.0277783076	0.0277783076	0	0.0277783076	0.0277783076	0	0	0	0	0	0	0	0	0	0	0	0	0	0	0	0	0	0	0	0	0	0	0	0	0	0	0	0	0	0	0	0	0	0	0	0	0	0	0	0	0	0	0	0	0	0	0	0	0.02083849909	0	0	0.02083849909	0	0	0	0	0	0	0	0	0	0	0	0	0	0	0	0	0	0	0	0	0	0	0	0	0	0	0	0	0	0	0	0	0	0	0	0	0	0	0	0	0	0	0	0	0	0	0	0	0.001742899444	0.001742899444	0	0.001742899444	0.001742899444	0	0.001742899444	0.001742899444	0	0	0	0	0	0	0	0	0	0	0	0	0	0	0	0	0	0	0	0	0	0	0	0	0	0	0	0	0	0	0	0	0	0	0	0	0	0	0	0	0	0	0	0	0	0	0.0004611562731	0.0004611562731	0	0.0004611562731	0.0004611562731	0	0.0004611562731	0.0004611562731	0	0	0	0	0	0	0	0	0	0	0	0	0	0	0	0	0	0	0	0	0	0	0	0	0	0	0	0	0	0	0	0	0	0	0	0	0
(9,25)	0	0	0	0	0	0	0	0	0	0	0	0	0	0	0	0	0	0	0	0	0	0	0	0	0	0	0	0	0	0	0	0	0	0	0	0	9.042279864e-05	9.042279864e-05	9.042279864e-05	9.042279864e-05	9.042279864e-05	9.042279864e-05	9.042279864e-05	9.042279864e-05	9.042279864e-05	0	0	0	0	0	0	0	0	0	0	0	0	0	0	0	0	0	0	0	0	0	0	0	0	0	0	0	0	0	0	0	0	0	0	0	0	0	0	0	0	0	0	0	0	0	0.0002938740956	0.0002938740956	0.0002938740956	0.0002938740956	0.0002938740956	0.0002938740956	0.0002938740956	0.0002938740956	0.0002938740956	0	0	0	0	0	0	0	0	0	0	0	0	0	0	0	0	0	0	0	0	0	0	0	0	0	0	0	0	0	0	0	0	0	0	0	0	0	0	0	0	0	0	0	0	0	0.001158542108	0.001158542108	0.001158542108	0.001158542108	0.001158542108	0.001158542108	0.001158542108	0.001158542108	0.001158542108	0	0	0	0	0	0	0	0	0	0	0	0	0	0	0	0	0	0	0	0	0	0	0	0	0	0	0	0	0	0	0	0	0	0	0	0	0	0	0	0	0	0	0	0	0	0.004629929862	0.004629929862	0.004629929862	0.004629929862	0.004629929862	0.004629929862	0.004629929862	0.004629929862	0.004629929862	0	0	0	0	0	0	0	0	0	0	0	0	0	0	0	0	0	0	0	0	0	0	0	0	0	0	0	0	0	0	0	0	0	0	0	0	0	0	0	0	0	0	0	0	0	0.0185186598	0.0185186598	0.0185186598	0.0185186598	0.0185186598	0.0185186598	0.0185186598	0.0185186598	0.0185186598	0	0	0	0	0	0	0	0	0	0	0	0	0	0	0	0	0	0	0	0	0	0	0	0	0	0	0	0	0	0	0	0	0	0	0	0	0	0	0	0	0	0	0	0	0	0.004629929862	0.004629929862	0.004629929862	0.004629929862	0.004629929862	0.004629929862	0.004629929862	0.004629929862	0.004629929862	0	0	0	0	0	0	0	0	0	0	0	0	0	0	0	0	0	0	0	0	0	0	0	0	0	0	0	0	0	0	0	0	0	0	0	0	0	0	0	0	0	0	0	0	0	0.001158542108	0.001158542108	0.001158542108	0.001158542108	0.001158542108	0.001158542108	0.001158542108	0.001158542108	0.001158542108	0	0	0	0	0	0	0	0	0	0	0	0	0	0	0	0	0	0	0	0	0	0	0	0	0	0	0	0	0	0	0	0	0	0	0	0	0	0	0	0	0	0	0	0	0	0.0002938740956	0.0002938740956	0.0002938740956	0.0002938740956	0.0002938740956	0.0002938740956	0.0002938740956	0.0002938740956	0.0002938740956	0	0	0	0	0	0	0	0	0	0	0	0	0	0	0	0	0	0	0	0	0	0	0	0	0	0	0	0	0	0	0	0	0	0	0	0	0	0	0	0	0	0	0	0	0	9.042279864e-05	9.042279864e-05	9.042279864e-05	9.042279864e-05	9.042279864e-05	9.042279864e-05	9.042279864e-05	9.042279864e-05	9.042279864e-05	0	0	0	0	0	0	0	0	0
(9,26)	0	0	0	0	0	0	0	0	0	0	0	0	0	0	0	0	0	0	0	0	0	0	0	0	0	0	0	0	0	0	0	0	0	0	0	0	9.042279864e-05	9.042279864e-05	9.042279864e-05	9.042279864e-05	9.042279864e-05	9.042279864e-05	9.042279864e-05	9.042279864e-05	9.042279864e-05	0	0	0	0	0	0	0	0	0	0	0	0	0	0	0	0	0	0	0	0	0	0	0	0	0	0	0	0	0	0	0	0	0	0	0	0	0	0	0	0	0	0	0	0	0	0.0002938740956	0.0002938740956	0.0002938740956	0.0002938740956	0.0002938740956	0.0002938740956	0.0002938740956	0.0002938740956	0.0002938740956	0	0	0	0	0	0	0	0	0	0	0	0	0	0	0	0	0	0	0	0	0	0	0	0	0	0	0	0	0	0	0	0	0	0	0	0	0	0	0	0	0	0	0	0	0	0.001158542108	0.001158542108	0.001158542108	0.001158542108	0.001158542108	0.001158542108	0.001158542108	0.001158542108	0.001158542108	0	0	0	0	0	0	0	0	0	0	0	0	0	0	0	0	0	0	0	0	0	0	0	0	0	0	0	0	0	0	0	0	0	0	0	0	0	0	0	0	0	0	0	0	0	0.004629929862	0.004629929862	0.004629929862	0.004629929862	0.004629929862	0.004629929862	0.004629929862	0.004629929862	0.004629929862	0	0	0	0	0	0	0	0	0	0	0	0	0	0	0	0	0	0	0	0	0	0	0	0	0	0	0	0	0	0	0	0	0	0	0	0	0	0	0	0	0	0	0	0	0	0.0185186598	0.0185186598	0.0185186598	0.0185186598	0.0185186598	0.0185186598	0.0185186598	0.0185186598	0.0185186598	0	0	0	0	0	0	0	0	0	0	0	0	0	0	0	0	0	0	0	0	0	0	0	0	0	0	0	0	0	0	0	0	0	0	0	0	0	0	0	0	0	0	0	0	0	0.004629929862	0.004629929862	0.004629929862	0.004629929862	0.004629929862	0.004629929862	0.004629929862	0.004629929862	0.004629929862	0	0	0	0	0	0	0	0	0	0	0	0	0	0	0	0	0	0	0	0	0	0	0	0	0	0	0	0	0	0	0	0	0	0	0	0	0	0	0	0	0	0	0	0	0	0.001158542108	0.001158542108	0.001158542108	0.001158542108	0.001158542108	0.001158542108	0.001158542108	0.001158542108	0.001158542108	0	0	0	0	0	0	0	0	0	0	0	0	0	0	0	0	0	0	0	0	0	0	0	0	0	0	0	0	0	0	0	0	0	0	0	0	0	0	0	0	0	0	0	0	0	0.0002938740956	0.0002938740956	0.0002938740956	0.0002938740956	0.0002938740956	0.0002938740956	0.0002938740956	0.0002938740956	0.0002938740956	0	0	0	0	0	0	0	0	0	0	0	0	0	0	0	0	0	0	0	0	0	0	0	0	0	0	0	0	0	0	0	0	0	0	0	0	0	0	0	0	0	0	0	0	0	9.042279864e-05	9.042279864e-05	9.042279864e-05	9.042279864e-05	9.042279864e-05	9.042279864e-05	9.042279864e-05	9.042279864e-05	9.042279864e-05	0	0	0	0	0	0	0	0	0
(10,0)	0.001627610376	0	0	0	0	0	0	0	0	0	0	0	0	0	0	0	0	0	0	0	0	0	0	0	0	0	0	0	0	0	0	0	0	0	0	0	0	0	0	0	0	0	0	0	0	0	0	0	0	0	0	0	0	0	0	0.0002712683959	0.0002712683959	0	0.0002712683959	0.0002712683959	0	0.0002712683959	0.0002712683959	0	0	0	0	0	0	0	0	0	0	0	0	0	0	0	0	0	0	0	0	0	0	0	0	0	0	0	0	0	0	0	0	0	0	0	0	0	0	0	0	0	0	0	0	0	0	0.0008816222867	0.0008816222867	0	0.0008816222867	0.0008816222867	0	0.0008816222867	0.0008816222867	0	0	0	0	0	0	0	0	0	0	0	0	0	0	0	0	0	0	0	0	0	0	0	0	0	0	0	0	0	0	0	0	0	0	0	0	0	0	0	0	0	0	0	0	0	0	0	0	0.01042687897	0	0	0.01042687897	0	0	0	0	0	0	0	0	0	0	0	0	0	0	0	0	0	0	0	0	0	0	0	0	0	0	0	0	0	0	0	0	0	0	0	0	0	0	0	0	0	0	0	0	0	0	0	0	0.01388978958	0.01388978958	0	0.01388978958	0.01388978958	0	0.01388978958	0.01388978958	0	0	0	0	0	0	0	0	0	0	0	0	0	0	0	0	0	0	0	0	0	0	0	0	0	0	0	0	0	0	0	0	0	0	0	0	0	0	0	0	0	0	0	0	0	0	0.05555597941	0.05555597941	0	0.05555597941	0.05555597941	0	0.05555597941	0.05555597941	0	0	0	0	0	0	0	0	0	0	0	0	0	0	0	0	0	0	0	0	0	0	0	0	0	0	0	0	0	0	0	0	0	0	0	0	0	0	0	0	0	0	0	0	0	0	0	0	0.04166936875	0	0	0.04166936875	0	0	0	0	0	0	0	0	0	0	0	0	0	0	0	0	0	0	0	0	0	0	0	0	0	0	0	0	0	0	0	0	0	0	0	0	0	0	0	0	0	0	0	0	0	0	0	0	0.003475626323	0.003475626323	0	0.003475626323	0.003475626323	0	0.003475626323	0.003475626323	0	0	0	0	0	0	0	0	0	0	0	0	0	0	0	0	0	0	0	0	0	0	0	0	0	0	0	0	0	0	0	0	0	0	0	0	0	0	0	0	0	0	0	0	0	0	0.0008816222867	0.0008816222867	0	0.0008816222867	0.0008816222867	0	0.0008816222867	0.0008816222867	0	0	0	0	0	0	0	0	0	0	0	0	0	0	0	0	0	0	0	0	0	0	0	0	0	0	0	0	0	0	0	0	0	0	0	0	0	0	0	0	0	0	0	0	0
(10,1)	0	0	0	0	0	0	0	0	0	0	0	0	0	0	0	0	0	0	0	0	0	0	0	0	0	0	0	0	7.233823891e-05	7.233823891e-05	7.233823891e-05	7.233823891e-05	7.233823891e-05	7.233823891e-05	7.233823891e-05	7.233823891e-05	7.233823891e-05	0	0	0	0	0	0	0	0	0	0	0	0	0	0	0	0	0	0	0	0	0	0	0	0	0	0	0	0	0	0	0	0	0	0	0	0	0	0	0	0	0	0	0	0	0	0.0001537187577	0.0001537187577	0.0001537187577	0.0001537187577	0.0001537187577	0.0001537187577	0.0001537187577	0.0001537187577	0.0001537187577	0	0	0	0	0	0	0	0	0	0	0	0	0	0	0	0	0	0	0	0	0	0	0	0	0	0	0	0	0	0	0	0	0	0	0	0	0	0	0	0	0	0	0	0	0	0.0005809664813	0.0005809664813	0.0005809664813	0.0005809664813	0.0005809664813	0.0005809664813	0.0005809664813	0.0005809664813	0.0005809664813	0	0	0	0	0	0	0	0	0	0	0	0	0	0	0	0	0	0	0	0	0	0	0	0	0	0	0	0	0	0	0	0	0	0	0	0	0	0	0	0	0	0	0	0	0	0.002315388788	0.002315388788	0.002315388788	0.002315388788	0.002315388788	0.002315388788	0.002315388788	0.002315388788	0.002315388788	0	0	0	0	0	0	0	0	0	0	0	0	0	0	0	0	0	0	0	0	0	0	0	0	0	0	0	0	0	0	0	0	0	0	0	0	0	0	0	0	0	0	0	0	0	0.009259435866	0.009259435866	0.009259435866	0.009259435866	0.009259435866	0.009259435866	0.009259435866	0.009259435866	0.009259435866	0	0	0	0	0	0	0	0	0	0	0	0	0	0	0	0	0	0	0	0	0	0	0	0	0	0	0	0	0	0	0	0	0	0	0	0	0	0	0	0	0	0	0	0	0	0.009259435866	0.009259435866	0.009259435866	0.009259435866	0.009259435866	0.009259435866	0.009259435866	0.009259435866	0.009259435866	0	0	0	0	0	0	0	0	0	0	0	0	0	0	0	0	0	0	0	0	0	0	0	0	0	0	0	0	0	0	0	0	0	0	0	0	0	0	0	0	0	0	0	0	0	0.002315388788	0.002315388788	0.002315388788	0.002315388788	0.002315388788	0.002315388788	0.002315388788	0.002315388788	0.002315388788	0	0	0	0	0	0	0	0	0	0	0	0	0	0	0	0	0	0	0	0	0	0	0	0	0	0	0	0	0	0	0	0	0	0	0	0	0	0	0	0	0	0	0	0	0	0.0005809664813	0.0005809664813	0.0005809664813	0.0005809664813	0.0005809664813	0.0005809664813	0.0005809664813	0.0005809664813	0.0005809664813	0	0	0	0	0	0	0	0	0	0	0	0	0	0	0	0	0	0	0	0	0	0	0	0	0	0	0	0	0	0	0	0	0	0	0	0	0	0	0	0	0	0	0	0	0	0.0001537187577	0.0001537187577	0.0001537187577	0.0001537187577	0.0001537187577	0.0001537187577	0.0001537187577	0.0001537187577	0.0001537187577	0	0	0	0	0	0	0	0	0	0	0	0	0	0	0	0	0
(10,2)	0	0	0	0	0	0	0	0	0	0	0	0	0	0	0	0	0	0	0	0	0	0	0	0	0	0	0	0	7.233823891e-05	7.233823891e-05	7.233823891e-05	7.233823891e-05	7.233823891e-05	7.233823891e-05	7.233823891e-05	7.233823891e-05	7.233823891e-05	0	0	0	0	0	0	0	0	0	0	0	0	0	0	0	0	0	0	0	0	0	0	0	0	0	0	0	0	0	0	0	0	0	0	0	0	0	0	0	0	0	0	0	0	0	0.0001537187577	0.0001537187577	0.0001537187577	0.0001537187577	0.0001537187577	0.0001537187577	0.0001537187577	0.0001537187577	0.0001537187577	0	0	0	0	0	0	0	0	0	0	0	0	0	0	0	0	0	0	0	0	0	0	0	0	0	0	0	0	0	0	0	0	0	0	0	0	0	0	0	0	0	0	0	0	0	0.0005809664813	0.0005809664813	0.0005809664813	0.0005809664813	0.0005809664813	0.0005809664813	0.0005809664813	0.0005809664813	0.0005809664813	0	0	0	0	0	0	0	0	0	0	0	0	0	0	0	0	0	0	0	0	0	0	0	0	0	0	0	0	0	0	0	0	0	0	0	0	0	0	0	0	0	0	0	0	0	0.002315388788	0.002315388788	0.002315388788	0.002315388788	0.002315388788	0.002315388788	0.002315388788	0.002315388788	0.002315388788	0	0	0	0	0	0	0	0	0	0	0	0	0	0	0	0	0	0	0	0	0	0	0	0	0	0	0	0	0	0	0	0	0	0	0	0	0	0	0	0	0	0	0	0	0	0.009259435866	0.009259435866	0.009259435866	0.009259435866	0.009259435866	0.009259435866	0.009259435866	0.009259435866	0.009259435866	0	0	0	0	0	0	0	0	0	0	0	0	0	0	0	0	0	0	0	0	0	0	0	0	0	0	0	0	0	0	0	0	0	0	0	0	0	0	0	0	0	0	0	0	0	0.009259435866	0.009259435866	0.009259435866	0.009259435866	0.009259435866	0.009259435866	0.009259435866	0.009259435866	0.009259435866	0	0	0	0	0	0	0	0	0	0	0	0	0	0	0	0	0	0	0	0	0	0	0	0	0	0	0	0	0	0	0	0	0	0	0	0	0	0	0	0	0	0	0	0	0	0.002315388788	0.002315388788	0.002315388788	0.002315388788	0.002315388788	0.002315388788	0.002315388788	0.002315388788	0.002315388788	0	0	0	0	0	0	0	0	0	0	0	0	0	0	0	0	0	0	0	0	0	0	0	0	0	0	0	0	0	0	0	0	0	0	0	0	0	0	0	0	0	0	0	0	0	0.0005809664813	0.0005809664813	0.0005809664813	0.0005809664813	0.0005809664813	0.0005809664813	0.0005809664813	0.0005809664813	0.0005809664813	0	0	0	0	0	0	0	0	0	0	0	0	0	0	0	0	0	0	0	0	0	0	0	0	0	0	0	0	0	0	0	0	0	0	0	0	0	0	0	0	0	0	0	0	0	0.0001537187577	0.0001537187577	0.0001537187577	0.0001537187577	0.0001537187577	0.0001537187577	0.0001537187577	0.0001537187577	0.0001537187577	0	0	0	0	0	0	0	0	0	0	0	0	0	0	0	0	0
(10,3)	0	0.001627610376	0	0	0	0	0	0	0	0	0	0	0	0	0	0	0	0	0	0	0	0	0	0	0	0	0	0	0	0	0	0	0	0	0	0	0	0	0	0	0	0	0	0	0	0	0	0	0	0	0	0	0	0	0	0	0.0002712683959	0.0002712683959	0	0.0002712683959	0.0002712683959	0	0.0002712683959	0.0002712683959	0	0	0	0	0	0	0	0	0	0	0	0	0	0	0	0	0	0	0	0	0	0	0	0	0	0	0	0	0	0	0	0	0	0	0	0	0	0	0	0	0	0	0	0	0	0	0.0008816222867	0.0008816222867	0	0.0008816222867	0.0008816222867	0	0.0008816222867	0.0008816222867	0	0	0	0	0	0	0	0	0	0	0	0	0	0	0	0	0	0	0	0	0	0	0	0	0	0	0	0	0	0	0	0	0	0	0	0	0	0	0	0	0	0	0	0	0	0	0	0	0.01042687897	0	0	0.01042687897	0	0	0	0	0	0	0	0	0	0	0	0	0	0	0	0	0	0	0	0	0	0	0	0	0	0	0	0	0	0	0	0	0	0	0	0	0	0	0	0	0	0	0	0	0	0	0	0	0.01388978958	0.01388978958	0	0.01388978958	0.01388978958	0	0.01388978958	0.01388978958	0	0	0	0	0	0	0	0	0	0	0	0	0	0	0	0	0	0	0	0	0	0	0	0	0	0	0	0	0	0	0	0	0	0	0	0	0	0	0	0	0	0	0	0	0	0	0.05555597941	0.05555597941	0	0.05555597941	0.05555597941	0	0.05555597941	0.05555597941	0	0	0	0	0	0	0	0	0	0	0	0	0	0	0	0	0	0	0	0	0	0	0	0	0	0	0	0	0	0	0	0	0	0	0	0	0	0	0	0	0	0	0	0	0	0	0	0	0.04166936875	0	0	0.04166936875	0	0	0	0	0	0	0	0	0	0	0	0	0	0	0	0	0	0	0	0	0	0	0	0	0	0	0	0	0	0	0	0	0	0	0	0	0	0	0	0	0	0	0	0	0	0	0	0	0.003475626323	0.003475626323	0	0.003475626323	0.003475626323	0	0.003475626323	0.003475626323	0	0	0	0	0	0	0	0	0	0	0	0	0	0	0	0	0	0	0	0	0	0	0	0	0	0	0	0	0	0	0	0	0	0	0	0	0	0	0	0	0	0	0	0	0	0	0.0008816222867	0.0008816222867	0	0.0008816222867	0.0008816222867	0	0.0008816222867	0.0008816222867	0	0	0	0	0	0	0	0	0	0	0	0	0	0	0	0	0	0	0	0	0	0	0	0	0	0	0	0	0	0	0	0	0	0	0	0	0	0	0	0	0	0	0	0
(10,4)	0	0	0	0	0	0	0	0	0	0	0	0	0	0	0	0	0	0	0	0	0	0	0	0	0	0	0	0	0	7.233823891e-05	7.233823891e-05	7.233823891e-05	7.233823891e-05	7.233823891e-05	7.233823891e-05	7.233823891e-05	7.233823891e-05	7.233823891e-05	0	0	0	0	0	0	0	0	0	0	0	0	0	0	0	0	0	0	0	0	0	0	0	0	0	0	0	0	0	0	0	0	0	0	0	0	0	0	0	0	0	0	0	0	0	0.0001537187577	0.0001537187577	0.0001537187577	0.0001537187577	0.0001537187577	0.0001537187577	0.0001537187577	0.0001537187577	0.0001537187577	0	0	0	0	0	0	0	0	0	0	0	0	0	0	0	0	0	0	0	0	0	0	0	0	0	0	0	0	0	0	0	0	0	0	0	0	0	0	0	0	0	0	0	0	0	0.0005809664813	0.0005809664813	0.0005809664813	0.0005809664813	0.0005809664813	0.0005809664813	0.0005809664813	0.0005809664813	0.0005809664813	0	0	0	0	0	0	0	0	0	0	0	0	0	0	0	0	0	0	0	0	0	0	0	0	0	0	0	0	0	0	0	0	0	0	0	0	0	0	0	0	0	0	0	0	0	0.002315388788	0.002315388788	0.002315388788	0.002315388788	0.002315388788	0.002315388788	0.002315388788	0.002315388788	0.002315388788	0	0	0	0	0	0	0	0	0	0	0	0	0	0	0	0	0	0	0	0	0	0	0	0	0	0	0	0	0	0	0	0	0	0	0	0	0	0	0	0	0	0	0	0	0	0.009259435866	0.009259435866	0.009259435866	0.009259435866	0.009259435866	0.009259435866	0.009259435866	0.009259435866	0.009259435866	0	0	0	0	0	0	0	0	0	0	0	0	0	0	0	0	0	0	0	0	0	0	0	0	0	0	0	0	0	0	0	0	0	0	0	0	0	0	0	0	0	0	0	0	0	0.009259435866	0.009259435866	0.009259435866	0.009259435866	0.009259435866	0.009259435866	0.009259435866	0.009259435866	0.009259435866	0	0	0	0	0	0	0	0	0	0	0	0	0	0	0	0	0	0	0	0	0	0	0	0	0	0	0	0	0	0	0	0	0	0	0	0	0	0	0	0	0	0	0	0	0	0.002315388788	0.002315388788	0.002315388788	0.002315388788	0.002315388788	0.002315388788	0.002315388788	0.002315388788	0.002315388788	0	0	0	0	0	0	0	0	0	0	0	0	0	0	0	0	0	0	0	0	0	0	0	0	0	0	0	0	0	0	0	0	0	0	0	0	0	0	0	0	0	0	0	0	0	0.0005809664813	0.0005809664813	0.0005809664813	0.0005809664813	0.0005809664813	0.0005809664813	0.0005809664813	0.0005809664813	0.0005809664813	0	0	0	0	0	0	0	0	0	0	0	0	0	0	0	0	0	0	0	0	0	0	0	0	0	0	0	0	0	0	0	0	0	0	0	0	0	0	0	0	0	0	0	0	0	0.0001537187577	0.0001537187577	0.0001537187577	0.0001537187577	0.0001537187577	0.0001537187577	0.0001537187577	0.0001537187577	0.0001537187577	0	0	0	0	0	0	0	0	0	0	0	0	0	0	0	0
(10,5)	0	0	0	0	0	0	0	0	0	0	0	0	0	0	0	0	0	0	0	0	0	0	0	0	0	0	0	0	0	7.233823891e-05	7.233823891e-05	7.233823891e-05	7.233823891e-05	7.233823891e-05	7.233823891e-05	7.233823891e-05	7.233823891e-05	7.233823891e-05	0	0	0	0	0	0	0	0	0	0	0	0	0	0	0	0	0	0	0	0	0	0	0	0	0	0	0	0	0	0	0	0	0	0	0	0	0	0	0	0	0	0	0	0	0	0.0001537187577	0.0001537187577	0.0001537187577	0.0001537187577	0.0001537187577	0.0001537187577	0.0001537187577	0.0001537187577	0.0001537187577	0	0	0	0	0	0	0	0	0	0	0	0	0	0	0	0	0	0	0	0	0	0	0	0	0	0	0	0	0	0	0	0	0	0	0	0	0	0	0	0	0	0	0	0	0	0.0005809664813	0.0005809664813	0.0005809664813	0.0005809664813	0.0005809664813	0.0005809664813	0.0005809664813	0.0005809664813	0.0005809664813	0	0	0	0	0	0	0	0	0	0	0	0	0	0	0	0	0	0	0	0	0	0	0	0	0	0	0	0	0	0	0	0	0	0	0	0	0	0	0	0	0	0	0	0	0	0.002315388788	0.002315388788	0.002315388788	0.002315388788	0.002315388788	0.002315388788	0.002315388788	0.002315388788	0.002315388788	0	0	0	0	0	0	0	0	0	0	0	0	0	0	0	0	0	0	0	0	0	0	0	0	0	0	0	0	0	0	0	0	0	0	0	0	0	0	0	0	0	0	0	0	0	0.009259435866	0.009259435866	0.009259435866	0.009259435866	0.009259435866	0.009259435866	0.009259435866	0.009259435866	0.009259435866	0	0	0	0	0	0	0	0	0	0	0	0	0	0	0	0	0	0	0	0	0	0	0	0	0	0	0	0	0	0	0	0	0	0	0	0	0	0	0	0	0	0	0	0	0	0.009259435866	0.009259435866	0.009259435866	0.009259435866	0.009259435866	0.009259435866	0.009259435866	0.009259435866	0.009259435866	0	0	0	0	0	0	0	0	0	0	0	0	0	0	0	0	0	0	0	0	0	0	0	0	0	0	0	0	0	0	0	0	0	0	0	0	0	0	0	0	0	0	0	0	0	0.002315388788	0.002315388788	0.002315388788	0.002315388788	0.002315388788	0.002315388788	0.002315388788	0.002315388788	0.002315388788	0	0	0	0	0	0	0	0	0	0	0	0	0	0	0	0	0	0	0	0	0	0	0	0	0	0	0	0	0	0	0	0	0	0	0	0	0	0	0	0	0	0	0	0	0	0.0005809664813	0.0005809664813	0.0005809664813	0.0005809664813	0.0005809664813	0.0005809664813	0.0005809664813	0.0005809664813	0.0005809664813	0	0	0	0	0	0	0	0	0	0	0	0	0	0	0	0	0	0	0	0	0	0	0	0	0	0	0	0	0	0	0	0	0	0	0	0	0	0	0	0	0	0	0	0	0	0.0001537187577	0.0001537187577	0.0001537187577	0.0001537187577	0.0001537187577	0.0001537187577	0.0001537187577	0.0001537187577	0.0001537187577	0	0	0	0	0	0	0	0	0	0	0	0	0	0	0	0
(10,6)	0	0	0.001627610376	0	0	0	0	0	0	0	0	0	0	0	0	0	0	0	0	0	0	0	0	0	0	0	0	0	0	0	0	0	0	0	0	0	0	0	0	0	0	0	0	0	0	0	0	0	0	0	0	0	0	0	0	0	0	0.0002712683959	0.0002712683959	0	0.0002712683959	0.0002712683959	0	0.0002712683959	0.0002712683959	0	0	0	0	0	0	0	0	0	0	0	0	0	0	0	0	0	0	0	0	0	0	0	0	0	0	0	0	0	0	0	0	0	0	0	0	0	0	0	0	0	0	0	0	0	0	0.0008816222867	0.0008816222867	0	0.0008816222867	0.0008816222867	0	0.0008816222867	0.0008816222867	0	0	0	0	0	0	0	0	0	0	0	0	0	0	0	0	0	0	0	0	0	0	0	0	0	0	0	0	0	0	0	0	0	0	0	0	0	0	0	0	0	0	0	0	0	0	0	0	0.01042687897	0	0	0.01042687897	0	0	0	0	0	0	0	0	0	0	0	0	0	0	0	0	0	0	0	0	0	0	0	0	0	0	0	0	0	0	0	0	0	0	0	0	0	0	0	0	0	0	0	0	0	0	0	0	0.01388978958	0.01388978958	0	0.01388978958	0.01388978958	0	0.01388978958	0.01388978958	0	0	0	0	0	0	0	0	0	0	0	0	0	0	0	0	0	0	0	0	0	0	0	0	0	0	0	0	0	0	0	0	0	0	0	0	0	0	0	0	0	0	0	0	0	0	0.05555597941	0.05555597941	0	0.05555597941	0.05555597941	0	0.05555597941	0.05555597941	0	0	0	0	0	0	0	0	0	0	0	0	0	0	0	0	0	0	0	0	0	0	0	0	0	0	0	0	0	0	0	0	0	0	0	0	0	0	0	0	0	0	0	0	0	0	0	0	0.04166936875	0	0	0.04166936875	0	0	0	0	0	0	0	0	0	0	0	0	0	0	0	0	0	0	0	0	0	0	0	0	0	0	0	0	0	0	0	0	0	0	0	0	0	0	0	0	0	0	0	0	0	0	0	0	0.003475626323	0.003475626323	0	0.003475626323	0.003475626323	0	0.003475626323	0.003475626323	0	0	0	0	0	0	0	0	0	0	0	0	0	0	0	0	0	0	0	0	0	0	0	0	0	0	0	0	0	0	0	0	0	0	0	0	0	0	0	0	0	0	0	0	0	0	0.0008816222867	0.0008816222867	0	0.0008816222867	0.0008816222867	0	0.0008816222867	0.0008816222867	0	0	0	0	0	0	0	0	0	0	0	0	0	0	0	0	0	0	0	0	0	0	0	0	0	0	0	0	0	0	0	0	0	0	0	0	0	0	0	0	0	0	0
(10,7)	0	0	0	0	0	0	0	0	0	0	0	0	0	0	0	0	0	0	0	0	0	0	0	0	0	0	0	0	0	0	7.233823891e-05	7.233823891e-05	7.233823891e-05	7.233823891e-05	7.233823891e-05	7.233823891e-05	7.233823891e-05	7.233823891e-05	7.233823891e-05	0	0	0	0	0	0	0	0	0	0	0	0	0	0	0	0	0	0	0	0	0	0	0	0	0	0	0	0	0	0	0	0	0	0	0	0	0	0	0	0	0	0	0	0	0	0.0001537187577	0.0001537187577	0.0001537187577	0.0001537187577	0.0001537187577	0.0001537187577	0.0001537187577	0.0001537187577	0.0001537187577	0	0	0	0	0	0	0	0	0	0	0	0	0	0	0	0	0	0	0	0	0	0	0	0	0	0	0	0	0	0	0	0	0	0	0	0	0	0	0	0	0	0	0	0	0	0.0005809664813	0.0005809664813	0.0005809664813	0.0005809664813	0.0005809664813	0.0005809664813	0.0005809664813	0.0005809664813	0.0005809664813	0	0	0	0	0	0	0	0	0	0	0	0	0	0	0	0	0	0	0	0	0	0	0	0	0	0	0	0	0	0	0	0	0	0	0	0	0	0	0	0	0	0	0	0	0	0.002315388788	0.002315388788	0.002315388788	0.002315388788	0.002315388788	0.002315388788	0.002315388788	0.002315388788	0.002315388788	0	0	0	0	0	0	0	0	0	0	0	0	0	0	0	0	0	0	0	0	0	0	0	0	0	0	0	0	0	0	0	0	0	0	0	0	0	0	0	0	0	0	0	0	0	0.009259435866	0.009259435866	0.009259435866	0.009259435866	0.009259435866	0.009259435866	0.009259435866	0.009259435866	0.009259435866	0	0	0	0	0	0	0	0	0	0	0	0	0	0	0	0	0	0	0	0	0	0	0	0	0	0	0	0	0	0	0	0	0	0	0	0	0	0	0	0	0	0	0	0	0	0.009259435866	0.009259435866	0.009259435866	0.009259435866	0.009259435866	0.009259435866	0.009259435866	0.009259435866	0.009259435866	0	0	0	0	0	0	0	0	0	0	0	0	0	0	0	0	0	0	0	0	0	0	0	0	0	0	0	0	0	0	0	0	0	0	0	0	0	0	0	0	0	0	0	0	0	0.002315388788	0.002315388788	0.002315388788	0.002315388788	0.002315388788	0.002315388788	0.002315388788	0.002315388788	0.002315388788	0	0	0	0	0	0	0	0	0	0	0	0	0	0	0	0	0	0	0	0	0	0	0	0	0	0	0	0	0	0	0	0	0	0	0	0	0	0	0	0	0	0	0	0	0	0.0005809664813	0.0005809664813	0.0005809664813	0.0005809664813	0.0005809664813	0.0005809664813	0.0005809664813	0.0005809664813	0.0005809664813	0	0	0	0	0	0	0	0	0	0	0	0	0	0	0	0	0	0	0	0	0	0	0	0	0	0	0	0	0	0	0	0	0	0	0	0	0	0	0	0	0	0	0	0	0	0.0001537187577	0.0001537187577	0.0001537187577	0.0001537187577	0.0001537187577	0.0001537187577	0.0001537187577	0.0001537187577	0.0001537187577	0	0	0	0	0	0	0	0	0	0	0	0	0	0	0
(10,8)	0	0	0	0	0	0	0	0	0	0	0	0	0	0	0	0	0	0	0	0	0	0	0	0	0	0	0	0	0	0	7.233823891e-05	7.233823891e-05	7.233823891e-05	7.233823891e-05	7.233823891e-05	7.233823891e-05	7.233823891e-05	7.233823891e-05	7.233823891e-05	0	0	0	0	0	0	0	0	0	0	0	0	0	0	0	0	0	0	0	0	0	0	0	0	0	0	0	0	0	0	0	0	0	0	0	0	0	0	0	0	0	0	0	0	0	0.0001537187577	0.0001537187577	0.0001537187577	0.0001537187577	0.0001537187577	0.0001537187577	0.0001537187577	0.0001537187577	0.0001537187577	0	0	0	0	0	0	0	0	0	0	0	0	0	0	0	0	0	0	0	0	0	0	0	0	0	0	0	0	0	0	0	0	0	0	0	0	0	0	0	0	0	0	0	0	0	0.0005809664813	0.0005809664813	0.0005809664813	0.0005809664813	0.0005809664813	0.0005809664813	0.0005809664813	0.0005809664813	0.0005809664813	0	0	0	0	0	0	0	0	0	0	0	0	0	0	0	0	0	0	0	0	0	0	0	0	0	0	0	0	0	0	0	0	0	0	0	0	0	0	0	0	0	0	0	0	0	0.002315388788	0.002315388788	0.002315388788	0.002315388788	0.002315388788	0.002315388788	0.002315388788	0.002315388788	0.002315388788	0	0	0	0	0	0	0	0	0	0	0	0	0	0	0	0	0	0	0	0	0	0	0	0	0	0	0	0	0	0	0	0	0	0	0	0	0	0	0	0	0	0	0	0	0	0.009259435866	0.009259435866	0.009259435866	0.009259435866	0.009259435866	0.009259435866	0.009259435866	0.009259435866	0.009259435866	0	0	0	0	0	0	0	0	0	0	0	0	0	0	0	0	0	0	0	0	0	0	0	0	0	0	0	0	0	0	0	0	0	0	0	0	0	0	0	0	0	0	0	0	0	0.009259435866	0.009259435866	0.009259435866	0.009259435866	0.009259435866	0.009259435866	0.009259435866	0.009259435866	0.009259435866	0	0	0	0	0	0	0	0	0	0	0	0	0	0	0	0	0	0	0	0	0	0	0	0	0	0	0	0	0	0	0	0	0	0	0	0	0	0	0	0	0	0	0	0	0	0.002315388788	0.002315388788	0.002315388788	0.002315388788	0.002315388788	0.002315388788	0.002315388788	0.002315388788	0.002315388788	0	0	0	0	0	0	0	0	0	0	0	0	0	0	0	0	0	0	0	0	0	0	0	0	0	0	0	0	0	0	0	0	0	0	0	0	0	0	0	0	0	0	0	0	0	0.0005809664813	0.0005809664813	0.0005809664813	0.0005809664813	0.0005809664813	0.0005809664813	0.0005809664813	0.0005809664813	0.0005809664813	0	0	0	0	0	0	0	0	0	0	0	0	0	0	0	0	0	0	0	0	0	0	0	0	0	0	0	0	0	0	0	0	0	0	0	0	0	0	0	0	0	0	0	0	0	0.0001537187577	0.0001537187577	0.0001537187577	0.0001537187577	0.0001537187577	0.0001537187577	0.0001537187577	0.0001537187577	0.0001537187577	0	0	0	0	0	0	0	0	0	0	0	0	0	0	0
(10,9)	0	0	0	0.001627610376	0	0	0	0	0	0	0	0	0	0	0	0	0	0	0	0	0	0	0	0	0	0	0	0	0	0	0	0	0	0	0	0	0	0	0	0	0	0	0	0	0	0	0	0	0	0	0	0	0	0	0	0	0	0	0.0002712683959	0.0002712683959	0	0.0002712683959	0.0002712683959	0	0.0002712683959	0.0002712683959	0	0	0	0	0	0	0	0	0	0	0	0	0	0	0	0	0	0	0	0	0	0	0	0	0	0	0	0	0	0	0	0	0	0	0	0	0	0	0	0	0	0	0	0	0	0	0.0008816222867	0.0008816222867	0	0.0008816222867	0.0008816222867	0	0.0008816222867	0.0008816222867	0	0	0	0	0	0	0	0	0	0	0	0	0	0	0	0	0	0	0	0	0	0	0	0	0	0	0	0	0	0	0	0	0	0	0	0	0	0	0	0	0	0	0	0	0	0	0	0	0.01042687897	0	0	0.01042687897	0	0	0	0	0	0	0	0	0	0	0	0	0	0	0	0	0	0	0	0	0	0	0	0	0	0	0	0	0	0	0	0	0	0	0	0	0	0	0	0	0	0	0	0	0	0	0	0	0.01388978958	0.01388978958	0	0.01388978958	0.01388978958	0	0.01388978958	0.01388978958	0	0	0	0	0	0	0	0	0	0	0	0	0	0	0	0	0	0	0	0	0	0	0	0	0	0	0	0	0	0	0	0	0	0	0	0	0	0	0	0	0	0	0	0	0	0	0.05555597941	0.05555597941	0	0.05555597941	0.05555597941	0	0.05555597941	0.05555597941	0	0	0	0	0	0	0	0	0	0	0	0	0	0	0	0	0	0	0	0	0	0	0	0	0	0	0	0	0	0	0	0	0	0	0	0	0	0	0	0	0	0	0	0	0	0	0	0	0.04166936875	0	0	0.04166936875	0	0	0	0	0	0	0	0	0	0	0	0	0	0	0	0	0	0	0	0	0	0	0	0	0	0	0	0	0	0	0	0	0	0	0	0	0	0	0	0	0	0	0	0	0	0	0	0	0.003475626323	0.003475626323	0	0.003475626323	0.003475626323	0	0.003475626323	0.003475626323	0	0	0	0	0	0	0	0	0	0	0	0	0	0	0	0	0	0	0	0	0	0	0	0	0	0	0	0	0	0	0	0	0	0	0	0	0	0	0	0	0	0	0	0	0	0	0.0008816222867	0.0008816222867	0	0.0008816222867	0.0008816222867	0	0.0008816222867	0.0008816222867	0	0	0	0	0	0	0	0	0	0	0	0	0	0	0	0	0	0	0	0	0	0	0	0	0	0	0	0	0	0	0	0	0	0	0	0	0	0	0	0	0	0
(10,10)	0	0	0	0	0	0	0	0	0	0	0	0	0	0	0	0	0	0	0	0	0	0	0	0	0	0	0	0	0	0	0	7.233823891e-05	7.233823891e-05	7.233823891e-05	7.233823891e-05	7.233823891e-05	7.233823891e-05	7.233823891e-05	7.233823891e-05	7.233823891e-05	0	0	0	0	0	0	0	0	0	0	0	0	0	0	0	0	0	0	0	0	0	0	0	0	0	0	0	0	0	0	0	0	0	0	0	0	0	0	0	0	0	0	0	0	0	0.0001537187577	0.0001537187577	0.0001537187577	0.0001537187577	0.0001537187577	0.0001537187577	0.0001537187577	0.0001537187577	0.0001537187577	0	0	0	0	0	0	0	0	0	0	0	0	0	0	0	0	0	0	0	0	0	0	0	0	0	0	0	0	0	0	0	0	0	0	0	0	0	0	0	0	0	0	0	0	0	0.0005809664813	0.0005809664813	0.0005809664813	0.0005809664813	0.0005809664813	0.0005809664813	0.0005809664813	0.0005809664813	0.0005809664813	0	0	0	0	0	0	0	0	0	0	0	0	0	0	0	0	0	0	0	0	0	0	0	0	0	0	0	0	0	0	0	0	0	0	0	0	0	0	0	0	0	0	0	0	0	0.002315388788	0.002315388788	0.002315388788	0.002315388788	0.002315388788	0.002315388788	0.002315388788	0.002315388788	0.002315388788	0	0	0	0	0	0	0	0	0	0	0	0	0	0	0	0	0	0	0	0	0	0	0	0	0	0	0	0	0	0	0	0	0	0	0	0	0	0	0	0	0	0	0	0	0	0.009259435866	0.009259435866	0.009259435866	0.009259435866	0.009259435866	0.009259435866	0.009259435866	0.009259435866	0.009259435866	0	0	0	0	0	0	0	0	0	0	0	0	0	0	0	0	0	0	0	0	0	0	0	0	0	0	0	0	0	0	0	0	0	0	0	0	0	0	0	0	0	0	0	0	0	0.009259435866	0.009259435866	0.009259435866	0.009259435866	0.009259435866	0.009259435866	0.009259435866	0.009259435866	0.009259435866	0	0	0	0	0	0	0	0	0	0	0	0	0	0	0	0	0	0	0	0	0	0	0	0	0	0	0	0	0	0	0	0	0	0	0	0	0	0	0	0	0	0	0	0	0	0.002315388788	0.002315388788	0.002315388788	0.002315388788	0.002315388788	0.002315388788	0.002315388788	0.002315388788	0.002315388788	0	0	0	0	0	0	0	0	0	0	0	0	0	0	0	0	0	0	0	0	0	0	0	0	0	0	0	0	0	0	0	0	0	0	0	0	0	0	0	0	0	0	0	0	0	0.0005809664813	0.0005809664813	0.0005809664813	0.0005809664813	0.0005809664813	0.0005809664813	0.0005809664813	0.0005809664813	0.0005809664813	0	0	0	0	0	0	0	0	0	0	0	0	0	0	0	0	0	0	0	0	0	0	0	0	0	0	0	0	0	0	0	0	0	0	0	0	0	0	0	0	0	0	0	0	0	0.0001537187577	0.0001537187577	0.0001537187577	0.0001537187577	0.0001537187577	0.0001537187577	0.0001537187577	0.0001537187577	0.0001537187577	0	0	0	0	0	0	0	0	0	0	0	0	0	0
(10,11)	0	0	0	0	0	0	0	0	0	0	0	0	0	0	0	0	0	0	0	0	0	0	0	0	0	0	0	0	0	0	0	7.233823891e-05	7.233823891e-05	7.233823891e-05	7.233823891e-05	7.233823891e-05	7.233823891e-05	7.233823891e-05	7.233823891e-05	7.233823891e-05	0	0	0	0	0	0	0	0	0	0	0	0	0	0	0	0	0	0	0	0	0	0	0	0	0	0	0	0	0	0	0	0	0	0	0	0	0	0	0	0	0	0	0	0	0	0.0001537187577	0.0001537187577	0.0001537187577	0.0001537187577	0.0001537187577	0.0001537187577	0.0001537187577	0.0001537187577	0.0001537187577	0	0	0	0	0	0	0	0	0	0	0	0	0	0	0	0	0	0	0	0	0	0	0	0	0	0	0	0	0	0	0	0	0	0	0	0	0	0	0	0	0	0	0	0	0	0.0005809664813	0.0005809664813	0.0005809664813	0.0005809664813	0.0005809664813	0.0005809664813	0.0005809664813	0.0005809664813	0.0005809664813	0	0	0	0	0	0	0	0	0	0	0	0	0	0	0	0	0	0	0	0	0	0	0	0	0	0	0	0	0	0	0	0	0	0	0	0	0	0	0	0	0	0	0	0	0	0.002315388788	0.002315388788	0.002315388788	0.002315388788	0.002315388788	0.002315388788	0.002315388788	0.002315388788	0.002315388788	0	0	0	0	0	0	0	0	0	0	0	0	0	0	0	0	0	0	0	0	0	0	0	0	0	0	0	0	0	0	0	0	0	0	0	0	0	0	0	0	0	0	0	0	0	0.009259435866	0.009259435866	0.009259435866	0.009259435866	0.009259435866	0.009259435866	0.009259435866	0.009259435866	0.009259435866	0	0	0	0	0	0	0	0	0	0	0	0	0	0	0	0	0	0	0	0	0	0	0	0	0	0	0	0	0	0	0	0	0	0	0	0	0	0	0	0	0	0	0	0	0	0.009259435866	0.009259435866	0.009259435866	0.009259435866	0.009259435866	0.009259435866	0.009259435866	0.009259435866	0.009259435866	0	0	0	0	0	0	0	0	0	0	0	0	0	0	0	0	0	0	0	0	0	0	0	0	0	0	0	0	0	0	0	0	0	0	0	0	0	0	0	0	0	0	0	0	0	0.002315388788	0.002315388788	0.002315388788	0.002315388788	0.002315388788	0.002315388788	0.002315388788	0.002315388788	0.002315388788	0	0	0	0	0	0	0	0	0	0	0	0	0	0	0	0	0	0	0	0	0	0	0	0	0	0	0	0	0	0	0	0	0	0	0	0	0	0	0	0	0	0	0	0	0	0.0005809664813	0.0005809664813	0.0005809664813	0.0005809664813	0.0005809664813	0.0005809664813	0.0005809664813	0.0005809664813	0.0005809664813	0	0	0	0	0	0	0	0	0	0	0	0	0	0	0	0	0	0	0	0	0	0	0	0	0	0	0	0	0	0	0	0	0	0	0	0	0	0	0	0	0	0	0	0	0	0.0001537187577	0.0001537187577	0.0001537187577	0.0001537187577	0.0001537187577	0.0001537187577	0.0001537187577	0.0001537187577	0.0001537187577	0	0	0	0	0	0	0	0	0	0	0	0	0	0
(10,12)	0	0	0	0	0.001627610376	0	0	0	0	0	0	0	0	0	0	0	0	0	0	0	0	0	0	0	0	0	0	0	0	0	0	0	0	0	0	0	0	0	0	0	0	0	0	0	0	0	0	0	0	0	0	0	0	0	0	0	0	0	0	0.0002712683959	0.0002712683959	0	0.0002712683959	0.0002712683959	0	0.0002712683959	0.0002712683959	0	0	0	0	0	0	0	0	0	0	0	0	0	0	0	0	0	0	0	0	0	0	0	0	0	0	0	0	0	0	0	0	0	0	0	0	0	0	0	0	0	0	0	0	0	0	0.0008816222867	0.0008816222867	0	0.0008816222867	0.0008816222867	0	0.0008816222867	0.0008816222867	0	0	0	0	0	0	0	0	0	0	0	0	0	0	0	0	0	0	0	0	0	0	0	0	0	0	0	0	0	0	0	0	0	0	0	0	0	0	0	0	0	0	0	0	0	0	0	0	0.01042687897	0	0	0.01042687897	0	0	0	0	0	0	0	0	0	0	0	0	0	0	0	0	0	0	0	0	0	0	0	0	0	0	0	0	0	0	0	0	0	0	0	0	0	0	0	0	0	0	0	0	0	0	0	0	0.01388978958	0.01388978958	0	0.01388978958	0.01388978958	0	0.01388978958	0.01388978958	0	0	0	0	0	0	0	0	0	0	0	0	0	0	0	0	0	0	0	0	0	0	0	0	0	0	0	0	0	0	0	0	0	0	0	0	0	0	0	0	0	0	0	0	0	0	0.05555597941	0.05555597941	0	0.05555597941	0.05555597941	0	0.05555597941	0.05555597941	0	0	0	0	0	0	0	0	0	0	0	0	0	0	0	0	0	0	0	0	0	0	0	0	0	0	0	0	0	0	0	0	0	0	0	0	0	0	0	0	0	0	0	0	0	0	0	0	0.04166936875	0	0	0.04166936875	0	0	0	0	0	0	0	0	0	0	0	0	0	0	0	0	0	0	0	0	0	0	0	0	0	0	0	0	0	0	0	0	0	0	0	0	0	0	0	0	0	0	0	0	0	0	0	0	0.003475626323	0.003475626323	0	0.003475626323	0.003475626323	0	0.003475626323	0.003475626323	0	0	0	0	0	0	0	0	0	0	0	0	0	0	0	0	0	0	0	0	0	0	0	0	0	0	0	0	0	0	0	0	0	0	0	0	0	0	0	0	0	0	0	0	0	0	0.0008816222867	0.0008816222867	0	0.0008816222867	0.0008816222867	0	0.0008816222867	0.0008816222867	0	0	0	0	0	0	0	0	0	0	0	0	0	0	0	0	0	0	0	0	0	0	0	0	0	0	0	0	0	0	0	0	0	0	0	0	0	0	0	0	0
(10,13)	0	0	0	0	0	0	0	0	0	0	0	0	0	0	0	0	0	0	0	0	0	0	0	0	0	0	0	0	0	0	0	0	7.233823891e-05	7.233823891e-05	7.233823891e-05	7.233823891e-05	7.233823891e-05	7.233823891e-05	7.233823891e-05	7.233823891e-05	7.233823891e-05	0	0	0	0	0	0	0	0	0	0	0	0	0	0	0	0	0	0	0	0	0	0	0	0	0	0	0	0	0	0	0	0	0	0	0	0	0	0	0	0	0	0	0	0	0	0.0001537187577	0.0001537187577	0.0001537187577	0.0001537187577	0.0001537187577	0.0001537187577	0.0001537187577	0.0001537187577	0.0001537187577	0	0	0	0	0	0	0	0	0	0	0	0	0	0	0	0	0	0	0	0	0	0	0	0	0	0	0	0	0	0	0	0	0	0	0	0	0	0	0	0	0	0	0	0	0	0.0005809664813	0.0005809664813	0.0005809664813	0.0005809664813	0.0005809664813	0.0005809664813	0.0005809664813	0.0005809664813	0.0005809664813	0	0	0	0	0	0	0	0	0	0	0	0	0	0	0	0	0	0	0	0	0	0	0	0	0	0	0	0	0	0	0	0	0	0	0	0	0	0	0	0	0	0	0	0	0	0.002315388788	0.002315388788	0.002315388788	0.002315388788	0.002315388788	0.002315388788	0.002315388788	0.002315388788	0.002315388788	0	0	0	0	0	0	0	0	0	0	0	0	0	0	0	0	0	0	0	0	0	0	0	0	0	0	0	0	0	0	0	0	0	0	0	0	0	0	0	0	0	0	0	0	0	0.009259435866	0.009259435866	0.009259435866	0.009259435866	0.009259435866	0.009259435866	0.009259435866	0.009259435866	0.009259435866	0	0	0	0	0	0	0	0	0	0	0	0	0	0	0	0	0	0	0	0	0	0	0	0	0	0	0	0	0	0	0	0	0	0	0	0	0	0	0	0	0	0	0	0	0	0.009259435866	0.009259435866	0.009259435866	0.009259435866	0.009259435866	0.009259435866	0.009259435866	0.009259435866	0.009259435866	0	0	0	0	0	0	0	0	0	0	0	0	0	0	0	0	0	0	0	0	0	0	0	0	0	0	0	0	0	0	0	0	0	0	0	0	0	0	0	0	0	0	0	0	0	0.002315388788	0.002315388788	0.002315388788	0.002315388788	0.002315388788	0.002315388788	0.002315388788	0.002315388788	0.002315388788	0	0	0	0	0	0	0	0	0	0	0	0	0	0	0	0	0	0	0	0	0	0	0	0	0	0	0	0	0	0	0	0	0	0	0	0	0	0	0	0	0	0	0	0	0	0.0005809664813	0.0005809664813	0.0005809664813	0.0005809664813	0.0005809664813	0.0005809664813	0.0005809664813	0.0005809664813	0.0005809664813	0	0	0	0	0	0	0	0	0	0	0	0	0	0	0	0	0	0	0	0	0	0	0	0	0	0	0	0	0	0	0	0	0	0	0	0	0	0	0	0	0	0	0	0	0	0.0001537187577	0.0001537187577	0.0001537187577	0.0001537187577	0.0001537187577	0.0001537187577	0.0001537187577	0.0001537187577	0.0001537187577	0	0	0	0	0	0	0	0	0	0	0	0	0
(10,14)	0	0	0	0	0	0	0	0	0	0	0	0	0	0	0	0	0	0	0	0	0	0	0	0	0	0	0	0	0	0	0	0	7.233823891e-05	7.233823891e-05	7.233823891e-05	7.233823891e-05	7.233823891e-05	7.233823891e-05	7.233823891e-05	7.233823891e-05	7.233823891e-05	0	0	0	0	0	0	0	0	0	0	0	0	0	0	0	0	0	0	0	0	0	0	0	0	0	0	0	0	0	0	0	0	0	0	0	0	0	0	0	0	0	0	0	0	0	0.0001537187577	0.0001537187577	0.0001537187577	0.0001537187577	0.0001537187577	0.0001537187577	0.0001537187577	0.0001537187577	0.0001537187577	0	0	0	0	0	0	0	0	0	0	0	0	0	0	0	0	0	0	0	0	0	0	0	0	0	0	0	0	0	0	0	0	0	0	0	0	0	0	0	0	0	0	0	0	0	0.0005809664813	0.0005809664813	0.0005809664813	0.0005809664813	0.0005809664813	0.0005809664813	0.0005809664813	0.0005809664813	0.0005809664813	0	0	0	0	0	0	0	0	0	0	0	0	0	0	0	0	0	0	0	0	0	0	0	0	0	0	0	0	0	0	0	0	0	0	0	0	0	0	0	0	0	0	0	0	0	0.002315388788	0.002315388788	0.002315388788	0.002315388788	0.002315388788	0.002315388788	0.002315388788	0.002315388788	0.002315388788	0	0	0	0	0	0	0	0	0	0	0	0	0	0	0	0	0	0	0	0	0	0	0	0	0	0	0	0	0	0	0	0	0	0	0	0	0	0	0	0	0	0	0	0	0	0.009259435866	0.009259435866	0.009259435866	0.009259435866	0.009259435866	0.009259435866	0.009259435866	0.009259435866	0.009259435866	0	0	0	0	0	0	0	0	0	0	0	0	0	0	0	0	0	0	0	0	0	0	0	0	0	0	0	0	0	0	0	0	0	0	0	0	0	0	0	0	0	0	0	0	0	0.009259435866	0.009259435866	0.009259435866	0.009259435866	0.009259435866	0.009259435866	0.009259435866	0.009259435866	0.009259435866	0	0	0	0	0	0	0	0	0	0	0	0	0	0	0	0	0	0	0	0	0	0	0	0	0	0	0	0	0	0	0	0	0	0	0	0	0	0	0	0	0	0	0	0	0	0.002315388788	0.002315388788	0.002315388788	0.002315388788	0.002315388788	0.002315388788	0.002315388788	0.002315388788	0.002315388788	0	0	0	0	0	0	0	0	0	0	0	0	0	0	0	0	0	0	0	0	0	0	0	0	0	0	0	0	0	0	0	0	0	0	0	0	0	0	0	0	0	0	0	0	0	0.0005809664813	0.0005809664813	0.0005809664813	0.0005809664813	0.0005809664813	0.0005809664813	0.0005809664813	0.0005809664813	0.0005809664813	0	0	0	0	0	0	0	0	0	0	0	0	0	0	0	0	0	0	0	0	0	0	0	0	0	0	0	0	0	0	0	0	0	0	0	0	0	0	0	0	0	0	0	0	0	0.0001537187577	0.0001537187577	0.0001537187577	0.0001537187577	0.0001537187577	0.0001537187577	0.0001537187577	0.0001537187577	0.0001537187577	0	0	0	0	0	0	0	0	0	0	0	0	0
(10,15)	0	0	0	0	0	0.001627610376	0	0	0	0	0	0	0	0	0	0	0	0	0	0	0	0	0	0	0	0	0	0	0	0	0	0	0	0	0	0	0	0	0	0	0	0	0	0	0	0	0	0	0	0	0	0	0	0	0	0	0	0	0	0	0.0002712683959	0.0002712683959	0	0.0002712683959	0.0002712683959	0	0.0002712683959	0.0002712683959	0	0	0	0	0	0	0	0	0	0	0	0	0	0	0	0	0	0	0	0	0	0	0	0	0	0	0	0	0	0	0	0	0	0	0	0	0	0	0	0	0	0	0	0	0	0	0.0008816222867	0.0008816222867	0	0.0008816222867	0.0008816222867	0	0.0008816222867	0.0008816222867	0	0	0	0	0	0	0	0	0	0	0	0	0	0	0	0	0	0	0	0	0	0	0	0	0	0	0	0	0	0	0	0	0	0	0	0	0	0	0	0	0	0	0	0	0	0	0	0	0.01042687897	0	0	0.01042687897	0	0	0	0	0	0	0	0	0	0	0	0	0	0	0	0	0	0	0	0	0	0	0	0	0	0	0	0	0	0	0	0	0	0	0	0	0	0	0	0	0	0	0	0	0	0	0	0	0.01388978958	0.01388978958	0	0.01388978958	0.01388978958	0	0.01388978958	0.01388978958	0	0	0	0	0	0	0	0	0	0	0	0	0	0	0	0	0	0	0	0	0	0	0	0	0	0	0	0	0	0	0	0	0	0	0	0	0	0	0	0	0	0	0	0	0	0	0.05555597941	0.05555597941	0	0.05555597941	0.05555597941	0	0.05555597941	0.05555597941	0	0	0	0	0	0	0	0	0	0	0	0	0	0	0	0	0	0	0	0	0	0	0	0	0	0	0	0	0	0	0	0	0	0	0	0	0	0	0	0	0	0	0	0	0	0	0	0	0.04166936875	0	0	0.04166936875	0	0	0	0	0	0	0	0	0	0	0	0	0	0	0	0	0	0	0	0	0	0	0	0	0	0	0	0	0	0	0	0	0	0	0	0	0	0	0	0	0	0	0	0	0	0	0	0	0.003475626323	0.003475626323	0	0.003475626323	0.003475626323	0	0.003475626323	0.003475626323	0	0	0	0	0	0	0	0	0	0	0	0	0	0	0	0	0	0	0	0	0	0	0	0	0	0	0	0	0	0	0	0	0	0	0	0	0	0	0	0	0	0	0	0	0	0	0.0008816222867	0.0008816222867	0	0.0008816222867	0.0008816222867	0	0.0008816222867	0.0008816222867	0	0	0	0	0	0	0	0	0	0	0	0	0	0	0	0	0	0	0	0	0	0	0	0	0	0	0	0	0	0	0	0	0	0	0	0	0	0	0	0
(10,16)	0	0	0	0	0	0	0	0	0	0	0	0	0	0	0	0	0	0	0	0	0	0	0	0	0	0	0	0	0	0	0	0	0	7.233823891e-05	7.233823891e-05	7.233823891e-05	7.233823891e-05	7.233823891e-05	7.233823891e-05	7.233823891e-05	7.233823891e-05	7.233823891e-05	0	0	0	0	0	0	0	0	0	0	0	0	0	0	0	0	0	0	0	0	0	0	0	0	0	0	0	0	0	0	0	0	0	0	0	0	0	0	0	0	0	0	0	0	0	0.0001537187577	0.0001537187577	0.0001537187577	0.0001537187577	0.0001537187577	0.0001537187577	0.0001537187577	0.0001537187577	0.0001537187577	0	0	0	0	0	0	0	0	0	0	0	0	0	0	0	0	0	0	0	0	0	0	0	0	0	0	0	0	0	0	0	0	0	0	0	0	0	0	0	0	0	0	0	0	0	0.0005809664813	0.0005809664813	0.0005809664813	0.0005809664813	0.0005809664813	0.0005809664813	0.0005809664813	0.0005809664813	0.0005809664813	0	0	0	0	0	0	0	0	0	0	0	0	0	0	0	0	0	0	0	0	0	0	0	0	0	0	0	0	0	0	0	0	0	0	0	0	0	0	0	0	0	0	0	0	0	0.002315388788	0.002315388788	0.002315388788	0.002315388788	0.002315388788	0.002315388788	0.002315388788	0.002315388788	0.002315388788	0	0	0	0	0	0	0	0	0	0	0	0	0	0	0	0	0	0	0	0	0	0	0	0	0	0	0	0	0	0	0	0	0	0	0	0	0	0	0	0	0	0	0	0	0	0.009259435866	0.009259435866	0.009259435866	0.009259435866	0.009259435866	0.009259435866	0.009259435866	0.009259435866	0.009259435866	0	0	0	0	0	0	0	0	0	0	0	0	0	0	0	0	0	0	0	0	0	0	0	0	0	0	0	0	0	0	0	0	0	0	0	0	0	0	0	0	0	0	0	0	0	0.009259435866	0.009259435866	0.009259435866	0.009259435866	0.009259435866	0.009259435866	0.009259435866	0.009259435866	0.009259435866	0	0	0	0	0	0	0	0	0	0	0	0	0	0	0	0	0	0	0	0	0	0	0	0	0	0	0	0	0	0	0	0	0	0	0	0	0	0	0	0	0	0	0	0	0	0.002315388788	0.002315388788	0.002315388788	0.002315388788	0.002315388788	0.002315388788	0.002315388788	0.002315388788	0.002315388788	0	0	0	0	0	0	0	0	0	0	0	0	0	0	0	0	0	0	0	0	0	0	0	0	0	0	0	0	0	0	0	0	0	0	0	0	0	0	0	0	0	0	0	0	0	0.0005809664813	0.0005809664813	0.0005809664813	0.0005809664813	0.0005809664813	0.0005809664813	0.0005809664813	0.0005809664813	0.0005809664813	0	0	0	0	0	0	0	0	0	0	0	0	0	0	0	0	0	0	0	0	0	0	0	0	0	0	0	0	0	0	0	0	0	0	0	0	0	0	0	0	0	0	0	0	0	0.0001537187577	0.0001537187577	0.0001537187577	0.0001537187577	0.0001537187577	0.0001537187577	0.0001537187577	0.0001537187577	0.0001537187577	0	0	0	0	0	0	0	0	0	0	0	0
(10,17)	0	0	0	0	0	0	0	0	0	0	0	0	0	0	0	0	0	0	0	0	0	0	0	0	0	0	0	0	0	0	0	0	0	7.233823891e-05	7.233823891e-05	7.233823891e-05	7.233823891e-05	7.233823891e-05	7.233823891e-05	7.233823891e-05	7.233823891e-05	7.233823891e-05	0	0	0	0	0	0	0	0	0	0	0	0	0	0	0	0	0	0	0	0	0	0	0	0	0	0	0	0	0	0	0	0	0	0	0	0	0	0	0	0	0	0	0	0	0	0.0001537187577	0.0001537187577	0.0001537187577	0.0001537187577	0.0001537187577	0.0001537187577	0.0001537187577	0.0001537187577	0.0001537187577	0	0	0	0	0	0	0	0	0	0	0	0	0	0	0	0	0	0	0	0	0	0	0	0	0	0	0	0	0	0	0	0	0	0	0	0	0	0	0	0	0	0	0	0	0	0.0005809664813	0.0005809664813	0.0005809664813	0.0005809664813	0.0005809664813	0.0005809664813	0.0005809664813	0.0005809664813	0.0005809664813	0	0	0	0	0	0	0	0	0	0	0	0	0	0	0	0	0	0	0	0	0	0	0	0	0	0	0	0	0	0	0	0	0	0	0	0	0	0	0	0	0	0	0	0	0	0.002315388788	0.002315388788	0.002315388788	0.002315388788	0.002315388788	0.002315388788	0.002315388788	0.002315388788	0.002315388788	0	0	0	0	0	0	0	0	0	0	0	0	0	0	0	0	0	0	0	0	0	0	0	0	0	0	0	0	0	0	0	0	0	0	0	0	0	0	0	0	0	0	0	0	0	0.009259435866	0.009259435866	0.009259435866	0.009259435866	0.009259435866	0.009259435866	0.009259435866	0.009259435866	0.009259435866	0	0	0	0	0	0	0	0	0	0	0	0	0	0	0	0	0	0	0	0	0	0	0	0	0	0	0	0	0	0	0	0	0	0	0	0	0	0	0	0	0	0	0	0	0	0.009259435866	0.009259435866	0.009259435866	0.009259435866	0.009259435866	0.009259435866	0.009259435866	0.009259435866	0.009259435866	0	0	0	0	0	0	0	0	0	0	0	0	0	0	0	0	0	0	0	0	0	0	0	0	0	0	0	0	0	0	0	0	0	0	0	0	0	0	0	0	0	0	0	0	0	0.002315388788	0.002315388788	0.002315388788	0.002315388788	0.002315388788	0.002315388788	0.002315388788	0.002315388788	0.002315388788	0	0	0	0	0	0	0	0	0	0	0	0	0	0	0	0	0	0	0	0	0	0	0	0	0	0	0	0	0	0	0	0	0	0	0	0	0	0	0	0	0	0	0	0	0	0.0005809664813	0.0005809664813	0.0005809664813	0.0005809664813	0.0005809664813	0.0005809664813	0.0005809664813	0.0005809664813	0.0005809664813	0	0	0	0	0	0	0	0	0	0	0	0	0	0	0	0	0	0	0	0	0	0	0	0	0	0	0	0	0	0	0	0	0	0	0	0	0	0	0	0	0	0	0	0	0	0.0001537187577	0.0001537187577	0.0001537187577	0.0001537187577	0.0001537187577	0.0001537187577	0.0001537187577	0.0001537187577	0.0001537187577	0	0	0	0	0	0	0	0	0	0	0	0
(10,18)	0	0	0	0	0	0	0.001627610376	0	0	0	0	0	0	0	0	0	0	0	0	0	0	0	0	0	0	0	0	0	0	0	0	0	0	0	0	0	0	0	0	0	0	0	0	0	0	0	0	0	0	0	0	0	0	0	0	0	0	0	0	0	0	0.0002712683959	0.0002712683959	0	0.0002712683959	0.0002712683959	0	0.0002712683959	0.0002712683959	0	0	0	0	0	0	0	0	0	0	0	0	0	0	0	0	0	0	0	0	0	0	0	0	0	0	0	0	0	0	0	0	0	0	0	0	0	0	0	0	0	0	0	0	0	0	0.0008816222867	0.0008816222867	0	0.0008816222867	0.0008816222867	0	0.0008816222867	0.0008816222867	0	0	0	0	0	0	0	0	0	0	0	0	0	0	0	0	0	0	0	0	0	0	0	0	0	0	0	0	0	0	0	0	0	0	0	0	0	0	0	0	0	0	0	0	0	0	0	0	0.01042687897	0	0	0.01042687897	0	0	0	0	0	0	0	0	0	0	0	0	0	0	0	0	0	0	0	0	0	0	0	0	0	0	0	0	0	0	0	0	0	0	0	0	0	0	0	0	0	0	0	0	0	0	0	0	0.01388978958	0.01388978958	0	0.01388978958	0.01388978958	0	0.01388978958	0.01388978958	0	0	0	0	0	0	0	0	0	0	0	0	0	0	0	0	0	0	0	0	0	0	0	0	0	0	0	0	0	0	0	0	0	0	0	0	0	0	0	0	0	0	0	0	0	0	0.05555597941	0.05555597941	0	0.05555597941	0.05555597941	0	0.05555597941	0.05555597941	0	0	0	0	0	0	0	0	0	0	0	0	0	0	0	0	0	0	0	0	0	0	0	0	0	0	0	0	0	0	0	0	0	0	0	0	0	0	0	0	0	0	0	0	0	0	0	0	0.04166936875	0	0	0.04166936875	0	0	0	0	0	0	0	0	0	0	0	0	0	0	0	0	0	0	0	0	0	0	0	0	0	0	0	0	0	0	0	0	0	0	0	0	0	0	0	0	0	0	0	0	0	0	0	0	0.003475626323	0.003475626323	0	0.003475626323	0.003475626323	0	0.003475626323	0.003475626323	0	0	0	0	0	0	0	0	0	0	0	0	0	0	0	0	0	0	0	0	0	0	0	0	0	0	0	0	0	0	0	0	0	0	0	0	0	0	0	0	0	0	0	0	0	0	0.0008816222867	0.0008816222867	0	0.0008816222867	0.0008816222867	0	0.0008816222867	0.0008816222867	0	0	0	0	0	0	0	0	0	0	0	0	0	0	0	0	0	0	0	0	0	0	0	0	0	0	0	0	0	0	0	0	0	0	0	0	0	0	0
(10,19)	0	0	0	0	0	0	0	0	0	0	0	0	0	0	0	0	0	0	0	0	0	0	0	0	0	0	0	0	0	0	0	0	0	0	7.233823891e-05	7.233823891e-05	7.233823891e-05	7.233823891e-05	7.233823891e-05	7.233823891e-05	7.233823891e-05	7.233823891e-05	7.233823891e-05	0	0	0	0	0	0	0	0	0	0	0	0	0	0	0	0	0	0	0	0	0	0	0	0	0	0	0	0	0	0	0	0	0	0	0	0	0	0	0	0	0	0	0	0	0	0.0001537187577	0.0001537187577	0.0001537187577	0.0001537187577	0.0001537187577	0.0001537187577	0.0001537187577	0.0001537187577	0.0001537187577	0	0	0	0	0	0	0	0	0	0	0	0	0	0	0	0	0	0	0	0	0	0	0	0	0	0	0	0	0	0	0	0	0	0	0	0	0	0	0	0	0	0	0	0	0	0.0005809664813	0.0005809664813	0.0005809664813	0.0005809664813	0.0005809664813	0.0005809664813	0.0005809664813	0.0005809664813	0.0005809664813	0	0	0	0	0	0	0	0	0	0	0	0	0	0	0	0	0	0	0	0	0	0	0	0	0	0	0	0	0	0	0	0	0	0	0	0	0	0	0	0	0	0	0	0	0	0.002315388788	0.002315388788	0.002315388788	0.002315388788	0.002315388788	0.002315388788	0.002315388788	0.002315388788	0.002315388788	0	0	0	0	0	0	0	0	0	0	0	0	0	0	0	0	0	0	0	0	0	0	0	0	0	0	0	0	0	0	0	0	0	0	0	0	0	0	0	0	0	0	0	0	0	0.009259435866	0.009259435866	0.009259435866	0.009259435866	0.009259435866	0.009259435866	0.009259435866	0.009259435866	0.009259435866	0	0	0	0	0	0	0	0	0	0	0	0	0	0	0	0	0	0	0	0	0	0	0	0	0	0	0	0	0	0	0	0	0	0	0	0	0	0	0	0	0	0	0	0	0	0.009259435866	0.009259435866	0.009259435866	0.009259435866	0.009259435866	0.009259435866	0.009259435866	0.009259435866	0.009259435866	0	0	0	0	0	0	0	0	0	0	0	0	0	0	0	0	0	0	0	0	0	0	0	0	0	0	0	0	0	0	0	0	0	0	0	0	0	0	0	0	0	0	0	0	0	0.002315388788	0.002315388788	0.002315388788	0.002315388788	0.002315388788	0.002315388788	0.002315388788	0.002315388788	0.002315388788	0	0	0	0	0	0	0	0	0	0	0	0	0	0	0	0	0	0	0	0	0	0	0	0	0	0	0	0	0	0	0	0	0	0	0	0	0	0	0	0	0	0	0	0	0	0.0005809664813	0.0005809664813	0.0005809664813	0.0005809664813	0.0005809664813	0.0005809664813	0.0005809664813	0.0005809664813	0.0005809664813	0	0	0	0	0	0	0	0	0	0	0	0	0	0	0	0	0	0	0	0	0	0	0	0	0	0	0	0	0	0	0	0	0	0	0	0	0	0	0	0	0	0	0	0	0	0.0001537187577	0.0001537187577	0.0001537187577	0.0001537187577	0.0001537187577	0.0001537187577	0.0001537187577	0.0001537187577	0.0001537187577	0	0	0	0	0	0	0	0	0	0	0
(10,20)	0	0	0	0	0	0	0	0	0	0	0	0	0	0	0	0	0	0	0	0	0	0	0	0	0	0	0	0	0	0	0	0	0	0	7.233823891e-05	7.233823891e-05	7.233823891e-05	7.233823891e-05	7.233823891e-05	7.233823891e-05	7.233823891e-05	7.233823891e-05	7.233823891e-05	0	0	0	0	0	0	0	0	0	0	0	0	0	0	0	0	0	0	0	0	0	0	0	0	0	0	0	0	0	0	0	0	0	0	0	0	0	0	0	0	0	0	0	0	0	0.0001537187577	0.0001537187577	0.0001537187577	0.0001537187577	0.0001537187577	0.0001537187577	0.0001537187577	0.0001537187577	0.0001537187577	0	0	0	0	0	0	0	0	0	0	0	0	0	0	0	0	0	0	0	0	0	0	0	0	0	0	0	0	0	0	0	0	0	0	0	0	0	0	0	0	0	0	0	0	0	0.0005809664813	0.0005809664813	0.0005809664813	0.0005809664813	0.0005809664813	0.0005809664813	0.0005809664813	0.0005809664813	0.0005809664813	0	0	0	0	0	0	0	0	0	0	0	0	0	0	0	0	0	0	0	0	0	0	0	0	0	0	0	0	0	0	0	0	0	0	0	0	0	0	0	0	0	0	0	0	0	0.002315388788	0.002315388788	0.002315388788	0.002315388788	0.002315388788	0.002315388788	0.002315388788	0.002315388788	0.002315388788	0	0	0	0	0	0	0	0	0	0	0	0	0	0	0	0	0	0	0	0	0	0	0	0	0	0	0	0	0	0	0	0	0	0	0	0	0	0	0	0	0	0	0	0	0	0.009259435866	0.009259435866	0.009259435866	0.009259435866	0.009259435866	0.009259435866	0.009259435866	0.009259435866	0.009259435866	0	0	0	0	0	0	0	0	0	0	0	0	0	0	0	0	0	0	0	0	0	0	0	0	0	0	0	0	0	0	0	0	0	0	0	0	0	0	0	0	0	0	0	0	0	0.009259435866	0.009259435866	0.009259435866	0.009259435866	0.009259435866	0.009259435866	0.009259435866	0.009259435866	0.009259435866	0	0	0	0	0	0	0	0	0	0	0	0	0	0	0	0	0	0	0	0	0	0	0	0	0	0	0	0	0	0	0	0	0	0	0	0	0	0	0	0	0	0	0	0	0	0.002315388788	0.002315388788	0.002315388788	0.002315388788	0.002315388788	0.002315388788	0.002315388788	0.002315388788	0.002315388788	0	0	0	0	0	0	0	0	0	0	0	0	0	0	0	0	0	0	0	0	0	0	0	0	0	0	0	0	0	0	0	0	0	0	0	0	0	0	0	0	0	0	0	0	0	0.0005809664813	0.0005809664813	0.0005809664813	0.0005809664813	0.0005809664813	0.0005809664813	0.0005809664813	0.0005809664813	0.0005809664813	0	0	0	0	0	0	0	0	0	0	0	0	0	0	0	0	0	0	0	0	0	0	0	0	0	0	0	0	0	0	0	0	0	0	0	0	0	0	0	0	0	0	0	0	0	0.0001537187577	0.0001537187577	0.0001537187577	0.0001537187577	0.0001537187577	0.0001537187577	0.0001537187577	0.0001537187577	0.0001537187577	0	0	0	0	0	0	0	0	0	0	0
(10,21)	0	0	0	0	0	0	0	0.001627610376	0	0	0	0	0	0	0	0	0	0	0	0	0	0	0	0	0	0	0	0	0	0	0	0	0	0	0	0	0	0	0	0	0	0	0	0	0	0	0	0	0	0	0	0	0	0	0	0	0	0	0	0	0	0	0.0002712683959	0.0002712683959	0	0.0002712683959	0.0002712683959	0	0.0002712683959	0.0002712683959	0	0	0	0	0	0	0	0	0	0	0	0	0	0	0	0	0	0	0	0	0	0	0	0	0	0	0	0	0	0	0	0	0	0	0	0	0	0	0	0	0	0	0	0	0	0	0.0008816222867	0.0008816222867	0	0.0008816222867	0.0008816222867	0	0.0008816222867	0.0008816222867	0	0	0	0	0	0	0	0	0	0	0	0	0	0	0	0	0	0	0	0	0	0	0	0	0	0	0	0	0	0	0	0	0	0	0	0	0	0	0	0	0	0	0	0	0	0	0	0	0.01042687897	0	0	0.01042687897	0	0	0	0	0	0	0	0	0	0	0	0	0	0	0	0	0	0	0	0	0	0	0	0	0	0	0	0	0	0	0	0	0	0	0	0	0	0	0	0	0	0	0	0	0	0	0	0	0.01388978958	0.01388978958	0	0.01388978958	0.01388978958	0	0.01388978958	0.01388978958	0	0	0	0	0	0	0	0	0	0	0	0	0	0	0	0	0	0	0	0	0	0	0	0	0	0	0	0	0	0	0	0	0	0	0	0	0	0	0	0	0	0	0	0	0	0	0.05555597941	0.05555597941	0	0.05555597941	0.05555597941	0	0.05555597941	0.05555597941	0	0	0	0	0	0	0	0	0	0	0	0	0	0	0	0	0	0	0	0	0	0	0	0	0	0	0	0	0	0	0	0	0	0	0	0	0	0	0	0	0	0	0	0	0	0	0	0	0.04166936875	0	0	0.04166936875	0	0	0	0	0	0	0	0	0	0	0	0	0	0	0	0	0	0	0	0	0	0	0	0	0	0	0	0	0	0	0	0	0	0	0	0	0	0	0	0	0	0	0	0	0	0	0	0	0.003475626323	0.003475626323	0	0.003475626323	0.003475626323	0	0.003475626323	0.003475626323	0	0	0	0	0	0	0	0	0	0	0	0	0	0	0	0	0	0	0	0	0	0	0	0	0	0	0	0	0	0	0	0	0	0	0	0	0	0	0	0	0	0	0	0	0	0	0.0008816222867	0.0008816222867	0	0.0008816222867	0.0008816222867	0	0.0008816222867	0.0008816222867	0	0	0	0	0	0	0	0	0	0	0	0	0	0	0	0	0	0	0	0	0	0	0	0	0	0	0	0	0	0	0	0	0	0	0	0	0	0
(10,22)	0	0	0	0	0	0	0	0	0	0	0	0	0	0	0	0	0	0	0	0	0	0	0	0	0	0	0	0	0	0	0	0	0	0	0	7.233823891e-05	7.233823891e-05	7.233823891e-05	7.233823891e-05	7.233823891e-05	7.233823891e-05	7.233823891e-05	7.233823891e-05	7.233823891e-05	0	0	0	0	0	0	0	0	0	0	0	0	0	0	0	0	0	0	0	0	0	0	0	0	0	0	0	0	0	0	0	0	0	0	0	0	0	0	0	0	0	0	0	0	0	0.0001537187577	0.0001537187577	0.0001537187577	0.0001537187577	0.0001537187577	0.0001537187577	0.0001537187577	0.0001537187577	0.0001537187577	0	0	0	0	0	0	0	0	0	0	0	0	0	0	0	0	0	0	0	0	0	0	0	0	0	0	0	0	0	0	0	0	0	0	0	0	0	0	0	0	0	0	0	0	0	0.0005809664813	0.0005809664813	0.0005809664813	0.0005809664813	0.0005809664813	0.0005809664813	0.0005809664813	0.0005809664813	0.0005809664813	0	0	0	0	0	0	0	0	0	0	0	0	0	0	0	0	0	0	0	0	0	0	0	0	0	0	0	0	0	0	0	0	0	0	0	0	0	0	0	0	0	0	0	0	0	0.002315388788	0.002315388788	0.002315388788	0.002315388788	0.002315388788	0.002315388788	0.002315388788	0.002315388788	0.002315388788	0	0	0	0	0	0	0	0	0	0	0	0	0	0	0	0	0	0	0	0	0	0	0	0	0	0	0	0	0	0	0	0	0	0	0	0	0	0	0	0	0	0	0	0	0	0.009259435866	0.009259435866	0.009259435866	0.009259435866	0.009259435866	0.009259435866	0.009259435866	0.009259435866	0.009259435866	0	0	0	0	0	0	0	0	0	0	0	0	0	0	0	0	0	0	0	0	0	0	0	0	0	0	0	0	0	0	0	0	0	0	0	0	0	0	0	0	0	0	0	0	0	0.009259435866	0.009259435866	0.009259435866	0.009259435866	0.009259435866	0.009259435866	0.009259435866	0.009259435866	0.009259435866	0	0	0	0	0	0	0	0	0	0	0	0	0	0	0	0	0	0	0	0	0	0	0	0	0	0	0	0	0	0	0	0	0	0	0	0	0	0	0	0	0	0	0	0	0	0.002315388788	0.002315388788	0.002315388788	0.002315388788	0.002315388788	0.002315388788	0.002315388788	0.002315388788	0.002315388788	0	0	0	0	0	0	0	0	0	0	0	0	0	0	0	0	0	0	0	0	0	0	0	0	0	0	0	0	0	0	0	0	0	0	0	0	0	0	0	0	0	0	0	0	0	0.0005809664813	0.0005809664813	0.0005809664813	0.0005809664813	0.0005809664813	0.0005809664813	0.0005809664813	0.0005809664813	0.0005809664813	0	0	0	0	0	0	0	0	0	0	0	0	0	0	0	0	0	0	0	0	0	0	0	0	0	0	0	0	0	0	0	0	0	0	0	0	0	0	0	0	0	0	0	0	0	0.0001537187577	0.0001537187577	0.0001537187577	0.0001537187577	0.0001537187577	0.0001537187577	0.0001537187577	0.0001537187577	0.0001537187577	0	0	0	0	0	0	0	0	0	0
(10,23)	0	0	0	0	0	0	0	0	0	0	0	0	0	0	0	0	0	0	0	0	0	0	0	0	0	0	0	0	0	0	0	0	0	0	0	7.233823891e-05	7.233823891e-05	7.233823891e-05	7.233823891e-05	7.233823891e-05	7.233823891e-05	7.233823891e-05	7.233823891e-05	7.233823891e-05	0	0	0	0	0	0	0	0	0	0	0	0	0	0	0	0	0	0	0	0	0	0	0	0	0	0	0	0	0	0	0	0	0	0	0	0	0	0	0	0	0	0	0	0	0	0.0001537187577	0.0001537187577	0.0001537187577	0.0001537187577	0.0001537187577	0.0001537187577	0.0001537187577	0.0001537187577	0.0001537187577	0	0	0	0	0	0	0	0	0	0	0	0	0	0	0	0	0	0	0	0	0	0	0	0	0	0	0	0	0	0	0	0	0	0	0	0	0	0	0	0	0	0	0	0	0	0.0005809664813	0.0005809664813	0.0005809664813	0.0005809664813	0.0005809664813	0.0005809664813	0.0005809664813	0.0005809664813	0.0005809664813	0	0	0	0	0	0	0	0	0	0	0	0	0	0	0	0	0	0	0	0	0	0	0	0	0	0	0	0	0	0	0	0	0	0	0	0	0	0	0	0	0	0	0	0	0	0.002315388788	0.002315388788	0.002315388788	0.002315388788	0.002315388788	0.002315388788	0.002315388788	0.002315388788	0.002315388788	0	0	0	0	0	0	0	0	0	0	0	0	0	0	0	0	0	0	0	0	0	0	0	0	0	0	0	0	0	0	0	0	0	0	0	0	0	0	0	0	0	0	0	0	0	0.009259435866	0.009259435866	0.009259435866	0.009259435866	0.009259435866	0.009259435866	0.009259435866	0.009259435866	0.009259435866	0	0	0	0	0	0	0	0	0	0	0	0	0	0	0	0	0	0	0	0	0	0	0	0	0	0	0	0	0	0	0	0	0	0	0	0	0	0	0	0	0	0	0	0	0	0.009259435866	0.009259435866	0.009259435866	0.009259435866	0.009259435866	0.009259435866	0.009259435866	0.009259435866	0.009259435866	0	0	0	0	0	0	0	0	0	0	0	0	0	0	0	0	0	0	0	0	0	0	0	0	0	0	0	0	0	0	0	0	0	0	0	0	0	0	0	0	0	0	0	0	0	0.002315388788	0.002315388788	0.002315388788	0.002315388788	0.002315388788	0.002315388788	0.002315388788	0.002315388788	0.002315388788	0	0	0	0	0	0	0	0	0	0	0	0	0	0	0	0	0	0	0	0	0	0	0	0	0	0	0	0	0	0	0	0	0	0	0	0	0	0	0	0	0	0	0	0	0	0.0005809664813	0.0005809664813	0.0005809664813	0.0005809664813	0.0005809664813	0.0005809664813	0.0005809664813	0.0005809664813	0.0005809664813	0	0	0	0	0	0	0	0	0	0	0	0	0	0	0	0	0	0	0	0	0	0	0	0	0	0	0	0	0	0	0	0	0	0	0	0	0	0	0	0	0	0	0	0	0	0.0001537187577	0.0001537187577	0.0001537187577	0.0001537187577	0.0001537187577	0.0001537187577	0.0001537187577	0.0001537187577	0.0001537187577	0	0	0	0	0	0	0	0	0	0
(10,24)	0	0	0	0	0	0	0	0	0.001627610376	0	0	0	0	0	0	0	0	0	0	0	0	0	0	0	0	0	0	0	0	0	0	0	0	0	0	0	0	0	0	0	0	0	0	0	0	0	0	0	0	0	0	0	0	0	0	0	0	0	0	0	0	0	0	0.0002712683959	0.0002712683959	0	0.0002712683959	0.0002712683959	0	0.0002712683959	0.0002712683959	0	0	0	0	0	0	0	0	0	0	0	0	0	0	0	0	0	0	0	0	0	0	0	0	0	0	0	0	0	0	0	0	0	0	0	0	0	0	0	0	0	0	0	0	0	0	0.0008816222867	0.0008816222867	0	0.0008816222867	0.0008816222867	0	0.0008816222867	0.0008816222867	0	0	0	0	0	0	0	0	0	0	0	0	0	0	0	0	0	0	0	0	0	0	0	0	0	0	0	0	0	0	0	0	0	0	0	0	0	0	0	0	0	0	0	0	0	0	0	0	0.01042687897	0	0	0.01042687897	0	0	0	0	0	0	0	0	0	0	0	0	0	0	0	0	0	0	0	0	0	0	0	0	0	0	0	0	0	0	0	0	0	0	0	0	0	0	0	0	0	0	0	0	0	0	0	0	0.01388978958	0.01388978958	0	0.01388978958	0.01388978958	0	0.01388978958	0.01388978958	0	0	0	0	0	0	0	0	0	0	0	0	0	0	0	0	0	0	0	0	0	0	0	0	0	0	0	0	0	0	0	0	0	0	0	0	0	0	0	0	0	0	0	0	0	0	0.05555597941	0.05555597941	0	0.05555597941	0.05555597941	0	0.05555597941	0.05555597941	0	0	0	0	0	0	0	0	0	0	0	0	0	0	0	0	0	0	0	0	0	0	0	0	0	0	0	0	0	0	0	0	0	0	0	0	0	0	0	0	0	0	0	0	0	0	0	0	0.04166936875	0	0	0.04166936875	0	0	0	0	0	0	0	0	0	0	0	0	0	0	0	0	0	0	0	0	0	0	0	0	0	0	0	0	0	0	0	0	0	0	0	0	0	0	0	0	0	0	0	0	0	0	0	0	0.003475626323	0.003475626323	0	0.003475626323	0.003475626323	0	0.003475626323	0.003475626323	0	0	0	0	0	0	0	0	0	0	0	0	0	0	0	0	0	0	0	0	0	0	0	0	0	0	0	0	0	0	0	0	0	0	0	0	0	0	0	0	0	0	0	0	0	0	0.0008816222867	0.0008816222867	0	0.0008816222867	0.0008816222867	0	0.0008816222867	0.0008816222867	0	0	0	0	0	0	0	0	0	0	0	0	0	0	0	0	0	0	0	0	0	0	0	0	0	0	0	0	0	0	0	0	0	0	0	0	0
(10,25)	0	0	0	0	0	0	0	0	0	0	0	0	0	0	0	0	0	0	0	0	0	0	0	0	0	0	0	0	0	0	0	0	0	0	0	0	7.233823891e-05	7.233823891e-05	7.233823891e-05	7.233823891e-05	7.233823891e-05	7.233823891e-05	7.233823891e-05	7.233823891e-05	7.233823891e-05	0	0	0	0	0	0	0	0	0	0	0	0	0	0	0	0	0	0	0	0	0	0	0	0	0	0	0	0	0	0	0	0	0	0	0	0	0	0	0	0	0	0	0	0	0	0.0001537187577	0.0001537187577	0.0001537187577	0.0001537187577	0.0001537187577	0.0001537187577	0.0001537187577	0.0001537187577	0.0001537187577	0	0	0	0	0	0	0	0	0	0	0	0	0	0	0	0	0	0	0	0	0	0	0	0	0	0	0	0	0	0	0	0	0	0	0	0	0	0	0	0	0	0	0	0	0	0.0005809664813	0.0005809664813	0.0005809664813	0.0005809664813	0.0005809664813	0.0005809664813	0.0005809664813	0.0005809664813	0.0005809664813	0	0	0	0	0	0	0	0	0	0	0	0	0	0	0	0	0	0	0	0	0	0	0	0	0	0	0	0	0	0	0	0	0	0	0	0	0	0	0	0	0	0	0	0	0	0.002315388788	0.002315388788	0.002315388788	0.002315388788	0.002315388788	0.002315388788	0.002315388788	0.002315388788	0.002315388788	0	0	0	0	0	0	0	0	0	0	0	0	0	0	0	0	0	0	0	0	0	0	0	0	0	0	0	0	0	0	0	0	0	0	0	0	0	0	0	0	0	0	0	0	0	0.009259435866	0.009259435866	0.009259435866	0.009259435866	0.009259435866	0.009259435866	0.009259435866	0.009259435866	0.009259435866	0	0	0	0	0	0	0	0	0	0	0	0	0	0	0	0	0	0	0	0	0	0	0	0	0	0	0	0	0	0	0	0	0	0	0	0	0	0	0	0	0	0	0	0	0	0.009259435866	0.009259435866	0.009259435866	0.009259435866	0.009259435866	0.009259435866	0.009259435866	0.009259435866	0.009259435866	0	0	0	0	0	0	0	0	0	0	0	0	0	0	0	0	0	0	0	0	0	0	0	0	0	0	0	0	0	0	0	0	0	0	0	0	0	0	0	0	0	0	0	0	0	0.002315388788	0.002315388788	0.002315388788	0.002315388788	0.002315388788	0.002315388788	0.002315388788	0.002315388788	0.002315388788	0	0	0	0	0	0	0	0	0	0	0	0	0	0	0	0	0	0	0	0	0	0	0	0	0	0	0	0	0	0	0	0	0	0	0	0	0	0	0	0	0	0	0	0	0	0.0005809664813	0.0005809664813	0.0005809664813	0.0005809664813	0.0005809664813	0.0005809664813	0.0005809664813	0.0005809664813	0.0005809664813	0	0	0	0	0	0	0	0	0	0	0	0	0	0	0	0	0	0	0	0	0	0	0	0	0	0	0	0	0	0	0	0	0	0	0	0	0	0	0	0	0	0	0	0	0	0.0001537187577	0.0001537187577	0.0001537187577	0.0001537187577	0.0001537187577	0.0001537187577	0.0001537187577	0.0001537187577	0.0001537187577	0	0	0	0	0	0	0	0	0
(10,26)	0	0	0	0	0	0	0	0	0	0	0	0	0	0	0	0	0	0	0	0	0	0	0	0	0	0	0	0	0	0	0	0	0	0	0	0	7.233823891e-05	7.233823891e-05	7.233823891e-05	7.233823891e-05	7.233823891e-05	7.233823891e-05	7.233823891e-05	7.233823891e-05	7.233823891e-05	0	0	0	0	0	0	0	0	0	0	0	0	0	0	0	0	0	0	0	0	0	0	0	0	0	0	0	0	0	0	0	0	0	0	0	0	0	0	0	0	0	0	0	0	0	0.0001537187577	0.0001537187577	0.0001537187577	0.0001537187577	0.0001537187577	0.0001537187577	0.0001537187577	0.0001537187577	0.0001537187577	0	0	0	0	0	0	0	0	0	0	0	0	0	0	0	0	0	0	0	0	0	0	0	0	0	0	0	0	0	0	0	0	0	0	0	0	0	0	0	0	0	0	0	0	0	0.0005809664813	0.0005809664813	0.0005809664813	0.0005809664813	0.0005809664813	0.0005809664813	0.0005809664813	0.0005809664813	0.0005809664813	0	0	0	0	0	0	0	0	0	0	0	0	0	0	0	0	0	0	0	0	0	0	0	0	0	0	0	0	0	0	0	0	0	0	0	0	0	0	0	0	0	0	0	0	0	0.002315388788	0.002315388788	0.002315388788	0.002315388788	0.002315388788	0.002315388788	0.002315388788	0.002315388788	0.002315388788	0	0	0	0	0	0	0	0	0	0	0	0	0	0	0	0	0	0	0	0	0	0	0	0	0	0	0	0	0	0	0	0	0	0	0	0	0	0	0	0	0	0	0	0	0	0.009259435866	0.009259435866	0.009259435866	0.009259435866	0.009259435866	0.009259435866	0.009259435866	0.009259435866	0.009259435866	0	0	0	0	0	0	0	0	0	0	0	0	0	0	0	0	0	0	0	0	0	0	0	0	0	0	0	0	0	0	0	0	0	0	0	0	0	0	0	0	0	0	0	0	0	0.009259435866	0.009259435866	0.009259435866	0.009259435866	0.009259435866	0.009259435866	0.009259435866	0.009259435866	0.009259435866	0	0	0	0	0	0	0	0	0	0	0	0	0	0	0	0	0	0	0	0	0	0	0	0	0	0	0	0	0	0	0	0	0	0	0	0	0	0	0	0	0	0	0	0	0	0.002315388788	0.002315388788	0.002315388788	0.002315388788	0.002315388788	0.002315388788	0.002315388788	0.002315388788	0.002315388788	0	0	0	0	0	0	0	0	0	0	0	0	0	0	0	0	0	0	0	0	0	0	0	0	0	0	0	0	0	0	0	0	0	0	0	0	0	0	0	0	0	0	0	0	0	0.0005809664813	0.0005809664813	0.0005809664813	0.0005809664813	0.0005809664813	0.0005809664813	0.0005809664813	0.0005809664813	0.0005809664813	0	0	0	0	0	0	0	0	0	0	0	0	0	0	0	0	0	0	0	0	0	0	0	0	0	0	0	0	0	0	0	0	0	0	0	0	0	0	0	0	0	0	0	0	0	0.0001537187577	0.0001537187577	0.0001537187577	0.0001537187577	0.0001537187577	0.0001537187577	0.0001537187577	0.0001537187577	0.0001537187577	0	0	0	0	0	0	0	0	0
(11,0)	0.002766937638	0	0	0	0	0	0	0	0	0	0	0	0	0	0	0	0	0	0	0	0	0	0	0	0	0	0	0	0	0	0	0	0	0	0	0	0	0	0	0	0	0	0	0	0	0	0	0	0	0	0	0	0	0	0	0.0002170147167	0.0002170147167	0	0.0002170147167	0.0002170147167	0	0.0002170147167	0.0002170147167	0	0	0	0	0	0	0	0	0	0	0	0	0	0	0	0	0	0	0	0	0	0	0	0	0	0	0	0	0	0	0	0	0	0	0	0	0	0	0	0	0	0	0	0	0	0	0.0004611562731	0.0004611562731	0	0.0004611562731	0.0004611562731	0	0.0004611562731	0.0004611562731	0	0	0	0	0	0	0	0	0	0	0	0	0	0	0	0	0	0	0	0	0	0	0	0	0	0	0	0	0	0	0	0	0	0	0	0	0	0	0	0	0	0	0	0	0	0	0	0	0.005228698331	0	0	0.005228698331	0	0	0	0	0	0	0	0	0	0	0	0	0	0	0	0	0	0	0	0	0	0	0	0	0	0	0	0	0	0	0	0	0	0	0	0	0	0	0	0	0	0	0	0	0	0	0	0	0.006946166363	0.006946166363	0	0.006946166363	0.006946166363	0	0.006946166363	0.006946166363	0	0	0	0	0	0	0	0	0	0	0	0	0	0	0	0	0	0	0	0	0	0	0	0	0	0	0	0	0	0	0	0	0	0	0	0	0	0	0	0	0	0	0	0	0	0	0.0277783076	0.0277783076	0	0.0277783076	0.0277783076	0	0.0277783076	0.0277783076	0	0	0	0	0	0	0	0	0	0	0	0	0	0	0	0	0	0	0	0	0	0	0	0	0	0	0	0	0	0	0	0	0	0	0	0	0	0	0	0	0	0	0	0	0	0	0	0	0.0833349228	0	0	0.0833349228	0	0	0	0	0	0	0	0	0	0	0	0	0	0	0	0	0	0	0	0	0	0	0	0	0	0	0	0	0	0	0	0	0	0	0	0	0	0	0	0	0	0	0	0	0	0	0	0	0.006946166363	0.006946166363	0	0.006946166363	0.006946166363	0	0.006946166363	0.006946166363	0	0	0	0	0	0	0	0	0	0	0	0	0	0	0	0	0	0	0	0	0	0	0	0	0	0	0	0	0	0	0	0	0	0	0	0	0	0	0	0	0	0	0	0	0	0	0.001742899444	0.001742899444	0	0.001742899444	0.001742899444	0	0.001742899444	0.001742899444	0	0	0	0	0	0	0	0	0	0	0	0	0	0	0	0	0	0	0	0	0	0	0	0	0	0	0	0	0	0	0	0	0	0	0	0	0	0	0	0	0	0	0	0	0
(11,1)	0	0	0	0	0	0	0	0	0	0	0	0	0	0	0	0	0	0	0	0	0	0	0	0	0	0	0	0	9.042279864e-05	9.042279864e-05	9.042279864e-05	9.042279864e-05	9.042279864e-05	9.042279864e-05	9.042279864e-05	9.042279864e-05	9.042279864e-05	0	0	0	0	0	0	0	0	0	0	0	0	0	0	0	0	0	0	0	0	0	0	0	0	0	0	0	0	0	0	0	0	0	0	0	0	0	0	0	0	0	0	0	0	0	9.042279864e-05	9.042279864e-05	9.042279864e-05	9.042279864e-05	9.042279864e-05	9.042279864e-05	9.042279864e-05	9.042279864e-05	9.042279864e-05	0	0	0	0	0	0	0	0	0	0	0	0	0	0	0	0	0	0	0	0	0	0	0	0	0	0	0	0	0	0	0	0	0	0	0	0	0	0	0	0	0	0	0	0	0	0.0002938740956	0.0002938740956	0.0002938740956	0.0002938740956	0.0002938740956	0.0002938740956	0.0002938740956	0.0002938740956	0.0002938740956	0	0	0	0	0	0	0	0	0	0	0	0	0	0	0	0	0	0	0	0	0	0	0	0	0	0	0	0	0	0	0	0	0	0	0	0	0	0	0	0	0	0	0	0	0	0.001158542108	0.001158542108	0.001158542108	0.001158542108	0.001158542108	0.001158542108	0.001158542108	0.001158542108	0.001158542108	0	0	0	0	0	0	0	0	0	0	0	0	0	0	0	0	0	0	0	0	0	0	0	0	0	0	0	0	0	0	0	0	0	0	0	0	0	0	0	0	0	0	0	0	0	0.004629929862	0.004629929862	0.004629929862	0.004629929862	0.004629929862	0.004629929862	0.004629929862	0.004629929862	0.004629929862	0	0	0	0	0	0	0	0	0	0	0	0	0	0	0	0	0	0	0	0	0	0	0	0	0	0	0	0	0	0	0	0	0	0	0	0	0	0	0	0	0	0	0	0	0	0.0185186598	0.0185186598	0.0185186598	0.0185186598	0.0185186598	0.0185186598	0.0185186598	0.0185186598	0.0185186598	0	0	0	0	0	0	0	0	0	0	0	0	0	0	0	0	0	0	0	0	0	0	0	0	0	0	0	0	0	0	0	0	0	0	0	0	0	0	0	0	0	0	0	0	0	0.004629929862	0.004629929862	0.004629929862	0.004629929862	0.004629929862	0.004629929862	0.004629929862	0.004629929862	0.004629929862	0	0	0	0	0	0	0	0	0	0	0	0	0	0	0	0	0	0	0	0	0	0	0	0	0	0	0	0	0	0	0	0	0	0	0	0	0	0	0	0	0	0	0	0	0	0.001158542108	0.001158542108	0.001158542108	0.001158542108	0.001158542108	0.001158542108	0.001158542108	0.001158542108	0.001158542108	0	0	0	0	0	0	0	0	0	0	0	0	0	0	0	0	0	0	0	0	0	0	0	0	0	0	0	0	0	0	0	0	0	0	0	0	0	0	0	0	0	0	0	0	0	0.0002938740956	0.0002938740956	0.0002938740956	0.0002938740956	0.0002938740956	0.0002938740956	0.0002938740956	0.0002938740956	0.0002938740956	0	0	0	0	0	0	0	0	0	0	0	0	0	0	0	0	0
(11,2)	0	0	0	0	0	0	0	0	0	0	0	0	0	0	0	0	0	0	0	0	0	0	0	0	0	0	0	0	9.042279864e-05	9.042279864e-05	9.042279864e-05	9.042279864e-05	9.042279864e-05	9.042279864e-05	9.042279864e-05	9.042279864e-05	9.042279864e-05	0	0	0	0	0	0	0	0	0	0	0	0	0	0	0	0	0	0	0	0	0	0	0	0	0	0	0	0	0	0	0	0	0	0	0	0	0	0	0	0	0	0	0	0	0	9.042279864e-05	9.042279864e-05	9.042279864e-05	9.042279864e-05	9.042279864e-05	9.042279864e-05	9.042279864e-05	9.042279864e-05	9.042279864e-05	0	0	0	0	0	0	0	0	0	0	0	0	0	0	0	0	0	0	0	0	0	0	0	0	0	0	0	0	0	0	0	0	0	0	0	0	0	0	0	0	0	0	0	0	0	0.0002938740956	0.0002938740956	0.0002938740956	0.0002938740956	0.0002938740956	0.0002938740956	0.0002938740956	0.0002938740956	0.0002938740956	0	0	0	0	0	0	0	0	0	0	0	0	0	0	0	0	0	0	0	0	0	0	0	0	0	0	0	0	0	0	0	0	0	0	0	0	0	0	0	0	0	0	0	0	0	0.001158542108	0.001158542108	0.001158542108	0.001158542108	0.001158542108	0.001158542108	0.001158542108	0.001158542108	0.001158542108	0	0	0	0	0	0	0	0	0	0	0	0	0	0	0	0	0	0	0	0	0	0	0	0	0	0	0	0	0	0	0	0	0	0	0	0	0	0	0	0	0	0	0	0	0	0.004629929862	0.004629929862	0.004629929862	0.004629929862	0.004629929862	0.004629929862	0.004629929862	0.004629929862	0.004629929862	0	0	0	0	0	0	0	0	0	0	0	0	0	0	0	0	0	0	0	0	0	0	0	0	0	0	0	0	0	0	0	0	0	0	0	0	0	0	0	0	0	0	0	0	0	0.0185186598	0.0185186598	0.0185186598	0.0185186598	0.0185186598	0.0185186598	0.0185186598	0.0185186598	0.0185186598	0	0	0	0	0	0	0	0	0	0	0	0	0	0	0	0	0	0	0	0	0	0	0	0	0	0	0	0	0	0	0	0	0	0	0	0	0	0	0	0	0	0	0	0	0	0.004629929862	0.004629929862	0.004629929862	0.004629929862	0.004629929862	0.004629929862	0.004629929862	0.004629929862	0.004629929862	0	0	0	0	0	0	0	0	0	0	0	0	0	0	0	0	0	0	0	0	0	0	0	0	0	0	0	0	0	0	0	0	0	0	0	0	0	0	0	0	0	0	0	0	0	0.001158542108	0.001158542108	0.001158542108	0.001158542108	0.001158542108	0.001158542108	0.001158542108	0.001158542108	0.001158542108	0	0	0	0	0	0	0	0	0	0	0	0	0	0	0	0	0	0	0	0	0	0	0	0	0	0	0	0	0	0	0	0	0	0	0	0	0	0	0	0	0	0	0	0	0	0.0002938740956	0.0002938740956	0.0002938740956	0.0002938740956	0.0002938740956	0.0002938740956	0.0002938740956	0.0002938740956	0.0002938740956	0	0	0	0	0	0	0	0	0	0	0	0	0	0	0	0	0
(11,3)	0	0.002766937638	0	0	0	0	0	0	0	0	0	0	0	0	0	0	0	0	0	0	0	0	0	0	0	0	0	0	0	0	0	0	0	0	0	0	0	0	0	0	0	0	0	0	0	0	0	0	0	0	0	0	0	0	0	0	0.0002170147167	0.0002170147167	0	0.0002170147167	0.0002170147167	0	0.0002170147167	0.0002170147167	0	0	0	0	0	0	0	0	0	0	0	0	0	0	0	0	0	0	0	0	0	0	0	0	0	0	0	0	0	0	0	0	0	0	0	0	0	0	0	0	0	0	0	0	0	0	0.0004611562731	0.0004611562731	0	0.0004611562731	0.0004611562731	0	0.0004611562731	0.0004611562731	0	0	0	0	0	0	0	0	0	0	0	0	0	0	0	0	0	0	0	0	0	0	0	0	0	0	0	0	0	0	0	0	0	0	0	0	0	0	0	0	0	0	0	0	0	0	0	0	0.005228698331	0	0	0.005228698331	0	0	0	0	0	0	0	0	0	0	0	0	0	0	0	0	0	0	0	0	0	0	0	0	0	0	0	0	0	0	0	0	0	0	0	0	0	0	0	0	0	0	0	0	0	0	0	0	0.006946166363	0.006946166363	0	0.006946166363	0.006946166363	0	0.006946166363	0.006946166363	0	0	0	0	0	0	0	0	0	0	0	0	0	0	0	0	0	0	0	0	0	0	0	0	0	0	0	0	0	0	0	0	0	0	0	0	0	0	0	0	0	0	0	0	0	0	0.0277783076	0.0277783076	0	0.0277783076	0.0277783076	0	0.0277783076	0.0277783076	0	0	0	0	0	0	0	0	0	0	0	0	0	0	0	0	0	0	0	0	0	0	0	0	0	0	0	0	0	0	0	0	0	0	0	0	0	0	0	0	0	0	0	0	0	0	0	0	0.0833349228	0	0	0.0833349228	0	0	0	0	0	0	0	0	0	0	0	0	0	0	0	0	0	0	0	0	0	0	0	0	0	0	0	0	0	0	0	0	0	0	0	0	0	0	0	0	0	0	0	0	0	0	0	0	0.006946166363	0.006946166363	0	0.006946166363	0.006946166363	0	0.006946166363	0.006946166363	0	0	0	0	0	0	0	0	0	0	0	0	0	0	0	0	0	0	0	0	0	0	0	0	0	0	0	0	0	0	0	0	0	0	0	0	0	0	0	0	0	0	0	0	0	0	0.001742899444	0.001742899444	0	0.001742899444	0.001742899444	0	0.001742899444	0.001742899444	0	0	0	0	0	0	0	0	0	0	0	0	0	0	0	0	0	0	0	0	0	0	0	0	0	0	0	0	0	0	0	0	0	0	0	0	0	0	0	0	0	0	0	0
(11,4)	0	0	0	0	0	0	0	0	0	0	0	0	0	0	0	0	0	0	0	0	0	0	0	0	0	0	0	0	0	9.042279864e-05	9.042279864e-05	9.042279864e-05	9.042279864e-05	9.042279864e-05	9.042279864e-05	9.042279864e-05	9.042279864e-05	9.042279864e-05	0	0	0	0	0	0	0	0	0	0	0	0	0	0	0	0	0	0	0	0	0	0	0	0	0	0	0	0	0	0	0	0	0	0	0	0	0	0	0	0	0	0	0	0	0	9.042279864e-05	9.042279864e-05	9.042279864e-05	9.042279864e-05	9.042279864e-05	9.042279864e-05	9.042279864e-05	9.042279864e-05	9.042279864e-05	0	0	0	0	0	0	0	0	0	0	0	0	0	0	0	0	0	0	0	0	0	0	0	0	0	0	0	0	0	0	0	0	0	0	0	0	0	0	0	0	0	0	0	0	0	0.0002938740956	0.0002938740956	0.0002938740956	0.0002938740956	0.0002938740956	0.0002938740956	0.0002938740956	0.0002938740956	0.0002938740956	0	0	0	0	0	0	0	0	0	0	0	0	0	0	0	0	0	0	0	0	0	0	0	0	0	0	0	0	0	0	0	0	0	0	0	0	0	0	0	0	0	0	0	0	0	0.001158542108	0.001158542108	0.001158542108	0.001158542108	0.001158542108	0.001158542108	0.001158542108	0.001158542108	0.001158542108	0	0	0	0	0	0	0	0	0	0	0	0	0	0	0	0	0	0	0	0	0	0	0	0	0	0	0	0	0	0	0	0	0	0	0	0	0	0	0	0	0	0	0	0	0	0.004629929862	0.004629929862	0.004629929862	0.004629929862	0.004629929862	0.004629929862	0.004629929862	0.004629929862	0.004629929862	0	0	0	0	0	0	0	0	0	0	0	0	0	0	0	0	0	0	0	0	0	0	0	0	0	0	0	0	0	0	0	0	0	0	0	0	0	0	0	0	0	0	0	0	0	0.0185186598	0.0185186598	0.0185186598	0.0185186598	0.0185186598	0.0185186598	0.0185186598	0.0185186598	0.0185186598	0	0	0	0	0	0	0	0	0	0	0	0	0	0	0	0	0	0	0	0	0	0	0	0	0	0	0	0	0	0	0	0	0	0	0	0	0	0	0	0	0	0	0	0	0	0.004629929862	0.004629929862	0.004629929862	0.004629929862	0.004629929862	0.004629929862	0.004629929862	0.004629929862	0.004629929862	0	0	0	0	0	0	0	0	0	0	0	0	0	0	0	0	0	0	0	0	0	0	0	0	0	0	0	0	0	0	0	0	0	0	0	0	0	0	0	0	0	0	0	0	0	0.001158542108	0.001158542108	0.001158542108	0.001158542108	0.001158542108	0.001158542108	0.001158542108	0.001158542108	0.001158542108	0	0	0	0	0	0	0	0	0	0	0	0	0	0	0	0	0	0	0	0	0	0	0	0	0	0	0	0	0	0	0	0	0	0	0	0	0	0	0	0	0	0	0	0	0	0.0002938740956	0.0002938740956	0.0002938740956	0.0002938740956	0.0002938740956	0.0002938740956	0.0002938740956	0.0002938740956	0.0002938740956	0	0	0	0	0	0	0	0	0	0	0	0	0	0	0	0
(11,5)	0	0	0	0	0	0	0	0	0	0	0	0	0	0	0	0	0	0	0	0	0	0	0	0	0	0	0	0	0	9.042279864e-05	9.042279864e-05	9.042279864e-05	9.042279864e-05	9.042279864e-05	9.042279864e-05	9.042279864e-05	9.042279864e-05	9.042279864e-05	0	0	0	0	0	0	0	0	0	0	0	0	0	0	0	0	0	0	0	0	0	0	0	0	0	0	0	0	0	0	0	0	0	0	0	0	0	0	0	0	0	0	0	0	0	9.042279864e-05	9.042279864e-05	9.042279864e-05	9.042279864e-05	9.042279864e-05	9.042279864e-05	9.042279864e-05	9.042279864e-05	9.042279864e-05	0	0	0	0	0	0	0	0	0	0	0	0	0	0	0	0	0	0	0	0	0	0	0	0	0	0	0	0	0	0	0	0	0	0	0	0	0	0	0	0	0	0	0	0	0	0.0002938740956	0.0002938740956	0.0002938740956	0.0002938740956	0.0002938740956	0.0002938740956	0.0002938740956	0.0002938740956	0.0002938740956	0	0	0	0	0	0	0	0	0	0	0	0	0	0	0	0	0	0	0	0	0	0	0	0	0	0	0	0	0	0	0	0	0	0	0	0	0	0	0	0	0	0	0	0	0	0.001158542108	0.001158542108	0.001158542108	0.001158542108	0.001158542108	0.001158542108	0.001158542108	0.001158542108	0.001158542108	0	0	0	0	0	0	0	0	0	0	0	0	0	0	0	0	0	0	0	0	0	0	0	0	0	0	0	0	0	0	0	0	0	0	0	0	0	0	0	0	0	0	0	0	0	0.004629929862	0.004629929862	0.004629929862	0.004629929862	0.004629929862	0.004629929862	0.004629929862	0.004629929862	0.004629929862	0	0	0	0	0	0	0	0	0	0	0	0	0	0	0	0	0	0	0	0	0	0	0	0	0	0	0	0	0	0	0	0	0	0	0	0	0	0	0	0	0	0	0	0	0	0.0185186598	0.0185186598	0.0185186598	0.0185186598	0.0185186598	0.0185186598	0.0185186598	0.0185186598	0.0185186598	0	0	0	0	0	0	0	0	0	0	0	0	0	0	0	0	0	0	0	0	0	0	0	0	0	0	0	0	0	0	0	0	0	0	0	0	0	0	0	0	0	0	0	0	0	0.004629929862	0.004629929862	0.004629929862	0.004629929862	0.004629929862	0.004629929862	0.004629929862	0.004629929862	0.004629929862	0	0	0	0	0	0	0	0	0	0	0	0	0	0	0	0	0	0	0	0	0	0	0	0	0	0	0	0	0	0	0	0	0	0	0	0	0	0	0	0	0	0	0	0	0	0.001158542108	0.001158542108	0.001158542108	0.001158542108	0.001158542108	0.001158542108	0.001158542108	0.001158542108	0.001158542108	0	0	0	0	0	0	0	0	0	0	0	0	0	0	0	0	0	0	0	0	0	0	0	0	0	0	0	0	0	0	0	0	0	0	0	0	0	0	0	0	0	0	0	0	0	0.0002938740956	0.0002938740956	0.0002938740956	0.0002938740956	0.0002938740956	0.0002938740956	0.0002938740956	0.0002938740956	0.0002938740956	0	0	0	0	0	0	0	0	0	0	0	0	0	0	0	0
(11,6)	0	0	0.002766937638	0	0	0	0	0	0	0	0	0	0	0	0	0	0	0	0	0	0	0	0	0	0	0	0	0	0	0	0	0	0	0	0	0	0	0	0	0	0	0	0	0	0	0	0	0	0	0	0	0	0	0	0	0	0	0.0002170147167	0.0002170147167	0	0.0002170147167	0.0002170147167	0	0.0002170147167	0.0002170147167	0	0	0	0	0	0	0	0	0	0	0	0	0	0	0	0	0	0	0	0	0	0	0	0	0	0	0	0	0	0	0	0	0	0	0	0	0	0	0	0	0	0	0	0	0	0	0.0004611562731	0.0004611562731	0	0.0004611562731	0.0004611562731	0	0.0004611562731	0.0004611562731	0	0	0	0	0	0	0	0	0	0	0	0	0	0	0	0	0	0	0	0	0	0	0	0	0	0	0	0	0	0	0	0	0	0	0	0	0	0	0	0	0	0	0	0	0	0	0	0	0.005228698331	0	0	0.005228698331	0	0	0	0	0	0	0	0	0	0	0	0	0	0	0	0	0	0	0	0	0	0	0	0	0	0	0	0	0	0	0	0	0	0	0	0	0	0	0	0	0	0	0	0	0	0	0	0	0.006946166363	0.006946166363	0	0.006946166363	0.006946166363	0	0.006946166363	0.006946166363	0	0	0	0	0	0	0	0	0	0	0	0	0	0	0	0	0	0	0	0	0	0	0	0	0	0	0	0	0	0	0	0	0	0	0	0	0	0	0	0	0	0	0	0	0	0	0.0277783076	0.0277783076	0	0.0277783076	0.0277783076	0	0.0277783076	0.0277783076	0	0	0	0	0	0	0	0	0	0	0	0	0	0	0	0	0	0	0	0	0	0	0	0	0	0	0	0	0	0	0	0	0	0	0	0	0	0	0	0	0	0	0	0	0	0	0	0	0.0833349228	0	0	0.0833349228	0	0	0	0	0	0	0	0	0	0	0	0	0	0	0	0	0	0	0	0	0	0	0	0	0	0	0	0	0	0	0	0	0	0	0	0	0	0	0	0	0	0	0	0	0	0	0	0	0.006946166363	0.006946166363	0	0.006946166363	0.006946166363	0	0.006946166363	0.006946166363	0	0	0	0	0	0	0	0	0	0	0	0	0	0	0	0	0	0	0	0	0	0	0	0	0	0	0	0	0	0	0	0	0	0	0	0	0	0	0	0	0	0	0	0	0	0	0.001742899444	0.001742899444	0	0.001742899444	0.001742899444	0	0.001742899444	0.001742899444	0	0	0	0	0	0	0	0	0	0	0	0	0	0	0	0	0	0	0	0	0	0	0	0	0	0	0	0	0	0	0	0	0	0	0	0	0	0	0	0	0	0	0
(11,7)	0	0	0	0	0	0	0	0	0	0	0	0	0	0	0	0	0	0	0	0	0	0	0	0	0	0	0	0	0	0	9.042279864e-05	9.042279864e-05	9.042279864e-05	9.042279864e-05	9.042279864e-05	9.042279864e-05	9.042279864e-05	9.042279864e-05	9.042279864e-05	0	0	0	0	0	0	0	0	0	0	0	0	0	0	0	0	0	0	0	0	0	0	0	0	0	0	0	0	0	0	0	0	0	0	0	0	0	0	0	0	0	0	0	0	0	9.042279864e-05	9.042279864e-05	9.042279864e-05	9.042279864e-05	9.042279864e-05	9.042279864e-05	9.042279864e-05	9.042279864e-05	9.042279864e-05	0	0	0	0	0	0	0	0	0	0	0	0	0	0	0	0	0	0	0	0	0	0	0	0	0	0	0	0	0	0	0	0	0	0	0	0	0	0	0	0	0	0	0	0	0	0.0002938740956	0.0002938740956	0.0002938740956	0.0002938740956	0.0002938740956	0.0002938740956	0.0002938740956	0.0002938740956	0.0002938740956	0	0	0	0	0	0	0	0	0	0	0	0	0	0	0	0	0	0	0	0	0	0	0	0	0	0	0	0	0	0	0	0	0	0	0	0	0	0	0	0	0	0	0	0	0	0.001158542108	0.001158542108	0.001158542108	0.001158542108	0.001158542108	0.001158542108	0.001158542108	0.001158542108	0.001158542108	0	0	0	0	0	0	0	0	0	0	0	0	0	0	0	0	0	0	0	0	0	0	0	0	0	0	0	0	0	0	0	0	0	0	0	0	0	0	0	0	0	0	0	0	0	0.004629929862	0.004629929862	0.004629929862	0.004629929862	0.004629929862	0.004629929862	0.004629929862	0.004629929862	0.004629929862	0	0	0	0	0	0	0	0	0	0	0	0	0	0	0	0	0	0	0	0	0	0	0	0	0	0	0	0	0	0	0	0	0	0	0	0	0	0	0	0	0	0	0	0	0	0.0185186598	0.0185186598	0.0185186598	0.0185186598	0.0185186598	0.0185186598	0.0185186598	0.0185186598	0.0185186598	0	0	0	0	0	0	0	0	0	0	0	0	0	0	0	0	0	0	0	0	0	0	0	0	0	0	0	0	0	0	0	0	0	0	0	0	0	0	0	0	0	0	0	0	0	0.004629929862	0.004629929862	0.004629929862	0.004629929862	0.004629929862	0.004629929862	0.004629929862	0.004629929862	0.004629929862	0	0	0	0	0	0	0	0	0	0	0	0	0	0	0	0	0	0	0	0	0	0	0	0	0	0	0	0	0	0	0	0	0	0	0	0	0	0	0	0	0	0	0	0	0	0.001158542108	0.001158542108	0.001158542108	0.001158542108	0.001158542108	0.001158542108	0.001158542108	0.001158542108	0.001158542108	0	0	0	0	0	0	0	0	0	0	0	0	0	0	0	0	0	0	0	0	0	0	0	0	0	0	0	0	0	0	0	0	0	0	0	0	0	0	0	0	0	0	0	0	0	0.0002938740956	0.0002938740956	0.0002938740956	0.0002938740956	0.0002938740956	0.0002938740956	0.0002938740956	0.0002938740956	0.0002938740956	0	0	0	0	0	0	0	0	0	0	0	0	0	0	0
(11,8)	0	0	0	0	0	0	0	0	0	0	0	0	0	0	0	0	0	0	0	0	0	0	0	0	0	0	0	0	0	0	9.042279864e-05	9.042279864e-05	9.042279864e-05	9.042279864e-05	9.042279864e-05	9.042279864e-05	9.042279864e-05	9.042279864e-05	9.042279864e-05	0	0	0	0	0	0	0	0	0	0	0	0	0	0	0	0	0	0	0	0	0	0	0	0	0	0	0	0	0	0	0	0	0	0	0	0	0	0	0	0	0	0	0	0	0	9.042279864e-05	9.042279864e-05	9.042279864e-05	9.042279864e-05	9.042279864e-05	9.042279864e-05	9.042279864e-05	9.042279864e-05	9.042279864e-05	0	0	0	0	0	0	0	0	0	0	0	0	0	0	0	0	0	0	0	0	0	0	0	0	0	0	0	0	0	0	0	0	0	0	0	0	0	0	0	0	0	0	0	0	0	0.0002938740956	0.0002938740956	0.0002938740956	0.0002938740956	0.0002938740956	0.0002938740956	0.0002938740956	0.0002938740956	0.0002938740956	0	0	0	0	0	0	0	0	0	0	0	0	0	0	0	0	0	0	0	0	0	0	0	0	0	0	0	0	0	0	0	0	0	0	0	0	0	0	0	0	0	0	0	0	0	0.001158542108	0.001158542108	0.001158542108	0.001158542108	0.001158542108	0.001158542108	0.001158542108	0.001158542108	0.001158542108	0	0	0	0	0	0	0	0	0	0	0	0	0	0	0	0	0	0	0	0	0	0	0	0	0	0	0	0	0	0	0	0	0	0	0	0	0	0	0	0	0	0	0	0	0	0.004629929862	0.004629929862	0.004629929862	0.004629929862	0.004629929862	0.004629929862	0.004629929862	0.004629929862	0.004629929862	0	0	0	0	0	0	0	0	0	0	0	0	0	0	0	0	0	0	0	0	0	0	0	0	0	0	0	0	0	0	0	0	0	0	0	0	0	0	0	0	0	0	0	0	0	0.0185186598	0.0185186598	0.0185186598	0.0185186598	0.0185186598	0.0185186598	0.0185186598	0.0185186598	0.0185186598	0	0	0	0	0	0	0	0	0	0	0	0	0	0	0	0	0	0	0	0	0	0	0	0	0	0	0	0	0	0	0	0	0	0	0	0	0	0	0	0	0	0	0	0	0	0.004629929862	0.004629929862	0.004629929862	0.004629929862	0.004629929862	0.004629929862	0.004629929862	0.004629929862	0.004629929862	0	0	0	0	0	0	0	0	0	0	0	0	0	0	0	0	0	0	0	0	0	0	0	0	0	0	0	0	0	0	0	0	0	0	0	0	0	0	0	0	0	0	0	0	0	0.001158542108	0.001158542108	0.001158542108	0.001158542108	0.001158542108	0.001158542108	0.001158542108	0.001158542108	0.001158542108	0	0	0	0	0	0	0	0	0	0	0	0	0	0	0	0	0	0	0	0	0	0	0	0	0	0	0	0	0	0	0	0	0	0	0	0	0	0	0	0	0	0	0	0	0	0.0002938740956	0.0002938740956	0.0002938740956	0.0002938740956	0.0002938740956	0.0002938740956	0.0002938740956	0.0002938740956	0.0002938740956	0	0	0	0	0	0	0	0	0	0	0	0	0	0	0
(11,9)	0	0	0	0.002766937638	0	0	0	0	0	0	0	0	0	0	0	0	0	0	0	0	0	0	0	0	0	0	0	0	0	0	0	0	0	0	0	0	0	0	0	0	0	0	0	0	0	0	0	0	0	0	0	0	0	0	0	0	0	0	0.0002170147167	0.0002170147167	0	0.0002170147167	0.0002170147167	0	0.0002170147167	0.0002170147167	0	0	0	0	0	0	0	0	0	0	0	0	0	0	0	0	0	0	0	0	0	0	0	0	0	0	0	0	0	0	0	0	0	0	0	0	0	0	0	0	0	0	0	0	0	0	0.0004611562731	0.0004611562731	0	0.0004611562731	0.0004611562731	0	0.0004611562731	0.0004611562731	0	0	0	0	0	0	0	0	0	0	0	0	0	0	0	0	0	0	0	0	0	0	0	0	0	0	0	0	0	0	0	0	0	0	0	0	0	0	0	0	0	0	0	0	0	0	0	0	0.005228698331	0	0	0.005228698331	0	0	0	0	0	0	0	0	0	0	0	0	0	0	0	0	0	0	0	0	0	0	0	0	0	0	0	0	0	0	0	0	0	0	0	0	0	0	0	0	0	0	0	0	0	0	0	0	0.006946166363	0.006946166363	0	0.006946166363	0.006946166363	0	0.006946166363	0.006946166363	0	0	0	0	0	0	0	0	0	0	0	0	0	0	0	0	0	0	0	0	0	0	0	0	0	0	0	0	0	0	0	0	0	0	0	0	0	0	0	0	0	0	0	0	0	0	0.0277783076	0.0277783076	0	0.0277783076	0.0277783076	0	0.0277783076	0.0277783076	0	0	0	0	0	0	0	0	0	0	0	0	0	0	0	0	0	0	0	0	0	0	0	0	0	0	0	0	0	0	0	0	0	0	0	0	0	0	0	0	0	0	0	0	0	0	0	0	0.0833349228	0	0	0.0833349228	0	0	0	0	0	0	0	0	0	0	0	0	0	0	0	0	0	0	0	0	0	0	0	0	0	0	0	0	0	0	0	0	0	0	0	0	0	0	0	0	0	0	0	0	0	0	0	0	0.006946166363	0.006946166363	0	0.006946166363	0.006946166363	0	0.006946166363	0.006946166363	0	0	0	0	0	0	0	0	0	0	0	0	0	0	0	0	0	0	0	0	0	0	0	0	0	0	0	0	0	0	0	0	0	0	0	0	0	0	0	0	0	0	0	0	0	0	0.001742899444	0.001742899444	0	0.001742899444	0.001742899444	0	0.001742899444	0.001742899444	0	0	0	0	0	0	0	0	0	0	0	0	0	0	0	0	0	0	0	0	0	0	0	0	0	0	0	0	0	0	0	0	0	0	0	0	0	0	0	0	0	0
(11,10)	0	0	0	0	0	0	0	0	0	0	0	0	0	0	0	0	0	0	0	0	0	0	0	0	0	0	0	0	0	0	0	9.042279864e-05	9.042279864e-05	9.042279864e-05	9.042279864e-05	9.042279864e-05	9.042279864e-05	9.042279864e-05	9.042279864e-05	9.042279864e-05	0	0	0	0	0	0	0	0	0	0	0	0	0	0	0	0	0	0	0	0	0	0	0	0	0	0	0	0	0	0	0	0	0	0	0	0	0	0	0	0	0	0	0	0	0	9.042279864e-05	9.042279864e-05	9.042279864e-05	9.042279864e-05	9.042279864e-05	9.042279864e-05	9.042279864e-05	9.042279864e-05	9.042279864e-05	0	0	0	0	0	0	0	0	0	0	0	0	0	0	0	0	0	0	0	0	0	0	0	0	0	0	0	0	0	0	0	0	0	0	0	0	0	0	0	0	0	0	0	0	0	0.0002938740956	0.0002938740956	0.0002938740956	0.0002938740956	0.0002938740956	0.0002938740956	0.0002938740956	0.0002938740956	0.0002938740956	0	0	0	0	0	0	0	0	0	0	0	0	0	0	0	0	0	0	0	0	0	0	0	0	0	0	0	0	0	0	0	0	0	0	0	0	0	0	0	0	0	0	0	0	0	0.001158542108	0.001158542108	0.001158542108	0.001158542108	0.001158542108	0.001158542108	0.001158542108	0.001158542108	0.001158542108	0	0	0	0	0	0	0	0	0	0	0	0	0	0	0	0	0	0	0	0	0	0	0	0	0	0	0	0	0	0	0	0	0	0	0	0	0	0	0	0	0	0	0	0	0	0.004629929862	0.004629929862	0.004629929862	0.004629929862	0.004629929862	0.004629929862	0.004629929862	0.004629929862	0.004629929862	0	0	0	0	0	0	0	0	0	0	0	0	0	0	0	0	0	0	0	0	0	0	0	0	0	0	0	0	0	0	0	0	0	0	0	0	0	0	0	0	0	0	0	0	0	0.0185186598	0.0185186598	0.0185186598	0.0185186598	0.0185186598	0.0185186598	0.0185186598	0.0185186598	0.0185186598	0	0	0	0	0	0	0	0	0	0	0	0	0	0	0	0	0	0	0	0	0	0	0	0	0	0	0	0	0	0	0	0	0	0	0	0	0	0	0	0	0	0	0	0	0	0.004629929862	0.004629929862	0.004629929862	0.004629929862	0.004629929862	0.004629929862	0.004629929862	0.004629929862	0.004629929862	0	0	0	0	0	0	0	0	0	0	0	0	0	0	0	0	0	0	0	0	0	0	0	0	0	0	0	0	0	0	0	0	0	0	0	0	0	0	0	0	0	0	0	0	0	0.001158542108	0.001158542108	0.001158542108	0.001158542108	0.001158542108	0.001158542108	0.001158542108	0.001158542108	0.001158542108	0	0	0	0	0	0	0	0	0	0	0	0	0	0	0	0	0	0	0	0	0	0	0	0	0	0	0	0	0	0	0	0	0	0	0	0	0	0	0	0	0	0	0	0	0	0.0002938740956	0.0002938740956	0.0002938740956	0.0002938740956	0.0002938740956	0.0002938740956	0.0002938740956	0.0002938740956	0.0002938740956	0	0	0	0	0	0	0	0	0	0	0	0	0	0
(11,11)	0	0	0	0	0	0	0	0	0	0	0	0	0	0	0	0	0	0	0	0	0	0	0	0	0	0	0	0	0	0	0	9.042279864e-05	9.042279864e-05	9.042279864e-05	9.042279864e-05	9.042279864e-05	9.042279864e-05	9.042279864e-05	9.042279864e-05	9.042279864e-05	0	0	0	0	0	0	0	0	0	0	0	0	0	0	0	0	0	0	0	0	0	0	0	0	0	0	0	0	0	0	0	0	0	0	0	0	0	0	0	0	0	0	0	0	0	9.042279864e-05	9.042279864e-05	9.042279864e-05	9.042279864e-05	9.042279864e-05	9.042279864e-05	9.042279864e-05	9.042279864e-05	9.042279864e-05	0	0	0	0	0	0	0	0	0	0	0	0	0	0	0	0	0	0	0	0	0	0	0	0	0	0	0	0	0	0	0	0	0	0	0	0	0	0	0	0	0	0	0	0	0	0.0002938740956	0.0002938740956	0.0002938740956	0.0002938740956	0.0002938740956	0.0002938740956	0.0002938740956	0.0002938740956	0.0002938740956	0	0	0	0	0	0	0	0	0	0	0	0	0	0	0	0	0	0	0	0	0	0	0	0	0	0	0	0	0	0	0	0	0	0	0	0	0	0	0	0	0	0	0	0	0	0.001158542108	0.001158542108	0.001158542108	0.001158542108	0.001158542108	0.001158542108	0.001158542108	0.001158542108	0.001158542108	0	0	0	0	0	0	0	0	0	0	0	0	0	0	0	0	0	0	0	0	0	0	0	0	0	0	0	0	0	0	0	0	0	0	0	0	0	0	0	0	0	0	0	0	0	0.004629929862	0.004629929862	0.004629929862	0.004629929862	0.004629929862	0.004629929862	0.004629929862	0.004629929862	0.004629929862	0	0	0	0	0	0	0	0	0	0	0	0	0	0	0	0	0	0	0	0	0	0	0	0	0	0	0	0	0	0	0	0	0	0	0	0	0	0	0	0	0	0	0	0	0	0.0185186598	0.0185186598	0.0185186598	0.0185186598	0.0185186598	0.0185186598	0.0185186598	0.0185186598	0.0185186598	0	0	0	0	0	0	0	0	0	0	0	0	0	0	0	0	0	0	0	0	0	0	0	0	0	0	0	0	0	0	0	0	0	0	0	0	0	0	0	0	0	0	0	0	0	0.004629929862	0.004629929862	0.004629929862	0.004629929862	0.004629929862	0.004629929862	0.004629929862	0.004629929862	0.004629929862	0	0	0	0	0	0	0	0	0	0	0	0	0	0	0	0	0	0	0	0	0	0	0	0	0	0	0	0	0	0	0	0	0	0	0	0	0	0	0	0	0	0	0	0	0	0.001158542108	0.001158542108	0.001158542108	0.001158542108	0.001158542108	0.001158542108	0.001158542108	0.001158542108	0.001158542108	0	0	0	0	0	0	0	0	0	0	0	0	0	0	0	0	0	0	0	0	0	0	0	0	0	0	0	0	0	0	0	0	0	0	0	0	0	0	0	0	0	0	0	0	0	0.0002938740956	0.0002938740956	0.0002938740956	0.0002938740956	0.0002938740956	0.0002938740956	0.0002938740956	0.0002938740956	0.0002938740956	0	0	0	0	0	0	0	0	0	0	0	0	0	0
(11,12)	0	0	0	0	0.002766937638	0	0	0	0	0	0	0	0	0	0	0	0	0	0	0	0	0	0	0	0	0	0	0	0	0	0	0	0	0	0	0	0	0	0	0	0	0	0	0	0	0	0	0	0	0	0	0	0	0	0	0	0	0	0	0.0002170147167	0.0002170147167	0	0.0002170147167	0.0002170147167	0	0.0002170147167	0.0002170147167	0	0	0	0	0	0	0	0	0	0	0	0	0	0	0	0	0	0	0	0	0	0	0	0	0	0	0	0	0	0	0	0	0	0	0	0	0	0	0	0	0	0	0	0	0	0	0.0004611562731	0.0004611562731	0	0.0004611562731	0.0004611562731	0	0.0004611562731	0.0004611562731	0	0	0	0	0	0	0	0	0	0	0	0	0	0	0	0	0	0	0	0	0	0	0	0	0	0	0	0	0	0	0	0	0	0	0	0	0	0	0	0	0	0	0	0	0	0	0	0	0.005228698331	0	0	0.005228698331	0	0	0	0	0	0	0	0	0	0	0	0	0	0	0	0	0	0	0	0	0	0	0	0	0	0	0	0	0	0	0	0	0	0	0	0	0	0	0	0	0	0	0	0	0	0	0	0	0.006946166363	0.006946166363	0	0.006946166363	0.006946166363	0	0.006946166363	0.006946166363	0	0	0	0	0	0	0	0	0	0	0	0	0	0	0	0	0	0	0	0	0	0	0	0	0	0	0	0	0	0	0	0	0	0	0	0	0	0	0	0	0	0	0	0	0	0	0.0277783076	0.0277783076	0	0.0277783076	0.0277783076	0	0.0277783076	0.0277783076	0	0	0	0	0	0	0	0	0	0	0	0	0	0	0	0	0	0	0	0	0	0	0	0	0	0	0	0	0	0	0	0	0	0	0	0	0	0	0	0	0	0	0	0	0	0	0	0	0.0833349228	0	0	0.0833349228	0	0	0	0	0	0	0	0	0	0	0	0	0	0	0	0	0	0	0	0	0	0	0	0	0	0	0	0	0	0	0	0	0	0	0	0	0	0	0	0	0	0	0	0	0	0	0	0	0.006946166363	0.006946166363	0	0.006946166363	0.006946166363	0	0.006946166363	0.006946166363	0	0	0	0	0	0	0	0	0	0	0	0	0	0	0	0	0	0	0	0	0	0	0	0	0	0	0	0	0	0	0	0	0	0	0	0	0	0	0	0	0	0	0	0	0	0	0.001742899444	0.001742899444	0	0.001742899444	0.001742899444	0	0.001742899444	0.001742899444	0	0	0	0	0	0	0	0	0	0	0	0	0	0	0	0	0	0	0	0	0	0	0	0	0	0	0	0	0	0	0	0	0	0	0	0	0	0	0	0	0
(11,13)	0	0	0	0	0	0	0	0	0	0	0	0	0	0	0	0	0	0	0	0	0	0	0	0	0	0	0	0	0	0	0	0	9.042279864e-05	9.042279864e-05	9.042279864e-05	9.042279864e-05	9.042279864e-05	9.042279864e-05	9.042279864e-05	9.042279864e-05	9.042279864e-05	0	0	0	0	0	0	0	0	0	0	0	0	0	0	0	0	0	0	0	0	0	0	0	0	0	0	0	0	0	0	0	0	0	0	0	0	0	0	0	0	0	0	0	0	0	9.042279864e-05	9.042279864e-05	9.042279864e-05	9.042279864e-05	9.042279864e-05	9.042279864e-05	9.042279864e-05	9.042279864e-05	9.042279864e-05	0	0	0	0	0	0	0	0	0	0	0	0	0	0	0	0	0	0	0	0	0	0	0	0	0	0	0	0	0	0	0	0	0	0	0	0	0	0	0	0	0	0	0	0	0	0.0002938740956	0.0002938740956	0.0002938740956	0.0002938740956	0.0002938740956	0.0002938740956	0.0002938740956	0.0002938740956	0.0002938740956	0	0	0	0	0	0	0	0	0	0	0	0	0	0	0	0	0	0	0	0	0	0	0	0	0	0	0	0	0	0	0	0	0	0	0	0	0	0	0	0	0	0	0	0	0	0.001158542108	0.001158542108	0.001158542108	0.001158542108	0.001158542108	0.001158542108	0.001158542108	0.001158542108	0.001158542108	0	0	0	0	0	0	0	0	0	0	0	0	0	0	0	0	0	0	0	0	0	0	0	0	0	0	0	0	0	0	0	0	0	0	0	0	0	0	0	0	0	0	0	0	0	0.004629929862	0.004629929862	0.004629929862	0.004629929862	0.004629929862	0.004629929862	0.004629929862	0.004629929862	0.004629929862	0	0	0	0	0	0	0	0	0	0	0	0	0	0	0	0	0	0	0	0	0	0	0	0	0	0	0	0	0	0	0	0	0	0	0	0	0	0	0	0	0	0	0	0	0	0.0185186598	0.0185186598	0.0185186598	0.0185186598	0.0185186598	0.0185186598	0.0185186598	0.0185186598	0.0185186598	0	0	0	0	0	0	0	0	0	0	0	0	0	0	0	0	0	0	0	0	0	0	0	0	0	0	0	0	0	0	0	0	0	0	0	0	0	0	0	0	0	0	0	0	0	0.004629929862	0.004629929862	0.004629929862	0.004629929862	0.004629929862	0.004629929862	0.004629929862	0.004629929862	0.004629929862	0	0	0	0	0	0	0	0	0	0	0	0	0	0	0	0	0	0	0	0	0	0	0	0	0	0	0	0	0	0	0	0	0	0	0	0	0	0	0	0	0	0	0	0	0	0.001158542108	0.001158542108	0.001158542108	0.001158542108	0.001158542108	0.001158542108	0.001158542108	0.001158542108	0.001158542108	0	0	0	0	0	0	0	0	0	0	0	0	0	0	0	0	0	0	0	0	0	0	0	0	0	0	0	0	0	0	0	0	0	0	0	0	0	0	0	0	0	0	0	0	0	0.0002938740956	0.0002938740956	0.0002938740956	0.0002938740956	0.0002938740956	0.0002938740956	0.0002938740956	0.0002938740956	0.0002938740956	0	0	0	0	0	0	0	0	0	0	0	0	0
(11,14)	0	0	0	0	0	0	0	0	0	0	0	0	0	0	0	0	0	0	0	0	0	0	0	0	0	0	0	0	0	0	0	0	9.042279864e-05	9.042279864e-05	9.042279864e-05	9.042279864e-05	9.042279864e-05	9.042279864e-05	9.042279864e-05	9.042279864e-05	9.042279864e-05	0	0	0	0	0	0	0	0	0	0	0	0	0	0	0	0	0	0	0	0	0	0	0	0	0	0	0	0	0	0	0	0	0	0	0	0	0	0	0	0	0	0	0	0	0	9.042279864e-05	9.042279864e-05	9.042279864e-05	9.042279864e-05	9.042279864e-05	9.042279864e-05	9.042279864e-05	9.042279864e-05	9.042279864e-05	0	0	0	0	0	0	0	0	0	0	0	0	0	0	0	0	0	0	0	0	0	0	0	0	0	0	0	0	0	0	0	0	0	0	0	0	0	0	0	0	0	0	0	0	0	0.0002938740956	0.0002938740956	0.0002938740956	0.0002938740956	0.0002938740956	0.0002938740956	0.0002938740956	0.0002938740956	0.0002938740956	0	0	0	0	0	0	0	0	0	0	0	0	0	0	0	0	0	0	0	0	0	0	0	0	0	0	0	0	0	0	0	0	0	0	0	0	0	0	0	0	0	0	0	0	0	0.001158542108	0.001158542108	0.001158542108	0.001158542108	0.001158542108	0.001158542108	0.001158542108	0.001158542108	0.001158542108	0	0	0	0	0	0	0	0	0	0	0	0	0	0	0	0	0	0	0	0	0	0	0	0	0	0	0	0	0	0	0	0	0	0	0	0	0	0	0	0	0	0	0	0	0	0.004629929862	0.004629929862	0.004629929862	0.004629929862	0.004629929862	0.004629929862	0.004629929862	0.004629929862	0.004629929862	0	0	0	0	0	0	0	0	0	0	0	0	0	0	0	0	0	0	0	0	0	0	0	0	0	0	0	0	0	0	0	0	0	0	0	0	0	0	0	0	0	0	0	0	0	0.0185186598	0.0185186598	0.0185186598	0.0185186598	0.0185186598	0.0185186598	0.0185186598	0.0185186598	0.0185186598	0	0	0	0	0	0	0	0	0	0	0	0	0	0	0	0	0	0	0	0	0	0	0	0	0	0	0	0	0	0	0	0	0	0	0	0	0	0	0	0	0	0	0	0	0	0.004629929862	0.004629929862	0.004629929862	0.004629929862	0.004629929862	0.004629929862	0.004629929862	0.004629929862	0.004629929862	0	0	0	0	0	0	0	0	0	0	0	0	0	0	0	0	0	0	0	0	0	0	0	0	0	0	0	0	0	0	0	0	0	0	0	0	0	0	0	0	0	0	0	0	0	0.001158542108	0.001158542108	0.001158542108	0.001158542108	0.001158542108	0.001158542108	0.001158542108	0.001158542108	0.001158542108	0	0	0	0	0	0	0	0	0	0	0	0	0	0	0	0	0	0	0	0	0	0	0	0	0	0	0	0	0	0	0	0	0	0	0	0	0	0	0	0	0	0	0	0	0	0.0002938740956	0.0002938740956	0.0002938740956	0.0002938740956	0.0002938740956	0.0002938740956	0.0002938740956	0.0002938740956	0.0002938740956	0	0	0	0	0	0	0	0	0	0	0	0	0
(11,15)	0	0	0	0	0	0.002766937638	0	0	0	0	0	0	0	0	0	0	0	0	0	0	0	0	0	0	0	0	0	0	0	0	0	0	0	0	0	0	0	0	0	0	0	0	0	0	0	0	0	0	0	0	0	0	0	0	0	0	0	0	0	0	0.0002170147167	0.0002170147167	0	0.0002170147167	0.0002170147167	0	0.0002170147167	0.0002170147167	0	0	0	0	0	0	0	0	0	0	0	0	0	0	0	0	0	0	0	0	0	0	0	0	0	0	0	0	0	0	0	0	0	0	0	0	0	0	0	0	0	0	0	0	0	0	0.0004611562731	0.0004611562731	0	0.0004611562731	0.0004611562731	0	0.0004611562731	0.0004611562731	0	0	0	0	0	0	0	0	0	0	0	0	0	0	0	0	0	0	0	0	0	0	0	0	0	0	0	0	0	0	0	0	0	0	0	0	0	0	0	0	0	0	0	0	0	0	0	0	0.005228698331	0	0	0.005228698331	0	0	0	0	0	0	0	0	0	0	0	0	0	0	0	0	0	0	0	0	0	0	0	0	0	0	0	0	0	0	0	0	0	0	0	0	0	0	0	0	0	0	0	0	0	0	0	0	0.006946166363	0.006946166363	0	0.006946166363	0.006946166363	0	0.006946166363	0.006946166363	0	0	0	0	0	0	0	0	0	0	0	0	0	0	0	0	0	0	0	0	0	0	0	0	0	0	0	0	0	0	0	0	0	0	0	0	0	0	0	0	0	0	0	0	0	0	0.0277783076	0.0277783076	0	0.0277783076	0.0277783076	0	0.0277783076	0.0277783076	0	0	0	0	0	0	0	0	0	0	0	0	0	0	0	0	0	0	0	0	0	0	0	0	0	0	0	0	0	0	0	0	0	0	0	0	0	0	0	0	0	0	0	0	0	0	0	0	0.0833349228	0	0	0.0833349228	0	0	0	0	0	0	0	0	0	0	0	0	0	0	0	0	0	0	0	0	0	0	0	0	0	0	0	0	0	0	0	0	0	0	0	0	0	0	0	0	0	0	0	0	0	0	0	0	0.006946166363	0.006946166363	0	0.006946166363	0.006946166363	0	0.006946166363	0.006946166363	0	0	0	0	0	0	0	0	0	0	0	0	0	0	0	0	0	0	0	0	0	0	0	0	0	0	0	0	0	0	0	0	0	0	0	0	0	0	0	0	0	0	0	0	0	0	0.001742899444	0.001742899444	0	0.001742899444	0.001742899444	0	0.001742899444	0.001742899444	0	0	0	0	0	0	0	0	0	0	0	0	0	0	0	0	0	0	0	0	0	0	0	0	0	0	0	0	0	0	0	0	0	0	0	0	0	0	0	0
(11,16)	0	0	0	0	0	0	0	0	0	0	0	0	0	0	0	0	0	0	0	0	0	0	0	0	0	0	0	0	0	0	0	0	0	9.042279864e-05	9.042279864e-05	9.042279864e-05	9.042279864e-05	9.042279864e-05	9.042279864e-05	9.042279864e-05	9.042279864e-05	9.042279864e-05	0	0	0	0	0	0	0	0	0	0	0	0	0	0	0	0	0	0	0	0	0	0	0	0	0	0	0	0	0	0	0	0	0	0	0	0	0	0	0	0	0	0	0	0	0	9.042279864e-05	9.042279864e-05	9.042279864e-05	9.042279864e-05	9.042279864e-05	9.042279864e-05	9.042279864e-05	9.042279864e-05	9.042279864e-05	0	0	0	0	0	0	0	0	0	0	0	0	0	0	0	0	0	0	0	0	0	0	0	0	0	0	0	0	0	0	0	0	0	0	0	0	0	0	0	0	0	0	0	0	0	0.0002938740956	0.0002938740956	0.0002938740956	0.0002938740956	0.0002938740956	0.0002938740956	0.0002938740956	0.0002938740956	0.0002938740956	0	0	0	0	0	0	0	0	0	0	0	0	0	0	0	0	0	0	0	0	0	0	0	0	0	0	0	0	0	0	0	0	0	0	0	0	0	0	0	0	0	0	0	0	0	0.001158542108	0.001158542108	0.001158542108	0.001158542108	0.001158542108	0.001158542108	0.001158542108	0.001158542108	0.001158542108	0	0	0	0	0	0	0	0	0	0	0	0	0	0	0	0	0	0	0	0	0	0	0	0	0	0	0	0	0	0	0	0	0	0	0	0	0	0	0	0	0	0	0	0	0	0.004629929862	0.004629929862	0.004629929862	0.004629929862	0.004629929862	0.004629929862	0.004629929862	0.004629929862	0.004629929862	0	0	0	0	0	0	0	0	0	0	0	0	0	0	0	0	0	0	0	0	0	0	0	0	0	0	0	0	0	0	0	0	0	0	0	0	0	0	0	0	0	0	0	0	0	0.0185186598	0.0185186598	0.0185186598	0.0185186598	0.0185186598	0.0185186598	0.0185186598	0.0185186598	0.0185186598	0	0	0	0	0	0	0	0	0	0	0	0	0	0	0	0	0	0	0	0	0	0	0	0	0	0	0	0	0	0	0	0	0	0	0	0	0	0	0	0	0	0	0	0	0	0.004629929862	0.004629929862	0.004629929862	0.004629929862	0.004629929862	0.004629929862	0.004629929862	0.004629929862	0.004629929862	0	0	0	0	0	0	0	0	0	0	0	0	0	0	0	0	0	0	0	0	0	0	0	0	0	0	0	0	0	0	0	0	0	0	0	0	0	0	0	0	0	0	0	0	0	0.001158542108	0.001158542108	0.001158542108	0.001158542108	0.001158542108	0.001158542108	0.001158542108	0.001158542108	0.001158542108	0	0	0	0	0	0	0	0	0	0	0	0	0	0	0	0	0	0	0	0	0	0	0	0	0	0	0	0	0	0	0	0	0	0	0	0	0	0	0	0	0	0	0	0	0	0.0002938740956	0.0002938740956	0.0002938740956	0.0002938740956	0.0002938740956	0.0002938740956	0.0002938740956	0.0002938740956	0.0002938740956	0	0	0	0	0	0	0	0	0	0	0	0
(11,17)	0	0	0	0	0	0	0	0	0	0	0	0	0	0	0	0	0	0	0	0	0	0	0	0	0	0	0	0	0	0	0	0	0	9.042279864e-05	9.042279864e-05	9.042279864e-05	9.042279864e-05	9.042279864e-05	9.042279864e-05	9.042279864e-05	9.042279864e-05	9.042279864e-05	0	0	0	0	0	0	0	0	0	0	0	0	0	0	0	0	0	0	0	0	0	0	0	0	0	0	0	0	0	0	0	0	0	0	0	0	0	0	0	0	0	0	0	0	0	9.042279864e-05	9.042279864e-05	9.042279864e-05	9.042279864e-05	9.042279864e-05	9.042279864e-05	9.042279864e-05	9.042279864e-05	9.042279864e-05	0	0	0	0	0	0	0	0	0	0	0	0	0	0	0	0	0	0	0	0	0	0	0	0	0	0	0	0	0	0	0	0	0	0	0	0	0	0	0	0	0	0	0	0	0	0.0002938740956	0.0002938740956	0.0002938740956	0.0002938740956	0.0002938740956	0.0002938740956	0.0002938740956	0.0002938740956	0.0002938740956	0	0	0	0	0	0	0	0	0	0	0	0	0	0	0	0	0	0	0	0	0	0	0	0	0	0	0	0	0	0	0	0	0	0	0	0	0	0	0	0	0	0	0	0	0	0.001158542108	0.001158542108	0.001158542108	0.001158542108	0.001158542108	0.001158542108	0.001158542108	0.001158542108	0.001158542108	0	0	0	0	0	0	0	0	0	0	0	0	0	0	0	0	0	0	0	0	0	0	0	0	0	0	0	0	0	0	0	0	0	0	0	0	0	0	0	0	0	0	0	0	0	0.004629929862	0.004629929862	0.004629929862	0.004629929862	0.004629929862	0.004629929862	0.004629929862	0.004629929862	0.004629929862	0	0	0	0	0	0	0	0	0	0	0	0	0	0	0	0	0	0	0	0	0	0	0	0	0	0	0	0	0	0	0	0	0	0	0	0	0	0	0	0	0	0	0	0	0	0.0185186598	0.0185186598	0.0185186598	0.0185186598	0.0185186598	0.0185186598	0.0185186598	0.0185186598	0.0185186598	0	0	0	0	0	0	0	0	0	0	0	0	0	0	0	0	0	0	0	0	0	0	0	0	0	0	0	0	0	0	0	0	0	0	0	0	0	0	0	0	0	0	0	0	0	0.004629929862	0.004629929862	0.004629929862	0.004629929862	0.004629929862	0.004629929862	0.004629929862	0.004629929862	0.004629929862	0	0	0	0	0	0	0	0	0	0	0	0	0	0	0	0	0	0	0	0	0	0	0	0	0	0	0	0	0	0	0	0	0	0	0	0	0	0	0	0	0	0	0	0	0	0.001158542108	0.001158542108	0.001158542108	0.001158542108	0.001158542108	0.001158542108	0.001158542108	0.001158542108	0.001158542108	0	0	0	0	0	0	0	0	0	0	0	0	0	0	0	0	0	0	0	0	0	0	0	0	0	0	0	0	0	0	0	0	0	0	0	0	0	0	0	0	0	0	0	0	0	0.0002938740956	0.0002938740956	0.0002938740956	0.0002938740956	0.0002938740956	0.0002938740956	0.0002938740956	0.0002938740956	0.0002938740956	0	0	0	0	0	0	0	0	0	0	0	0
(11,18)	0	0	0	0	0	0	0.002766937638	0	0	0	0	0	0	0	0	0	0	0	0	0	0	0	0	0	0	0	0	0	0	0	0	0	0	0	0	0	0	0	0	0	0	0	0	0	0	0	0	0	0	0	0	0	0	0	0	0	0	0	0	0	0	0.0002170147167	0.0002170147167	0	0.0002170147167	0.0002170147167	0	0.0002170147167	0.0002170147167	0	0	0	0	0	0	0	0	0	0	0	0	0	0	0	0	0	0	0	0	0	0	0	0	0	0	0	0	0	0	0	0	0	0	0	0	0	0	0	0	0	0	0	0	0	0	0.0004611562731	0.0004611562731	0	0.0004611562731	0.0004611562731	0	0.0004611562731	0.0004611562731	0	0	0	0	0	0	0	0	0	0	0	0	0	0	0	0	0	0	0	0	0	0	0	0	0	0	0	0	0	0	0	0	0	0	0	0	0	0	0	0	0	0	0	0	0	0	0	0	0.005228698331	0	0	0.005228698331	0	0	0	0	0	0	0	0	0	0	0	0	0	0	0	0	0	0	0	0	0	0	0	0	0	0	0	0	0	0	0	0	0	0	0	0	0	0	0	0	0	0	0	0	0	0	0	0	0.006946166363	0.006946166363	0	0.006946166363	0.006946166363	0	0.006946166363	0.006946166363	0	0	0	0	0	0	0	0	0	0	0	0	0	0	0	0	0	0	0	0	0	0	0	0	0	0	0	0	0	0	0	0	0	0	0	0	0	0	0	0	0	0	0	0	0	0	0.0277783076	0.0277783076	0	0.0277783076	0.0277783076	0	0.0277783076	0.0277783076	0	0	0	0	0	0	0	0	0	0	0	0	0	0	0	0	0	0	0	0	0	0	0	0	0	0	0	0	0	0	0	0	0	0	0	0	0	0	0	0	0	0	0	0	0	0	0	0	0.0833349228	0	0	0.0833349228	0	0	0	0	0	0	0	0	0	0	0	0	0	0	0	0	0	0	0	0	0	0	0	0	0	0	0	0	0	0	0	0	0	0	0	0	0	0	0	0	0	0	0	0	0	0	0	0	0.006946166363	0.006946166363	0	0.006946166363	0.006946166363	0	0.006946166363	0.006946166363	0	0	0	0	0	0	0	0	0	0	0	0	0	0	0	0	0	0	0	0	0	0	0	0	0	0	0	0	0	0	0	0	0	0	0	0	0	0	0	0	0	0	0	0	0	0	0.001742899444	0.001742899444	0	0.001742899444	0.001742899444	0	0.001742899444	0.001742899444	0	0	0	0	0	0	0	0	0	0	0	0	0	0	0	0	0	0	0	0	0	0	0	0	0	0	0	0	0	0	0	0	0	0	0	0	0	0	0
(11,19)	0	0	0	0	0	0	0	0	0	0	0	0	0	0	0	0	0	0	0	0	0	0	0	0	0	0	0	0	0	0	0	0	0	0	9.042279864e-05	9.042279864e-05	9.042279864e-05	9.042279864e-05	9.042279864e-05	9.042279864e-05	9.042279864e-05	9.042279864e-05	9.042279864e-05	0	0	0	0	0	0	0	0	0	0	0	0	0	0	0	0	0	0	0	0	0	0	0	0	0	0	0	0	0	0	0	0	0	0	0	0	0	0	0	0	0	0	0	0	0	9.042279864e-05	9.042279864e-05	9.042279864e-05	9.042279864e-05	9.042279864e-05	9.042279864e-05	9.042279864e-05	9.042279864e-05	9.042279864e-05	0	0	0	0	0	0	0	0	0	0	0	0	0	0	0	0	0	0	0	0	0	0	0	0	0	0	0	0	0	0	0	0	0	0	0	0	0	0	0	0	0	0	0	0	0	0.0002938740956	0.0002938740956	0.0002938740956	0.0002938740956	0.0002938740956	0.0002938740956	0.0002938740956	0.0002938740956	0.0002938740956	0	0	0	0	0	0	0	0	0	0	0	0	0	0	0	0	0	0	0	0	0	0	0	0	0	0	0	0	0	0	0	0	0	0	0	0	0	0	0	0	0	0	0	0	0	0.001158542108	0.001158542108	0.001158542108	0.001158542108	0.001158542108	0.001158542108	0.001158542108	0.001158542108	0.001158542108	0	0	0	0	0	0	0	0	0	0	0	0	0	0	0	0	0	0	0	0	0	0	0	0	0	0	0	0	0	0	0	0	0	0	0	0	0	0	0	0	0	0	0	0	0	0.004629929862	0.004629929862	0.004629929862	0.004629929862	0.004629929862	0.004629929862	0.004629929862	0.004629929862	0.004629929862	0	0	0	0	0	0	0	0	0	0	0	0	0	0	0	0	0	0	0	0	0	0	0	0	0	0	0	0	0	0	0	0	0	0	0	0	0	0	0	0	0	0	0	0	0	0.0185186598	0.0185186598	0.0185186598	0.0185186598	0.0185186598	0.0185186598	0.0185186598	0.0185186598	0.0185186598	0	0	0	0	0	0	0	0	0	0	0	0	0	0	0	0	0	0	0	0	0	0	0	0	0	0	0	0	0	0	0	0	0	0	0	0	0	0	0	0	0	0	0	0	0	0.004629929862	0.004629929862	0.004629929862	0.004629929862	0.004629929862	0.004629929862	0.004629929862	0.004629929862	0.004629929862	0	0	0	0	0	0	0	0	0	0	0	0	0	0	0	0	0	0	0	0	0	0	0	0	0	0	0	0	0	0	0	0	0	0	0	0	0	0	0	0	0	0	0	0	0	0.001158542108	0.001158542108	0.001158542108	0.001158542108	0.001158542108	0.001158542108	0.001158542108	0.001158542108	0.001158542108	0	0	0	0	0	0	0	0	0	0	0	0	0	0	0	0	0	0	0	0	0	0	0	0	0	0	0	0	0	0	0	0	0	0	0	0	0	0	0	0	0	0	0	0	0	0.0002938740956	0.0002938740956	0.0002938740956	0.0002938740956	0.0002938740956	0.0002938740956	0.0002938740956	0.0002938740956	0.0002938740956	0	0	0	0	0	0	0	0	0	0	0
(11,20)	0	0	0	0	0	0	0	0	0	0	0	0	0	0	0	0	0	0	0	0	0	0	0	0	0	0	0	0	0	0	0	0	0	0	9.042279864e-05	9.042279864e-05	9.042279864e-05	9.042279864e-05	9.042279864e-05	9.042279864e-05	9.042279864e-05	9.042279864e-05	9.042279864e-05	0	0	0	0	0	0	0	0	0	0	0	0	0	0	0	0	0	0	0	0	0	0	0	0	0	0	0	0	0	0	0	0	0	0	0	0	0	0	0	0	0	0	0	0	0	9.042279864e-05	9.042279864e-05	9.042279864e-05	9.042279864e-05	9.042279864e-05	9.042279864e-05	9.042279864e-05	9.042279864e-05	9.042279864e-05	0	0	0	0	0	0	0	0	0	0	0	0	0	0	0	0	0	0	0	0	0	0	0	0	0	0	0	0	0	0	0	0	0	0	0	0	0	0	0	0	0	0	0	0	0	0.0002938740956	0.0002938740956	0.0002938740956	0.0002938740956	0.0002938740956	0.0002938740956	0.0002938740956	0.0002938740956	0.0002938740956	0	0	0	0	0	0	0	0	0	0	0	0	0	0	0	0	0	0	0	0	0	0	0	0	0	0	0	0	0	0	0	0	0	0	0	0	0	0	0	0	0	0	0	0	0	0.001158542108	0.001158542108	0.001158542108	0.001158542108	0.001158542108	0.001158542108	0.001158542108	0.001158542108	0.001158542108	0	0	0	0	0	0	0	0	0	0	0	0	0	0	0	0	0	0	0	0	0	0	0	0	0	0	0	0	0	0	0	0	0	0	0	0	0	0	0	0	0	0	0	0	0	0.004629929862	0.004629929862	0.004629929862	0.004629929862	0.004629929862	0.004629929862	0.004629929862	0.004629929862	0.004629929862	0	0	0	0	0	0	0	0	0	0	0	0	0	0	0	0	0	0	0	0	0	0	0	0	0	0	0	0	0	0	0	0	0	0	0	0	0	0	0	0	0	0	0	0	0	0.0185186598	0.0185186598	0.0185186598	0.0185186598	0.0185186598	0.0185186598	0.0185186598	0.0185186598	0.0185186598	0	0	0	0	0	0	0	0	0	0	0	0	0	0	0	0	0	0	0	0	0	0	0	0	0	0	0	0	0	0	0	0	0	0	0	0	0	0	0	0	0	0	0	0	0	0.004629929862	0.004629929862	0.004629929862	0.004629929862	0.004629929862	0.004629929862	0.004629929862	0.004629929862	0.004629929862	0	0	0	0	0	0	0	0	0	0	0	0	0	0	0	0	0	0	0	0	0	0	0	0	0	0	0	0	0	0	0	0	0	0	0	0	0	0	0	0	0	0	0	0	0	0.001158542108	0.001158542108	0.001158542108	0.001158542108	0.001158542108	0.001158542108	0.001158542108	0.001158542108	0.001158542108	0	0	0	0	0	0	0	0	0	0	0	0	0	0	0	0	0	0	0	0	0	0	0	0	0	0	0	0	0	0	0	0	0	0	0	0	0	0	0	0	0	0	0	0	0	0.0002938740956	0.0002938740956	0.0002938740956	0.0002938740956	0.0002938740956	0.0002938740956	0.0002938740956	0.0002938740956	0.0002938740956	0	0	0	0	0	0	0	0	0	0	0
(11,21)	0	0	0	0	0	0	0	0.002766937638	0	0	0	0	0	0	0	0	0	0	0	0	0	0	0	0	0	0	0	0	0	0	0	0	0	0	0	0	0	0	0	0	0	0	0	0	0	0	0	0	0	0	0	0	0	0	0	0	0	0	0	0	0	0	0.0002170147167	0.0002170147167	0	0.0002170147167	0.0002170147167	0	0.0002170147167	0.0002170147167	0	0	0	0	0	0	0	0	0	0	0	0	0	0	0	0	0	0	0	0	0	0	0	0	0	0	0	0	0	0	0	0	0	0	0	0	0	0	0	0	0	0	0	0	0	0	0.0004611562731	0.0004611562731	0	0.0004611562731	0.0004611562731	0	0.0004611562731	0.0004611562731	0	0	0	0	0	0	0	0	0	0	0	0	0	0	0	0	0	0	0	0	0	0	0	0	0	0	0	0	0	0	0	0	0	0	0	0	0	0	0	0	0	0	0	0	0	0	0	0	0.005228698331	0	0	0.005228698331	0	0	0	0	0	0	0	0	0	0	0	0	0	0	0	0	0	0	0	0	0	0	0	0	0	0	0	0	0	0	0	0	0	0	0	0	0	0	0	0	0	0	0	0	0	0	0	0	0.006946166363	0.006946166363	0	0.006946166363	0.006946166363	0	0.006946166363	0.006946166363	0	0	0	0	0	0	0	0	0	0	0	0	0	0	0	0	0	0	0	0	0	0	0	0	0	0	0	0	0	0	0	0	0	0	0	0	0	0	0	0	0	0	0	0	0	0	0.0277783076	0.0277783076	0	0.0277783076	0.0277783076	0	0.0277783076	0.0277783076	0	0	0	0	0	0	0	0	0	0	0	0	0	0	0	0	0	0	0	0	0	0	0	0	0	0	0	0	0	0	0	0	0	0	0	0	0	0	0	0	0	0	0	0	0	0	0	0	0.0833349228	0	0	0.0833349228	0	0	0	0	0	0	0	0	0	0	0	0	0	0	0	0	0	0	0	0	0	0	0	0	0	0	0	0	0	0	0	0	0	0	0	0	0	0	0	0	0	0	0	0	0	0	0	0	0.006946166363	0.006946166363	0	0.006946166363	0.006946166363	0	0.006946166363	0.006946166363	0	0	0	0	0	0	0	0	0	0	0	0	0	0	0	0	0	0	0	0	0	0	0	0	0	0	0	0	0	0	0	0	0	0	0	0	0	0	0	0	0	0	0	0	0	0	0.001742899444	0.001742899444	0	0.001742899444	0.001742899444	0	0.001742899444	0.001742899444	0	0	0	0	0	0	0	0	0	0	0	0	0	0	0	0	0	0	0	0	0	0	0	0	0	0	0	0	0	0	0	0	0	0	0	0	0	0
(11,22)	0	0	0	0	0	0	0	0	0	0	0	0	0	0	0	0	0	0	0	0	0	0	0	0	0	0	0	0	0	0	0	0	0	0	0	9.042279864e-05	9.042279864e-05	9.042279864e-05	9.042279864e-05	9.042279864e-05	9.042279864e-05	9.042279864e-05	9.042279864e-05	9.042279864e-05	0	0	0	0	0	0	0	0	0	0	0	0	0	0	0	0	0	0	0	0	0	0	0	0	0	0	0	0	0	0	0	0	0	0	0	0	0	0	0	0	0	0	0	0	0	9.042279864e-05	9.042279864e-05	9.042279864e-05	9.042279864e-05	9.042279864e-05	9.042279864e-05	9.042279864e-05	9.042279864e-05	9.042279864e-05	0	0	0	0	0	0	0	0	0	0	0	0	0	0	0	0	0	0	0	0	0	0	0	0	0	0	0	0	0	0	0	0	0	0	0	0	0	0	0	0	0	0	0	0	0	0.0002938740956	0.0002938740956	0.0002938740956	0.0002938740956	0.0002938740956	0.0002938740956	0.0002938740956	0.0002938740956	0.0002938740956	0	0	0	0	0	0	0	0	0	0	0	0	0	0	0	0	0	0	0	0	0	0	0	0	0	0	0	0	0	0	0	0	0	0	0	0	0	0	0	0	0	0	0	0	0	0.001158542108	0.001158542108	0.001158542108	0.001158542108	0.001158542108	0.001158542108	0.001158542108	0.001158542108	0.001158542108	0	0	0	0	0	0	0	0	0	0	0	0	0	0	0	0	0	0	0	0	0	0	0	0	0	0	0	0	0	0	0	0	0	0	0	0	0	0	0	0	0	0	0	0	0	0.004629929862	0.004629929862	0.004629929862	0.004629929862	0.004629929862	0.004629929862	0.004629929862	0.004629929862	0.004629929862	0	0	0	0	0	0	0	0	0	0	0	0	0	0	0	0	0	0	0	0	0	0	0	0	0	0	0	0	0	0	0	0	0	0	0	0	0	0	0	0	0	0	0	0	0	0.0185186598	0.0185186598	0.0185186598	0.0185186598	0.0185186598	0.0185186598	0.0185186598	0.0185186598	0.0185186598	0	0	0	0	0	0	0	0	0	0	0	0	0	0	0	0	0	0	0	0	0	0	0	0	0	0	0	0	0	0	0	0	0	0	0	0	0	0	0	0	0	0	0	0	0	0.004629929862	0.004629929862	0.004629929862	0.004629929862	0.004629929862	0.004629929862	0.004629929862	0.004629929862	0.004629929862	0	0	0	0	0	0	0	0	0	0	0	0	0	0	0	0	0	0	0	0	0	0	0	0	0	0	0	0	0	0	0	0	0	0	0	0	0	0	0	0	0	0	0	0	0	0.001158542108	0.001158542108	0.001158542108	0.001158542108	0.001158542108	0.001158542108	0.001158542108	0.001158542108	0.001158542108	0	0	0	0	0	0	0	0	0	0	0	0	0	0	0	0	0	0	0	0	0	0	0	0	0	0	0	0	0	0	0	0	0	0	0	0	0	0	0	0	0	0	0	0	0	0.0002938740956	0.0002938740956	0.0002938740956	0.0002938740956	0.0002938740956	0.0002938740956	0.0002938740956	0.0002938740956	0.0002938740956	0	0	0	0	0	0	0	0	0	0
(11,23)	0	0	0	0	0	0	0	0	0	0	0	0	0	0	0	0	0	0	0	0	0	0	0	0	0	0	0	0	0	0	0	0	0	0	0	9.042279864e-05	9.042279864e-05	9.042279864e-05	9.042279864e-05	9.042279864e-05	9.042279864e-05	9.042279864e-05	9.042279864e-05	9.042279864e-05	0	0	0	0	0	0	0	0	0	0	0	0	0	0	0	0	0	0	0	0	0	0	0	0	0	0	0	0	0	0	0	0	0	0	0	0	0	0	0	0	0	0	0	0	0	9.042279864e-05	9.042279864e-05	9.042279864e-05	9.042279864e-05	9.042279864e-05	9.042279864e-05	9.042279864e-05	9.042279864e-05	9.042279864e-05	0	0	0	0	0	0	0	0	0	0	0	0	0	0	0	0	0	0	0	0	0	0	0	0	0	0	0	0	0	0	0	0	0	0	0	0	0	0	0	0	0	0	0	0	0	0.0002938740956	0.0002938740956	0.0002938740956	0.0002938740956	0.0002938740956	0.0002938740956	0.0002938740956	0.0002938740956	0.0002938740956	0	0	0	0	0	0	0	0	0	0	0	0	0	0	0	0	0	0	0	0	0	0	0	0	0	0	0	0	0	0	0	0	0	0	0	0	0	0	0	0	0	0	0	0	0	0.001158542108	0.001158542108	0.001158542108	0.001158542108	0.001158542108	0.001158542108	0.001158542108	0.001158542108	0.001158542108	0	0	0	0	0	0	0	0	0	0	0	0	0	0	0	0	0	0	0	0	0	0	0	0	0	0	0	0	0	0	0	0	0	0	0	0	0	0	0	0	0	0	0	0	0	0.004629929862	0.004629929862	0.004629929862	0.004629929862	0.004629929862	0.004629929862	0.004629929862	0.004629929862	0.004629929862	0	0	0	0	0	0	0	0	0	0	0	0	0	0	0	0	0	0	0	0	0	0	0	0	0	0	0	0	0	0	0	0	0	0	0	0	0	0	0	0	0	0	0	0	0	0.0185186598	0.0185186598	0.0185186598	0.0185186598	0.0185186598	0.0185186598	0.0185186598	0.0185186598	0.0185186598	0	0	0	0	0	0	0	0	0	0	0	0	0	0	0	0	0	0	0	0	0	0	0	0	0	0	0	0	0	0	0	0	0	0	0	0	0	0	0	0	0	0	0	0	0	0.004629929862	0.004629929862	0.004629929862	0.004629929862	0.004629929862	0.004629929862	0.004629929862	0.004629929862	0.004629929862	0	0	0	0	0	0	0	0	0	0	0	0	0	0	0	0	0	0	0	0	0	0	0	0	0	0	0	0	0	0	0	0	0	0	0	0	0	0	0	0	0	0	0	0	0	0.001158542108	0.001158542108	0.001158542108	0.001158542108	0.001158542108	0.001158542108	0.001158542108	0.001158542108	0.001158542108	0	0	0	0	0	0	0	0	0	0	0	0	0	0	0	0	0	0	0	0	0	0	0	0	0	0	0	0	0	0	0	0	0	0	0	0	0	0	0	0	0	0	0	0	0	0.0002938740956	0.0002938740956	0.0002938740956	0.0002938740956	0.0002938740956	0.0002938740956	0.0002938740956	0.0002938740956	0.0002938740956	0	0	0	0	0	0	0	0	0	0
(11,24)	0	0	0	0	0	0	0	0	0.002766937638	0	0	0	0	0	0	0	0	0	0	0	0	0	0	0	0	0	0	0	0	0	0	0	0	0	0	0	0	0	0	0	0	0	0	0	0	0	0	0	0	0	0	0	0	0	0	0	0	0	0	0	0	0	0	0.0002170147167	0.0002170147167	0	0.0002170147167	0.0002170147167	0	0.0002170147167	0.0002170147167	0	0	0	0	0	0	0	0	0	0	0	0	0	0	0	0	0	0	0	0	0	0	0	0	0	0	0	0	0	0	0	0	0	0	0	0	0	0	0	0	0	0	0	0	0	0	0.0004611562731	0.0004611562731	0	0.0004611562731	0.0004611562731	0	0.0004611562731	0.0004611562731	0	0	0	0	0	0	0	0	0	0	0	0	0	0	0	0	0	0	0	0	0	0	0	0	0	0	0	0	0	0	0	0	0	0	0	0	0	0	0	0	0	0	0	0	0	0	0	0	0.005228698331	0	0	0.005228698331	0	0	0	0	0	0	0	0	0	0	0	0	0	0	0	0	0	0	0	0	0	0	0	0	0	0	0	0	0	0	0	0	0	0	0	0	0	0	0	0	0	0	0	0	0	0	0	0	0.006946166363	0.006946166363	0	0.006946166363	0.006946166363	0	0.006946166363	0.006946166363	0	0	0	0	0	0	0	0	0	0	0	0	0	0	0	0	0	0	0	0	0	0	0	0	0	0	0	0	0	0	0	0	0	0	0	0	0	0	0	0	0	0	0	0	0	0	0.0277783076	0.0277783076	0	0.0277783076	0.0277783076	0	0.0277783076	0.0277783076	0	0	0	0	0	0	0	0	0	0	0	0	0	0	0	0	0	0	0	0	0	0	0	0	0	0	0	0	0	0	0	0	0	0	0	0	0	0	0	0	0	0	0	0	0	0	0	0	0.0833349228	0	0	0.0833349228	0	0	0	0	0	0	0	0	0	0	0	0	0	0	0	0	0	0	0	0	0	0	0	0	0	0	0	0	0	0	0	0	0	0	0	0	0	0	0	0	0	0	0	0	0	0	0	0	0.006946166363	0.006946166363	0	0.006946166363	0.006946166363	0	0.006946166363	0.006946166363	0	0	0	0	0	0	0	0	0	0	0	0	0	0	0	0	0	0	0	0	0	0	0	0	0	0	0	0	0	0	0	0	0	0	0	0	0	0	0	0	0	0	0	0	0	0	0.001742899444	0.001742899444	0	0.001742899444	0.001742899444	0	0.001742899444	0.001742899444	0	0	0	0	0	0	0	0	0	0	0	0	0	0	0	0	0	0	0	0	0	0	0	0	0	0	0	0	0	0	0	0	0	0	0	0	0
(11,25)	0	0	0	0	0	0	0	0	0	0	0	0	0	0	0	0	0	0	0	0	0	0	0	0	0	0	0	0	0	0	0	0	0	0	0	0	9.042279864e-05	9.042279864e-05	9.042279864e-05	9.042279864e-05	9.042279864e-05	9.042279864e-05	9.042279864e-05	9.042279864e-05	9.042279864e-05	0	0	0	0	0	0	0	0	0	0	0	0	0	0	0	0	0	0	0	0	0	0	0	0	0	0	0	0	0	0	0	0	0	0	0	0	0	0	0	0	0	0	0	0	0	9.042279864e-05	9.042279864e-05	9.042279864e-05	9.042279864e-05	9.042279864e-05	9.042279864e-05	9.042279864e-05	9.042279864e-05	9.042279864e-05	0	0	0	0	0	0	0	0	0	0	0	0	0	0	0	0	0	0	0	0	0	0	0	0	0	0	0	0	0	0	0	0	0	0	0	0	0	0	0	0	0	0	0	0	0	0.0002938740956	0.0002938740956	0.0002938740956	0.0002938740956	0.0002938740956	0.0002938740956	0.0002938740956	0.0002938740956	0.0002938740956	0	0	0	0	0	0	0	0	0	0	0	0	0	0	0	0	0	0	0	0	0	0	0	0	0	0	0	0	0	0	0	0	0	0	0	0	0	0	0	0	0	0	0	0	0	0.001158542108	0.001158542108	0.001158542108	0.001158542108	0.001158542108	0.001158542108	0.001158542108	0.001158542108	0.001158542108	0	0	0	0	0	0	0	0	0	0	0	0	0	0	0	0	0	0	0	0	0	0	0	0	0	0	0	0	0	0	0	0	0	0	0	0	0	0	0	0	0	0	0	0	0	0.004629929862	0.004629929862	0.004629929862	0.004629929862	0.004629929862	0.004629929862	0.004629929862	0.004629929862	0.004629929862	0	0	0	0	0	0	0	0	0	0	0	0	0	0	0	0	0	0	0	0	0	0	0	0	0	0	0	0	0	0	0	0	0	0	0	0	0	0	0	0	0	0	0	0	0	0.0185186598	0.0185186598	0.0185186598	0.0185186598	0.0185186598	0.0185186598	0.0185186598	0.0185186598	0.0185186598	0	0	0	0	0	0	0	0	0	0	0	0	0	0	0	0	0	0	0	0	0	0	0	0	0	0	0	0	0	0	0	0	0	0	0	0	0	0	0	0	0	0	0	0	0	0.004629929862	0.004629929862	0.004629929862	0.004629929862	0.004629929862	0.004629929862	0.004629929862	0.004629929862	0.004629929862	0	0	0	0	0	0	0	0	0	0	0	0	0	0	0	0	0	0	0	0	0	0	0	0	0	0	0	0	0	0	0	0	0	0	0	0	0	0	0	0	0	0	0	0	0	0.001158542108	0.001158542108	0.001158542108	0.001158542108	0.001158542108	0.001158542108	0.001158542108	0.001158542108	0.001158542108	0	0	0	0	0	0	0	0	0	0	0	0	0	0	0	0	0	0	0	0	0	0	0	0	0	0	0	0	0	0	0	0	0	0	0	0	0	0	0	0	0	0	0	0	0	0.0002938740956	0.0002938740956	0.0002938740956	0.0002938740956	0.0002938740956	0.0002938740956	0.0002938740956	0.0002938740956	0.0002938740956	0	0	0	0	0	0	0	0	0
(11,26)	0	0	0	0	0	0	0	0	0	0	0	0	0	0	0	0	0	0	0	0	0	0	0	0	0	0	0	0	0	0	0	0	0	0	0	0	9.042279864e-05	9.042279864e-05	9.042279864e-05	9.042279864e-05	9.042279864e-05	9.042279864e-05	9.042279864e-05	9.042279864e-05	9.042279864e-05	0	0	0	0	0	0	0	0	0	0	0	0	0	0	0	0	0	0	0	0	0	0	0	0	0	0	0	0	0	0	0	0	0	0	0	0	0	0	0	0	0	0	0	0	0	9.042279864e-05	9.042279864e-05	9.042279864e-05	9.042279864e-05	9.042279864e-05	9.042279864e-05	9.042279864e-05	9.042279864e-05	9.042279864e-05	0	0	0	0	0	0	0	0	0	0	0	0	0	0	0	0	0	0	0	0	0	0	0	0	0	0	0	0	0	0	0	0	0	0	0	0	0	0	0	0	0	0	0	0	0	0.0002938740956	0.0002938740956	0.0002938740956	0.0002938740956	0.0002938740956	0.0002938740956	0.0002938740956	0.0002938740956	0.0002938740956	0	0	0	0	0	0	0	0	0	0	0	0	0	0	0	0	0	0	0	0	0	0	0	0	0	0	0	0	0	0	0	0	0	0	0	0	0	0	0	0	0	0	0	0	0	0.001158542108	0.001158542108	0.001158542108	0.001158542108	0.001158542108	0.001158542108	0.001158542108	0.001158542108	0.001158542108	0	0	0	0	0	0	0	0	0	0	0	0	0	0	0	0	0	0	0	0	0	0	0	0	0	0	0	0	0	0	0	0	0	0	0	0	0	0	0	0	0	0	0	0	0	0.004629929862	0.004629929862	0.004629929862	0.004629929862	0.004629929862	0.004629929862	0.004629929862	0.004629929862	0.004629929862	0	0	0	0	0	0	0	0	0	0	0	0	0	0	0	0	0	0	0	0	0	0	0	0	0	0	0	0	0	0	0	0	0	0	0	0	0	0	0	0	0	0	0	0	0	0.0185186598	0.0185186598	0.0185186598	0.0185186598	0.0185186598	0.0185186598	0.0185186598	0.0185186598	0.0185186598	0	0	0	0	0	0	0	0	0	0	0	0	0	0	0	0	0	0	0	0	0	0	0	0	0	0	0	0	0	0	0	0	0	0	0	0	0	0	0	0	0	0	0	0	0	0.004629929862	0.004629929862	0.004629929862	0.004629929862	0.004629929862	0.004629929862	0.004629929862	0.004629929862	0.004629929862	0	0	0	0	0	0	0	0	0	0	0	0	0	0	0	0	0	0	0	0	0	0	0	0	0	0	0	0	0	0	0	0	0	0	0	0	0	0	0	0	0	0	0	0	0	0.001158542108	0.001158542108	0.001158542108	0.001158542108	0.001158542108	0.001158542108	0.001158542108	0.001158542108	0.001158542108	0	0	0	0	0	0	0	0	0	0	0	0	0	0	0	0	0	0	0	0	0	0	0	0	0	0	0	0	0	0	0	0	0	0	0	0	0	0	0	0	0	0	0	0	0	0.0002938740956	0.0002938740956	0.0002938740956	0.0002938740956	0.0002938740956	0.0002938740956	0.0002938740956	0.0002938740956	0.0002938740956	0	0	0	0	0	0	0	0	0
(12,0)	0.00528973372	0	0	0	0	0	0	0	0	0	0	0	0	0	0	0	0	0	0	0	0	0	0	0	0	0	0	0	0	0	0	0	0	0	0	0	0	0	0	0	0	0	0	0	0	0	0	0	0	0	0	0	0	0	0	0.0002712683959	0.0002712683959	0	0.0002712683959	0.0002712683959	0	0.0002712683959	0.0002712683959	0	0	0	0	0	0	0	0	0	0	0	0	0	0	0	0	0	0	0	0	0	0	0	0	0	0	0	0	0	0	0	0	0	0	0	0	0	0	0	0	0	0	0	0	0	0	0.0002712683959	0.0002712683959	0	0.0002712683959	0.0002712683959	0	0.0002712683959	0.0002712683959	0	0	0	0	0	0	0	0	0	0	0	0	0	0	0	0	0	0	0	0	0	0	0	0	0	0	0	0	0	0	0	0	0	0	0	0	0	0	0	0	0	0	0	0	0	0	0	0	0.00264486686	0	0	0.00264486686	0	0	0	0	0	0	0	0	0	0	0	0	0	0	0	0	0	0	0	0	0	0	0	0	0	0	0	0	0	0	0	0	0	0	0	0	0	0	0	0	0	0	0	0	0	0	0	0	0.003475626323	0.003475626323	0	0.003475626323	0.003475626323	0	0.003475626323	0.003475626323	0	0	0	0	0	0	0	0	0	0	0	0	0	0	0	0	0	0	0	0	0	0	0	0	0	0	0	0	0	0	0	0	0	0	0	0	0	0	0	0	0	0	0	0	0	0	0.01388978958	0.01388978958	0	0.01388978958	0.01388978958	0	0.01388978958	0.01388978958	0	0	0	0	0	0	0	0	0	0	0	0	0	0	0	0	0	0	0	0	0	0	0	0	0	0	0	0	0	0	0	0	0	0	0	0	0	0	0	0	0	0	0	0	0	0	0	0	0.1666679382	0	0	0.1666679382	0	0	0	0	0	0	0	0	0	0	0	0	0	0	0	0	0	0	0	0	0	0	0	0	0	0	0	0	0	0	0	0	0	0	0	0	0	0	0	0	0	0	0	0	0	0	0	0	0.01388978958	0.01388978958	0	0.01388978958	0.01388978958	0	0.01388978958	0.01388978958	0	0	0	0	0	0	0	0	0	0	0	0	0	0	0	0	0	0	0	0	0	0	0	0	0	0	0	0	0	0	0	0	0	0	0	0	0	0	0	0	0	0	0	0	0	0	0.003475626323	0.003475626323	0	0.003475626323	0.003475626323	0	0.003475626323	0.003475626323	0	0	0	0	0	0	0	0	0	0	0	0	0	0	0	0	0	0	0	0	0	0	0	0	0	0	0	0	0	0	0	0	0	0	0	0	0	0	0	0	0	0	0	0	0
(12,1)	0	0	0	0	0	0	0	0	0	0	0	0	0	0	0	0	0	0	0	0	0	0	0	0	0	0	0	0	0.0001537187577	0.0001537187577	0.0001537187577	0.0001537187577	0.0001537187577	0.0001537187577	0.0001537187577	0.0001537187577	0.0001537187577	0	0	0	0	0	0	0	0	0	0	0	0	0	0	0	0	0	0	0	0	0	0	0	0	0	0	0	0	0	0	0	0	0	0	0	0	0	0	0	0	0	0	0	0	0	7.233823891e-05	7.233823891e-05	7.233823891e-05	7.233823891e-05	7.233823891e-05	7.233823891e-05	7.233823891e-05	7.233823891e-05	7.233823891e-05	0	0	0	0	0	0	0	0	0	0	0	0	0	0	0	0	0	0	0	0	0	0	0	0	0	0	0	0	0	0	0	0	0	0	0	0	0	0	0	0	0	0	0	0	0	0.0001537187577	0.0001537187577	0.0001537187577	0.0001537187577	0.0001537187577	0.0001537187577	0.0001537187577	0.0001537187577	0.0001537187577	0	0	0	0	0	0	0	0	0	0	0	0	0	0	0	0	0	0	0	0	0	0	0	0	0	0	0	0	0	0	0	0	0	0	0	0	0	0	0	0	0	0	0	0	0	0.0005809664813	0.0005809664813	0.0005809664813	0.0005809664813	0.0005809664813	0.0005809664813	0.0005809664813	0.0005809664813	0.0005809664813	0	0	0	0	0	0	0	0	0	0	0	0	0	0	0	0	0	0	0	0	0	0	0	0	0	0	0	0	0	0	0	0	0	0	0	0	0	0	0	0	0	0	0	0	0	0.002315388788	0.002315388788	0.002315388788	0.002315388788	0.002315388788	0.002315388788	0.002315388788	0.002315388788	0.002315388788	0	0	0	0	0	0	0	0	0	0	0	0	0	0	0	0	0	0	0	0	0	0	0	0	0	0	0	0	0	0	0	0	0	0	0	0	0	0	0	0	0	0	0	0	0	0.009259435866	0.009259435866	0.009259435866	0.009259435866	0.009259435866	0.009259435866	0.009259435866	0.009259435866	0.009259435866	0	0	0	0	0	0	0	0	0	0	0	0	0	0	0	0	0	0	0	0	0	0	0	0	0	0	0	0	0	0	0	0	0	0	0	0	0	0	0	0	0	0	0	0	0	0.009259435866	0.009259435866	0.009259435866	0.009259435866	0.009259435866	0.009259435866	0.009259435866	0.009259435866	0.009259435866	0	0	0	0	0	0	0	0	0	0	0	0	0	0	0	0	0	0	0	0	0	0	0	0	0	0	0	0	0	0	0	0	0	0	0	0	0	0	0	0	0	0	0	0	0	0.002315388788	0.002315388788	0.002315388788	0.002315388788	0.002315388788	0.002315388788	0.002315388788	0.002315388788	0.002315388788	0	0	0	0	0	0	0	0	0	0	0	0	0	0	0	0	0	0	0	0	0	0	0	0	0	0	0	0	0	0	0	0	0	0	0	0	0	0	0	0	0	0	0	0	0	0.0005809664813	0.0005809664813	0.0005809664813	0.0005809664813	0.0005809664813	0.0005809664813	0.0005809664813	0.0005809664813	0.0005809664813	0	0	0	0	0	0	0	0	0	0	0	0	0	0	0	0	0
(12,2)	0	0	0	0	0	0	0	0	0	0	0	0	0	0	0	0	0	0	0	0	0	0	0	0	0	0	0	0	0.0001537187577	0.0001537187577	0.0001537187577	0.0001537187577	0.0001537187577	0.0001537187577	0.0001537187577	0.0001537187577	0.0001537187577	0	0	0	0	0	0	0	0	0	0	0	0	0	0	0	0	0	0	0	0	0	0	0	0	0	0	0	0	0	0	0	0	0	0	0	0	0	0	0	0	0	0	0	0	0	7.233823891e-05	7.233823891e-05	7.233823891e-05	7.233823891e-05	7.233823891e-05	7.233823891e-05	7.233823891e-05	7.233823891e-05	7.233823891e-05	0	0	0	0	0	0	0	0	0	0	0	0	0	0	0	0	0	0	0	0	0	0	0	0	0	0	0	0	0	0	0	0	0	0	0	0	0	0	0	0	0	0	0	0	0	0.0001537187577	0.0001537187577	0.0001537187577	0.0001537187577	0.0001537187577	0.0001537187577	0.0001537187577	0.0001537187577	0.0001537187577	0	0	0	0	0	0	0	0	0	0	0	0	0	0	0	0	0	0	0	0	0	0	0	0	0	0	0	0	0	0	0	0	0	0	0	0	0	0	0	0	0	0	0	0	0	0.0005809664813	0.0005809664813	0.0005809664813	0.0005809664813	0.0005809664813	0.0005809664813	0.0005809664813	0.0005809664813	0.0005809664813	0	0	0	0	0	0	0	0	0	0	0	0	0	0	0	0	0	0	0	0	0	0	0	0	0	0	0	0	0	0	0	0	0	0	0	0	0	0	0	0	0	0	0	0	0	0.002315388788	0.002315388788	0.002315388788	0.002315388788	0.002315388788	0.002315388788	0.002315388788	0.002315388788	0.002315388788	0	0	0	0	0	0	0	0	0	0	0	0	0	0	0	0	0	0	0	0	0	0	0	0	0	0	0	0	0	0	0	0	0	0	0	0	0	0	0	0	0	0	0	0	0	0.009259435866	0.009259435866	0.009259435866	0.009259435866	0.009259435866	0.009259435866	0.009259435866	0.009259435866	0.009259435866	0	0	0	0	0	0	0	0	0	0	0	0	0	0	0	0	0	0	0	0	0	0	0	0	0	0	0	0	0	0	0	0	0	0	0	0	0	0	0	0	0	0	0	0	0	0.009259435866	0.009259435866	0.009259435866	0.009259435866	0.009259435866	0.009259435866	0.009259435866	0.009259435866	0.009259435866	0	0	0	0	0	0	0	0	0	0	0	0	0	0	0	0	0	0	0	0	0	0	0	0	0	0	0	0	0	0	0	0	0	0	0	0	0	0	0	0	0	0	0	0	0	0.002315388788	0.002315388788	0.002315388788	0.002315388788	0.002315388788	0.002315388788	0.002315388788	0.002315388788	0.002315388788	0	0	0	0	0	0	0	0	0	0	0	0	0	0	0	0	0	0	0	0	0	0	0	0	0	0	0	0	0	0	0	0	0	0	0	0	0	0	0	0	0	0	0	0	0	0.0005809664813	0.0005809664813	0.0005809664813	0.0005809664813	0.0005809664813	0.0005809664813	0.0005809664813	0.0005809664813	0.0005809664813	0	0	0	0	0	0	0	0	0	0	0	0	0	0	0	0	0
(12,3)	0	0.00528973372	0	0	0	0	0	0	0	0	0	0	0	0	0	0	0	0	0	0	0	0	0	0	0	0	0	0	0	0	0	0	0	0	0	0	0	0	0	0	0	0	0	0	0	0	0	0	0	0	0	0	0	0	0	0	0.0002712683959	0.0002712683959	0	0.0002712683959	0.0002712683959	0	0.0002712683959	0.0002712683959	0	0	0	0	0	0	0	0	0	0	0	0	0	0	0	0	0	0	0	0	0	0	0	0	0	0	0	0	0	0	0	0	0	0	0	0	0	0	0	0	0	0	0	0	0	0	0.0002712683959	0.0002712683959	0	0.0002712683959	0.0002712683959	0	0.0002712683959	0.0002712683959	0	0	0	0	0	0	0	0	0	0	0	0	0	0	0	0	0	0	0	0	0	0	0	0	0	0	0	0	0	0	0	0	0	0	0	0	0	0	0	0	0	0	0	0	0	0	0	0	0.00264486686	0	0	0.00264486686	0	0	0	0	0	0	0	0	0	0	0	0	0	0	0	0	0	0	0	0	0	0	0	0	0	0	0	0	0	0	0	0	0	0	0	0	0	0	0	0	0	0	0	0	0	0	0	0	0.003475626323	0.003475626323	0	0.003475626323	0.003475626323	0	0.003475626323	0.003475626323	0	0	0	0	0	0	0	0	0	0	0	0	0	0	0	0	0	0	0	0	0	0	0	0	0	0	0	0	0	0	0	0	0	0	0	0	0	0	0	0	0	0	0	0	0	0	0.01388978958	0.01388978958	0	0.01388978958	0.01388978958	0	0.01388978958	0.01388978958	0	0	0	0	0	0	0	0	0	0	0	0	0	0	0	0	0	0	0	0	0	0	0	0	0	0	0	0	0	0	0	0	0	0	0	0	0	0	0	0	0	0	0	0	0	0	0	0	0.1666679382	0	0	0.1666679382	0	0	0	0	0	0	0	0	0	0	0	0	0	0	0	0	0	0	0	0	0	0	0	0	0	0	0	0	0	0	0	0	0	0	0	0	0	0	0	0	0	0	0	0	0	0	0	0	0.01388978958	0.01388978958	0	0.01388978958	0.01388978958	0	0.01388978958	0.01388978958	0	0	0	0	0	0	0	0	0	0	0	0	0	0	0	0	0	0	0	0	0	0	0	0	0	0	0	0	0	0	0	0	0	0	0	0	0	0	0	0	0	0	0	0	0	0	0.003475626323	0.003475626323	0	0.003475626323	0.003475626323	0	0.003475626323	0.003475626323	0	0	0	0	0	0	0	0	0	0	0	0	0	0	0	0	0	0	0	0	0	0	0	0	0	0	0	0	0	0	0	0	0	0	0	0	0	0	0	0	0	0	0	0
(12,4)	0	0	0	0	0	0	0	0	0	0	0	0	0	0	0	0	0	0	0	0	0	0	0	0	0	0	0	0	0	0.0001537187577	0.0001537187577	0.0001537187577	0.0001537187577	0.0001537187577	0.0001537187577	0.0001537187577	0.0001537187577	0.0001537187577	0	0	0	0	0	0	0	0	0	0	0	0	0	0	0	0	0	0	0	0	0	0	0	0	0	0	0	0	0	0	0	0	0	0	0	0	0	0	0	0	0	0	0	0	0	7.233823891e-05	7.233823891e-05	7.233823891e-05	7.233823891e-05	7.233823891e-05	7.233823891e-05	7.233823891e-05	7.233823891e-05	7.233823891e-05	0	0	0	0	0	0	0	0	0	0	0	0	0	0	0	0	0	0	0	0	0	0	0	0	0	0	0	0	0	0	0	0	0	0	0	0	0	0	0	0	0	0	0	0	0	0.0001537187577	0.0001537187577	0.0001537187577	0.0001537187577	0.0001537187577	0.0001537187577	0.0001537187577	0.0001537187577	0.0001537187577	0	0	0	0	0	0	0	0	0	0	0	0	0	0	0	0	0	0	0	0	0	0	0	0	0	0	0	0	0	0	0	0	0	0	0	0	0	0	0	0	0	0	0	0	0	0.0005809664813	0.0005809664813	0.0005809664813	0.0005809664813	0.0005809664813	0.0005809664813	0.0005809664813	0.0005809664813	0.0005809664813	0	0	0	0	0	0	0	0	0	0	0	0	0	0	0	0	0	0	0	0	0	0	0	0	0	0	0	0	0	0	0	0	0	0	0	0	0	0	0	0	0	0	0	0	0	0.002315388788	0.002315388788	0.002315388788	0.002315388788	0.002315388788	0.002315388788	0.002315388788	0.002315388788	0.002315388788	0	0	0	0	0	0	0	0	0	0	0	0	0	0	0	0	0	0	0	0	0	0	0	0	0	0	0	0	0	0	0	0	0	0	0	0	0	0	0	0	0	0	0	0	0	0.009259435866	0.009259435866	0.009259435866	0.009259435866	0.009259435866	0.009259435866	0.009259435866	0.009259435866	0.009259435866	0	0	0	0	0	0	0	0	0	0	0	0	0	0	0	0	0	0	0	0	0	0	0	0	0	0	0	0	0	0	0	0	0	0	0	0	0	0	0	0	0	0	0	0	0	0.009259435866	0.009259435866	0.009259435866	0.009259435866	0.009259435866	0.009259435866	0.009259435866	0.009259435866	0.009259435866	0	0	0	0	0	0	0	0	0	0	0	0	0	0	0	0	0	0	0	0	0	0	0	0	0	0	0	0	0	0	0	0	0	0	0	0	0	0	0	0	0	0	0	0	0	0.002315388788	0.002315388788	0.002315388788	0.002315388788	0.002315388788	0.002315388788	0.002315388788	0.002315388788	0.002315388788	0	0	0	0	0	0	0	0	0	0	0	0	0	0	0	0	0	0	0	0	0	0	0	0	0	0	0	0	0	0	0	0	0	0	0	0	0	0	0	0	0	0	0	0	0	0.0005809664813	0.0005809664813	0.0005809664813	0.0005809664813	0.0005809664813	0.0005809664813	0.0005809664813	0.0005809664813	0.0005809664813	0	0	0	0	0	0	0	0	0	0	0	0	0	0	0	0
(12,5)	0	0	0	0	0	0	0	0	0	0	0	0	0	0	0	0	0	0	0	0	0	0	0	0	0	0	0	0	0	0.0001537187577	0.0001537187577	0.0001537187577	0.0001537187577	0.0001537187577	0.0001537187577	0.0001537187577	0.0001537187577	0.0001537187577	0	0	0	0	0	0	0	0	0	0	0	0	0	0	0	0	0	0	0	0	0	0	0	0	0	0	0	0	0	0	0	0	0	0	0	0	0	0	0	0	0	0	0	0	0	7.233823891e-05	7.233823891e-05	7.233823891e-05	7.233823891e-05	7.233823891e-05	7.233823891e-05	7.233823891e-05	7.233823891e-05	7.233823891e-05	0	0	0	0	0	0	0	0	0	0	0	0	0	0	0	0	0	0	0	0	0	0	0	0	0	0	0	0	0	0	0	0	0	0	0	0	0	0	0	0	0	0	0	0	0	0.0001537187577	0.0001537187577	0.0001537187577	0.0001537187577	0.0001537187577	0.0001537187577	0.0001537187577	0.0001537187577	0.0001537187577	0	0	0	0	0	0	0	0	0	0	0	0	0	0	0	0	0	0	0	0	0	0	0	0	0	0	0	0	0	0	0	0	0	0	0	0	0	0	0	0	0	0	0	0	0	0.0005809664813	0.0005809664813	0.0005809664813	0.0005809664813	0.0005809664813	0.0005809664813	0.0005809664813	0.0005809664813	0.0005809664813	0	0	0	0	0	0	0	0	0	0	0	0	0	0	0	0	0	0	0	0	0	0	0	0	0	0	0	0	0	0	0	0	0	0	0	0	0	0	0	0	0	0	0	0	0	0.002315388788	0.002315388788	0.002315388788	0.002315388788	0.002315388788	0.002315388788	0.002315388788	0.002315388788	0.002315388788	0	0	0	0	0	0	0	0	0	0	0	0	0	0	0	0	0	0	0	0	0	0	0	0	0	0	0	0	0	0	0	0	0	0	0	0	0	0	0	0	0	0	0	0	0	0.009259435866	0.009259435866	0.009259435866	0.009259435866	0.009259435866	0.009259435866	0.009259435866	0.009259435866	0.009259435866	0	0	0	0	0	0	0	0	0	0	0	0	0	0	0	0	0	0	0	0	0	0	0	0	0	0	0	0	0	0	0	0	0	0	0	0	0	0	0	0	0	0	0	0	0	0.009259435866	0.009259435866	0.009259435866	0.009259435866	0.009259435866	0.009259435866	0.009259435866	0.009259435866	0.009259435866	0	0	0	0	0	0	0	0	0	0	0	0	0	0	0	0	0	0	0	0	0	0	0	0	0	0	0	0	0	0	0	0	0	0	0	0	0	0	0	0	0	0	0	0	0	0.002315388788	0.002315388788	0.002315388788	0.002315388788	0.002315388788	0.002315388788	0.002315388788	0.002315388788	0.002315388788	0	0	0	0	0	0	0	0	0	0	0	0	0	0	0	0	0	0	0	0	0	0	0	0	0	0	0	0	0	0	0	0	0	0	0	0	0	0	0	0	0	0	0	0	0	0.0005809664813	0.0005809664813	0.0005809664813	0.0005809664813	0.0005809664813	0.0005809664813	0.0005809664813	0.0005809664813	0.0005809664813	0	0	0	0	0	0	0	0	0	0	0	0	0	0	0	0
(12,6)	0	0	0.00528973372	0	0	0	0	0	0	0	0	0	0	0	0	0	0	0	0	0	0	0	0	0	0	0	0	0	0	0	0	0	0	0	0	0	0	0	0	0	0	0	0	0	0	0	0	0	0	0	0	0	0	0	0	0	0	0.0002712683959	0.0002712683959	0	0.0002712683959	0.0002712683959	0	0.0002712683959	0.0002712683959	0	0	0	0	0	0	0	0	0	0	0	0	0	0	0	0	0	0	0	0	0	0	0	0	0	0	0	0	0	0	0	0	0	0	0	0	0	0	0	0	0	0	0	0	0	0	0.0002712683959	0.0002712683959	0	0.0002712683959	0.0002712683959	0	0.0002712683959	0.0002712683959	0	0	0	0	0	0	0	0	0	0	0	0	0	0	0	0	0	0	0	0	0	0	0	0	0	0	0	0	0	0	0	0	0	0	0	0	0	0	0	0	0	0	0	0	0	0	0	0	0.00264486686	0	0	0.00264486686	0	0	0	0	0	0	0	0	0	0	0	0	0	0	0	0	0	0	0	0	0	0	0	0	0	0	0	0	0	0	0	0	0	0	0	0	0	0	0	0	0	0	0	0	0	0	0	0	0.003475626323	0.003475626323	0	0.003475626323	0.003475626323	0	0.003475626323	0.003475626323	0	0	0	0	0	0	0	0	0	0	0	0	0	0	0	0	0	0	0	0	0	0	0	0	0	0	0	0	0	0	0	0	0	0	0	0	0	0	0	0	0	0	0	0	0	0	0.01388978958	0.01388978958	0	0.01388978958	0.01388978958	0	0.01388978958	0.01388978958	0	0	0	0	0	0	0	0	0	0	0	0	0	0	0	0	0	0	0	0	0	0	0	0	0	0	0	0	0	0	0	0	0	0	0	0	0	0	0	0	0	0	0	0	0	0	0	0	0.1666679382	0	0	0.1666679382	0	0	0	0	0	0	0	0	0	0	0	0	0	0	0	0	0	0	0	0	0	0	0	0	0	0	0	0	0	0	0	0	0	0	0	0	0	0	0	0	0	0	0	0	0	0	0	0	0.01388978958	0.01388978958	0	0.01388978958	0.01388978958	0	0.01388978958	0.01388978958	0	0	0	0	0	0	0	0	0	0	0	0	0	0	0	0	0	0	0	0	0	0	0	0	0	0	0	0	0	0	0	0	0	0	0	0	0	0	0	0	0	0	0	0	0	0	0.003475626323	0.003475626323	0	0.003475626323	0.003475626323	0	0.003475626323	0.003475626323	0	0	0	0	0	0	0	0	0	0	0	0	0	0	0	0	0	0	0	0	0	0	0	0	0	0	0	0	0	0	0	0	0	0	0	0	0	0	0	0	0	0	0
(12,7)	0	0	0	0	0	0	0	0	0	0	0	0	0	0	0	0	0	0	0	0	0	0	0	0	0	0	0	0	0	0	0.0001537187577	0.0001537187577	0.0001537187577	0.0001537187577	0.0001537187577	0.0001537187577	0.0001537187577	0.0001537187577	0.0001537187577	0	0	0	0	0	0	0	0	0	0	0	0	0	0	0	0	0	0	0	0	0	0	0	0	0	0	0	0	0	0	0	0	0	0	0	0	0	0	0	0	0	0	0	0	0	7.233823891e-05	7.233823891e-05	7.233823891e-05	7.233823891e-05	7.233823891e-05	7.233823891e-05	7.233823891e-05	7.233823891e-05	7.233823891e-05	0	0	0	0	0	0	0	0	0	0	0	0	0	0	0	0	0	0	0	0	0	0	0	0	0	0	0	0	0	0	0	0	0	0	0	0	0	0	0	0	0	0	0	0	0	0.0001537187577	0.0001537187577	0.0001537187577	0.0001537187577	0.0001537187577	0.0001537187577	0.0001537187577	0.0001537187577	0.0001537187577	0	0	0	0	0	0	0	0	0	0	0	0	0	0	0	0	0	0	0	0	0	0	0	0	0	0	0	0	0	0	0	0	0	0	0	0	0	0	0	0	0	0	0	0	0	0.0005809664813	0.0005809664813	0.0005809664813	0.0005809664813	0.0005809664813	0.0005809664813	0.0005809664813	0.0005809664813	0.0005809664813	0	0	0	0	0	0	0	0	0	0	0	0	0	0	0	0	0	0	0	0	0	0	0	0	0	0	0	0	0	0	0	0	0	0	0	0	0	0	0	0	0	0	0	0	0	0.002315388788	0.002315388788	0.002315388788	0.002315388788	0.002315388788	0.002315388788	0.002315388788	0.002315388788	0.002315388788	0	0	0	0	0	0	0	0	0	0	0	0	0	0	0	0	0	0	0	0	0	0	0	0	0	0	0	0	0	0	0	0	0	0	0	0	0	0	0	0	0	0	0	0	0	0.009259435866	0.009259435866	0.009259435866	0.009259435866	0.009259435866	0.009259435866	0.009259435866	0.009259435866	0.009259435866	0	0	0	0	0	0	0	0	0	0	0	0	0	0	0	0	0	0	0	0	0	0	0	0	0	0	0	0	0	0	0	0	0	0	0	0	0	0	0	0	0	0	0	0	0	0.009259435866	0.009259435866	0.009259435866	0.009259435866	0.009259435866	0.009259435866	0.009259435866	0.009259435866	0.009259435866	0	0	0	0	0	0	0	0	0	0	0	0	0	0	0	0	0	0	0	0	0	0	0	0	0	0	0	0	0	0	0	0	0	0	0	0	0	0	0	0	0	0	0	0	0	0.002315388788	0.002315388788	0.002315388788	0.002315388788	0.002315388788	0.002315388788	0.002315388788	0.002315388788	0.002315388788	0	0	0	0	0	0	0	0	0	0	0	0	0	0	0	0	0	0	0	0	0	0	0	0	0	0	0	0	0	0	0	0	0	0	0	0	0	0	0	0	0	0	0	0	0	0.0005809664813	0.0005809664813	0.0005809664813	0.0005809664813	0.0005809664813	0.0005809664813	0.0005809664813	0.0005809664813	0.0005809664813	0	0	0	0	0	0	0	0	0	0	0	0	0	0	0
(12,8)	0	0	0	0	0	0	0	0	0	0	0	0	0	0	0	0	0	0	0	0	0	0	0	0	0	0	0	0	0	0	0.0001537187577	0.0001537187577	0.0001537187577	0.0001537187577	0.0001537187577	0.0001537187577	0.0001537187577	0.0001537187577	0.0001537187577	0	0	0	0	0	0	0	0	0	0	0	0	0	0	0	0	0	0	0	0	0	0	0	0	0	0	0	0	0	0	0	0	0	0	0	0	0	0	0	0	0	0	0	0	0	7.233823891e-05	7.233823891e-05	7.233823891e-05	7.233823891e-05	7.233823891e-05	7.233823891e-05	7.233823891e-05	7.233823891e-05	7.233823891e-05	0	0	0	0	0	0	0	0	0	0	0	0	0	0	0	0	0	0	0	0	0	0	0	0	0	0	0	0	0	0	0	0	0	0	0	0	0	0	0	0	0	0	0	0	0	0.0001537187577	0.0001537187577	0.0001537187577	0.0001537187577	0.0001537187577	0.0001537187577	0.0001537187577	0.0001537187577	0.0001537187577	0	0	0	0	0	0	0	0	0	0	0	0	0	0	0	0	0	0	0	0	0	0	0	0	0	0	0	0	0	0	0	0	0	0	0	0	0	0	0	0	0	0	0	0	0	0.0005809664813	0.0005809664813	0.0005809664813	0.0005809664813	0.0005809664813	0.0005809664813	0.0005809664813	0.0005809664813	0.0005809664813	0	0	0	0	0	0	0	0	0	0	0	0	0	0	0	0	0	0	0	0	0	0	0	0	0	0	0	0	0	0	0	0	0	0	0	0	0	0	0	0	0	0	0	0	0	0.002315388788	0.002315388788	0.002315388788	0.002315388788	0.002315388788	0.002315388788	0.002315388788	0.002315388788	0.002315388788	0	0	0	0	0	0	0	0	0	0	0	0	0	0	0	0	0	0	0	0	0	0	0	0	0	0	0	0	0	0	0	0	0	0	0	0	0	0	0	0	0	0	0	0	0	0.009259435866	0.009259435866	0.009259435866	0.009259435866	0.009259435866	0.009259435866	0.009259435866	0.009259435866	0.009259435866	0	0	0	0	0	0	0	0	0	0	0	0	0	0	0	0	0	0	0	0	0	0	0	0	0	0	0	0	0	0	0	0	0	0	0	0	0	0	0	0	0	0	0	0	0	0.009259435866	0.009259435866	0.009259435866	0.009259435866	0.009259435866	0.009259435866	0.009259435866	0.009259435866	0.009259435866	0	0	0	0	0	0	0	0	0	0	0	0	0	0	0	0	0	0	0	0	0	0	0	0	0	0	0	0	0	0	0	0	0	0	0	0	0	0	0	0	0	0	0	0	0	0.002315388788	0.002315388788	0.002315388788	0.002315388788	0.002315388788	0.002315388788	0.002315388788	0.002315388788	0.002315388788	0	0	0	0	0	0	0	0	0	0	0	0	0	0	0	0	0	0	0	0	0	0	0	0	0	0	0	0	0	0	0	0	0	0	0	0	0	0	0	0	0	0	0	0	0	0.0005809664813	0.0005809664813	0.0005809664813	0.0005809664813	0.0005809664813	0.0005809664813	0.0005809664813	0.0005809664813	0.0005809664813	0	0	0	0	0	0	0	0	0	0	0	0	0	0	0
(12,9)	0	0	0	0.00528973372	0	0	0	0	0	0	0	0	0	0	0	0	0	0	0	0	0	0	0	0	0	0	0	0	0	0	0	0	0	0	0	0	0	0	0	0	0	0	0	0	0	0	0	0	0	0	0	0	0	0	0	0	0	0	0.0002712683959	0.0002712683959	0	0.0002712683959	0.0002712683959	0	0.0002712683959	0.0002712683959	0	0	0	0	0	0	0	0	0	0	0	0	0	0	0	0	0	0	0	0	0	0	0	0	0	0	0	0	0	0	0	0	0	0	0	0	0	0	0	0	0	0	0	0	0	0	0.0002712683959	0.0002712683959	0	0.0002712683959	0.0002712683959	0	0.0002712683959	0.0002712683959	0	0	0	0	0	0	0	0	0	0	0	0	0	0	0	0	0	0	0	0	0	0	0	0	0	0	0	0	0	0	0	0	0	0	0	0	0	0	0	0	0	0	0	0	0	0	0	0	0.00264486686	0	0	0.00264486686	0	0	0	0	0	0	0	0	0	0	0	0	0	0	0	0	0	0	0	0	0	0	0	0	0	0	0	0	0	0	0	0	0	0	0	0	0	0	0	0	0	0	0	0	0	0	0	0	0.003475626323	0.003475626323	0	0.003475626323	0.003475626323	0	0.003475626323	0.003475626323	0	0	0	0	0	0	0	0	0	0	0	0	0	0	0	0	0	0	0	0	0	0	0	0	0	0	0	0	0	0	0	0	0	0	0	0	0	0	0	0	0	0	0	0	0	0	0.01388978958	0.01388978958	0	0.01388978958	0.01388978958	0	0.01388978958	0.01388978958	0	0	0	0	0	0	0	0	0	0	0	0	0	0	0	0	0	0	0	0	0	0	0	0	0	0	0	0	0	0	0	0	0	0	0	0	0	0	0	0	0	0	0	0	0	0	0	0	0.1666679382	0	0	0.1666679382	0	0	0	0	0	0	0	0	0	0	0	0	0	0	0	0	0	0	0	0	0	0	0	0	0	0	0	0	0	0	0	0	0	0	0	0	0	0	0	0	0	0	0	0	0	0	0	0	0.01388978958	0.01388978958	0	0.01388978958	0.01388978958	0	0.01388978958	0.01388978958	0	0	0	0	0	0	0	0	0	0	0	0	0	0	0	0	0	0	0	0	0	0	0	0	0	0	0	0	0	0	0	0	0	0	0	0	0	0	0	0	0	0	0	0	0	0	0.003475626323	0.003475626323	0	0.003475626323	0.003475626323	0	0.003475626323	0.003475626323	0	0	0	0	0	0	0	0	0	0	0	0	0	0	0	0	0	0	0	0	0	0	0	0	0	0	0	0	0	0	0	0	0	0	0	0	0	0	0	0	0	0
(12,10)	0	0	0	0	0	0	0	0	0	0	0	0	0	0	0	0	0	0	0	0	0	0	0	0	0	0	0	0	0	0	0	0.0001537187577	0.0001537187577	0.0001537187577	0.0001537187577	0.0001537187577	0.0001537187577	0.0001537187577	0.0001537187577	0.0001537187577	0	0	0	0	0	0	0	0	0	0	0	0	0	0	0	0	0	0	0	0	0	0	0	0	0	0	0	0	0	0	0	0	0	0	0	0	0	0	0	0	0	0	0	0	0	7.233823891e-05	7.233823891e-05	7.233823891e-05	7.233823891e-05	7.233823891e-05	7.233823891e-05	7.233823891e-05	7.233823891e-05	7.233823891e-05	0	0	0	0	0	0	0	0	0	0	0	0	0	0	0	0	0	0	0	0	0	0	0	0	0	0	0	0	0	0	0	0	0	0	0	0	0	0	0	0	0	0	0	0	0	0.0001537187577	0.0001537187577	0.0001537187577	0.0001537187577	0.0001537187577	0.0001537187577	0.0001537187577	0.0001537187577	0.0001537187577	0	0	0	0	0	0	0	0	0	0	0	0	0	0	0	0	0	0	0	0	0	0	0	0	0	0	0	0	0	0	0	0	0	0	0	0	0	0	0	0	0	0	0	0	0	0.0005809664813	0.0005809664813	0.0005809664813	0.0005809664813	0.0005809664813	0.0005809664813	0.0005809664813	0.0005809664813	0.0005809664813	0	0	0	0	0	0	0	0	0	0	0	0	0	0	0	0	0	0	0	0	0	0	0	0	0	0	0	0	0	0	0	0	0	0	0	0	0	0	0	0	0	0	0	0	0	0.002315388788	0.002315388788	0.002315388788	0.002315388788	0.002315388788	0.002315388788	0.002315388788	0.002315388788	0.002315388788	0	0	0	0	0	0	0	0	0	0	0	0	0	0	0	0	0	0	0	0	0	0	0	0	0	0	0	0	0	0	0	0	0	0	0	0	0	0	0	0	0	0	0	0	0	0.009259435866	0.009259435866	0.009259435866	0.009259435866	0.009259435866	0.009259435866	0.009259435866	0.009259435866	0.009259435866	0	0	0	0	0	0	0	0	0	0	0	0	0	0	0	0	0	0	0	0	0	0	0	0	0	0	0	0	0	0	0	0	0	0	0	0	0	0	0	0	0	0	0	0	0	0.009259435866	0.009259435866	0.009259435866	0.009259435866	0.009259435866	0.009259435866	0.009259435866	0.009259435866	0.009259435866	0	0	0	0	0	0	0	0	0	0	0	0	0	0	0	0	0	0	0	0	0	0	0	0	0	0	0	0	0	0	0	0	0	0	0	0	0	0	0	0	0	0	0	0	0	0.002315388788	0.002315388788	0.002315388788	0.002315388788	0.002315388788	0.002315388788	0.002315388788	0.002315388788	0.002315388788	0	0	0	0	0	0	0	0	0	0	0	0	0	0	0	0	0	0	0	0	0	0	0	0	0	0	0	0	0	0	0	0	0	0	0	0	0	0	0	0	0	0	0	0	0	0.0005809664813	0.0005809664813	0.0005809664813	0.0005809664813	0.0005809664813	0.0005809664813	0.0005809664813	0.0005809664813	0.0005809664813	0	0	0	0	0	0	0	0	0	0	0	0	0	0
(12,11)	0	0	0	0	0	0	0	0	0	0	0	0	0	0	0	0	0	0	0	0	0	0	0	0	0	0	0	0	0	0	0	0.0001537187577	0.0001537187577	0.0001537187577	0.0001537187577	0.0001537187577	0.0001537187577	0.0001537187577	0.0001537187577	0.0001537187577	0	0	0	0	0	0	0	0	0	0	0	0	0	0	0	0	0	0	0	0	0	0	0	0	0	0	0	0	0	0	0	0	0	0	0	0	0	0	0	0	0	0	0	0	0	7.233823891e-05	7.233823891e-05	7.233823891e-05	7.233823891e-05	7.233823891e-05	7.233823891e-05	7.233823891e-05	7.233823891e-05	7.233823891e-05	0	0	0	0	0	0	0	0	0	0	0	0	0	0	0	0	0	0	0	0	0	0	0	0	0	0	0	0	0	0	0	0	0	0	0	0	0	0	0	0	0	0	0	0	0	0.0001537187577	0.0001537187577	0.0001537187577	0.0001537187577	0.0001537187577	0.0001537187577	0.0001537187577	0.0001537187577	0.0001537187577	0	0	0	0	0	0	0	0	0	0	0	0	0	0	0	0	0	0	0	0	0	0	0	0	0	0	0	0	0	0	0	0	0	0	0	0	0	0	0	0	0	0	0	0	0	0.0005809664813	0.0005809664813	0.0005809664813	0.0005809664813	0.0005809664813	0.0005809664813	0.0005809664813	0.0005809664813	0.0005809664813	0	0	0	0	0	0	0	0	0	0	0	0	0	0	0	0	0	0	0	0	0	0	0	0	0	0	0	0	0	0	0	0	0	0	0	0	0	0	0	0	0	0	0	0	0	0.002315388788	0.002315388788	0.002315388788	0.002315388788	0.002315388788	0.002315388788	0.002315388788	0.002315388788	0.002315388788	0	0	0	0	0	0	0	0	0	0	0	0	0	0	0	0	0	0	0	0	0	0	0	0	0	0	0	0	0	0	0	0	0	0	0	0	0	0	0	0	0	0	0	0	0	0.009259435866	0.009259435866	0.009259435866	0.009259435866	0.009259435866	0.009259435866	0.009259435866	0.009259435866	0.009259435866	0	0	0	0	0	0	0	0	0	0	0	0	0	0	0	0	0	0	0	0	0	0	0	0	0	0	0	0	0	0	0	0	0	0	0	0	0	0	0	0	0	0	0	0	0	0.009259435866	0.009259435866	0.009259435866	0.009259435866	0.009259435866	0.009259435866	0.009259435866	0.009259435866	0.009259435866	0	0	0	0	0	0	0	0	0	0	0	0	0	0	0	0	0	0	0	0	0	0	0	0	0	0	0	0	0	0	0	0	0	0	0	0	0	0	0	0	0	0	0	0	0	0.002315388788	0.002315388788	0.002315388788	0.002315388788	0.002315388788	0.002315388788	0.002315388788	0.002315388788	0.002315388788	0	0	0	0	0	0	0	0	0	0	0	0	0	0	0	0	0	0	0	0	0	0	0	0	0	0	0	0	0	0	0	0	0	0	0	0	0	0	0	0	0	0	0	0	0	0.0005809664813	0.0005809664813	0.0005809664813	0.0005809664813	0.0005809664813	0.0005809664813	0.0005809664813	0.0005809664813	0.0005809664813	0	0	0	0	0	0	0	0	0	0	0	0	0	0
(12,12)	0	0	0	0	0.00528973372	0	0	0	0	0	0	0	0	0	0	0	0	0	0	0	0	0	0	0	0	0	0	0	0	0	0	0	0	0	0	0	0	0	0	0	0	0	0	0	0	0	0	0	0	0	0	0	0	0	0	0	0	0	0	0.0002712683959	0.0002712683959	0	0.0002712683959	0.0002712683959	0	0.0002712683959	0.0002712683959	0	0	0	0	0	0	0	0	0	0	0	0	0	0	0	0	0	0	0	0	0	0	0	0	0	0	0	0	0	0	0	0	0	0	0	0	0	0	0	0	0	0	0	0	0	0	0.0002712683959	0.0002712683959	0	0.0002712683959	0.0002712683959	0	0.0002712683959	0.0002712683959	0	0	0	0	0	0	0	0	0	0	0	0	0	0	0	0	0	0	0	0	0	0	0	0	0	0	0	0	0	0	0	0	0	0	0	0	0	0	0	0	0	0	0	0	0	0	0	0	0.00264486686	0	0	0.00264486686	0	0	0	0	0	0	0	0	0	0	0	0	0	0	0	0	0	0	0	0	0	0	0	0	0	0	0	0	0	0	0	0	0	0	0	0	0	0	0	0	0	0	0	0	0	0	0	0	0.003475626323	0.003475626323	0	0.003475626323	0.003475626323	0	0.003475626323	0.003475626323	0	0	0	0	0	0	0	0	0	0	0	0	0	0	0	0	0	0	0	0	0	0	0	0	0	0	0	0	0	0	0	0	0	0	0	0	0	0	0	0	0	0	0	0	0	0	0.01388978958	0.01388978958	0	0.01388978958	0.01388978958	0	0.01388978958	0.01388978958	0	0	0	0	0	0	0	0	0	0	0	0	0	0	0	0	0	0	0	0	0	0	0	0	0	0	0	0	0	0	0	0	0	0	0	0	0	0	0	0	0	0	0	0	0	0	0	0	0.1666679382	0	0	0.1666679382	0	0	0	0	0	0	0	0	0	0	0	0	0	0	0	0	0	0	0	0	0	0	0	0	0	0	0	0	0	0	0	0	0	0	0	0	0	0	0	0	0	0	0	0	0	0	0	0	0.01388978958	0.01388978958	0	0.01388978958	0.01388978958	0	0.01388978958	0.01388978958	0	0	0	0	0	0	0	0	0	0	0	0	0	0	0	0	0	0	0	0	0	0	0	0	0	0	0	0	0	0	0	0	0	0	0	0	0	0	0	0	0	0	0	0	0	0	0.003475626323	0.003475626323	0	0.003475626323	0.003475626323	0	0.003475626323	0.003475626323	0	0	0	0	0	0	0	0	0	0	0	0	0	0	0	0	0	0	0	0	0	0	0	0	0	0	0	0	0	0	0	0	0	0	0	0	0	0	0	0	0
(12,13)	0	0	0	0	0	0	0	0	0	0	0	0	0	0	0	0	0	0	0	0	0	0	0	0	0	0	0	0	0	0	0	0	0.0001537187577	0.0001537187577	0.0001537187577	0.0001537187577	0.0001537187577	0.0001537187577	0.0001537187577	0.0001537187577	0.0001537187577	0	0	0	0	0	0	0	0	0	0	0	0	0	0	0	0	0	0	0	0	0	0	0	0	0	0	0	0	0	0	0	0	0	0	0	0	0	0	0	0	0	0	0	0	0	7.233823891e-05	7.233823891e-05	7.233823891e-05	7.233823891e-05	7.233823891e-05	7.233823891e-05	7.233823891e-05	7.233823891e-05	7.233823891e-05	0	0	0	0	0	0	0	0	0	0	0	0	0	0	0	0	0	0	0	0	0	0	0	0	0	0	0	0	0	0	0	0	0	0	0	0	0	0	0	0	0	0	0	0	0	0.0001537187577	0.0001537187577	0.0001537187577	0.0001537187577	0.0001537187577	0.0001537187577	0.0001537187577	0.0001537187577	0.0001537187577	0	0	0	0	0	0	0	0	0	0	0	0	0	0	0	0	0	0	0	0	0	0	0	0	0	0	0	0	0	0	0	0	0	0	0	0	0	0	0	0	0	0	0	0	0	0.0005809664813	0.0005809664813	0.0005809664813	0.0005809664813	0.0005809664813	0.0005809664813	0.0005809664813	0.0005809664813	0.0005809664813	0	0	0	0	0	0	0	0	0	0	0	0	0	0	0	0	0	0	0	0	0	0	0	0	0	0	0	0	0	0	0	0	0	0	0	0	0	0	0	0	0	0	0	0	0	0.002315388788	0.002315388788	0.002315388788	0.002315388788	0.002315388788	0.002315388788	0.002315388788	0.002315388788	0.002315388788	0	0	0	0	0	0	0	0	0	0	0	0	0	0	0	0	0	0	0	0	0	0	0	0	0	0	0	0	0	0	0	0	0	0	0	0	0	0	0	0	0	0	0	0	0	0.009259435866	0.009259435866	0.009259435866	0.009259435866	0.009259435866	0.009259435866	0.009259435866	0.009259435866	0.009259435866	0	0	0	0	0	0	0	0	0	0	0	0	0	0	0	0	0	0	0	0	0	0	0	0	0	0	0	0	0	0	0	0	0	0	0	0	0	0	0	0	0	0	0	0	0	0.009259435866	0.009259435866	0.009259435866	0.009259435866	0.009259435866	0.009259435866	0.009259435866	0.009259435866	0.009259435866	0	0	0	0	0	0	0	0	0	0	0	0	0	0	0	0	0	0	0	0	0	0	0	0	0	0	0	0	0	0	0	0	0	0	0	0	0	0	0	0	0	0	0	0	0	0.002315388788	0.002315388788	0.002315388788	0.002315388788	0.002315388788	0.002315388788	0.002315388788	0.002315388788	0.002315388788	0	0	0	0	0	0	0	0	0	0	0	0	0	0	0	0	0	0	0	0	0	0	0	0	0	0	0	0	0	0	0	0	0	0	0	0	0	0	0	0	0	0	0	0	0	0.0005809664813	0.0005809664813	0.0005809664813	0.0005809664813	0.0005809664813	0.0005809664813	0.0005809664813	0.0005809664813	0.0005809664813	0	0	0	0	0	0	0	0	0	0	0	0	0
(12,14)	0	0	0	0	0	0	0	0	0	0	0	0	0	0	0	0	0	0	0	0	0	0	0	0	0	0	0	0	0	0	0	0	0.0001537187577	0.0001537187577	0.0001537187577	0.0001537187577	0.0001537187577	0.0001537187577	0.0001537187577	0.0001537187577	0.0001537187577	0	0	0	0	0	0	0	0	0	0	0	0	0	0	0	0	0	0	0	0	0	0	0	0	0	0	0	0	0	0	0	0	0	0	0	0	0	0	0	0	0	0	0	0	0	7.233823891e-05	7.233823891e-05	7.233823891e-05	7.233823891e-05	7.233823891e-05	7.233823891e-05	7.233823891e-05	7.233823891e-05	7.233823891e-05	0	0	0	0	0	0	0	0	0	0	0	0	0	0	0	0	0	0	0	0	0	0	0	0	0	0	0	0	0	0	0	0	0	0	0	0	0	0	0	0	0	0	0	0	0	0.0001537187577	0.0001537187577	0.0001537187577	0.0001537187577	0.0001537187577	0.0001537187577	0.0001537187577	0.0001537187577	0.0001537187577	0	0	0	0	0	0	0	0	0	0	0	0	0	0	0	0	0	0	0	0	0	0	0	0	0	0	0	0	0	0	0	0	0	0	0	0	0	0	0	0	0	0	0	0	0	0.0005809664813	0.0005809664813	0.0005809664813	0.0005809664813	0.0005809664813	0.0005809664813	0.0005809664813	0.0005809664813	0.0005809664813	0	0	0	0	0	0	0	0	0	0	0	0	0	0	0	0	0	0	0	0	0	0	0	0	0	0	0	0	0	0	0	0	0	0	0	0	0	0	0	0	0	0	0	0	0	0.002315388788	0.002315388788	0.002315388788	0.002315388788	0.002315388788	0.002315388788	0.002315388788	0.002315388788	0.002315388788	0	0	0	0	0	0	0	0	0	0	0	0	0	0	0	0	0	0	0	0	0	0	0	0	0	0	0	0	0	0	0	0	0	0	0	0	0	0	0	0	0	0	0	0	0	0.009259435866	0.009259435866	0.009259435866	0.009259435866	0.009259435866	0.009259435866	0.009259435866	0.009259435866	0.009259435866	0	0	0	0	0	0	0	0	0	0	0	0	0	0	0	0	0	0	0	0	0	0	0	0	0	0	0	0	0	0	0	0	0	0	0	0	0	0	0	0	0	0	0	0	0	0.009259435866	0.009259435866	0.009259435866	0.009259435866	0.009259435866	0.009259435866	0.009259435866	0.009259435866	0.009259435866	0	0	0	0	0	0	0	0	0	0	0	0	0	0	0	0	0	0	0	0	0	0	0	0	0	0	0	0	0	0	0	0	0	0	0	0	0	0	0	0	0	0	0	0	0	0.002315388788	0.002315388788	0.002315388788	0.002315388788	0.002315388788	0.002315388788	0.002315388788	0.002315388788	0.002315388788	0	0	0	0	0	0	0	0	0	0	0	0	0	0	0	0	0	0	0	0	0	0	0	0	0	0	0	0	0	0	0	0	0	0	0	0	0	0	0	0	0	0	0	0	0	0.0005809664813	0.0005809664813	0.0005809664813	0.0005809664813	0.0005809664813	0.0005809664813	0.0005809664813	0.0005809664813	0.0005809664813	0	0	0	0	0	0	0	0	0	0	0	0	0
(12,15)	0	0	0	0	0	0.00528973372	0	0	0	0	0	0	0	0	0	0	0	0	0	0	0	0	0	0	0	0	0	0	0	0	0	0	0	0	0	0	0	0	0	0	0	0	0	0	0	0	0	0	0	0	0	0	0	0	0	0	0	0	0	0	0.0002712683959	0.0002712683959	0	0.0002712683959	0.0002712683959	0	0.0002712683959	0.0002712683959	0	0	0	0	0	0	0	0	0	0	0	0	0	0	0	0	0	0	0	0	0	0	0	0	0	0	0	0	0	0	0	0	0	0	0	0	0	0	0	0	0	0	0	0	0	0	0.0002712683959	0.0002712683959	0	0.0002712683959	0.0002712683959	0	0.0002712683959	0.0002712683959	0	0	0	0	0	0	0	0	0	0	0	0	0	0	0	0	0	0	0	0	0	0	0	0	0	0	0	0	0	0	0	0	0	0	0	0	0	0	0	0	0	0	0	0	0	0	0	0	0.00264486686	0	0	0.00264486686	0	0	0	0	0	0	0	0	0	0	0	0	0	0	0	0	0	0	0	0	0	0	0	0	0	0	0	0	0	0	0	0	0	0	0	0	0	0	0	0	0	0	0	0	0	0	0	0	0.003475626323	0.003475626323	0	0.003475626323	0.003475626323	0	0.003475626323	0.003475626323	0	0	0	0	0	0	0	0	0	0	0	0	0	0	0	0	0	0	0	0	0	0	0	0	0	0	0	0	0	0	0	0	0	0	0	0	0	0	0	0	0	0	0	0	0	0	0.01388978958	0.01388978958	0	0.01388978958	0.01388978958	0	0.01388978958	0.01388978958	0	0	0	0	0	0	0	0	0	0	0	0	0	0	0	0	0	0	0	0	0	0	0	0	0	0	0	0	0	0	0	0	0	0	0	0	0	0	0	0	0	0	0	0	0	0	0	0	0.1666679382	0	0	0.1666679382	0	0	0	0	0	0	0	0	0	0	0	0	0	0	0	0	0	0	0	0	0	0	0	0	0	0	0	0	0	0	0	0	0	0	0	0	0	0	0	0	0	0	0	0	0	0	0	0	0.01388978958	0.01388978958	0	0.01388978958	0.01388978958	0	0.01388978958	0.01388978958	0	0	0	0	0	0	0	0	0	0	0	0	0	0	0	0	0	0	0	0	0	0	0	0	0	0	0	0	0	0	0	0	0	0	0	0	0	0	0	0	0	0	0	0	0	0	0.003475626323	0.003475626323	0	0.003475626323	0.003475626323	0	0.003475626323	0.003475626323	0	0	0	0	0	0	0	0	0	0	0	0	0	0	0	0	0	0	0	0	0	0	0	0	0	0	0	0	0	0	0	0	0	0	0	0	0	0	0	0
(12,16)	0	0	0	0	0	0	0	0	0	0	0	0	0	0	0	0	0	0	0	0	0	0	0	0	0	0	0	0	0	0	0	0	0	0.0001537187577	0.0001537187577	0.0001537187577	0.0001537187577	0.0001537187577	0.0001537187577	0.0001537187577	0.0001537187577	0.0001537187577	0	0	0	0	0	0	0	0	0	0	0	0	0	0	0	0	0	0	0	0	0	0	0	0	0	0	0	0	0	0	0	0	0	0	0	0	0	0	0	0	0	0	0	0	0	7.233823891e-05	7.233823891e-05	7.233823891e-05	7.233823891e-05	7.233823891e-05	7.233823891e-05	7.233823891e-05	7.233823891e-05	7.233823891e-05	0	0	0	0	0	0	0	0	0	0	0	0	0	0	0	0	0	0	0	0	0	0	0	0	0	0	0	0	0	0	0	0	0	0	0	0	0	0	0	0	0	0	0	0	0	0.0001537187577	0.0001537187577	0.0001537187577	0.0001537187577	0.0001537187577	0.0001537187577	0.0001537187577	0.0001537187577	0.0001537187577	0	0	0	0	0	0	0	0	0	0	0	0	0	0	0	0	0	0	0	0	0	0	0	0	0	0	0	0	0	0	0	0	0	0	0	0	0	0	0	0	0	0	0	0	0	0.0005809664813	0.0005809664813	0.0005809664813	0.0005809664813	0.0005809664813	0.0005809664813	0.0005809664813	0.0005809664813	0.0005809664813	0	0	0	0	0	0	0	0	0	0	0	0	0	0	0	0	0	0	0	0	0	0	0	0	0	0	0	0	0	0	0	0	0	0	0	0	0	0	0	0	0	0	0	0	0	0.002315388788	0.002315388788	0.002315388788	0.002315388788	0.002315388788	0.002315388788	0.002315388788	0.002315388788	0.002315388788	0	0	0	0	0	0	0	0	0	0	0	0	0	0	0	0	0	0	0	0	0	0	0	0	0	0	0	0	0	0	0	0	0	0	0	0	0	0	0	0	0	0	0	0	0	0.009259435866	0.009259435866	0.009259435866	0.009259435866	0.009259435866	0.009259435866	0.009259435866	0.009259435866	0.009259435866	0	0	0	0	0	0	0	0	0	0	0	0	0	0	0	0	0	0	0	0	0	0	0	0	0	0	0	0	0	0	0	0	0	0	0	0	0	0	0	0	0	0	0	0	0	0.009259435866	0.009259435866	0.009259435866	0.009259435866	0.009259435866	0.009259435866	0.009259435866	0.009259435866	0.009259435866	0	0	0	0	0	0	0	0	0	0	0	0	0	0	0	0	0	0	0	0	0	0	0	0	0	0	0	0	0	0	0	0	0	0	0	0	0	0	0	0	0	0	0	0	0	0.002315388788	0.002315388788	0.002315388788	0.002315388788	0.002315388788	0.002315388788	0.002315388788	0.002315388788	0.002315388788	0	0	0	0	0	0	0	0	0	0	0	0	0	0	0	0	0	0	0	0	0	0	0	0	0	0	0	0	0	0	0	0	0	0	0	0	0	0	0	0	0	0	0	0	0	0.0005809664813	0.0005809664813	0.0005809664813	0.0005809664813	0.0005809664813	0.0005809664813	0.0005809664813	0.0005809664813	0.0005809664813	0	0	0	0	0	0	0	0	0	0	0	0
(12,17)	0	0	0	0	0	0	0	0	0	0	0	0	0	0	0	0	0	0	0	0	0	0	0	0	0	0	0	0	0	0	0	0	0	0.0001537187577	0.0001537187577	0.0001537187577	0.0001537187577	0.0001537187577	0.0001537187577	0.0001537187577	0.0001537187577	0.0001537187577	0	0	0	0	0	0	0	0	0	0	0	0	0	0	0	0	0	0	0	0	0	0	0	0	0	0	0	0	0	0	0	0	0	0	0	0	0	0	0	0	0	0	0	0	0	7.233823891e-05	7.233823891e-05	7.233823891e-05	7.233823891e-05	7.233823891e-05	7.233823891e-05	7.233823891e-05	7.233823891e-05	7.233823891e-05	0	0	0	0	0	0	0	0	0	0	0	0	0	0	0	0	0	0	0	0	0	0	0	0	0	0	0	0	0	0	0	0	0	0	0	0	0	0	0	0	0	0	0	0	0	0.0001537187577	0.0001537187577	0.0001537187577	0.0001537187577	0.0001537187577	0.0001537187577	0.0001537187577	0.0001537187577	0.0001537187577	0	0	0	0	0	0	0	0	0	0	0	0	0	0	0	0	0	0	0	0	0	0	0	0	0	0	0	0	0	0	0	0	0	0	0	0	0	0	0	0	0	0	0	0	0	0.0005809664813	0.0005809664813	0.0005809664813	0.0005809664813	0.0005809664813	0.0005809664813	0.0005809664813	0.0005809664813	0.0005809664813	0	0	0	0	0	0	0	0	0	0	0	0	0	0	0	0	0	0	0	0	0	0	0	0	0	0	0	0	0	0	0	0	0	0	0	0	0	0	0	0	0	0	0	0	0	0.002315388788	0.002315388788	0.002315388788	0.002315388788	0.002315388788	0.002315388788	0.002315388788	0.002315388788	0.002315388788	0	0	0	0	0	0	0	0	0	0	0	0	0	0	0	0	0	0	0	0	0	0	0	0	0	0	0	0	0	0	0	0	0	0	0	0	0	0	0	0	0	0	0	0	0	0.009259435866	0.009259435866	0.009259435866	0.009259435866	0.009259435866	0.009259435866	0.009259435866	0.009259435866	0.009259435866	0	0	0	0	0	0	0	0	0	0	0	0	0	0	0	0	0	0	0	0	0	0	0	0	0	0	0	0	0	0	0	0	0	0	0	0	0	0	0	0	0	0	0	0	0	0.009259435866	0.009259435866	0.009259435866	0.009259435866	0.009259435866	0.009259435866	0.009259435866	0.009259435866	0.009259435866	0	0	0	0	0	0	0	0	0	0	0	0	0	0	0	0	0	0	0	0	0	0	0	0	0	0	0	0	0	0	0	0	0	0	0	0	0	0	0	0	0	0	0	0	0	0.002315388788	0.002315388788	0.002315388788	0.002315388788	0.002315388788	0.002315388788	0.002315388788	0.002315388788	0.002315388788	0	0	0	0	0	0	0	0	0	0	0	0	0	0	0	0	0	0	0	0	0	0	0	0	0	0	0	0	0	0	0	0	0	0	0	0	0	0	0	0	0	0	0	0	0	0.0005809664813	0.0005809664813	0.0005809664813	0.0005809664813	0.0005809664813	0.0005809664813	0.0005809664813	0.0005809664813	0.0005809664813	0	0	0	0	0	0	0	0	0	0	0	0
(12,18)	0	0	0	0	0	0	0.00528973372	0	0	0	0	0	0	0	0	0	0	0	0	0	0	0	0	0	0	0	0	0	0	0	0	0	0	0	0	0	0	0	0	0	0	0	0	0	0	0	0	0	0	0	0	0	0	0	0	0	0	0	0	0	0	0.0002712683959	0.0002712683959	0	0.0002712683959	0.0002712683959	0	0.0002712683959	0.0002712683959	0	0	0	0	0	0	0	0	0	0	0	0	0	0	0	0	0	0	0	0	0	0	0	0	0	0	0	0	0	0	0	0	0	0	0	0	0	0	0	0	0	0	0	0	0	0	0.0002712683959	0.0002712683959	0	0.0002712683959	0.0002712683959	0	0.0002712683959	0.0002712683959	0	0	0	0	0	0	0	0	0	0	0	0	0	0	0	0	0	0	0	0	0	0	0	0	0	0	0	0	0	0	0	0	0	0	0	0	0	0	0	0	0	0	0	0	0	0	0	0	0.00264486686	0	0	0.00264486686	0	0	0	0	0	0	0	0	0	0	0	0	0	0	0	0	0	0	0	0	0	0	0	0	0	0	0	0	0	0	0	0	0	0	0	0	0	0	0	0	0	0	0	0	0	0	0	0	0.003475626323	0.003475626323	0	0.003475626323	0.003475626323	0	0.003475626323	0.003475626323	0	0	0	0	0	0	0	0	0	0	0	0	0	0	0	0	0	0	0	0	0	0	0	0	0	0	0	0	0	0	0	0	0	0	0	0	0	0	0	0	0	0	0	0	0	0	0.01388978958	0.01388978958	0	0.01388978958	0.01388978958	0	0.01388978958	0.01388978958	0	0	0	0	0	0	0	0	0	0	0	0	0	0	0	0	0	0	0	0	0	0	0	0	0	0	0	0	0	0	0	0	0	0	0	0	0	0	0	0	0	0	0	0	0	0	0	0	0.1666679382	0	0	0.1666679382	0	0	0	0	0	0	0	0	0	0	0	0	0	0	0	0	0	0	0	0	0	0	0	0	0	0	0	0	0	0	0	0	0	0	0	0	0	0	0	0	0	0	0	0	0	0	0	0	0.01388978958	0.01388978958	0	0.01388978958	0.01388978958	0	0.01388978958	0.01388978958	0	0	0	0	0	0	0	0	0	0	0	0	0	0	0	0	0	0	0	0	0	0	0	0	0	0	0	0	0	0	0	0	0	0	0	0	0	0	0	0	0	0	0	0	0	0	0.003475626323	0.003475626323	0	0.003475626323	0.003475626323	0	0.003475626323	0.003475626323	0	0	0	0	0	0	0	0	0	0	0	0	0	0	0	0	0	0	0	0	0	0	0	0	0	0	0	0	0	0	0	0	0	0	0	0	0	0	0
(12,19)	0	0	0	0	0	0	0	0	0	0	0	0	0	0	0	0	0	0	0	0	0	0	0	0	0	0	0	0	0	0	0	0	0	0	0.0001537187577	0.0001537187577	0.0001537187577	0.0001537187577	0.0001537187577	0.0001537187577	0.0001537187577	0.0001537187577	0.0001537187577	0	0	0	0	0	0	0	0	0	0	0	0	0	0	0	0	0	0	0	0	0	0	0	0	0	0	0	0	0	0	0	0	0	0	0	0	0	0	0	0	0	0	0	0	0	7.233823891e-05	7.233823891e-05	7.233823891e-05	7.233823891e-05	7.233823891e-05	7.233823891e-05	7.233823891e-05	7.233823891e-05	7.233823891e-05	0	0	0	0	0	0	0	0	0	0	0	0	0	0	0	0	0	0	0	0	0	0	0	0	0	0	0	0	0	0	0	0	0	0	0	0	0	0	0	0	0	0	0	0	0	0.0001537187577	0.0001537187577	0.0001537187577	0.0001537187577	0.0001537187577	0.0001537187577	0.0001537187577	0.0001537187577	0.0001537187577	0	0	0	0	0	0	0	0	0	0	0	0	0	0	0	0	0	0	0	0	0	0	0	0	0	0	0	0	0	0	0	0	0	0	0	0	0	0	0	0	0	0	0	0	0	0.0005809664813	0.0005809664813	0.0005809664813	0.0005809664813	0.0005809664813	0.0005809664813	0.0005809664813	0.0005809664813	0.0005809664813	0	0	0	0	0	0	0	0	0	0	0	0	0	0	0	0	0	0	0	0	0	0	0	0	0	0	0	0	0	0	0	0	0	0	0	0	0	0	0	0	0	0	0	0	0	0.002315388788	0.002315388788	0.002315388788	0.002315388788	0.002315388788	0.002315388788	0.002315388788	0.002315388788	0.002315388788	0	0	0	0	0	0	0	0	0	0	0	0	0	0	0	0	0	0	0	0	0	0	0	0	0	0	0	0	0	0	0	0	0	0	0	0	0	0	0	0	0	0	0	0	0	0.009259435866	0.009259435866	0.009259435866	0.009259435866	0.009259435866	0.009259435866	0.009259435866	0.009259435866	0.009259435866	0	0	0	0	0	0	0	0	0	0	0	0	0	0	0	0	0	0	0	0	0	0	0	0	0	0	0	0	0	0	0	0	0	0	0	0	0	0	0	0	0	0	0	0	0	0.009259435866	0.009259435866	0.009259435866	0.009259435866	0.009259435866	0.009259435866	0.009259435866	0.009259435866	0.009259435866	0	0	0	0	0	0	0	0	0	0	0	0	0	0	0	0	0	0	0	0	0	0	0	0	0	0	0	0	0	0	0	0	0	0	0	0	0	0	0	0	0	0	0	0	0	0.002315388788	0.002315388788	0.002315388788	0.002315388788	0.002315388788	0.002315388788	0.002315388788	0.002315388788	0.002315388788	0	0	0	0	0	0	0	0	0	0	0	0	0	0	0	0	0	0	0	0	0	0	0	0	0	0	0	0	0	0	0	0	0	0	0	0	0	0	0	0	0	0	0	0	0	0.0005809664813	0.0005809664813	0.0005809664813	0.0005809664813	0.0005809664813	0.0005809664813	0.0005809664813	0.0005809664813	0.0005809664813	0	0	0	0	0	0	0	0	0	0	0
(12,20)	0	0	0	0	0	0	0	0	0	0	0	0	0	0	0	0	0	0	0	0	0	0	0	0	0	0	0	0	0	0	0	0	0	0	0.0001537187577	0.0001537187577	0.0001537187577	0.0001537187577	0.0001537187577	0.0001537187577	0.0001537187577	0.0001537187577	0.0001537187577	0	0	0	0	0	0	0	0	0	0	0	0	0	0	0	0	0	0	0	0	0	0	0	0	0	0	0	0	0	0	0	0	0	0	0	0	0	0	0	0	0	0	0	0	0	7.233823891e-05	7.233823891e-05	7.233823891e-05	7.233823891e-05	7.233823891e-05	7.233823891e-05	7.233823891e-05	7.233823891e-05	7.233823891e-05	0	0	0	0	0	0	0	0	0	0	0	0	0	0	0	0	0	0	0	0	0	0	0	0	0	0	0	0	0	0	0	0	0	0	0	0	0	0	0	0	0	0	0	0	0	0.0001537187577	0.0001537187577	0.0001537187577	0.0001537187577	0.0001537187577	0.0001537187577	0.0001537187577	0.0001537187577	0.0001537187577	0	0	0	0	0	0	0	0	0	0	0	0	0	0	0	0	0	0	0	0	0	0	0	0	0	0	0	0	0	0	0	0	0	0	0	0	0	0	0	0	0	0	0	0	0	0.0005809664813	0.0005809664813	0.0005809664813	0.0005809664813	0.0005809664813	0.0005809664813	0.0005809664813	0.0005809664813	0.0005809664813	0	0	0	0	0	0	0	0	0	0	0	0	0	0	0	0	0	0	0	0	0	0	0	0	0	0	0	0	0	0	0	0	0	0	0	0	0	0	0	0	0	0	0	0	0	0.002315388788	0.002315388788	0.002315388788	0.002315388788	0.002315388788	0.002315388788	0.002315388788	0.002315388788	0.002315388788	0	0	0	0	0	0	0	0	0	0	0	0	0	0	0	0	0	0	0	0	0	0	0	0	0	0	0	0	0	0	0	0	0	0	0	0	0	0	0	0	0	0	0	0	0	0.009259435866	0.009259435866	0.009259435866	0.009259435866	0.009259435866	0.009259435866	0.009259435866	0.009259435866	0.009259435866	0	0	0	0	0	0	0	0	0	0	0	0	0	0	0	0	0	0	0	0	0	0	0	0	0	0	0	0	0	0	0	0	0	0	0	0	0	0	0	0	0	0	0	0	0	0.009259435866	0.009259435866	0.009259435866	0.009259435866	0.009259435866	0.009259435866	0.009259435866	0.009259435866	0.009259435866	0	0	0	0	0	0	0	0	0	0	0	0	0	0	0	0	0	0	0	0	0	0	0	0	0	0	0	0	0	0	0	0	0	0	0	0	0	0	0	0	0	0	0	0	0	0.002315388788	0.002315388788	0.002315388788	0.002315388788	0.002315388788	0.002315388788	0.002315388788	0.002315388788	0.002315388788	0	0	0	0	0	0	0	0	0	0	0	0	0	0	0	0	0	0	0	0	0	0	0	0	0	0	0	0	0	0	0	0	0	0	0	0	0	0	0	0	0	0	0	0	0	0.0005809664813	0.0005809664813	0.0005809664813	0.0005809664813	0.0005809664813	0.0005809664813	0.0005809664813	0.0005809664813	0.0005809664813	0	0	0	0	0	0	0	0	0	0	0
(12,21)	0	0	0	0	0	0	0	0.00528973372	0	0	0	0	0	0	0	0	0	0	0	0	0	0	0	0	0	0	0	0	0	0	0	0	0	0	0	0	0	0	0	0	0	0	0	0	0	0	0	0	0	0	0	0	0	0	0	0	0	0	0	0	0	0	0.0002712683959	0.0002712683959	0	0.0002712683959	0.0002712683959	0	0.0002712683959	0.0002712683959	0	0	0	0	0	0	0	0	0	0	0	0	0	0	0	0	0	0	0	0	0	0	0	0	0	0	0	0	0	0	0	0	0	0	0	0	0	0	0	0	0	0	0	0	0	0	0.0002712683959	0.0002712683959	0	0.0002712683959	0.0002712683959	0	0.0002712683959	0.0002712683959	0	0	0	0	0	0	0	0	0	0	0	0	0	0	0	0	0	0	0	0	0	0	0	0	0	0	0	0	0	0	0	0	0	0	0	0	0	0	0	0	0	0	0	0	0	0	0	0	0.00264486686	0	0	0.00264486686	0	0	0	0	0	0	0	0	0	0	0	0	0	0	0	0	0	0	0	0	0	0	0	0	0	0	0	0	0	0	0	0	0	0	0	0	0	0	0	0	0	0	0	0	0	0	0	0	0.003475626323	0.003475626323	0	0.003475626323	0.003475626323	0	0.003475626323	0.003475626323	0	0	0	0	0	0	0	0	0	0	0	0	0	0	0	0	0	0	0	0	0	0	0	0	0	0	0	0	0	0	0	0	0	0	0	0	0	0	0	0	0	0	0	0	0	0	0.01388978958	0.01388978958	0	0.01388978958	0.01388978958	0	0.01388978958	0.01388978958	0	0	0	0	0	0	0	0	0	0	0	0	0	0	0	0	0	0	0	0	0	0	0	0	0	0	0	0	0	0	0	0	0	0	0	0	0	0	0	0	0	0	0	0	0	0	0	0	0.1666679382	0	0	0.1666679382	0	0	0	0	0	0	0	0	0	0	0	0	0	0	0	0	0	0	0	0	0	0	0	0	0	0	0	0	0	0	0	0	0	0	0	0	0	0	0	0	0	0	0	0	0	0	0	0	0.01388978958	0.01388978958	0	0.01388978958	0.01388978958	0	0.01388978958	0.01388978958	0	0	0	0	0	0	0	0	0	0	0	0	0	0	0	0	0	0	0	0	0	0	0	0	0	0	0	0	0	0	0	0	0	0	0	0	0	0	0	0	0	0	0	0	0	0	0.003475626323	0.003475626323	0	0.003475626323	0.003475626323	0	0.003475626323	0.003475626323	0	0	0	0	0	0	0	0	0	0	0	0	0	0	0	0	0	0	0	0	0	0	0	0	0	0	0	0	0	0	0	0	0	0	0	0	0	0
(12,22)	0	0	0	0	0	0	0	0	0	0	0	0	0	0	0	0	0	0	0	0	0	0	0	0	0	0	0	0	0	0	0	0	0	0	0	0.0001537187577	0.0001537187577	0.0001537187577	0.0001537187577	0.0001537187577	0.0001537187577	0.0001537187577	0.0001537187577	0.0001537187577	0	0	0	0	0	0	0	0	0	0	0	0	0	0	0	0	0	0	0	0	0	0	0	0	0	0	0	0	0	0	0	0	0	0	0	0	0	0	0	0	0	0	0	0	0	7.233823891e-05	7.233823891e-05	7.233823891e-05	7.233823891e-05	7.233823891e-05	7.233823891e-05	7.233823891e-05	7.233823891e-05	7.233823891e-05	0	0	0	0	0	0	0	0	0	0	0	0	0	0	0	0	0	0	0	0	0	0	0	0	0	0	0	0	0	0	0	0	0	0	0	0	0	0	0	0	0	0	0	0	0	0.0001537187577	0.0001537187577	0.0001537187577	0.0001537187577	0.0001537187577	0.0001537187577	0.0001537187577	0.0001537187577	0.0001537187577	0	0	0	0	0	0	0	0	0	0	0	0	0	0	0	0	0	0	0	0	0	0	0	0	0	0	0	0	0	0	0	0	0	0	0	0	0	0	0	0	0	0	0	0	0	0.0005809664813	0.0005809664813	0.0005809664813	0.0005809664813	0.0005809664813	0.0005809664813	0.0005809664813	0.0005809664813	0.0005809664813	0	0	0	0	0	0	0	0	0	0	0	0	0	0	0	0	0	0	0	0	0	0	0	0	0	0	0	0	0	0	0	0	0	0	0	0	0	0	0	0	0	0	0	0	0	0.002315388788	0.002315388788	0.002315388788	0.002315388788	0.002315388788	0.002315388788	0.002315388788	0.002315388788	0.002315388788	0	0	0	0	0	0	0	0	0	0	0	0	0	0	0	0	0	0	0	0	0	0	0	0	0	0	0	0	0	0	0	0	0	0	0	0	0	0	0	0	0	0	0	0	0	0.009259435866	0.009259435866	0.009259435866	0.009259435866	0.009259435866	0.009259435866	0.009259435866	0.009259435866	0.009259435866	0	0	0	0	0	0	0	0	0	0	0	0	0	0	0	0	0	0	0	0	0	0	0	0	0	0	0	0	0	0	0	0	0	0	0	0	0	0	0	0	0	0	0	0	0	0.009259435866	0.009259435866	0.009259435866	0.009259435866	0.009259435866	0.009259435866	0.009259435866	0.009259435866	0.009259435866	0	0	0	0	0	0	0	0	0	0	0	0	0	0	0	0	0	0	0	0	0	0	0	0	0	0	0	0	0	0	0	0	0	0	0	0	0	0	0	0	0	0	0	0	0	0.002315388788	0.002315388788	0.002315388788	0.002315388788	0.002315388788	0.002315388788	0.002315388788	0.002315388788	0.002315388788	0	0	0	0	0	0	0	0	0	0	0	0	0	0	0	0	0	0	0	0	0	0	0	0	0	0	0	0	0	0	0	0	0	0	0	0	0	0	0	0	0	0	0	0	0	0.0005809664813	0.0005809664813	0.0005809664813	0.0005809664813	0.0005809664813	0.0005809664813	0.0005809664813	0.0005809664813	0.0005809664813	0	0	0	0	0	0	0	0	0	0
(12,23)	0	0	0	0	0	0	0	0	0	0	0	0	0	0	0	0	0	0	0	0	0	0	0	0	0	0	0	0	0	0	0	0	0	0	0	0.0001537187577	0.0001537187577	0.0001537187577	0.0001537187577	0.0001537187577	0.0001537187577	0.0001537187577	0.0001537187577	0.0001537187577	0	0	0	0	0	0	0	0	0	0	0	0	0	0	0	0	0	0	0	0	0	0	0	0	0	0	0	0	0	0	0	0	0	0	0	0	0	0	0	0	0	0	0	0	0	7.233823891e-05	7.233823891e-05	7.233823891e-05	7.233823891e-05	7.233823891e-05	7.233823891e-05	7.233823891e-05	7.233823891e-05	7.233823891e-05	0	0	0	0	0	0	0	0	0	0	0	0	0	0	0	0	0	0	0	0	0	0	0	0	0	0	0	0	0	0	0	0	0	0	0	0	0	0	0	0	0	0	0	0	0	0.0001537187577	0.0001537187577	0.0001537187577	0.0001537187577	0.0001537187577	0.0001537187577	0.0001537187577	0.0001537187577	0.0001537187577	0	0	0	0	0	0	0	0	0	0	0	0	0	0	0	0	0	0	0	0	0	0	0	0	0	0	0	0	0	0	0	0	0	0	0	0	0	0	0	0	0	0	0	0	0	0.0005809664813	0.0005809664813	0.0005809664813	0.0005809664813	0.0005809664813	0.0005809664813	0.0005809664813	0.0005809664813	0.0005809664813	0	0	0	0	0	0	0	0	0	0	0	0	0	0	0	0	0	0	0	0	0	0	0	0	0	0	0	0	0	0	0	0	0	0	0	0	0	0	0	0	0	0	0	0	0	0.002315388788	0.002315388788	0.002315388788	0.002315388788	0.002315388788	0.002315388788	0.002315388788	0.002315388788	0.002315388788	0	0	0	0	0	0	0	0	0	0	0	0	0	0	0	0	0	0	0	0	0	0	0	0	0	0	0	0	0	0	0	0	0	0	0	0	0	0	0	0	0	0	0	0	0	0.009259435866	0.009259435866	0.009259435866	0.009259435866	0.009259435866	0.009259435866	0.009259435866	0.009259435866	0.009259435866	0	0	0	0	0	0	0	0	0	0	0	0	0	0	0	0	0	0	0	0	0	0	0	0	0	0	0	0	0	0	0	0	0	0	0	0	0	0	0	0	0	0	0	0	0	0.009259435866	0.009259435866	0.009259435866	0.009259435866	0.009259435866	0.009259435866	0.009259435866	0.009259435866	0.009259435866	0	0	0	0	0	0	0	0	0	0	0	0	0	0	0	0	0	0	0	0	0	0	0	0	0	0	0	0	0	0	0	0	0	0	0	0	0	0	0	0	0	0	0	0	0	0.002315388788	0.002315388788	0.002315388788	0.002315388788	0.002315388788	0.002315388788	0.002315388788	0.002315388788	0.002315388788	0	0	0	0	0	0	0	0	0	0	0	0	0	0	0	0	0	0	0	0	0	0	0	0	0	0	0	0	0	0	0	0	0	0	0	0	0	0	0	0	0	0	0	0	0	0.0005809664813	0.0005809664813	0.0005809664813	0.0005809664813	0.0005809664813	0.0005809664813	0.0005809664813	0.0005809664813	0.0005809664813	0	0	0	0	0	0	0	0	0	0
(12,24)	0	0	0	0	0	0	0	0	0.00528973372	0	0	0	0	0	0	0	0	0	0	0	0	0	0	0	0	0	0	0	0	0	0	0	0	0	0	0	0	0	0	0	0	0	0	0	0	0	0	0	0	0	0	0	0	0	0	0	0	0	0	0	0	0	0	0.0002712683959	0.0002712683959	0	0.0002712683959	0.0002712683959	0	0.0002712683959	0.0002712683959	0	0	0	0	0	0	0	0	0	0	0	0	0	0	0	0	0	0	0	0	0	0	0	0	0	0	0	0	0	0	0	0	0	0	0	0	0	0	0	0	0	0	0	0	0	0	0.0002712683959	0.0002712683959	0	0.0002712683959	0.0002712683959	0	0.0002712683959	0.0002712683959	0	0	0	0	0	0	0	0	0	0	0	0	0	0	0	0	0	0	0	0	0	0	0	0	0	0	0	0	0	0	0	0	0	0	0	0	0	0	0	0	0	0	0	0	0	0	0	0	0.00264486686	0	0	0.00264486686	0	0	0	0	0	0	0	0	0	0	0	0	0	0	0	0	0	0	0	0	0	0	0	0	0	0	0	0	0	0	0	0	0	0	0	0	0	0	0	0	0	0	0	0	0	0	0	0	0.003475626323	0.003475626323	0	0.003475626323	0.003475626323	0	0.003475626323	0.003475626323	0	0	0	0	0	0	0	0	0	0	0	0	0	0	0	0	0	0	0	0	0	0	0	0	0	0	0	0	0	0	0	0	0	0	0	0	0	0	0	0	0	0	0	0	0	0	0.01388978958	0.01388978958	0	0.01388978958	0.01388978958	0	0.01388978958	0.01388978958	0	0	0	0	0	0	0	0	0	0	0	0	0	0	0	0	0	0	0	0	0	0	0	0	0	0	0	0	0	0	0	0	0	0	0	0	0	0	0	0	0	0	0	0	0	0	0	0	0.1666679382	0	0	0.1666679382	0	0	0	0	0	0	0	0	0	0	0	0	0	0	0	0	0	0	0	0	0	0	0	0	0	0	0	0	0	0	0	0	0	0	0	0	0	0	0	0	0	0	0	0	0	0	0	0	0.01388978958	0.01388978958	0	0.01388978958	0.01388978958	0	0.01388978958	0.01388978958	0	0	0	0	0	0	0	0	0	0	0	0	0	0	0	0	0	0	0	0	0	0	0	0	0	0	0	0	0	0	0	0	0	0	0	0	0	0	0	0	0	0	0	0	0	0	0.003475626323	0.003475626323	0	0.003475626323	0.003475626323	0	0.003475626323	0.003475626323	0	0	0	0	0	0	0	0	0	0	0	0	0	0	0	0	0	0	0	0	0	0	0	0	0	0	0	0	0	0	0	0	0	0	0	0	0
(12,25)	0	0	0	0	0	0	0	0	0	0	0	0	0	0	0	0	0	0	0	0	0	0	0	0	0	0	0	0	0	0	0	0	0	0	0	0	0.0001537187577	0.0001537187577	0.0001537187577	0.0001537187577	0.0001537187577	0.0001537187577	0.0001537187577	0.0001537187577	0.0001537187577	0	0	0	0	0	0	0	0	0	0	0	0	0	0	0	0	0	0	0	0	0	0	0	0	0	0	0	0	0	0	0	0	0	0	0	0	0	0	0	0	0	0	0	0	0	7.233823891e-05	7.233823891e-05	7.233823891e-05	7.233823891e-05	7.233823891e-05	7.233823891e-05	7.233823891e-05	7.233823891e-05	7.233823891e-05	0	0	0	0	0	0	0	0	0	0	0	0	0	0	0	0	0	0	0	0	0	0	0	0	0	0	0	0	0	0	0	0	0	0	0	0	0	0	0	0	0	0	0	0	0	0.0001537187577	0.0001537187577	0.0001537187577	0.0001537187577	0.0001537187577	0.0001537187577	0.0001537187577	0.0001537187577	0.0001537187577	0	0	0	0	0	0	0	0	0	0	0	0	0	0	0	0	0	0	0	0	0	0	0	0	0	0	0	0	0	0	0	0	0	0	0	0	0	0	0	0	0	0	0	0	0	0.0005809664813	0.0005809664813	0.0005809664813	0.0005809664813	0.0005809664813	0.0005809664813	0.0005809664813	0.0005809664813	0.0005809664813	0	0	0	0	0	0	0	0	0	0	0	0	0	0	0	0	0	0	0	0	0	0	0	0	0	0	0	0	0	0	0	0	0	0	0	0	0	0	0	0	0	0	0	0	0	0.002315388788	0.002315388788	0.002315388788	0.002315388788	0.002315388788	0.002315388788	0.002315388788	0.002315388788	0.002315388788	0	0	0	0	0	0	0	0	0	0	0	0	0	0	0	0	0	0	0	0	0	0	0	0	0	0	0	0	0	0	0	0	0	0	0	0	0	0	0	0	0	0	0	0	0	0.009259435866	0.009259435866	0.009259435866	0.009259435866	0.009259435866	0.009259435866	0.009259435866	0.009259435866	0.009259435866	0	0	0	0	0	0	0	0	0	0	0	0	0	0	0	0	0	0	0	0	0	0	0	0	0	0	0	0	0	0	0	0	0	0	0	0	0	0	0	0	0	0	0	0	0	0.009259435866	0.009259435866	0.009259435866	0.009259435866	0.009259435866	0.009259435866	0.009259435866	0.009259435866	0.009259435866	0	0	0	0	0	0	0	0	0	0	0	0	0	0	0	0	0	0	0	0	0	0	0	0	0	0	0	0	0	0	0	0	0	0	0	0	0	0	0	0	0	0	0	0	0	0.002315388788	0.002315388788	0.002315388788	0.002315388788	0.002315388788	0.002315388788	0.002315388788	0.002315388788	0.002315388788	0	0	0	0	0	0	0	0	0	0	0	0	0	0	0	0	0	0	0	0	0	0	0	0	0	0	0	0	0	0	0	0	0	0	0	0	0	0	0	0	0	0	0	0	0	0.0005809664813	0.0005809664813	0.0005809664813	0.0005809664813	0.0005809664813	0.0005809664813	0.0005809664813	0.0005809664813	0.0005809664813	0	0	0	0	0	0	0	0	0
(12,26)	0	0	0	0	0	0	0	0	0	0	0	0	0	0	0	0	0	0	0	0	0	0	0	0	0	0	0	0	0	0	0	0	0	0	0	0	0.0001537187577	0.0001537187577	0.0001537187577	0.0001537187577	0.0001537187577	0.0001537187577	0.0001537187577	0.0001537187577	0.0001537187577	0	0	0	0	0	0	0	0	0	0	0	0	0	0	0	0	0	0	0	0	0	0	0	0	0	0	0	0	0	0	0	0	0	0	0	0	0	0	0	0	0	0	0	0	0	7.233823891e-05	7.233823891e-05	7.233823891e-05	7.233823891e-05	7.233823891e-05	7.233823891e-05	7.233823891e-05	7.233823891e-05	7.233823891e-05	0	0	0	0	0	0	0	0	0	0	0	0	0	0	0	0	0	0	0	0	0	0	0	0	0	0	0	0	0	0	0	0	0	0	0	0	0	0	0	0	0	0	0	0	0	0.0001537187577	0.0001537187577	0.0001537187577	0.0001537187577	0.0001537187577	0.0001537187577	0.0001537187577	0.0001537187577	0.0001537187577	0	0	0	0	0	0	0	0	0	0	0	0	0	0	0	0	0	0	0	0	0	0	0	0	0	0	0	0	0	0	0	0	0	0	0	0	0	0	0	0	0	0	0	0	0	0.0005809664813	0.0005809664813	0.0005809664813	0.0005809664813	0.0005809664813	0.0005809664813	0.0005809664813	0.0005809664813	0.0005809664813	0	0	0	0	0	0	0	0	0	0	0	0	0	0	0	0	0	0	0	0	0	0	0	0	0	0	0	0	0	0	0	0	0	0	0	0	0	0	0	0	0	0	0	0	0	0.002315388788	0.002315388788	0.002315388788	0.002315388788	0.002315388788	0.002315388788	0.002315388788	0.002315388788	0.002315388788	0	0	0	0	0	0	0	0	0	0	0	0	0	0	0	0	0	0	0	0	0	0	0	0	0	0	0	0	0	0	0	0	0	0	0	0	0	0	0	0	0	0	0	0	0	0.009259435866	0.009259435866	0.009259435866	0.009259435866	0.009259435866	0.009259435866	0.009259435866	0.009259435866	0.009259435866	0	0	0	0	0	0	0	0	0	0	0	0	0	0	0	0	0	0	0	0	0	0	0	0	0	0	0	0	0	0	0	0	0	0	0	0	0	0	0	0	0	0	0	0	0	0.009259435866	0.009259435866	0.009259435866	0.009259435866	0.009259435866	0.009259435866	0.009259435866	0.009259435866	0.009259435866	0	0	0	0	0	0	0	0	0	0	0	0	0	0	0	0	0	0	0	0	0	0	0	0	0	0	0	0	0	0	0	0	0	0	0	0	0	0	0	0	0	0	0	0	0	0.002315388788	0.002315388788	0.002315388788	0.002315388788	0.002315388788	0.002315388788	0.002315388788	0.002315388788	0.002315388788	0	0	0	0	0	0	0	0	0	0	0	0	0	0	0	0	0	0	0	0	0	0	0	0	0	0	0	0	0	0	0	0	0	0	0	0	0	0	0	0	0	0	0	0	0	0.0005809664813	0.0005809664813	0.0005809664813	0.0005809664813	0.0005809664813	0.0005809664813	0.0005809664813	0.0005809664813	0.0005809664813	0	0	0	0	0	0	0	0	0
(13,0)	0.01045739666	0	0	0	0	0	0	0	0	0	0	0	0	0	0	0	0	0	0	0	0	0	0	0	0	0	0	0	0	0	0	0	0	0	0	0	0	0	0	0	0	0	0	0	0	0	0	0	0	0	0	0	0	0	0	0.0004611562731	0.0004611562731	0	0.0004611562731	0.0004611562731	0	0.0004611562731	0.0004611562731	0	0	0	0	0	0	0	0	0	0	0	0	0	0	0	0	0	0	0	0	0	0	0	0	0	0	0	0	0	0	0	0	0	0	0	0	0	0	0	0	0	0	0	0	0	0	0.0002170147167	0.0002170147167	0	0.0002170147167	0.0002170147167	0	0.0002170147167	0.0002170147167	0	0	0	0	0	0	0	0	0	0	0	0	0	0	0	0	0	0	0	0	0	0	0	0	0	0	0	0	0	0	0	0	0	0	0	0	0	0	0	0	0	0	0	0	0	0	0	0	0.001383468819	0	0	0.001383468819	0	0	0	0	0	0	0	0	0	0	0	0	0	0	0	0	0	0	0	0	0	0	0	0	0	0	0	0	0	0	0	0	0	0	0	0	0	0	0	0	0	0	0	0	0	0	0	0	0.001742899444	0.001742899444	0	0.001742899444	0.001742899444	0	0.001742899444	0.001742899444	0	0	0	0	0	0	0	0	0	0	0	0	0	0	0	0	0	0	0	0	0	0	0	0	0	0	0	0	0	0	0	0	0	0	0	0	0	0	0	0	0	0	0	0	0	0	0.006946166363	0.006946166363	0	0.006946166363	0.006946166363	0	0.006946166363	0.006946166363	0	0	0	0	0	0	0	0	0	0	0	0	0	0	0	0	0	0	0	0	0	0	0	0	0	0	0	0	0	0	0	0	0	0	0	0	0	0	0	0	0	0	0	0	0	0	0	0	0.0833349228	0	0	0.0833349228	0	0	0	0	0	0	0	0	0	0	0	0	0	0	0	0	0	0	0	0	0	0	0	0	0	0	0	0	0	0	0	0	0	0	0	0	0	0	0	0	0	0	0	0	0	0	0	0	0.0277783076	0.0277783076	0	0.0277783076	0.0277783076	0	0.0277783076	0.0277783076	0	0	0	0	0	0	0	0	0	0	0	0	0	0	0	0	0	0	0	0	0	0	0	0	0	0	0	0	0	0	0	0	0	0	0	0	0	0	0	0	0	0	0	0	0	0	0.006946166363	0.006946166363	0	0.006946166363	0.006946166363	0	0.006946166363	0.006946166363	0	0	0	0	0	0	0	0	0	0	0	0	0	0	0	0	0	0	0	0	0	0	0	0	0	0	0	0	0	0	0	0	0	0	0	0	0	0	0	0	0	0	0	0	0
(13,1)	0	0	0	0	0	0	0	0	0	0	0	0	0	0	0	0	0	0	0	0	0	0	0	0	0	0	0	0	0.0002938740956	0.0002938740956	0.0002938740956	0.0002938740956	0.0002938740956	0.0002938740956	0.0002938740956	0.0002938740956	0.0002938740956	0	0	0	0	0	0	0	0	0	0	0	0	0	0	0	0	0	0	0	0	0	0	0	0	0	0	0	0	0	0	0	0	0	0	0	0	0	0	0	0	0	0	0	0	0	9.042279864e-05	9.042279864e-05	9.042279864e-05	9.042279864e-05	9.042279864e-05	9.042279864e-05	9.042279864e-05	9.042279864e-05	9.042279864e-05	0	0	0	0	0	0	0	0	0	0	0	0	0	0	0	0	0	0	0	0	0	0	0	0	0	0	0	0	0	0	0	0	0	0	0	0	0	0	0	0	0	0	0	0	0	9.042279864e-05	9.042279864e-05	9.042279864e-05	9.042279864e-05	9.042279864e-05	9.042279864e-05	9.042279864e-05	9.042279864e-05	9.042279864e-05	0	0	0	0	0	0	0	0	0	0	0	0	0	0	0	0	0	0	0	0	0	0	0	0	0	0	0	0	0	0	0	0	0	0	0	0	0	0	0	0	0	0	0	0	0	0.0002938740956	0.0002938740956	0.0002938740956	0.0002938740956	0.0002938740956	0.0002938740956	0.0002938740956	0.0002938740956	0.0002938740956	0	0	0	0	0	0	0	0	0	0	0	0	0	0	0	0	0	0	0	0	0	0	0	0	0	0	0	0	0	0	0	0	0	0	0	0	0	0	0	0	0	0	0	0	0	0.001158542108	0.001158542108	0.001158542108	0.001158542108	0.001158542108	0.001158542108	0.001158542108	0.001158542108	0.001158542108	0	0	0	0	0	0	0	0	0	0	0	0	0	0	0	0	0	0	0	0	0	0	0	0	0	0	0	0	0	0	0	0	0	0	0	0	0	0	0	0	0	0	0	0	0	0.004629929862	0.004629929862	0.004629929862	0.004629929862	0.004629929862	0.004629929862	0.004629929862	0.004629929862	0.004629929862	0	0	0	0	0	0	0	0	0	0	0	0	0	0	0	0	0	0	0	0	0	0	0	0	0	0	0	0	0	0	0	0	0	0	0	0	0	0	0	0	0	0	0	0	0	0.0185186598	0.0185186598	0.0185186598	0.0185186598	0.0185186598	0.0185186598	0.0185186598	0.0185186598	0.0185186598	0	0	0	0	0	0	0	0	0	0	0	0	0	0	0	0	0	0	0	0	0	0	0	0	0	0	0	0	0	0	0	0	0	0	0	0	0	0	0	0	0	0	0	0	0	0.004629929862	0.004629929862	0.004629929862	0.004629929862	0.004629929862	0.004629929862	0.004629929862	0.004629929862	0.004629929862	0	0	0	0	0	0	0	0	0	0	0	0	0	0	0	0	0	0	0	0	0	0	0	0	0	0	0	0	0	0	0	0	0	0	0	0	0	0	0	0	0	0	0	0	0	0.001158542108	0.001158542108	0.001158542108	0.001158542108	0.001158542108	0.001158542108	0.001158542108	0.001158542108	0.001158542108	0	0	0	0	0	0	0	0	0	0	0	0	0	0	0	0	0
(13,2)	0	0	0	0	0	0	0	0	0	0	0	0	0	0	0	0	0	0	0	0	0	0	0	0	0	0	0	0	0.0002938740956	0.0002938740956	0.0002938740956	0.0002938740956	0.0002938740956	0.0002938740956	0.0002938740956	0.0002938740956	0.0002938740956	0	0	0	0	0	0	0	0	0	0	0	0	0	0	0	0	0	0	0	0	0	0	0	0	0	0	0	0	0	0	0	0	0	0	0	0	0	0	0	0	0	0	0	0	0	9.042279864e-05	9.042279864e-05	9.042279864e-05	9.042279864e-05	9.042279864e-05	9.042279864e-05	9.042279864e-05	9.042279864e-05	9.042279864e-05	0	0	0	0	0	0	0	0	0	0	0	0	0	0	0	0	0	0	0	0	0	0	0	0	0	0	0	0	0	0	0	0	0	0	0	0	0	0	0	0	0	0	0	0	0	9.042279864e-05	9.042279864e-05	9.042279864e-05	9.042279864e-05	9.042279864e-05	9.042279864e-05	9.042279864e-05	9.042279864e-05	9.042279864e-05	0	0	0	0	0	0	0	0	0	0	0	0	0	0	0	0	0	0	0	0	0	0	0	0	0	0	0	0	0	0	0	0	0	0	0	0	0	0	0	0	0	0	0	0	0	0.0002938740956	0.0002938740956	0.0002938740956	0.0002938740956	0.0002938740956	0.0002938740956	0.0002938740956	0.0002938740956	0.0002938740956	0	0	0	0	0	0	0	0	0	0	0	0	0	0	0	0	0	0	0	0	0	0	0	0	0	0	0	0	0	0	0	0	0	0	0	0	0	0	0	0	0	0	0	0	0	0.001158542108	0.001158542108	0.001158542108	0.001158542108	0.001158542108	0.001158542108	0.001158542108	0.001158542108	0.001158542108	0	0	0	0	0	0	0	0	0	0	0	0	0	0	0	0	0	0	0	0	0	0	0	0	0	0	0	0	0	0	0	0	0	0	0	0	0	0	0	0	0	0	0	0	0	0.004629929862	0.004629929862	0.004629929862	0.004629929862	0.004629929862	0.004629929862	0.004629929862	0.004629929862	0.004629929862	0	0	0	0	0	0	0	0	0	0	0	0	0	0	0	0	0	0	0	0	0	0	0	0	0	0	0	0	0	0	0	0	0	0	0	0	0	0	0	0	0	0	0	0	0	0.0185186598	0.0185186598	0.0185186598	0.0185186598	0.0185186598	0.0185186598	0.0185186598	0.0185186598	0.0185186598	0	0	0	0	0	0	0	0	0	0	0	0	0	0	0	0	0	0	0	0	0	0	0	0	0	0	0	0	0	0	0	0	0	0	0	0	0	0	0	0	0	0	0	0	0	0.004629929862	0.004629929862	0.004629929862	0.004629929862	0.004629929862	0.004629929862	0.004629929862	0.004629929862	0.004629929862	0	0	0	0	0	0	0	0	0	0	0	0	0	0	0	0	0	0	0	0	0	0	0	0	0	0	0	0	0	0	0	0	0	0	0	0	0	0	0	0	0	0	0	0	0	0.001158542108	0.001158542108	0.001158542108	0.001158542108	0.001158542108	0.001158542108	0.001158542108	0.001158542108	0.001158542108	0	0	0	0	0	0	0	0	0	0	0	0	0	0	0	0	0
(13,3)	0	0.01045739666	0	0	0	0	0	0	0	0	0	0	0	0	0	0	0	0	0	0	0	0	0	0	0	0	0	0	0	0	0	0	0	0	0	0	0	0	0	0	0	0	0	0	0	0	0	0	0	0	0	0	0	0	0	0	0.0004611562731	0.0004611562731	0	0.0004611562731	0.0004611562731	0	0.0004611562731	0.0004611562731	0	0	0	0	0	0	0	0	0	0	0	0	0	0	0	0	0	0	0	0	0	0	0	0	0	0	0	0	0	0	0	0	0	0	0	0	0	0	0	0	0	0	0	0	0	0	0.0002170147167	0.0002170147167	0	0.0002170147167	0.0002170147167	0	0.0002170147167	0.0002170147167	0	0	0	0	0	0	0	0	0	0	0	0	0	0	0	0	0	0	0	0	0	0	0	0	0	0	0	0	0	0	0	0	0	0	0	0	0	0	0	0	0	0	0	0	0	0	0	0	0.001383468819	0	0	0.001383468819	0	0	0	0	0	0	0	0	0	0	0	0	0	0	0	0	0	0	0	0	0	0	0	0	0	0	0	0	0	0	0	0	0	0	0	0	0	0	0	0	0	0	0	0	0	0	0	0	0.001742899444	0.001742899444	0	0.001742899444	0.001742899444	0	0.001742899444	0.001742899444	0	0	0	0	0	0	0	0	0	0	0	0	0	0	0	0	0	0	0	0	0	0	0	0	0	0	0	0	0	0	0	0	0	0	0	0	0	0	0	0	0	0	0	0	0	0	0.006946166363	0.006946166363	0	0.006946166363	0.006946166363	0	0.006946166363	0.006946166363	0	0	0	0	0	0	0	0	0	0	0	0	0	0	0	0	0	0	0	0	0	0	0	0	0	0	0	0	0	0	0	0	0	0	0	0	0	0	0	0	0	0	0	0	0	0	0	0	0.0833349228	0	0	0.0833349228	0	0	0	0	0	0	0	0	0	0	0	0	0	0	0	0	0	0	0	0	0	0	0	0	0	0	0	0	0	0	0	0	0	0	0	0	0	0	0	0	0	0	0	0	0	0	0	0	0.0277783076	0.0277783076	0	0.0277783076	0.0277783076	0	0.0277783076	0.0277783076	0	0	0	0	0	0	0	0	0	0	0	0	0	0	0	0	0	0	0	0	0	0	0	0	0	0	0	0	0	0	0	0	0	0	0	0	0	0	0	0	0	0	0	0	0	0	0.006946166363	0.006946166363	0	0.006946166363	0.006946166363	0	0.006946166363	0.006946166363	0	0	0	0	0	0	0	0	0	0	0	0	0	0	0	0	0	0	0	0	0	0	0	0	0	0	0	0	0	0	0	0	0	0	0	0	0	0	0	0	0	0	0	0
(13,4)	0	0	0	0	0	0	0	0	0	0	0	0	0	0	0	0	0	0	0	0	0	0	0	0	0	0	0	0	0	0.0002938740956	0.0002938740956	0.0002938740956	0.0002938740956	0.0002938740956	0.0002938740956	0.0002938740956	0.0002938740956	0.0002938740956	0	0	0	0	0	0	0	0	0	0	0	0	0	0	0	0	0	0	0	0	0	0	0	0	0	0	0	0	0	0	0	0	0	0	0	0	0	0	0	0	0	0	0	0	0	9.042279864e-05	9.042279864e-05	9.042279864e-05	9.042279864e-05	9.042279864e-05	9.042279864e-05	9.042279864e-05	9.042279864e-05	9.042279864e-05	0	0	0	0	0	0	0	0	0	0	0	0	0	0	0	0	0	0	0	0	0	0	0	0	0	0	0	0	0	0	0	0	0	0	0	0	0	0	0	0	0	0	0	0	0	9.042279864e-05	9.042279864e-05	9.042279864e-05	9.042279864e-05	9.042279864e-05	9.042279864e-05	9.042279864e-05	9.042279864e-05	9.042279864e-05	0	0	0	0	0	0	0	0	0	0	0	0	0	0	0	0	0	0	0	0	0	0	0	0	0	0	0	0	0	0	0	0	0	0	0	0	0	0	0	0	0	0	0	0	0	0.0002938740956	0.0002938740956	0.0002938740956	0.0002938740956	0.0002938740956	0.0002938740956	0.0002938740956	0.0002938740956	0.0002938740956	0	0	0	0	0	0	0	0	0	0	0	0	0	0	0	0	0	0	0	0	0	0	0	0	0	0	0	0	0	0	0	0	0	0	0	0	0	0	0	0	0	0	0	0	0	0.001158542108	0.001158542108	0.001158542108	0.001158542108	0.001158542108	0.001158542108	0.001158542108	0.001158542108	0.001158542108	0	0	0	0	0	0	0	0	0	0	0	0	0	0	0	0	0	0	0	0	0	0	0	0	0	0	0	0	0	0	0	0	0	0	0	0	0	0	0	0	0	0	0	0	0	0.004629929862	0.004629929862	0.004629929862	0.004629929862	0.004629929862	0.004629929862	0.004629929862	0.004629929862	0.004629929862	0	0	0	0	0	0	0	0	0	0	0	0	0	0	0	0	0	0	0	0	0	0	0	0	0	0	0	0	0	0	0	0	0	0	0	0	0	0	0	0	0	0	0	0	0	0.0185186598	0.0185186598	0.0185186598	0.0185186598	0.0185186598	0.0185186598	0.0185186598	0.0185186598	0.0185186598	0	0	0	0	0	0	0	0	0	0	0	0	0	0	0	0	0	0	0	0	0	0	0	0	0	0	0	0	0	0	0	0	0	0	0	0	0	0	0	0	0	0	0	0	0	0.004629929862	0.004629929862	0.004629929862	0.004629929862	0.004629929862	0.004629929862	0.004629929862	0.004629929862	0.004629929862	0	0	0	0	0	0	0	0	0	0	0	0	0	0	0	0	0	0	0	0	0	0	0	0	0	0	0	0	0	0	0	0	0	0	0	0	0	0	0	0	0	0	0	0	0	0.001158542108	0.001158542108	0.001158542108	0.001158542108	0.001158542108	0.001158542108	0.001158542108	0.001158542108	0.001158542108	0	0	0	0	0	0	0	0	0	0	0	0	0	0	0	0
(13,5)	0	0	0	0	0	0	0	0	0	0	0	0	0	0	0	0	0	0	0	0	0	0	0	0	0	0	0	0	0	0.0002938740956	0.0002938740956	0.0002938740956	0.0002938740956	0.0002938740956	0.0002938740956	0.0002938740956	0.0002938740956	0.0002938740956	0	0	0	0	0	0	0	0	0	0	0	0	0	0	0	0	0	0	0	0	0	0	0	0	0	0	0	0	0	0	0	0	0	0	0	0	0	0	0	0	0	0	0	0	0	9.042279864e-05	9.042279864e-05	9.042279864e-05	9.042279864e-05	9.042279864e-05	9.042279864e-05	9.042279864e-05	9.042279864e-05	9.042279864e-05	0	0	0	0	0	0	0	0	0	0	0	0	0	0	0	0	0	0	0	0	0	0	0	0	0	0	0	0	0	0	0	0	0	0	0	0	0	0	0	0	0	0	0	0	0	9.042279864e-05	9.042279864e-05	9.042279864e-05	9.042279864e-05	9.042279864e-05	9.042279864e-05	9.042279864e-05	9.042279864e-05	9.042279864e-05	0	0	0	0	0	0	0	0	0	0	0	0	0	0	0	0	0	0	0	0	0	0	0	0	0	0	0	0	0	0	0	0	0	0	0	0	0	0	0	0	0	0	0	0	0	0.0002938740956	0.0002938740956	0.0002938740956	0.0002938740956	0.0002938740956	0.0002938740956	0.0002938740956	0.0002938740956	0.0002938740956	0	0	0	0	0	0	0	0	0	0	0	0	0	0	0	0	0	0	0	0	0	0	0	0	0	0	0	0	0	0	0	0	0	0	0	0	0	0	0	0	0	0	0	0	0	0.001158542108	0.001158542108	0.001158542108	0.001158542108	0.001158542108	0.001158542108	0.001158542108	0.001158542108	0.001158542108	0	0	0	0	0	0	0	0	0	0	0	0	0	0	0	0	0	0	0	0	0	0	0	0	0	0	0	0	0	0	0	0	0	0	0	0	0	0	0	0	0	0	0	0	0	0.004629929862	0.004629929862	0.004629929862	0.004629929862	0.004629929862	0.004629929862	0.004629929862	0.004629929862	0.004629929862	0	0	0	0	0	0	0	0	0	0	0	0	0	0	0	0	0	0	0	0	0	0	0	0	0	0	0	0	0	0	0	0	0	0	0	0	0	0	0	0	0	0	0	0	0	0.0185186598	0.0185186598	0.0185186598	0.0185186598	0.0185186598	0.0185186598	0.0185186598	0.0185186598	0.0185186598	0	0	0	0	0	0	0	0	0	0	0	0	0	0	0	0	0	0	0	0	0	0	0	0	0	0	0	0	0	0	0	0	0	0	0	0	0	0	0	0	0	0	0	0	0	0.004629929862	0.004629929862	0.004629929862	0.004629929862	0.004629929862	0.004629929862	0.004629929862	0.004629929862	0.004629929862	0	0	0	0	0	0	0	0	0	0	0	0	0	0	0	0	0	0	0	0	0	0	0	0	0	0	0	0	0	0	0	0	0	0	0	0	0	0	0	0	0	0	0	0	0	0.001158542108	0.001158542108	0.001158542108	0.001158542108	0.001158542108	0.001158542108	0.001158542108	0.001158542108	0.001158542108	0	0	0	0	0	0	0	0	0	0	0	0	0	0	0	0
(13,6)	0	0	0.01045739666	0	0	0	0	0	0	0	0	0	0	0	0	0	0	0	0	0	0	0	0	0	0	0	0	0	0	0	0	0	0	0	0	0	0	0	0	0	0	0	0	0	0	0	0	0	0	0	0	0	0	0	0	0	0	0.0004611562731	0.0004611562731	0	0.0004611562731	0.0004611562731	0	0.0004611562731	0.0004611562731	0	0	0	0	0	0	0	0	0	0	0	0	0	0	0	0	0	0	0	0	0	0	0	0	0	0	0	0	0	0	0	0	0	0	0	0	0	0	0	0	0	0	0	0	0	0	0.0002170147167	0.0002170147167	0	0.0002170147167	0.0002170147167	0	0.0002170147167	0.0002170147167	0	0	0	0	0	0	0	0	0	0	0	0	0	0	0	0	0	0	0	0	0	0	0	0	0	0	0	0	0	0	0	0	0	0	0	0	0	0	0	0	0	0	0	0	0	0	0	0	0.001383468819	0	0	0.001383468819	0	0	0	0	0	0	0	0	0	0	0	0	0	0	0	0	0	0	0	0	0	0	0	0	0	0	0	0	0	0	0	0	0	0	0	0	0	0	0	0	0	0	0	0	0	0	0	0	0.001742899444	0.001742899444	0	0.001742899444	0.001742899444	0	0.001742899444	0.001742899444	0	0	0	0	0	0	0	0	0	0	0	0	0	0	0	0	0	0	0	0	0	0	0	0	0	0	0	0	0	0	0	0	0	0	0	0	0	0	0	0	0	0	0	0	0	0	0.006946166363	0.006946166363	0	0.006946166363	0.006946166363	0	0.006946166363	0.006946166363	0	0	0	0	0	0	0	0	0	0	0	0	0	0	0	0	0	0	0	0	0	0	0	0	0	0	0	0	0	0	0	0	0	0	0	0	0	0	0	0	0	0	0	0	0	0	0	0	0.0833349228	0	0	0.0833349228	0	0	0	0	0	0	0	0	0	0	0	0	0	0	0	0	0	0	0	0	0	0	0	0	0	0	0	0	0	0	0	0	0	0	0	0	0	0	0	0	0	0	0	0	0	0	0	0	0.0277783076	0.0277783076	0	0.0277783076	0.0277783076	0	0.0277783076	0.0277783076	0	0	0	0	0	0	0	0	0	0	0	0	0	0	0	0	0	0	0	0	0	0	0	0	0	0	0	0	0	0	0	0	0	0	0	0	0	0	0	0	0	0	0	0	0	0	0.006946166363	0.006946166363	0	0.006946166363	0.006946166363	0	0.006946166363	0.006946166363	0	0	0	0	0	0	0	0	0	0	0	0	0	0	0	0	0	0	0	0	0	0	0	0	0	0	0	0	0	0	0	0	0	0	0	0	0	0	0	0	0	0	0
(13,7)	0	0	0	0	0	0	0	0	0	0	0	0	0	0	0	0	0	0	0	0	0	0	0	0	0	0	0	0	0	0	0.0002938740956	0.0002938740956	0.0002938740956	0.0002938740956	0.0002938740956	0.0002938740956	0.0002938740956	0.0002938740956	0.0002938740956	0	0	0	0	0	0	0	0	0	0	0	0	0	0	0	0	0	0	0	0	0	0	0	0	0	0	0	0	0	0	0	0	0	0	0	0	0	0	0	0	0	0	0	0	0	9.042279864e-05	9.042279864e-05	9.042279864e-05	9.042279864e-05	9.042279864e-05	9.042279864e-05	9.042279864e-05	9.042279864e-05	9.042279864e-05	0	0	0	0	0	0	0	0	0	0	0	0	0	0	0	0	0	0	0	0	0	0	0	0	0	0	0	0	0	0	0	0	0	0	0	0	0	0	0	0	0	0	0	0	0	9.042279864e-05	9.042279864e-05	9.042279864e-05	9.042279864e-05	9.042279864e-05	9.042279864e-05	9.042279864e-05	9.042279864e-05	9.042279864e-05	0	0	0	0	0	0	0	0	0	0	0	0	0	0	0	0	0	0	0	0	0	0	0	0	0	0	0	0	0	0	0	0	0	0	0	0	0	0	0	0	0	0	0	0	0	0.0002938740956	0.0002938740956	0.0002938740956	0.0002938740956	0.0002938740956	0.0002938740956	0.0002938740956	0.0002938740956	0.0002938740956	0	0	0	0	0	0	0	0	0	0	0	0	0	0	0	0	0	0	0	0	0	0	0	0	0	0	0	0	0	0	0	0	0	0	0	0	0	0	0	0	0	0	0	0	0	0.001158542108	0.001158542108	0.001158542108	0.001158542108	0.001158542108	0.001158542108	0.001158542108	0.001158542108	0.001158542108	0	0	0	0	0	0	0	0	0	0	0	0	0	0	0	0	0	0	0	0	0	0	0	0	0	0	0	0	0	0	0	0	0	0	0	0	0	0	0	0	0	0	0	0	0	0.004629929862	0.004629929862	0.004629929862	0.004629929862	0.004629929862	0.004629929862	0.004629929862	0.004629929862	0.004629929862	0	0	0	0	0	0	0	0	0	0	0	0	0	0	0	0	0	0	0	0	0	0	0	0	0	0	0	0	0	0	0	0	0	0	0	0	0	0	0	0	0	0	0	0	0	0.0185186598	0.0185186598	0.0185186598	0.0185186598	0.0185186598	0.0185186598	0.0185186598	0.0185186598	0.0185186598	0	0	0	0	0	0	0	0	0	0	0	0	0	0	0	0	0	0	0	0	0	0	0	0	0	0	0	0	0	0	0	0	0	0	0	0	0	0	0	0	0	0	0	0	0	0.004629929862	0.004629929862	0.004629929862	0.004629929862	0.004629929862	0.004629929862	0.004629929862	0.004629929862	0.004629929862	0	0	0	0	0	0	0	0	0	0	0	0	0	0	0	0	0	0	0	0	0	0	0	0	0	0	0	0	0	0	0	0	0	0	0	0	0	0	0	0	0	0	0	0	0	0.001158542108	0.001158542108	0.001158542108	0.001158542108	0.001158542108	0.001158542108	0.001158542108	0.001158542108	0.001158542108	0	0	0	0	0	0	0	0	0	0	0	0	0	0	0
(13,8)	0	0	0	0	0	0	0	0	0	0	0	0	0	0	0	0	0	0	0	0	0	0	0	0	0	0	0	0	0	0	0.0002938740956	0.0002938740956	0.0002938740956	0.0002938740956	0.0002938740956	0.0002938740956	0.0002938740956	0.0002938740956	0.0002938740956	0	0	0	0	0	0	0	0	0	0	0	0	0	0	0	0	0	0	0	0	0	0	0	0	0	0	0	0	0	0	0	0	0	0	0	0	0	0	0	0	0	0	0	0	0	9.042279864e-05	9.042279864e-05	9.042279864e-05	9.042279864e-05	9.042279864e-05	9.042279864e-05	9.042279864e-05	9.042279864e-05	9.042279864e-05	0	0	0	0	0	0	0	0	0	0	0	0	0	0	0	0	0	0	0	0	0	0	0	0	0	0	0	0	0	0	0	0	0	0	0	0	0	0	0	0	0	0	0	0	0	9.042279864e-05	9.042279864e-05	9.042279864e-05	9.042279864e-05	9.042279864e-05	9.042279864e-05	9.042279864e-05	9.042279864e-05	9.042279864e-05	0	0	0	0	0	0	0	0	0	0	0	0	0	0	0	0	0	0	0	0	0	0	0	0	0	0	0	0	0	0	0	0	0	0	0	0	0	0	0	0	0	0	0	0	0	0.0002938740956	0.0002938740956	0.0002938740956	0.0002938740956	0.0002938740956	0.0002938740956	0.0002938740956	0.0002938740956	0.0002938740956	0	0	0	0	0	0	0	0	0	0	0	0	0	0	0	0	0	0	0	0	0	0	0	0	0	0	0	0	0	0	0	0	0	0	0	0	0	0	0	0	0	0	0	0	0	0.001158542108	0.001158542108	0.001158542108	0.001158542108	0.001158542108	0.001158542108	0.001158542108	0.001158542108	0.001158542108	0	0	0	0	0	0	0	0	0	0	0	0	0	0	0	0	0	0	0	0	0	0	0	0	0	0	0	0	0	0	0	0	0	0	0	0	0	0	0	0	0	0	0	0	0	0.004629929862	0.004629929862	0.004629929862	0.004629929862	0.004629929862	0.004629929862	0.004629929862	0.004629929862	0.004629929862	0	0	0	0	0	0	0	0	0	0	0	0	0	0	0	0	0	0	0	0	0	0	0	0	0	0	0	0	0	0	0	0	0	0	0	0	0	0	0	0	0	0	0	0	0	0.0185186598	0.0185186598	0.0185186598	0.0185186598	0.0185186598	0.0185186598	0.0185186598	0.0185186598	0.0185186598	0	0	0	0	0	0	0	0	0	0	0	0	0	0	0	0	0	0	0	0	0	0	0	0	0	0	0	0	0	0	0	0	0	0	0	0	0	0	0	0	0	0	0	0	0	0.004629929862	0.004629929862	0.004629929862	0.004629929862	0.004629929862	0.004629929862	0.004629929862	0.004629929862	0.004629929862	0	0	0	0	0	0	0	0	0	0	0	0	0	0	0	0	0	0	0	0	0	0	0	0	0	0	0	0	0	0	0	0	0	0	0	0	0	0	0	0	0	0	0	0	0	0.001158542108	0.001158542108	0.001158542108	0.001158542108	0.001158542108	0.001158542108	0.001158542108	0.001158542108	0.001158542108	0	0	0	0	0	0	0	0	0	0	0	0	0	0	0
(13,9)	0	0	0	0.01045739666	0	0	0	0	0	0	0	0	0	0	0	0	0	0	0	0	0	0	0	0	0	0	0	0	0	0	0	0	0	0	0	0	0	0	0	0	0	0	0	0	0	0	0	0	0	0	0	0	0	0	0	0	0	0	0.0004611562731	0.0004611562731	0	0.0004611562731	0.0004611562731	0	0.0004611562731	0.0004611562731	0	0	0	0	0	0	0	0	0	0	0	0	0	0	0	0	0	0	0	0	0	0	0	0	0	0	0	0	0	0	0	0	0	0	0	0	0	0	0	0	0	0	0	0	0	0	0.0002170147167	0.0002170147167	0	0.0002170147167	0.0002170147167	0	0.0002170147167	0.0002170147167	0	0	0	0	0	0	0	0	0	0	0	0	0	0	0	0	0	0	0	0	0	0	0	0	0	0	0	0	0	0	0	0	0	0	0	0	0	0	0	0	0	0	0	0	0	0	0	0	0.001383468819	0	0	0.001383468819	0	0	0	0	0	0	0	0	0	0	0	0	0	0	0	0	0	0	0	0	0	0	0	0	0	0	0	0	0	0	0	0	0	0	0	0	0	0	0	0	0	0	0	0	0	0	0	0	0.001742899444	0.001742899444	0	0.001742899444	0.001742899444	0	0.001742899444	0.001742899444	0	0	0	0	0	0	0	0	0	0	0	0	0	0	0	0	0	0	0	0	0	0	0	0	0	0	0	0	0	0	0	0	0	0	0	0	0	0	0	0	0	0	0	0	0	0	0.006946166363	0.006946166363	0	0.006946166363	0.006946166363	0	0.006946166363	0.006946166363	0	0	0	0	0	0	0	0	0	0	0	0	0	0	0	0	0	0	0	0	0	0	0	0	0	0	0	0	0	0	0	0	0	0	0	0	0	0	0	0	0	0	0	0	0	0	0	0	0.0833349228	0	0	0.0833349228	0	0	0	0	0	0	0	0	0	0	0	0	0	0	0	0	0	0	0	0	0	0	0	0	0	0	0	0	0	0	0	0	0	0	0	0	0	0	0	0	0	0	0	0	0	0	0	0	0.0277783076	0.0277783076	0	0.0277783076	0.0277783076	0	0.0277783076	0.0277783076	0	0	0	0	0	0	0	0	0	0	0	0	0	0	0	0	0	0	0	0	0	0	0	0	0	0	0	0	0	0	0	0	0	0	0	0	0	0	0	0	0	0	0	0	0	0	0.006946166363	0.006946166363	0	0.006946166363	0.006946166363	0	0.006946166363	0.006946166363	0	0	0	0	0	0	0	0	0	0	0	0	0	0	0	0	0	0	0	0	0	0	0	0	0	0	0	0	0	0	0	0	0	0	0	0	0	0	0	0	0	0
(13,10)	0	0	0	0	0	0	0	0	0	0	0	0	0	0	0	0	0	0	0	0	0	0	0	0	0	0	0	0	0	0	0	0.0002938740956	0.0002938740956	0.0002938740956	0.0002938740956	0.0002938740956	0.0002938740956	0.0002938740956	0.0002938740956	0.0002938740956	0	0	0	0	0	0	0	0	0	0	0	0	0	0	0	0	0	0	0	0	0	0	0	0	0	0	0	0	0	0	0	0	0	0	0	0	0	0	0	0	0	0	0	0	0	9.042279864e-05	9.042279864e-05	9.042279864e-05	9.042279864e-05	9.042279864e-05	9.042279864e-05	9.042279864e-05	9.042279864e-05	9.042279864e-05	0	0	0	0	0	0	0	0	0	0	0	0	0	0	0	0	0	0	0	0	0	0	0	0	0	0	0	0	0	0	0	0	0	0	0	0	0	0	0	0	0	0	0	0	0	9.042279864e-05	9.042279864e-05	9.042279864e-05	9.042279864e-05	9.042279864e-05	9.042279864e-05	9.042279864e-05	9.042279864e-05	9.042279864e-05	0	0	0	0	0	0	0	0	0	0	0	0	0	0	0	0	0	0	0	0	0	0	0	0	0	0	0	0	0	0	0	0	0	0	0	0	0	0	0	0	0	0	0	0	0	0.0002938740956	0.0002938740956	0.0002938740956	0.0002938740956	0.0002938740956	0.0002938740956	0.0002938740956	0.0002938740956	0.0002938740956	0	0	0	0	0	0	0	0	0	0	0	0	0	0	0	0	0	0	0	0	0	0	0	0	0	0	0	0	0	0	0	0	0	0	0	0	0	0	0	0	0	0	0	0	0	0.001158542108	0.001158542108	0.001158542108	0.001158542108	0.001158542108	0.001158542108	0.001158542108	0.001158542108	0.001158542108	0	0	0	0	0	0	0	0	0	0	0	0	0	0	0	0	0	0	0	0	0	0	0	0	0	0	0	0	0	0	0	0	0	0	0	0	0	0	0	0	0	0	0	0	0	0.004629929862	0.004629929862	0.004629929862	0.004629929862	0.004629929862	0.004629929862	0.004629929862	0.004629929862	0.004629929862	0	0	0	0	0	0	0	0	0	0	0	0	0	0	0	0	0	0	0	0	0	0	0	0	0	0	0	0	0	0	0	0	0	0	0	0	0	0	0	0	0	0	0	0	0	0.0185186598	0.0185186598	0.0185186598	0.0185186598	0.0185186598	0.0185186598	0.0185186598	0.0185186598	0.0185186598	0	0	0	0	0	0	0	0	0	0	0	0	0	0	0	0	0	0	0	0	0	0	0	0	0	0	0	0	0	0	0	0	0	0	0	0	0	0	0	0	0	0	0	0	0	0.004629929862	0.004629929862	0.004629929862	0.004629929862	0.004629929862	0.004629929862	0.004629929862	0.004629929862	0.004629929862	0	0	0	0	0	0	0	0	0	0	0	0	0	0	0	0	0	0	0	0	0	0	0	0	0	0	0	0	0	0	0	0	0	0	0	0	0	0	0	0	0	0	0	0	0	0.001158542108	0.001158542108	0.001158542108	0.001158542108	0.001158542108	0.001158542108	0.001158542108	0.001158542108	0.001158542108	0	0	0	0	0	0	0	0	0	0	0	0	0	0
(13,11)	0	0	0	0	0	0	0	0	0	0	0	0	0	0	0	0	0	0	0	0	0	0	0	0	0	0	0	0	0	0	0	0.0002938740956	0.0002938740956	0.0002938740956	0.0002938740956	0.0002938740956	0.0002938740956	0.0002938740956	0.0002938740956	0.0002938740956	0	0	0	0	0	0	0	0	0	0	0	0	0	0	0	0	0	0	0	0	0	0	0	0	0	0	0	0	0	0	0	0	0	0	0	0	0	0	0	0	0	0	0	0	0	9.042279864e-05	9.042279864e-05	9.042279864e-05	9.042279864e-05	9.042279864e-05	9.042279864e-05	9.042279864e-05	9.042279864e-05	9.042279864e-05	0	0	0	0	0	0	0	0	0	0	0	0	0	0	0	0	0	0	0	0	0	0	0	0	0	0	0	0	0	0	0	0	0	0	0	0	0	0	0	0	0	0	0	0	0	9.042279864e-05	9.042279864e-05	9.042279864e-05	9.042279864e-05	9.042279864e-05	9.042279864e-05	9.042279864e-05	9.042279864e-05	9.042279864e-05	0	0	0	0	0	0	0	0	0	0	0	0	0	0	0	0	0	0	0	0	0	0	0	0	0	0	0	0	0	0	0	0	0	0	0	0	0	0	0	0	0	0	0	0	0	0.0002938740956	0.0002938740956	0.0002938740956	0.0002938740956	0.0002938740956	0.0002938740956	0.0002938740956	0.0002938740956	0.0002938740956	0	0	0	0	0	0	0	0	0	0	0	0	0	0	0	0	0	0	0	0	0	0	0	0	0	0	0	0	0	0	0	0	0	0	0	0	0	0	0	0	0	0	0	0	0	0.001158542108	0.001158542108	0.001158542108	0.001158542108	0.001158542108	0.001158542108	0.001158542108	0.001158542108	0.001158542108	0	0	0	0	0	0	0	0	0	0	0	0	0	0	0	0	0	0	0	0	0	0	0	0	0	0	0	0	0	0	0	0	0	0	0	0	0	0	0	0	0	0	0	0	0	0.004629929862	0.004629929862	0.004629929862	0.004629929862	0.004629929862	0.004629929862	0.004629929862	0.004629929862	0.004629929862	0	0	0	0	0	0	0	0	0	0	0	0	0	0	0	0	0	0	0	0	0	0	0	0	0	0	0	0	0	0	0	0	0	0	0	0	0	0	0	0	0	0	0	0	0	0.0185186598	0.0185186598	0.0185186598	0.0185186598	0.0185186598	0.0185186598	0.0185186598	0.0185186598	0.0185186598	0	0	0	0	0	0	0	0	0	0	0	0	0	0	0	0	0	0	0	0	0	0	0	0	0	0	0	0	0	0	0	0	0	0	0	0	0	0	0	0	0	0	0	0	0	0.004629929862	0.004629929862	0.004629929862	0.004629929862	0.004629929862	0.004629929862	0.004629929862	0.004629929862	0.004629929862	0	0	0	0	0	0	0	0	0	0	0	0	0	0	0	0	0	0	0	0	0	0	0	0	0	0	0	0	0	0	0	0	0	0	0	0	0	0	0	0	0	0	0	0	0	0.001158542108	0.001158542108	0.001158542108	0.001158542108	0.001158542108	0.001158542108	0.001158542108	0.001158542108	0.001158542108	0	0	0	0	0	0	0	0	0	0	0	0	0	0
(13,12)	0	0	0	0	0.01045739666	0	0	0	0	0	0	0	0	0	0	0	0	0	0	0	0	0	0	0	0	0	0	0	0	0	0	0	0	0	0	0	0	0	0	0	0	0	0	0	0	0	0	0	0	0	0	0	0	0	0	0	0	0	0	0.0004611562731	0.0004611562731	0	0.0004611562731	0.0004611562731	0	0.0004611562731	0.0004611562731	0	0	0	0	0	0	0	0	0	0	0	0	0	0	0	0	0	0	0	0	0	0	0	0	0	0	0	0	0	0	0	0	0	0	0	0	0	0	0	0	0	0	0	0	0	0	0.0002170147167	0.0002170147167	0	0.0002170147167	0.0002170147167	0	0.0002170147167	0.0002170147167	0	0	0	0	0	0	0	0	0	0	0	0	0	0	0	0	0	0	0	0	0	0	0	0	0	0	0	0	0	0	0	0	0	0	0	0	0	0	0	0	0	0	0	0	0	0	0	0	0.001383468819	0	0	0.001383468819	0	0	0	0	0	0	0	0	0	0	0	0	0	0	0	0	0	0	0	0	0	0	0	0	0	0	0	0	0	0	0	0	0	0	0	0	0	0	0	0	0	0	0	0	0	0	0	0	0.001742899444	0.001742899444	0	0.001742899444	0.001742899444	0	0.001742899444	0.001742899444	0	0	0	0	0	0	0	0	0	0	0	0	0	0	0	0	0	0	0	0	0	0	0	0	0	0	0	0	0	0	0	0	0	0	0	0	0	0	0	0	0	0	0	0	0	0	0.006946166363	0.006946166363	0	0.006946166363	0.006946166363	0	0.006946166363	0.006946166363	0	0	0	0	0	0	0	0	0	0	0	0	0	0	0	0	0	0	0	0	0	0	0	0	0	0	0	0	0	0	0	0	0	0	0	0	0	0	0	0	0	0	0	0	0	0	0	0	0.0833349228	0	0	0.0833349228	0	0	0	0	0	0	0	0	0	0	0	0	0	0	0	0	0	0	0	0	0	0	0	0	0	0	0	0	0	0	0	0	0	0	0	0	0	0	0	0	0	0	0	0	0	0	0	0	0.0277783076	0.0277783076	0	0.0277783076	0.0277783076	0	0.0277783076	0.0277783076	0	0	0	0	0	0	0	0	0	0	0	0	0	0	0	0	0	0	0	0	0	0	0	0	0	0	0	0	0	0	0	0	0	0	0	0	0	0	0	0	0	0	0	0	0	0	0.006946166363	0.006946166363	0	0.006946166363	0.006946166363	0	0.006946166363	0.006946166363	0	0	0	0	0	0	0	0	0	0	0	0	0	0	0	0	0	0	0	0	0	0	0	0	0	0	0	0	0	0	0	0	0	0	0	0	0	0	0	0	0
(13,13)	0	0	0	0	0	0	0	0	0	0	0	0	0	0	0	0	0	0	0	0	0	0	0	0	0	0	0	0	0	0	0	0	0.0002938740956	0.0002938740956	0.0002938740956	0.0002938740956	0.0002938740956	0.0002938740956	0.0002938740956	0.0002938740956	0.0002938740956	0	0	0	0	0	0	0	0	0	0	0	0	0	0	0	0	0	0	0	0	0	0	0	0	0	0	0	0	0	0	0	0	0	0	0	0	0	0	0	0	0	0	0	0	0	9.042279864e-05	9.042279864e-05	9.042279864e-05	9.042279864e-05	9.042279864e-05	9.042279864e-05	9.042279864e-05	9.042279864e-05	9.042279864e-05	0	0	0	0	0	0	0	0	0	0	0	0	0	0	0	0	0	0	0	0	0	0	0	0	0	0	0	0	0	0	0	0	0	0	0	0	0	0	0	0	0	0	0	0	0	9.042279864e-05	9.042279864e-05	9.042279864e-05	9.042279864e-05	9.042279864e-05	9.042279864e-05	9.042279864e-05	9.042279864e-05	9.042279864e-05	0	0	0	0	0	0	0	0	0	0	0	0	0	0	0	0	0	0	0	0	0	0	0	0	0	0	0	0	0	0	0	0	0	0	0	0	0	0	0	0	0	0	0	0	0	0.0002938740956	0.0002938740956	0.0002938740956	0.0002938740956	0.0002938740956	0.0002938740956	0.0002938740956	0.0002938740956	0.0002938740956	0	0	0	0	0	0	0	0	0	0	0	0	0	0	0	0	0	0	0	0	0	0	0	0	0	0	0	0	0	0	0	0	0	0	0	0	0	0	0	0	0	0	0	0	0	0.001158542108	0.001158542108	0.001158542108	0.001158542108	0.001158542108	0.001158542108	0.001158542108	0.001158542108	0.001158542108	0	0	0	0	0	0	0	0	0	0	0	0	0	0	0	0	0	0	0	0	0	0	0	0	0	0	0	0	0	0	0	0	0	0	0	0	0	0	0	0	0	0	0	0	0	0.004629929862	0.004629929862	0.004629929862	0.004629929862	0.004629929862	0.004629929862	0.004629929862	0.004629929862	0.004629929862	0	0	0	0	0	0	0	0	0	0	0	0	0	0	0	0	0	0	0	0	0	0	0	0	0	0	0	0	0	0	0	0	0	0	0	0	0	0	0	0	0	0	0	0	0	0.0185186598	0.0185186598	0.0185186598	0.0185186598	0.0185186598	0.0185186598	0.0185186598	0.0185186598	0.0185186598	0	0	0	0	0	0	0	0	0	0	0	0	0	0	0	0	0	0	0	0	0	0	0	0	0	0	0	0	0	0	0	0	0	0	0	0	0	0	0	0	0	0	0	0	0	0.004629929862	0.004629929862	0.004629929862	0.004629929862	0.004629929862	0.004629929862	0.004629929862	0.004629929862	0.004629929862	0	0	0	0	0	0	0	0	0	0	0	0	0	0	0	0	0	0	0	0	0	0	0	0	0	0	0	0	0	0	0	0	0	0	0	0	0	0	0	0	0	0	0	0	0	0.001158542108	0.001158542108	0.001158542108	0.001158542108	0.001158542108	0.001158542108	0.001158542108	0.001158542108	0.001158542108	0	0	0	0	0	0	0	0	0	0	0	0	0
(13,14)	0	0	0	0	0	0	0	0	0	0	0	0	0	0	0	0	0	0	0	0	0	0	0	0	0	0	0	0	0	0	0	0	0.0002938740956	0.0002938740956	0.0002938740956	0.0002938740956	0.0002938740956	0.0002938740956	0.0002938740956	0.0002938740956	0.0002938740956	0	0	0	0	0	0	0	0	0	0	0	0	0	0	0	0	0	0	0	0	0	0	0	0	0	0	0	0	0	0	0	0	0	0	0	0	0	0	0	0	0	0	0	0	0	9.042279864e-05	9.042279864e-05	9.042279864e-05	9.042279864e-05	9.042279864e-05	9.042279864e-05	9.042279864e-05	9.042279864e-05	9.042279864e-05	0	0	0	0	0	0	0	0	0	0	0	0	0	0	0	0	0	0	0	0	0	0	0	0	0	0	0	0	0	0	0	0	0	0	0	0	0	0	0	0	0	0	0	0	0	9.042279864e-05	9.042279864e-05	9.042279864e-05	9.042279864e-05	9.042279864e-05	9.042279864e-05	9.042279864e-05	9.042279864e-05	9.042279864e-05	0	0	0	0	0	0	0	0	0	0	0	0	0	0	0	0	0	0	0	0	0	0	0	0	0	0	0	0	0	0	0	0	0	0	0	0	0	0	0	0	0	0	0	0	0	0.0002938740956	0.0002938740956	0.0002938740956	0.0002938740956	0.0002938740956	0.0002938740956	0.0002938740956	0.0002938740956	0.0002938740956	0	0	0	0	0	0	0	0	0	0	0	0	0	0	0	0	0	0	0	0	0	0	0	0	0	0	0	0	0	0	0	0	0	0	0	0	0	0	0	0	0	0	0	0	0	0.001158542108	0.001158542108	0.001158542108	0.001158542108	0.001158542108	0.001158542108	0.001158542108	0.001158542108	0.001158542108	0	0	0	0	0	0	0	0	0	0	0	0	0	0	0	0	0	0	0	0	0	0	0	0	0	0	0	0	0	0	0	0	0	0	0	0	0	0	0	0	0	0	0	0	0	0.004629929862	0.004629929862	0.004629929862	0.004629929862	0.004629929862	0.004629929862	0.004629929862	0.004629929862	0.004629929862	0	0	0	0	0	0	0	0	0	0	0	0	0	0	0	0	0	0	0	0	0	0	0	0	0	0	0	0	0	0	0	0	0	0	0	0	0	0	0	0	0	0	0	0	0	0.0185186598	0.0185186598	0.0185186598	0.0185186598	0.0185186598	0.0185186598	0.0185186598	0.0185186598	0.0185186598	0	0	0	0	0	0	0	0	0	0	0	0	0	0	0	0	0	0	0	0	0	0	0	0	0	0	0	0	0	0	0	0	0	0	0	0	0	0	0	0	0	0	0	0	0	0.004629929862	0.004629929862	0.004629929862	0.004629929862	0.004629929862	0.004629929862	0.004629929862	0.004629929862	0.004629929862	0	0	0	0	0	0	0	0	0	0	0	0	0	0	0	0	0	0	0	0	0	0	0	0	0	0	0	0	0	0	0	0	0	0	0	0	0	0	0	0	0	0	0	0	0	0.001158542108	0.001158542108	0.001158542108	0.001158542108	0.001158542108	0.001158542108	0.001158542108	0.001158542108	0.001158542108	0	0	0	0	0	0	0	0	0	0	0	0	0
(13,15)	0	0	0	0	0	0.01045739666	0	0	0	0	0	0	0	0	0	0	0	0	0	0	0	0	0	0	0	0	0	0	0	0	0	0	0	0	0	0	0	0	0	0	0	0	0	0	0	0	0	0	0	0	0	0	0	0	0	0	0	0	0	0	0.0004611562731	0.0004611562731	0	0.0004611562731	0.0004611562731	0	0.0004611562731	0.0004611562731	0	0	0	0	0	0	0	0	0	0	0	0	0	0	0	0	0	0	0	0	0	0	0	0	0	0	0	0	0	0	0	0	0	0	0	0	0	0	0	0	0	0	0	0	0	0	0.0002170147167	0.0002170147167	0	0.0002170147167	0.0002170147167	0	0.0002170147167	0.0002170147167	0	0	0	0	0	0	0	0	0	0	0	0	0	0	0	0	0	0	0	0	0	0	0	0	0	0	0	0	0	0	0	0	0	0	0	0	0	0	0	0	0	0	0	0	0	0	0	0	0.001383468819	0	0	0.001383468819	0	0	0	0	0	0	0	0	0	0	0	0	0	0	0	0	0	0	0	0	0	0	0	0	0	0	0	0	0	0	0	0	0	0	0	0	0	0	0	0	0	0	0	0	0	0	0	0	0.001742899444	0.001742899444	0	0.001742899444	0.001742899444	0	0.001742899444	0.001742899444	0	0	0	0	0	0	0	0	0	0	0	0	0	0	0	0	0	0	0	0	0	0	0	0	0	0	0	0	0	0	0	0	0	0	0	0	0	0	0	0	0	0	0	0	0	0	0.006946166363	0.006946166363	0	0.006946166363	0.006946166363	0	0.006946166363	0.006946166363	0	0	0	0	0	0	0	0	0	0	0	0	0	0	0	0	0	0	0	0	0	0	0	0	0	0	0	0	0	0	0	0	0	0	0	0	0	0	0	0	0	0	0	0	0	0	0	0	0.0833349228	0	0	0.0833349228	0	0	0	0	0	0	0	0	0	0	0	0	0	0	0	0	0	0	0	0	0	0	0	0	0	0	0	0	0	0	0	0	0	0	0	0	0	0	0	0	0	0	0	0	0	0	0	0	0.0277783076	0.0277783076	0	0.0277783076	0.0277783076	0	0.0277783076	0.0277783076	0	0	0	0	0	0	0	0	0	0	0	0	0	0	0	0	0	0	0	0	0	0	0	0	0	0	0	0	0	0	0	0	0	0	0	0	0	0	0	0	0	0	0	0	0	0	0.006946166363	0.006946166363	0	0.006946166363	0.006946166363	0	0.006946166363	0.006946166363	0	0	0	0	0	0	0	0	0	0	0	0	0	0	0	0	0	0	0	0	0	0	0	0	0	0	0	0	0	0	0	0	0	0	0	0	0	0	0	0
(13,16)	0	0	0	0	0	0	0	0	0	0	0	0	0	0	0	0	0	0	0	0	0	0	0	0	0	0	0	0	0	0	0	0	0	0.0002938740956	0.0002938740956	0.0002938740956	0.0002938740956	0.0002938740956	0.0002938740956	0.0002938740956	0.0002938740956	0.0002938740956	0	0	0	0	0	0	0	0	0	0	0	0	0	0	0	0	0	0	0	0	0	0	0	0	0	0	0	0	0	0	0	0	0	0	0	0	0	0	0	0	0	0	0	0	0	9.042279864e-05	9.042279864e-05	9.042279864e-05	9.042279864e-05	9.042279864e-05	9.042279864e-05	9.042279864e-05	9.042279864e-05	9.042279864e-05	0	0	0	0	0	0	0	0	0	0	0	0	0	0	0	0	0	0	0	0	0	0	0	0	0	0	0	0	0	0	0	0	0	0	0	0	0	0	0	0	0	0	0	0	0	9.042279864e-05	9.042279864e-05	9.042279864e-05	9.042279864e-05	9.042279864e-05	9.042279864e-05	9.042279864e-05	9.042279864e-05	9.042279864e-05	0	0	0	0	0	0	0	0	0	0	0	0	0	0	0	0	0	0	0	0	0	0	0	0	0	0	0	0	0	0	0	0	0	0	0	0	0	0	0	0	0	0	0	0	0	0.0002938740956	0.0002938740956	0.0002938740956	0.0002938740956	0.0002938740956	0.0002938740956	0.0002938740956	0.0002938740956	0.0002938740956	0	0	0	0	0	0	0	0	0	0	0	0	0	0	0	0	0	0	0	0	0	0	0	0	0	0	0	0	0	0	0	0	0	0	0	0	0	0	0	0	0	0	0	0	0	0.001158542108	0.001158542108	0.001158542108	0.001158542108	0.001158542108	0.001158542108	0.001158542108	0.001158542108	0.001158542108	0	0	0	0	0	0	0	0	0	0	0	0	0	0	0	0	0	0	0	0	0	0	0	0	0	0	0	0	0	0	0	0	0	0	0	0	0	0	0	0	0	0	0	0	0	0.004629929862	0.004629929862	0.004629929862	0.004629929862	0.004629929862	0.004629929862	0.004629929862	0.004629929862	0.004629929862	0	0	0	0	0	0	0	0	0	0	0	0	0	0	0	0	0	0	0	0	0	0	0	0	0	0	0	0	0	0	0	0	0	0	0	0	0	0	0	0	0	0	0	0	0	0.0185186598	0.0185186598	0.0185186598	0.0185186598	0.0185186598	0.0185186598	0.0185186598	0.0185186598	0.0185186598	0	0	0	0	0	0	0	0	0	0	0	0	0	0	0	0	0	0	0	0	0	0	0	0	0	0	0	0	0	0	0	0	0	0	0	0	0	0	0	0	0	0	0	0	0	0.004629929862	0.004629929862	0.004629929862	0.004629929862	0.004629929862	0.004629929862	0.004629929862	0.004629929862	0.004629929862	0	0	0	0	0	0	0	0	0	0	0	0	0	0	0	0	0	0	0	0	0	0	0	0	0	0	0	0	0	0	0	0	0	0	0	0	0	0	0	0	0	0	0	0	0	0.001158542108	0.001158542108	0.001158542108	0.001158542108	0.001158542108	0.001158542108	0.001158542108	0.001158542108	0.001158542108	0	0	0	0	0	0	0	0	0	0	0	0
(13,17)	0	0	0	0	0	0	0	0	0	0	0	0	0	0	0	0	0	0	0	0	0	0	0	0	0	0	0	0	0	0	0	0	0	0.0002938740956	0.0002938740956	0.0002938740956	0.0002938740956	0.0002938740956	0.0002938740956	0.0002938740956	0.0002938740956	0.0002938740956	0	0	0	0	0	0	0	0	0	0	0	0	0	0	0	0	0	0	0	0	0	0	0	0	0	0	0	0	0	0	0	0	0	0	0	0	0	0	0	0	0	0	0	0	0	9.042279864e-05	9.042279864e-05	9.042279864e-05	9.042279864e-05	9.042279864e-05	9.042279864e-05	9.042279864e-05	9.042279864e-05	9.042279864e-05	0	0	0	0	0	0	0	0	0	0	0	0	0	0	0	0	0	0	0	0	0	0	0	0	0	0	0	0	0	0	0	0	0	0	0	0	0	0	0	0	0	0	0	0	0	9.042279864e-05	9.042279864e-05	9.042279864e-05	9.042279864e-05	9.042279864e-05	9.042279864e-05	9.042279864e-05	9.042279864e-05	9.042279864e-05	0	0	0	0	0	0	0	0	0	0	0	0	0	0	0	0	0	0	0	0	0	0	0	0	0	0	0	0	0	0	0	0	0	0	0	0	0	0	0	0	0	0	0	0	0	0.0002938740956	0.0002938740956	0.0002938740956	0.0002938740956	0.0002938740956	0.0002938740956	0.0002938740956	0.0002938740956	0.0002938740956	0	0	0	0	0	0	0	0	0	0	0	0	0	0	0	0	0	0	0	0	0	0	0	0	0	0	0	0	0	0	0	0	0	0	0	0	0	0	0	0	0	0	0	0	0	0.001158542108	0.001158542108	0.001158542108	0.001158542108	0.001158542108	0.001158542108	0.001158542108	0.001158542108	0.001158542108	0	0	0	0	0	0	0	0	0	0	0	0	0	0	0	0	0	0	0	0	0	0	0	0	0	0	0	0	0	0	0	0	0	0	0	0	0	0	0	0	0	0	0	0	0	0.004629929862	0.004629929862	0.004629929862	0.004629929862	0.004629929862	0.004629929862	0.004629929862	0.004629929862	0.004629929862	0	0	0	0	0	0	0	0	0	0	0	0	0	0	0	0	0	0	0	0	0	0	0	0	0	0	0	0	0	0	0	0	0	0	0	0	0	0	0	0	0	0	0	0	0	0.0185186598	0.0185186598	0.0185186598	0.0185186598	0.0185186598	0.0185186598	0.0185186598	0.0185186598	0.0185186598	0	0	0	0	0	0	0	0	0	0	0	0	0	0	0	0	0	0	0	0	0	0	0	0	0	0	0	0	0	0	0	0	0	0	0	0	0	0	0	0	0	0	0	0	0	0.004629929862	0.004629929862	0.004629929862	0.004629929862	0.004629929862	0.004629929862	0.004629929862	0.004629929862	0.004629929862	0	0	0	0	0	0	0	0	0	0	0	0	0	0	0	0	0	0	0	0	0	0	0	0	0	0	0	0	0	0	0	0	0	0	0	0	0	0	0	0	0	0	0	0	0	0.001158542108	0.001158542108	0.001158542108	0.001158542108	0.001158542108	0.001158542108	0.001158542108	0.001158542108	0.001158542108	0	0	0	0	0	0	0	0	0	0	0	0
(13,18)	0	0	0	0	0	0	0.01045739666	0	0	0	0	0	0	0	0	0	0	0	0	0	0	0	0	0	0	0	0	0	0	0	0	0	0	0	0	0	0	0	0	0	0	0	0	0	0	0	0	0	0	0	0	0	0	0	0	0	0	0	0	0	0	0.0004611562731	0.0004611562731	0	0.0004611562731	0.0004611562731	0	0.0004611562731	0.0004611562731	0	0	0	0	0	0	0	0	0	0	0	0	0	0	0	0	0	0	0	0	0	0	0	0	0	0	0	0	0	0	0	0	0	0	0	0	0	0	0	0	0	0	0	0	0	0	0.0002170147167	0.0002170147167	0	0.0002170147167	0.0002170147167	0	0.0002170147167	0.0002170147167	0	0	0	0	0	0	0	0	0	0	0	0	0	0	0	0	0	0	0	0	0	0	0	0	0	0	0	0	0	0	0	0	0	0	0	0	0	0	0	0	0	0	0	0	0	0	0	0	0.001383468819	0	0	0.001383468819	0	0	0	0	0	0	0	0	0	0	0	0	0	0	0	0	0	0	0	0	0	0	0	0	0	0	0	0	0	0	0	0	0	0	0	0	0	0	0	0	0	0	0	0	0	0	0	0	0.001742899444	0.001742899444	0	0.001742899444	0.001742899444	0	0.001742899444	0.001742899444	0	0	0	0	0	0	0	0	0	0	0	0	0	0	0	0	0	0	0	0	0	0	0	0	0	0	0	0	0	0	0	0	0	0	0	0	0	0	0	0	0	0	0	0	0	0	0.006946166363	0.006946166363	0	0.006946166363	0.006946166363	0	0.006946166363	0.006946166363	0	0	0	0	0	0	0	0	0	0	0	0	0	0	0	0	0	0	0	0	0	0	0	0	0	0	0	0	0	0	0	0	0	0	0	0	0	0	0	0	0	0	0	0	0	0	0	0	0.0833349228	0	0	0.0833349228	0	0	0	0	0	0	0	0	0	0	0	0	0	0	0	0	0	0	0	0	0	0	0	0	0	0	0	0	0	0	0	0	0	0	0	0	0	0	0	0	0	0	0	0	0	0	0	0	0.0277783076	0.0277783076	0	0.0277783076	0.0277783076	0	0.0277783076	0.0277783076	0	0	0	0	0	0	0	0	0	0	0	0	0	0	0	0	0	0	0	0	0	0	0	0	0	0	0	0	0	0	0	0	0	0	0	0	0	0	0	0	0	0	0	0	0	0	0.006946166363	0.006946166363	0	0.006946166363	0.006946166363	0	0.006946166363	0.006946166363	0	0	0	0	0	0	0	0	0	0	0	0	0	0	0	0	0	0	0	0	0	0	0	0	0	0	0	0	0	0	0	0	0	0	0	0	0	0	0
(13,19)	0	0	0	0	0	0	0	0	0	0	0	0	0	0	0	0	0	0	0	0	0	0	0	0	0	0	0	0	0	0	0	0	0	0	0.0002938740956	0.0002938740956	0.0002938740956	0.0002938740956	0.0002938740956	0.0002938740956	0.0002938740956	0.0002938740956	0.0002938740956	0	0	0	0	0	0	0	0	0	0	0	0	0	0	0	0	0	0	0	0	0	0	0	0	0	0	0	0	0	0	0	0	0	0	0	0	0	0	0	0	0	0	0	0	0	9.042279864e-05	9.042279864e-05	9.042279864e-05	9.042279864e-05	9.042279864e-05	9.042279864e-05	9.042279864e-05	9.042279864e-05	9.042279864e-05	0	0	0	0	0	0	0	0	0	0	0	0	0	0	0	0	0	0	0	0	0	0	0	0	0	0	0	0	0	0	0	0	0	0	0	0	0	0	0	0	0	0	0	0	0	9.042279864e-05	9.042279864e-05	9.042279864e-05	9.042279864e-05	9.042279864e-05	9.042279864e-05	9.042279864e-05	9.042279864e-05	9.042279864e-05	0	0	0	0	0	0	0	0	0	0	0	0	0	0	0	0	0	0	0	0	0	0	0	0	0	0	0	0	0	0	0	0	0	0	0	0	0	0	0	0	0	0	0	0	0	0.0002938740956	0.0002938740956	0.0002938740956	0.0002938740956	0.0002938740956	0.0002938740956	0.0002938740956	0.0002938740956	0.0002938740956	0	0	0	0	0	0	0	0	0	0	0	0	0	0	0	0	0	0	0	0	0	0	0	0	0	0	0	0	0	0	0	0	0	0	0	0	0	0	0	0	0	0	0	0	0	0.001158542108	0.001158542108	0.001158542108	0.001158542108	0.001158542108	0.001158542108	0.001158542108	0.001158542108	0.001158542108	0	0	0	0	0	0	0	0	0	0	0	0	0	0	0	0	0	0	0	0	0	0	0	0	0	0	0	0	0	0	0	0	0	0	0	0	0	0	0	0	0	0	0	0	0	0.004629929862	0.004629929862	0.004629929862	0.004629929862	0.004629929862	0.004629929862	0.004629929862	0.004629929862	0.004629929862	0	0	0	0	0	0	0	0	0	0	0	0	0	0	0	0	0	0	0	0	0	0	0	0	0	0	0	0	0	0	0	0	0	0	0	0	0	0	0	0	0	0	0	0	0	0.0185186598	0.0185186598	0.0185186598	0.0185186598	0.0185186598	0.0185186598	0.0185186598	0.0185186598	0.0185186598	0	0	0	0	0	0	0	0	0	0	0	0	0	0	0	0	0	0	0	0	0	0	0	0	0	0	0	0	0	0	0	0	0	0	0	0	0	0	0	0	0	0	0	0	0	0.004629929862	0.004629929862	0.004629929862	0.004629929862	0.004629929862	0.004629929862	0.004629929862	0.004629929862	0.004629929862	0	0	0	0	0	0	0	0	0	0	0	0	0	0	0	0	0	0	0	0	0	0	0	0	0	0	0	0	0	0	0	0	0	0	0	0	0	0	0	0	0	0	0	0	0	0.001158542108	0.001158542108	0.001158542108	0.001158542108	0.001158542108	0.001158542108	0.001158542108	0.001158542108	0.001158542108	0	0	0	0	0	0	0	0	0	0	0
(13,20)	0	0	0	0	0	0	0	0	0	0	0	0	0	0	0	0	0	0	0	0	0	0	0	0	0	0	0	0	0	0	0	0	0	0	0.0002938740956	0.0002938740956	0.0002938740956	0.0002938740956	0.0002938740956	0.0002938740956	0.0002938740956	0.0002938740956	0.0002938740956	0	0	0	0	0	0	0	0	0	0	0	0	0	0	0	0	0	0	0	0	0	0	0	0	0	0	0	0	0	0	0	0	0	0	0	0	0	0	0	0	0	0	0	0	0	9.042279864e-05	9.042279864e-05	9.042279864e-05	9.042279864e-05	9.042279864e-05	9.042279864e-05	9.042279864e-05	9.042279864e-05	9.042279864e-05	0	0	0	0	0	0	0	0	0	0	0	0	0	0	0	0	0	0	0	0	0	0	0	0	0	0	0	0	0	0	0	0	0	0	0	0	0	0	0	0	0	0	0	0	0	9.042279864e-05	9.042279864e-05	9.042279864e-05	9.042279864e-05	9.042279864e-05	9.042279864e-05	9.042279864e-05	9.042279864e-05	9.042279864e-05	0	0	0	0	0	0	0	0	0	0	0	0	0	0	0	0	0	0	0	0	0	0	0	0	0	0	0	0	0	0	0	0	0	0	0	0	0	0	0	0	0	0	0	0	0	0.0002938740956	0.0002938740956	0.0002938740956	0.0002938740956	0.0002938740956	0.0002938740956	0.0002938740956	0.0002938740956	0.0002938740956	0	0	0	0	0	0	0	0	0	0	0	0	0	0	0	0	0	0	0	0	0	0	0	0	0	0	0	0	0	0	0	0	0	0	0	0	0	0	0	0	0	0	0	0	0	0.001158542108	0.001158542108	0.001158542108	0.001158542108	0.001158542108	0.001158542108	0.001158542108	0.001158542108	0.001158542108	0	0	0	0	0	0	0	0	0	0	0	0	0	0	0	0	0	0	0	0	0	0	0	0	0	0	0	0	0	0	0	0	0	0	0	0	0	0	0	0	0	0	0	0	0	0.004629929862	0.004629929862	0.004629929862	0.004629929862	0.004629929862	0.004629929862	0.004629929862	0.004629929862	0.004629929862	0	0	0	0	0	0	0	0	0	0	0	0	0	0	0	0	0	0	0	0	0	0	0	0	0	0	0	0	0	0	0	0	0	0	0	0	0	0	0	0	0	0	0	0	0	0.0185186598	0.0185186598	0.0185186598	0.0185186598	0.0185186598	0.0185186598	0.0185186598	0.0185186598	0.0185186598	0	0	0	0	0	0	0	0	0	0	0	0	0	0	0	0	0	0	0	0	0	0	0	0	0	0	0	0	0	0	0	0	0	0	0	0	0	0	0	0	0	0	0	0	0	0.004629929862	0.004629929862	0.004629929862	0.004629929862	0.004629929862	0.004629929862	0.004629929862	0.004629929862	0.004629929862	0	0	0	0	0	0	0	0	0	0	0	0	0	0	0	0	0	0	0	0	0	0	0	0	0	0	0	0	0	0	0	0	0	0	0	0	0	0	0	0	0	0	0	0	0	0.001158542108	0.001158542108	0.001158542108	0.001158542108	0.001158542108	0.001158542108	0.001158542108	0.001158542108	0.001158542108	0	0	0	0	0	0	0	0	0	0	0
(13,21)	0	0	0	0	0	0	0	0.01045739666	0	0	0	0	0	0	0	0	0	0	0	0	0	0	0	0	0	0	0	0	0	0	0	0	0	0	0	0	0	0	0	0	0	0	0	0	0	0	0	0	0	0	0	0	0	0	0	0	0	0	0	0	0	0	0.0004611562731	0.0004611562731	0	0.0004611562731	0.0004611562731	0	0.0004611562731	0.0004611562731	0	0	0	0	0	0	0	0	0	0	0	0	0	0	0	0	0	0	0	0	0	0	0	0	0	0	0	0	0	0	0	0	0	0	0	0	0	0	0	0	0	0	0	0	0	0	0.0002170147167	0.0002170147167	0	0.0002170147167	0.0002170147167	0	0.0002170147167	0.0002170147167	0	0	0	0	0	0	0	0	0	0	0	0	0	0	0	0	0	0	0	0	0	0	0	0	0	0	0	0	0	0	0	0	0	0	0	0	0	0	0	0	0	0	0	0	0	0	0	0	0.001383468819	0	0	0.001383468819	0	0	0	0	0	0	0	0	0	0	0	0	0	0	0	0	0	0	0	0	0	0	0	0	0	0	0	0	0	0	0	0	0	0	0	0	0	0	0	0	0	0	0	0	0	0	0	0	0.001742899444	0.001742899444	0	0.001742899444	0.001742899444	0	0.001742899444	0.001742899444	0	0	0	0	0	0	0	0	0	0	0	0	0	0	0	0	0	0	0	0	0	0	0	0	0	0	0	0	0	0	0	0	0	0	0	0	0	0	0	0	0	0	0	0	0	0	0.006946166363	0.006946166363	0	0.006946166363	0.006946166363	0	0.006946166363	0.006946166363	0	0	0	0	0	0	0	0	0	0	0	0	0	0	0	0	0	0	0	0	0	0	0	0	0	0	0	0	0	0	0	0	0	0	0	0	0	0	0	0	0	0	0	0	0	0	0	0	0.0833349228	0	0	0.0833349228	0	0	0	0	0	0	0	0	0	0	0	0	0	0	0	0	0	0	0	0	0	0	0	0	0	0	0	0	0	0	0	0	0	0	0	0	0	0	0	0	0	0	0	0	0	0	0	0	0.0277783076	0.0277783076	0	0.0277783076	0.0277783076	0	0.0277783076	0.0277783076	0	0	0	0	0	0	0	0	0	0	0	0	0	0	0	0	0	0	0	0	0	0	0	0	0	0	0	0	0	0	0	0	0	0	0	0	0	0	0	0	0	0	0	0	0	0	0.006946166363	0.006946166363	0	0.006946166363	0.006946166363	0	0.006946166363	0.006946166363	0	0	0	0	0	0	0	0	0	0	0	0	0	0	0	0	0	0	0	0	0	0	0	0	0	0	0	0	0	0	0	0	0	0	0	0	0	0
(13,22)	0	0	0	0	0	0	0	0	0	0	0	0	0	0	0	0	0	0	0	0	0	0	0	0	0	0	0	0	0	0	0	0	0	0	0	0.0002938740956	0.0002938740956	0.0002938740956	0.0002938740956	0.0002938740956	0.0002938740956	0.0002938740956	0.0002938740956	0.0002938740956	0	0	0	0	0	0	0	0	0	0	0	0	0	0	0	0	0	0	0	0	0	0	0	0	0	0	0	0	0	0	0	0	0	0	0	0	0	0	0	0	0	0	0	0	0	9.042279864e-05	9.042279864e-05	9.042279864e-05	9.042279864e-05	9.042279864e-05	9.042279864e-05	9.042279864e-05	9.042279864e-05	9.042279864e-05	0	0	0	0	0	0	0	0	0	0	0	0	0	0	0	0	0	0	0	0	0	0	0	0	0	0	0	0	0	0	0	0	0	0	0	0	0	0	0	0	0	0	0	0	0	9.042279864e-05	9.042279864e-05	9.042279864e-05	9.042279864e-05	9.042279864e-05	9.042279864e-05	9.042279864e-05	9.042279864e-05	9.042279864e-05	0	0	0	0	0	0	0	0	0	0	0	0	0	0	0	0	0	0	0	0	0	0	0	0	0	0	0	0	0	0	0	0	0	0	0	0	0	0	0	0	0	0	0	0	0	0.0002938740956	0.0002938740956	0.0002938740956	0.0002938740956	0.0002938740956	0.0002938740956	0.0002938740956	0.0002938740956	0.0002938740956	0	0	0	0	0	0	0	0	0	0	0	0	0	0	0	0	0	0	0	0	0	0	0	0	0	0	0	0	0	0	0	0	0	0	0	0	0	0	0	0	0	0	0	0	0	0.001158542108	0.001158542108	0.001158542108	0.001158542108	0.001158542108	0.001158542108	0.001158542108	0.001158542108	0.001158542108	0	0	0	0	0	0	0	0	0	0	0	0	0	0	0	0	0	0	0	0	0	0	0	0	0	0	0	0	0	0	0	0	0	0	0	0	0	0	0	0	0	0	0	0	0	0.004629929862	0.004629929862	0.004629929862	0.004629929862	0.004629929862	0.004629929862	0.004629929862	0.004629929862	0.004629929862	0	0	0	0	0	0	0	0	0	0	0	0	0	0	0	0	0	0	0	0	0	0	0	0	0	0	0	0	0	0	0	0	0	0	0	0	0	0	0	0	0	0	0	0	0	0.0185186598	0.0185186598	0.0185186598	0.0185186598	0.0185186598	0.0185186598	0.0185186598	0.0185186598	0.0185186598	0	0	0	0	0	0	0	0	0	0	0	0	0	0	0	0	0	0	0	0	0	0	0	0	0	0	0	0	0	0	0	0	0	0	0	0	0	0	0	0	0	0	0	0	0	0.004629929862	0.004629929862	0.004629929862	0.004629929862	0.004629929862	0.004629929862	0.004629929862	0.004629929862	0.004629929862	0	0	0	0	0	0	0	0	0	0	0	0	0	0	0	0	0	0	0	0	0	0	0	0	0	0	0	0	0	0	0	0	0	0	0	0	0	0	0	0	0	0	0	0	0	0.001158542108	0.001158542108	0.001158542108	0.001158542108	0.001158542108	0.001158542108	0.001158542108	0.001158542108	0.001158542108	0	0	0	0	0	0	0	0	0	0
(13,23)	0	0	0	0	0	0	0	0	0	0	0	0	0	0	0	0	0	0	0	0	0	0	0	0	0	0	0	0	0	0	0	0	0	0	0	0.0002938740956	0.0002938740956	0.0002938740956	0.0002938740956	0.0002938740956	0.0002938740956	0.0002938740956	0.0002938740956	0.0002938740956	0	0	0	0	0	0	0	0	0	0	0	0	0	0	0	0	0	0	0	0	0	0	0	0	0	0	0	0	0	0	0	0	0	0	0	0	0	0	0	0	0	0	0	0	0	9.042279864e-05	9.042279864e-05	9.042279864e-05	9.042279864e-05	9.042279864e-05	9.042279864e-05	9.042279864e-05	9.042279864e-05	9.042279864e-05	0	0	0	0	0	0	0	0	0	0	0	0	0	0	0	0	0	0	0	0	0	0	0	0	0	0	0	0	0	0	0	0	0	0	0	0	0	0	0	0	0	0	0	0	0	9.042279864e-05	9.042279864e-05	9.042279864e-05	9.042279864e-05	9.042279864e-05	9.042279864e-05	9.042279864e-05	9.042279864e-05	9.042279864e-05	0	0	0	0	0	0	0	0	0	0	0	0	0	0	0	0	0	0	0	0	0	0	0	0	0	0	0	0	0	0	0	0	0	0	0	0	0	0	0	0	0	0	0	0	0	0.0002938740956	0.0002938740956	0.0002938740956	0.0002938740956	0.0002938740956	0.0002938740956	0.0002938740956	0.0002938740956	0.0002938740956	0	0	0	0	0	0	0	0	0	0	0	0	0	0	0	0	0	0	0	0	0	0	0	0	0	0	0	0	0	0	0	0	0	0	0	0	0	0	0	0	0	0	0	0	0	0.001158542108	0.001158542108	0.001158542108	0.001158542108	0.001158542108	0.001158542108	0.001158542108	0.001158542108	0.001158542108	0	0	0	0	0	0	0	0	0	0	0	0	0	0	0	0	0	0	0	0	0	0	0	0	0	0	0	0	0	0	0	0	0	0	0	0	0	0	0	0	0	0	0	0	0	0.004629929862	0.004629929862	0.004629929862	0.004629929862	0.004629929862	0.004629929862	0.004629929862	0.004629929862	0.004629929862	0	0	0	0	0	0	0	0	0	0	0	0	0	0	0	0	0	0	0	0	0	0	0	0	0	0	0	0	0	0	0	0	0	0	0	0	0	0	0	0	0	0	0	0	0	0.0185186598	0.0185186598	0.0185186598	0.0185186598	0.0185186598	0.0185186598	0.0185186598	0.0185186598	0.0185186598	0	0	0	0	0	0	0	0	0	0	0	0	0	0	0	0	0	0	0	0	0	0	0	0	0	0	0	0	0	0	0	0	0	0	0	0	0	0	0	0	0	0	0	0	0	0.004629929862	0.004629929862	0.004629929862	0.004629929862	0.004629929862	0.004629929862	0.004629929862	0.004629929862	0.004629929862	0	0	0	0	0	0	0	0	0	0	0	0	0	0	0	0	0	0	0	0	0	0	0	0	0	0	0	0	0	0	0	0	0	0	0	0	0	0	0	0	0	0	0	0	0	0.001158542108	0.001158542108	0.001158542108	0.001158542108	0.001158542108	0.001158542108	0.001158542108	0.001158542108	0.001158542108	0	0	0	0	0	0	0	0	0	0
(13,24)	0	0	0	0	0	0	0	0	0.01045739666	0	0	0	0	0	0	0	0	0	0	0	0	0	0	0	0	0	0	0	0	0	0	0	0	0	0	0	0	0	0	0	0	0	0	0	0	0	0	0	0	0	0	0	0	0	0	0	0	0	0	0	0	0	0	0.0004611562731	0.0004611562731	0	0.0004611562731	0.0004611562731	0	0.0004611562731	0.0004611562731	0	0	0	0	0	0	0	0	0	0	0	0	0	0	0	0	0	0	0	0	0	0	0	0	0	0	0	0	0	0	0	0	0	0	0	0	0	0	0	0	0	0	0	0	0	0	0.0002170147167	0.0002170147167	0	0.0002170147167	0.0002170147167	0	0.0002170147167	0.0002170147167	0	0	0	0	0	0	0	0	0	0	0	0	0	0	0	0	0	0	0	0	0	0	0	0	0	0	0	0	0	0	0	0	0	0	0	0	0	0	0	0	0	0	0	0	0	0	0	0	0.001383468819	0	0	0.001383468819	0	0	0	0	0	0	0	0	0	0	0	0	0	0	0	0	0	0	0	0	0	0	0	0	0	0	0	0	0	0	0	0	0	0	0	0	0	0	0	0	0	0	0	0	0	0	0	0	0.001742899444	0.001742899444	0	0.001742899444	0.001742899444	0	0.001742899444	0.001742899444	0	0	0	0	0	0	0	0	0	0	0	0	0	0	0	0	0	0	0	0	0	0	0	0	0	0	0	0	0	0	0	0	0	0	0	0	0	0	0	0	0	0	0	0	0	0	0.006946166363	0.006946166363	0	0.006946166363	0.006946166363	0	0.006946166363	0.006946166363	0	0	0	0	0	0	0	0	0	0	0	0	0	0	0	0	0	0	0	0	0	0	0	0	0	0	0	0	0	0	0	0	0	0	0	0	0	0	0	0	0	0	0	0	0	0	0	0	0.0833349228	0	0	0.0833349228	0	0	0	0	0	0	0	0	0	0	0	0	0	0	0	0	0	0	0	0	0	0	0	0	0	0	0	0	0	0	0	0	0	0	0	0	0	0	0	0	0	0	0	0	0	0	0	0	0.0277783076	0.0277783076	0	0.0277783076	0.0277783076	0	0.0277783076	0.0277783076	0	0	0	0	0	0	0	0	0	0	0	0	0	0	0	0	0	0	0	0	0	0	0	0	0	0	0	0	0	0	0	0	0	0	0	0	0	0	0	0	0	0	0	0	0	0	0.006946166363	0.006946166363	0	0.006946166363	0.006946166363	0	0.006946166363	0.006946166363	0	0	0	0	0	0	0	0	0	0	0	0	0	0	0	0	0	0	0	0	0	0	0	0	0	0	0	0	0	0	0	0	0	0	0	0	0
(13,25)	0	0	0	0	0	0	0	0	0	0	0	0	0	0	0	0	0	0	0	0	0	0	0	0	0	0	0	0	0	0	0	0	0	0	0	0	0.0002938740956	0.0002938740956	0.0002938740956	0.0002938740956	0.0002938740956	0.0002938740956	0.0002938740956	0.0002938740956	0.0002938740956	0	0	0	0	0	0	0	0	0	0	0	0	0	0	0	0	0	0	0	0	0	0	0	0	0	0	0	0	0	0	0	0	0	0	0	0	0	0	0	0	0	0	0	0	0	9.042279864e-05	9.042279864e-05	9.042279864e-05	9.042279864e-05	9.042279864e-05	9.042279864e-05	9.042279864e-05	9.042279864e-05	9.042279864e-05	0	0	0	0	0	0	0	0	0	0	0	0	0	0	0	0	0	0	0	0	0	0	0	0	0	0	0	0	0	0	0	0	0	0	0	0	0	0	0	0	0	0	0	0	0	9.042279864e-05	9.042279864e-05	9.042279864e-05	9.042279864e-05	9.042279864e-05	9.042279864e-05	9.042279864e-05	9.042279864e-05	9.042279864e-05	0	0	0	0	0	0	0	0	0	0	0	0	0	0	0	0	0	0	0	0	0	0	0	0	0	0	0	0	0	0	0	0	0	0	0	0	0	0	0	0	0	0	0	0	0	0.0002938740956	0.0002938740956	0.0002938740956	0.0002938740956	0.0002938740956	0.0002938740956	0.0002938740956	0.0002938740956	0.0002938740956	0	0	0	0	0	0	0	0	0	0	0	0	0	0	0	0	0	0	0	0	0	0	0	0	0	0	0	0	0	0	0	0	0	0	0	0	0	0	0	0	0	0	0	0	0	0.001158542108	0.001158542108	0.001158542108	0.001158542108	0.001158542108	0.001158542108	0.001158542108	0.001158542108	0.001158542108	0	0	0	0	0	0	0	0	0	0	0	0	0	0	0	0	0	0	0	0	0	0	0	0	0	0	0	0	0	0	0	0	0	0	0	0	0	0	0	0	0	0	0	0	0	0.004629929862	0.004629929862	0.004629929862	0.004629929862	0.004629929862	0.004629929862	0.004629929862	0.004629929862	0.004629929862	0	0	0	0	0	0	0	0	0	0	0	0	0	0	0	0	0	0	0	0	0	0	0	0	0	0	0	0	0	0	0	0	0	0	0	0	0	0	0	0	0	0	0	0	0	0.0185186598	0.0185186598	0.0185186598	0.0185186598	0.0185186598	0.0185186598	0.0185186598	0.0185186598	0.0185186598	0	0	0	0	0	0	0	0	0	0	0	0	0	0	0	0	0	0	0	0	0	0	0	0	0	0	0	0	0	0	0	0	0	0	0	0	0	0	0	0	0	0	0	0	0	0.004629929862	0.004629929862	0.004629929862	0.004629929862	0.004629929862	0.004629929862	0.004629929862	0.004629929862	0.004629929862	0	0	0	0	0	0	0	0	0	0	0	0	0	0	0	0	0	0	0	0	0	0	0	0	0	0	0	0	0	0	0	0	0	0	0	0	0	0	0	0	0	0	0	0	0	0.001158542108	0.001158542108	0.001158542108	0.001158542108	0.001158542108	0.001158542108	0.001158542108	0.001158542108	0.001158542108	0	0	0	0	0	0	0	0	0
(13,26)	0	0	0	0	0	0	0	0	0	0	0	0	0	0	0	0	0	0	0	0	0	0	0	0	0	0	0	0	0	0	0	0	0	0	0	0	0.0002938740956	0.0002938740956	0.0002938740956	0.0002938740956	0.0002938740956	0.0002938740956	0.0002938740956	0.0002938740956	0.0002938740956	0	0	0	0	0	0	0	0	0	0	0	0	0	0	0	0	0	0	0	0	0	0	0	0	0	0	0	0	0	0	0	0	0	0	0	0	0	0	0	0	0	0	0	0	0	9.042279864e-05	9.042279864e-05	9.042279864e-05	9.042279864e-05	9.042279864e-05	9.042279864e-05	9.042279864e-05	9.042279864e-05	9.042279864e-05	0	0	0	0	0	0	0	0	0	0	0	0	0	0	0	0	0	0	0	0	0	0	0	0	0	0	0	0	0	0	0	0	0	0	0	0	0	0	0	0	0	0	0	0	0	9.042279864e-05	9.042279864e-05	9.042279864e-05	9.042279864e-05	9.042279864e-05	9.042279864e-05	9.042279864e-05	9.042279864e-05	9.042279864e-05	0	0	0	0	0	0	0	0	0	0	0	0	0	0	0	0	0	0	0	0	0	0	0	0	0	0	0	0	0	0	0	0	0	0	0	0	0	0	0	0	0	0	0	0	0	0.0002938740956	0.0002938740956	0.0002938740956	0.0002938740956	0.0002938740956	0.0002938740956	0.0002938740956	0.0002938740956	0.0002938740956	0	0	0	0	0	0	0	0	0	0	0	0	0	0	0	0	0	0	0	0	0	0	0	0	0	0	0	0	0	0	0	0	0	0	0	0	0	0	0	0	0	0	0	0	0	0.001158542108	0.001158542108	0.001158542108	0.001158542108	0.001158542108	0.001158542108	0.001158542108	0.001158542108	0.001158542108	0	0	0	0	0	0	0	0	0	0	0	0	0	0	0	0	0	0	0	0	0	0	0	0	0	0	0	0	0	0	0	0	0	0	0	0	0	0	0	0	0	0	0	0	0	0.004629929862	0.004629929862	0.004629929862	0.004629929862	0.004629929862	0.004629929862	0.004629929862	0.004629929862	0.004629929862	0	0	0	0	0	0	0	0	0	0	0	0	0	0	0	0	0	0	0	0	0	0	0	0	0	0	0	0	0	0	0	0	0	0	0	0	0	0	0	0	0	0	0	0	0	0.0185186598	0.0185186598	0.0185186598	0.0185186598	0.0185186598	0.0185186598	0.0185186598	0.0185186598	0.0185186598	0	0	0	0	0	0	0	0	0	0	0	0	0	0	0	0	0	0	0	0	0	0	0	0	0	0	0	0	0	0	0	0	0	0	0	0	0	0	0	0	0	0	0	0	0	0.004629929862	0.004629929862	0.004629929862	0.004629929862	0.004629929862	0.004629929862	0.004629929862	0.004629929862	0.004629929862	0	0	0	0	0	0	0	0	0	0	0	0	0	0	0	0	0	0	0	0	0	0	0	0	0	0	0	0	0	0	0	0	0	0	0	0	0	0	0	0	0	0	0	0	0	0.001158542108	0.001158542108	0.001158542108	0.001158542108	0.001158542108	0.001158542108	0.001158542108	0.001158542108	0.001158542108	0	0	0	0	0	0	0	0	0
(14,0)	0.02085375794	0	0	0	0	0	0	0	0	0	0	0	0	0	0	0	0	0	0	0	0	0	0	0	0	0	0	0	0	0	0	0	0	0	0	0	0	0	0	0	0	0	0	0	0	0	0	0	0	0	0	0	0	0	0	0.0008816222867	0.0008816222867	0	0.0008816222867	0.0008816222867	0	0.0008816222867	0.0008816222867	0	0	0	0	0	0	0	0	0	0	0	0	0	0	0	0	0	0	0	0	0	0	0	0	0	0	0	0	0	0	0	0	0	0	0	0	0	0	0	0	0	0	0	0	0	0	0.0002712683959	0.0002712683959	0	0.0002712683959	0.0002712683959	0	0.0002712683959	0.0002712683959	0	0	0	0	0	0	0	0	0	0	0	0	0	0	0	0	0	0	0	0	0	0	0	0	0	0	0	0	0	0	0	0	0	0	0	0	0	0	0	0	0	0	0	0	0	0	0	0	0.0008138051878	0	0	0.0008138051878	0	0	0	0	0	0	0	0	0	0	0	0	0	0	0	0	0	0	0	0	0	0	0	0	0	0	0	0	0	0	0	0	0	0	0	0	0	0	0	0	0	0	0	0	0	0	0	0	0.0008816222867	0.0008816222867	0	0.0008816222867	0.0008816222867	0	0.0008816222867	0.0008816222867	0	0	0	0	0	0	0	0	0	0	0	0	0	0	0	0	0	0	0	0	0	0	0	0	0	0	0	0	0	0	0	0	0	0	0	0	0	0	0	0	0	0	0	0	0	0	0.003475626323	0.003475626323	0	0.003475626323	0.003475626323	0	0.003475626323	0.003475626323	0	0	0	0	0	0	0	0	0	0	0	0	0	0	0	0	0	0	0	0	0	0	0	0	0	0	0	0	0	0	0	0	0	0	0	0	0	0	0	0	0	0	0	0	0	0	0	0	0.04166936875	0	0	0.04166936875	0	0	0	0	0	0	0	0	0	0	0	0	0	0	0	0	0	0	0	0	0	0	0	0	0	0	0	0	0	0	0	0	0	0	0	0	0	0	0	0	0	0	0	0	0	0	0	0	0.05555597941	0.05555597941	0	0.05555597941	0.05555597941	0	0.05555597941	0.05555597941	0	0	0	0	0	0	0	0	0	0	0	0	0	0	0	0	0	0	0	0	0	0	0	0	0	0	0	0	0	0	0	0	0	0	0	0	0	0	0	0	0	0	0	0	0	0	0.01388978958	0.01388978958	0	0.01388978958	0.01388978958	0	0.01388978958	0.01388978958	0	0	0	0	0	0	0	0	0	0	0	0	0	0	0	0	0	0	0	0	0	0	0	0	0	0	0	0	0	0	0	0	0	0	0	0	0	0	0	0	0	0	0	0	0
(14,1)	0	0	0	0	0	0	0	0	0	0	0	0	0	0	0	0	0	0	0	0	0	0	0	0	0	0	0	0	0.0005809664813	0.0005809664813	0.0005809664813	0.0005809664813	0.0005809664813	0.0005809664813	0.0005809664813	0.0005809664813	0.0005809664813	0	0	0	0	0	0	0	0	0	0	0	0	0	0	0	0	0	0	0	0	0	0	0	0	0	0	0	0	0	0	0	0	0	0	0	0	0	0	0	0	0	0	0	0	0	0.0001537187577	0.0001537187577	0.0001537187577	0.0001537187577	0.0001537187577	0.0001537187577	0.0001537187577	0.0001537187577	0.0001537187577	0	0	0	0	0	0	0	0	0	0	0	0	0	0	0	0	0	0	0	0	0	0	0	0	0	0	0	0	0	0	0	0	0	0	0	0	0	0	0	0	0	0	0	0	0	7.233823891e-05	7.233823891e-05	7.233823891e-05	7.233823891e-05	7.233823891e-05	7.233823891e-05	7.233823891e-05	7.233823891e-05	7.233823891e-05	0	0	0	0	0	0	0	0	0	0	0	0	0	0	0	0	0	0	0	0	0	0	0	0	0	0	0	0	0	0	0	0	0	0	0	0	0	0	0	0	0	0	0	0	0	0.0001537187577	0.0001537187577	0.0001537187577	0.0001537187577	0.0001537187577	0.0001537187577	0.0001537187577	0.0001537187577	0.0001537187577	0	0	0	0	0	0	0	0	0	0	0	0	0	0	0	0	0	0	0	0	0	0	0	0	0	0	0	0	0	0	0	0	0	0	0	0	0	0	0	0	0	0	0	0	0	0.0005809664813	0.0005809664813	0.0005809664813	0.0005809664813	0.0005809664813	0.0005809664813	0.0005809664813	0.0005809664813	0.0005809664813	0	0	0	0	0	0	0	0	0	0	0	0	0	0	0	0	0	0	0	0	0	0	0	0	0	0	0	0	0	0	0	0	0	0	0	0	0	0	0	0	0	0	0	0	0	0.002315388788	0.002315388788	0.002315388788	0.002315388788	0.002315388788	0.002315388788	0.002315388788	0.002315388788	0.002315388788	0	0	0	0	0	0	0	0	0	0	0	0	0	0	0	0	0	0	0	0	0	0	0	0	0	0	0	0	0	0	0	0	0	0	0	0	0	0	0	0	0	0	0	0	0	0.009259435866	0.009259435866	0.009259435866	0.009259435866	0.009259435866	0.009259435866	0.009259435866	0.009259435866	0.009259435866	0	0	0	0	0	0	0	0	0	0	0	0	0	0	0	0	0	0	0	0	0	0	0	0	0	0	0	0	0	0	0	0	0	0	0	0	0	0	0	0	0	0	0	0	0	0.009259435866	0.009259435866	0.009259435866	0.009259435866	0.009259435866	0.009259435866	0.009259435866	0.009259435866	0.009259435866	0	0	0	0	0	0	0	0	0	0	0	0	0	0	0	0	0	0	0	0	0	0	0	0	0	0	0	0	0	0	0	0	0	0	0	0	0	0	0	0	0	0	0	0	0	0.002315388788	0.002315388788	0.002315388788	0.002315388788	0.002315388788	0.002315388788	0.002315388788	0.002315388788	0.002315388788	0	0	0	0	0	0	0	0	0	0	0	0	0	0	0	0	0
(14,2)	0	0	0	0	0	0	0	0	0	0	0	0	0	0	0	0	0	0	0	0	0	0	0	0	0	0	0	0	0.0005809664813	0.0005809664813	0.0005809664813	0.0005809664813	0.0005809664813	0.0005809664813	0.0005809664813	0.0005809664813	0.0005809664813	0	0	0	0	0	0	0	0	0	0	0	0	0	0	0	0	0	0	0	0	0	0	0	0	0	0	0	0	0	0	0	0	0	0	0	0	0	0	0	0	0	0	0	0	0	0.0001537187577	0.0001537187577	0.0001537187577	0.0001537187577	0.0001537187577	0.0001537187577	0.0001537187577	0.0001537187577	0.0001537187577	0	0	0	0	0	0	0	0	0	0	0	0	0	0	0	0	0	0	0	0	0	0	0	0	0	0	0	0	0	0	0	0	0	0	0	0	0	0	0	0	0	0	0	0	0	7.233823891e-05	7.233823891e-05	7.233823891e-05	7.233823891e-05	7.233823891e-05	7.233823891e-05	7.233823891e-05	7.233823891e-05	7.233823891e-05	0	0	0	0	0	0	0	0	0	0	0	0	0	0	0	0	0	0	0	0	0	0	0	0	0	0	0	0	0	0	0	0	0	0	0	0	0	0	0	0	0	0	0	0	0	0.0001537187577	0.0001537187577	0.0001537187577	0.0001537187577	0.0001537187577	0.0001537187577	0.0001537187577	0.0001537187577	0.0001537187577	0	0	0	0	0	0	0	0	0	0	0	0	0	0	0	0	0	0	0	0	0	0	0	0	0	0	0	0	0	0	0	0	0	0	0	0	0	0	0	0	0	0	0	0	0	0.0005809664813	0.0005809664813	0.0005809664813	0.0005809664813	0.0005809664813	0.0005809664813	0.0005809664813	0.0005809664813	0.0005809664813	0	0	0	0	0	0	0	0	0	0	0	0	0	0	0	0	0	0	0	0	0	0	0	0	0	0	0	0	0	0	0	0	0	0	0	0	0	0	0	0	0	0	0	0	0	0.002315388788	0.002315388788	0.002315388788	0.002315388788	0.002315388788	0.002315388788	0.002315388788	0.002315388788	0.002315388788	0	0	0	0	0	0	0	0	0	0	0	0	0	0	0	0	0	0	0	0	0	0	0	0	0	0	0	0	0	0	0	0	0	0	0	0	0	0	0	0	0	0	0	0	0	0.009259435866	0.009259435866	0.009259435866	0.009259435866	0.009259435866	0.009259435866	0.009259435866	0.009259435866	0.009259435866	0	0	0	0	0	0	0	0	0	0	0	0	0	0	0	0	0	0	0	0	0	0	0	0	0	0	0	0	0	0	0	0	0	0	0	0	0	0	0	0	0	0	0	0	0	0.009259435866	0.009259435866	0.009259435866	0.009259435866	0.009259435866	0.009259435866	0.009259435866	0.009259435866	0.009259435866	0	0	0	0	0	0	0	0	0	0	0	0	0	0	0	0	0	0	0	0	0	0	0	0	0	0	0	0	0	0	0	0	0	0	0	0	0	0	0	0	0	0	0	0	0	0.002315388788	0.002315388788	0.002315388788	0.002315388788	0.002315388788	0.002315388788	0.002315388788	0.002315388788	0.002315388788	0	0	0	0	0	0	0	0	0	0	0	0	0	0	0	0	0
(14,3)	0	0.02085375794	0	0	0	0	0	0	0	0	0	0	0	0	0	0	0	0	0	0	0	0	0	0	0	0	0	0	0	0	0	0	0	0	0	0	0	0	0	0	0	0	0	0	0	0	0	0	0	0	0	0	0	0	0	0	0.0008816222867	0.0008816222867	0	0.0008816222867	0.0008816222867	0	0.0008816222867	0.0008816222867	0	0	0	0	0	0	0	0	0	0	0	0	0	0	0	0	0	0	0	0	0	0	0	0	0	0	0	0	0	0	0	0	0	0	0	0	0	0	0	0	0	0	0	0	0	0	0.0002712683959	0.0002712683959	0	0.0002712683959	0.0002712683959	0	0.0002712683959	0.0002712683959	0	0	0	0	0	0	0	0	0	0	0	0	0	0	0	0	0	0	0	0	0	0	0	0	0	0	0	0	0	0	0	0	0	0	0	0	0	0	0	0	0	0	0	0	0	0	0	0	0.0008138051878	0	0	0.0008138051878	0	0	0	0	0	0	0	0	0	0	0	0	0	0	0	0	0	0	0	0	0	0	0	0	0	0	0	0	0	0	0	0	0	0	0	0	0	0	0	0	0	0	0	0	0	0	0	0	0.0008816222867	0.0008816222867	0	0.0008816222867	0.0008816222867	0	0.0008816222867	0.0008816222867	0	0	0	0	0	0	0	0	0	0	0	0	0	0	0	0	0	0	0	0	0	0	0	0	0	0	0	0	0	0	0	0	0	0	0	0	0	0	0	0	0	0	0	0	0	0	0.003475626323	0.003475626323	0	0.003475626323	0.003475626323	0	0.003475626323	0.003475626323	0	0	0	0	0	0	0	0	0	0	0	0	0	0	0	0	0	0	0	0	0	0	0	0	0	0	0	0	0	0	0	0	0	0	0	0	0	0	0	0	0	0	0	0	0	0	0	0	0.04166936875	0	0	0.04166936875	0	0	0	0	0	0	0	0	0	0	0	0	0	0	0	0	0	0	0	0	0	0	0	0	0	0	0	0	0	0	0	0	0	0	0	0	0	0	0	0	0	0	0	0	0	0	0	0	0.05555597941	0.05555597941	0	0.05555597941	0.05555597941	0	0.05555597941	0.05555597941	0	0	0	0	0	0	0	0	0	0	0	0	0	0	0	0	0	0	0	0	0	0	0	0	0	0	0	0	0	0	0	0	0	0	0	0	0	0	0	0	0	0	0	0	0	0	0.01388978958	0.01388978958	0	0.01388978958	0.01388978958	0	0.01388978958	0.01388978958	0	0	0	0	0	0	0	0	0	0	0	0	0	0	0	0	0	0	0	0	0	0	0	0	0	0	0	0	0	0	0	0	0	0	0	0	0	0	0	0	0	0	0	0
(14,4)	0	0	0	0	0	0	0	0	0	0	0	0	0	0	0	0	0	0	0	0	0	0	0	0	0	0	0	0	0	0.0005809664813	0.0005809664813	0.0005809664813	0.0005809664813	0.0005809664813	0.0005809664813	0.0005809664813	0.0005809664813	0.0005809664813	0	0	0	0	0	0	0	0	0	0	0	0	0	0	0	0	0	0	0	0	0	0	0	0	0	0	0	0	0	0	0	0	0	0	0	0	0	0	0	0	0	0	0	0	0	0.0001537187577	0.0001537187577	0.0001537187577	0.0001537187577	0.0001537187577	0.0001537187577	0.0001537187577	0.0001537187577	0.0001537187577	0	0	0	0	0	0	0	0	0	0	0	0	0	0	0	0	0	0	0	0	0	0	0	0	0	0	0	0	0	0	0	0	0	0	0	0	0	0	0	0	0	0	0	0	0	7.233823891e-05	7.233823891e-05	7.233823891e-05	7.233823891e-05	7.233823891e-05	7.233823891e-05	7.233823891e-05	7.233823891e-05	7.233823891e-05	0	0	0	0	0	0	0	0	0	0	0	0	0	0	0	0	0	0	0	0	0	0	0	0	0	0	0	0	0	0	0	0	0	0	0	0	0	0	0	0	0	0	0	0	0	0.0001537187577	0.0001537187577	0.0001537187577	0.0001537187577	0.0001537187577	0.0001537187577	0.0001537187577	0.0001537187577	0.0001537187577	0	0	0	0	0	0	0	0	0	0	0	0	0	0	0	0	0	0	0	0	0	0	0	0	0	0	0	0	0	0	0	0	0	0	0	0	0	0	0	0	0	0	0	0	0	0.0005809664813	0.0005809664813	0.0005809664813	0.0005809664813	0.0005809664813	0.0005809664813	0.0005809664813	0.0005809664813	0.0005809664813	0	0	0	0	0	0	0	0	0	0	0	0	0	0	0	0	0	0	0	0	0	0	0	0	0	0	0	0	0	0	0	0	0	0	0	0	0	0	0	0	0	0	0	0	0	0.002315388788	0.002315388788	0.002315388788	0.002315388788	0.002315388788	0.002315388788	0.002315388788	0.002315388788	0.002315388788	0	0	0	0	0	0	0	0	0	0	0	0	0	0	0	0	0	0	0	0	0	0	0	0	0	0	0	0	0	0	0	0	0	0	0	0	0	0	0	0	0	0	0	0	0	0.009259435866	0.009259435866	0.009259435866	0.009259435866	0.009259435866	0.009259435866	0.009259435866	0.009259435866	0.009259435866	0	0	0	0	0	0	0	0	0	0	0	0	0	0	0	0	0	0	0	0	0	0	0	0	0	0	0	0	0	0	0	0	0	0	0	0	0	0	0	0	0	0	0	0	0	0.009259435866	0.009259435866	0.009259435866	0.009259435866	0.009259435866	0.009259435866	0.009259435866	0.009259435866	0.009259435866	0	0	0	0	0	0	0	0	0	0	0	0	0	0	0	0	0	0	0	0	0	0	0	0	0	0	0	0	0	0	0	0	0	0	0	0	0	0	0	0	0	0	0	0	0	0.002315388788	0.002315388788	0.002315388788	0.002315388788	0.002315388788	0.002315388788	0.002315388788	0.002315388788	0.002315388788	0	0	0	0	0	0	0	0	0	0	0	0	0	0	0	0
(14,5)	0	0	0	0	0	0	0	0	0	0	0	0	0	0	0	0	0	0	0	0	0	0	0	0	0	0	0	0	0	0.0005809664813	0.0005809664813	0.0005809664813	0.0005809664813	0.0005809664813	0.0005809664813	0.0005809664813	0.0005809664813	0.0005809664813	0	0	0	0	0	0	0	0	0	0	0	0	0	0	0	0	0	0	0	0	0	0	0	0	0	0	0	0	0	0	0	0	0	0	0	0	0	0	0	0	0	0	0	0	0	0.0001537187577	0.0001537187577	0.0001537187577	0.0001537187577	0.0001537187577	0.0001537187577	0.0001537187577	0.0001537187577	0.0001537187577	0	0	0	0	0	0	0	0	0	0	0	0	0	0	0	0	0	0	0	0	0	0	0	0	0	0	0	0	0	0	0	0	0	0	0	0	0	0	0	0	0	0	0	0	0	7.233823891e-05	7.233823891e-05	7.233823891e-05	7.233823891e-05	7.233823891e-05	7.233823891e-05	7.233823891e-05	7.233823891e-05	7.233823891e-05	0	0	0	0	0	0	0	0	0	0	0	0	0	0	0	0	0	0	0	0	0	0	0	0	0	0	0	0	0	0	0	0	0	0	0	0	0	0	0	0	0	0	0	0	0	0.0001537187577	0.0001537187577	0.0001537187577	0.0001537187577	0.0001537187577	0.0001537187577	0.0001537187577	0.0001537187577	0.0001537187577	0	0	0	0	0	0	0	0	0	0	0	0	0	0	0	0	0	0	0	0	0	0	0	0	0	0	0	0	0	0	0	0	0	0	0	0	0	0	0	0	0	0	0	0	0	0.0005809664813	0.0005809664813	0.0005809664813	0.0005809664813	0.0005809664813	0.0005809664813	0.0005809664813	0.0005809664813	0.0005809664813	0	0	0	0	0	0	0	0	0	0	0	0	0	0	0	0	0	0	0	0	0	0	0	0	0	0	0	0	0	0	0	0	0	0	0	0	0	0	0	0	0	0	0	0	0	0.002315388788	0.002315388788	0.002315388788	0.002315388788	0.002315388788	0.002315388788	0.002315388788	0.002315388788	0.002315388788	0	0	0	0	0	0	0	0	0	0	0	0	0	0	0	0	0	0	0	0	0	0	0	0	0	0	0	0	0	0	0	0	0	0	0	0	0	0	0	0	0	0	0	0	0	0.009259435866	0.009259435866	0.009259435866	0.009259435866	0.009259435866	0.009259435866	0.009259435866	0.009259435866	0.009259435866	0	0	0	0	0	0	0	0	0	0	0	0	0	0	0	0	0	0	0	0	0	0	0	0	0	0	0	0	0	0	0	0	0	0	0	0	0	0	0	0	0	0	0	0	0	0.009259435866	0.009259435866	0.009259435866	0.009259435866	0.009259435866	0.009259435866	0.009259435866	0.009259435866	0.009259435866	0	0	0	0	0	0	0	0	0	0	0	0	0	0	0	0	0	0	0	0	0	0	0	0	0	0	0	0	0	0	0	0	0	0	0	0	0	0	0	0	0	0	0	0	0	0.002315388788	0.002315388788	0.002315388788	0.002315388788	0.002315388788	0.002315388788	0.002315388788	0.002315388788	0.002315388788	0	0	0	0	0	0	0	0	0	0	0	0	0	0	0	0
(14,6)	0	0	0.02085375794	0	0	0	0	0	0	0	0	0	0	0	0	0	0	0	0	0	0	0	0	0	0	0	0	0	0	0	0	0	0	0	0	0	0	0	0	0	0	0	0	0	0	0	0	0	0	0	0	0	0	0	0	0	0	0.0008816222867	0.0008816222867	0	0.0008816222867	0.0008816222867	0	0.0008816222867	0.0008816222867	0	0	0	0	0	0	0	0	0	0	0	0	0	0	0	0	0	0	0	0	0	0	0	0	0	0	0	0	0	0	0	0	0	0	0	0	0	0	0	0	0	0	0	0	0	0	0.0002712683959	0.0002712683959	0	0.0002712683959	0.0002712683959	0	0.0002712683959	0.0002712683959	0	0	0	0	0	0	0	0	0	0	0	0	0	0	0	0	0	0	0	0	0	0	0	0	0	0	0	0	0	0	0	0	0	0	0	0	0	0	0	0	0	0	0	0	0	0	0	0	0.0008138051878	0	0	0.0008138051878	0	0	0	0	0	0	0	0	0	0	0	0	0	0	0	0	0	0	0	0	0	0	0	0	0	0	0	0	0	0	0	0	0	0	0	0	0	0	0	0	0	0	0	0	0	0	0	0	0.0008816222867	0.0008816222867	0	0.0008816222867	0.0008816222867	0	0.0008816222867	0.0008816222867	0	0	0	0	0	0	0	0	0	0	0	0	0	0	0	0	0	0	0	0	0	0	0	0	0	0	0	0	0	0	0	0	0	0	0	0	0	0	0	0	0	0	0	0	0	0	0.003475626323	0.003475626323	0	0.003475626323	0.003475626323	0	0.003475626323	0.003475626323	0	0	0	0	0	0	0	0	0	0	0	0	0	0	0	0	0	0	0	0	0	0	0	0	0	0	0	0	0	0	0	0	0	0	0	0	0	0	0	0	0	0	0	0	0	0	0	0	0.04166936875	0	0	0.04166936875	0	0	0	0	0	0	0	0	0	0	0	0	0	0	0	0	0	0	0	0	0	0	0	0	0	0	0	0	0	0	0	0	0	0	0	0	0	0	0	0	0	0	0	0	0	0	0	0	0.05555597941	0.05555597941	0	0.05555597941	0.05555597941	0	0.05555597941	0.05555597941	0	0	0	0	0	0	0	0	0	0	0	0	0	0	0	0	0	0	0	0	0	0	0	0	0	0	0	0	0	0	0	0	0	0	0	0	0	0	0	0	0	0	0	0	0	0	0.01388978958	0.01388978958	0	0.01388978958	0.01388978958	0	0.01388978958	0.01388978958	0	0	0	0	0	0	0	0	0	0	0	0	0	0	0	0	0	0	0	0	0	0	0	0	0	0	0	0	0	0	0	0	0	0	0	0	0	0	0	0	0	0	0
(14,7)	0	0	0	0	0	0	0	0	0	0	0	0	0	0	0	0	0	0	0	0	0	0	0	0	0	0	0	0	0	0	0.0005809664813	0.0005809664813	0.0005809664813	0.0005809664813	0.0005809664813	0.0005809664813	0.0005809664813	0.0005809664813	0.0005809664813	0	0	0	0	0	0	0	0	0	0	0	0	0	0	0	0	0	0	0	0	0	0	0	0	0	0	0	0	0	0	0	0	0	0	0	0	0	0	0	0	0	0	0	0	0	0.0001537187577	0.0001537187577	0.0001537187577	0.0001537187577	0.0001537187577	0.0001537187577	0.0001537187577	0.0001537187577	0.0001537187577	0	0	0	0	0	0	0	0	0	0	0	0	0	0	0	0	0	0	0	0	0	0	0	0	0	0	0	0	0	0	0	0	0	0	0	0	0	0	0	0	0	0	0	0	0	7.233823891e-05	7.233823891e-05	7.233823891e-05	7.233823891e-05	7.233823891e-05	7.233823891e-05	7.233823891e-05	7.233823891e-05	7.233823891e-05	0	0	0	0	0	0	0	0	0	0	0	0	0	0	0	0	0	0	0	0	0	0	0	0	0	0	0	0	0	0	0	0	0	0	0	0	0	0	0	0	0	0	0	0	0	0.0001537187577	0.0001537187577	0.0001537187577	0.0001537187577	0.0001537187577	0.0001537187577	0.0001537187577	0.0001537187577	0.0001537187577	0	0	0	0	0	0	0	0	0	0	0	0	0	0	0	0	0	0	0	0	0	0	0	0	0	0	0	0	0	0	0	0	0	0	0	0	0	0	0	0	0	0	0	0	0	0.0005809664813	0.0005809664813	0.0005809664813	0.0005809664813	0.0005809664813	0.0005809664813	0.0005809664813	0.0005809664813	0.0005809664813	0	0	0	0	0	0	0	0	0	0	0	0	0	0	0	0	0	0	0	0	0	0	0	0	0	0	0	0	0	0	0	0	0	0	0	0	0	0	0	0	0	0	0	0	0	0.002315388788	0.002315388788	0.002315388788	0.002315388788	0.002315388788	0.002315388788	0.002315388788	0.002315388788	0.002315388788	0	0	0	0	0	0	0	0	0	0	0	0	0	0	0	0	0	0	0	0	0	0	0	0	0	0	0	0	0	0	0	0	0	0	0	0	0	0	0	0	0	0	0	0	0	0.009259435866	0.009259435866	0.009259435866	0.009259435866	0.009259435866	0.009259435866	0.009259435866	0.009259435866	0.009259435866	0	0	0	0	0	0	0	0	0	0	0	0	0	0	0	0	0	0	0	0	0	0	0	0	0	0	0	0	0	0	0	0	0	0	0	0	0	0	0	0	0	0	0	0	0	0.009259435866	0.009259435866	0.009259435866	0.009259435866	0.009259435866	0.009259435866	0.009259435866	0.009259435866	0.009259435866	0	0	0	0	0	0	0	0	0	0	0	0	0	0	0	0	0	0	0	0	0	0	0	0	0	0	0	0	0	0	0	0	0	0	0	0	0	0	0	0	0	0	0	0	0	0.002315388788	0.002315388788	0.002315388788	0.002315388788	0.002315388788	0.002315388788	0.002315388788	0.002315388788	0.002315388788	0	0	0	0	0	0	0	0	0	0	0	0	0	0	0
(14,8)	0	0	0	0	0	0	0	0	0	0	0	0	0	0	0	0	0	0	0	0	0	0	0	0	0	0	0	0	0	0	0.0005809664813	0.0005809664813	0.0005809664813	0.0005809664813	0.0005809664813	0.0005809664813	0.0005809664813	0.0005809664813	0.0005809664813	0	0	0	0	0	0	0	0	0	0	0	0	0	0	0	0	0	0	0	0	0	0	0	0	0	0	0	0	0	0	0	0	0	0	0	0	0	0	0	0	0	0	0	0	0	0.0001537187577	0.0001537187577	0.0001537187577	0.0001537187577	0.0001537187577	0.0001537187577	0.0001537187577	0.0001537187577	0.0001537187577	0	0	0	0	0	0	0	0	0	0	0	0	0	0	0	0	0	0	0	0	0	0	0	0	0	0	0	0	0	0	0	0	0	0	0	0	0	0	0	0	0	0	0	0	0	7.233823891e-05	7.233823891e-05	7.233823891e-05	7.233823891e-05	7.233823891e-05	7.233823891e-05	7.233823891e-05	7.233823891e-05	7.233823891e-05	0	0	0	0	0	0	0	0	0	0	0	0	0	0	0	0	0	0	0	0	0	0	0	0	0	0	0	0	0	0	0	0	0	0	0	0	0	0	0	0	0	0	0	0	0	0.0001537187577	0.0001537187577	0.0001537187577	0.0001537187577	0.0001537187577	0.0001537187577	0.0001537187577	0.0001537187577	0.0001537187577	0	0	0	0	0	0	0	0	0	0	0	0	0	0	0	0	0	0	0	0	0	0	0	0	0	0	0	0	0	0	0	0	0	0	0	0	0	0	0	0	0	0	0	0	0	0.0005809664813	0.0005809664813	0.0005809664813	0.0005809664813	0.0005809664813	0.0005809664813	0.0005809664813	0.0005809664813	0.0005809664813	0	0	0	0	0	0	0	0	0	0	0	0	0	0	0	0	0	0	0	0	0	0	0	0	0	0	0	0	0	0	0	0	0	0	0	0	0	0	0	0	0	0	0	0	0	0.002315388788	0.002315388788	0.002315388788	0.002315388788	0.002315388788	0.002315388788	0.002315388788	0.002315388788	0.002315388788	0	0	0	0	0	0	0	0	0	0	0	0	0	0	0	0	0	0	0	0	0	0	0	0	0	0	0	0	0	0	0	0	0	0	0	0	0	0	0	0	0	0	0	0	0	0.009259435866	0.009259435866	0.009259435866	0.009259435866	0.009259435866	0.009259435866	0.009259435866	0.009259435866	0.009259435866	0	0	0	0	0	0	0	0	0	0	0	0	0	0	0	0	0	0	0	0	0	0	0	0	0	0	0	0	0	0	0	0	0	0	0	0	0	0	0	0	0	0	0	0	0	0.009259435866	0.009259435866	0.009259435866	0.009259435866	0.009259435866	0.009259435866	0.009259435866	0.009259435866	0.009259435866	0	0	0	0	0	0	0	0	0	0	0	0	0	0	0	0	0	0	0	0	0	0	0	0	0	0	0	0	0	0	0	0	0	0	0	0	0	0	0	0	0	0	0	0	0	0.002315388788	0.002315388788	0.002315388788	0.002315388788	0.002315388788	0.002315388788	0.002315388788	0.002315388788	0.002315388788	0	0	0	0	0	0	0	0	0	0	0	0	0	0	0
(14,9)	0	0	0	0.02085375794	0	0	0	0	0	0	0	0	0	0	0	0	0	0	0	0	0	0	0	0	0	0	0	0	0	0	0	0	0	0	0	0	0	0	0	0	0	0	0	0	0	0	0	0	0	0	0	0	0	0	0	0	0	0	0.0008816222867	0.0008816222867	0	0.0008816222867	0.0008816222867	0	0.0008816222867	0.0008816222867	0	0	0	0	0	0	0	0	0	0	0	0	0	0	0	0	0	0	0	0	0	0	0	0	0	0	0	0	0	0	0	0	0	0	0	0	0	0	0	0	0	0	0	0	0	0	0.0002712683959	0.0002712683959	0	0.0002712683959	0.0002712683959	0	0.0002712683959	0.0002712683959	0	0	0	0	0	0	0	0	0	0	0	0	0	0	0	0	0	0	0	0	0	0	0	0	0	0	0	0	0	0	0	0	0	0	0	0	0	0	0	0	0	0	0	0	0	0	0	0	0.0008138051878	0	0	0.0008138051878	0	0	0	0	0	0	0	0	0	0	0	0	0	0	0	0	0	0	0	0	0	0	0	0	0	0	0	0	0	0	0	0	0	0	0	0	0	0	0	0	0	0	0	0	0	0	0	0	0.0008816222867	0.0008816222867	0	0.0008816222867	0.0008816222867	0	0.0008816222867	0.0008816222867	0	0	0	0	0	0	0	0	0	0	0	0	0	0	0	0	0	0	0	0	0	0	0	0	0	0	0	0	0	0	0	0	0	0	0	0	0	0	0	0	0	0	0	0	0	0	0.003475626323	0.003475626323	0	0.003475626323	0.003475626323	0	0.003475626323	0.003475626323	0	0	0	0	0	0	0	0	0	0	0	0	0	0	0	0	0	0	0	0	0	0	0	0	0	0	0	0	0	0	0	0	0	0	0	0	0	0	0	0	0	0	0	0	0	0	0	0	0.04166936875	0	0	0.04166936875	0	0	0	0	0	0	0	0	0	0	0	0	0	0	0	0	0	0	0	0	0	0	0	0	0	0	0	0	0	0	0	0	0	0	0	0	0	0	0	0	0	0	0	0	0	0	0	0	0.05555597941	0.05555597941	0	0.05555597941	0.05555597941	0	0.05555597941	0.05555597941	0	0	0	0	0	0	0	0	0	0	0	0	0	0	0	0	0	0	0	0	0	0	0	0	0	0	0	0	0	0	0	0	0	0	0	0	0	0	0	0	0	0	0	0	0	0	0.01388978958	0.01388978958	0	0.01388978958	0.01388978958	0	0.01388978958	0.01388978958	0	0	0	0	0	0	0	0	0	0	0	0	0	0	0	0	0	0	0	0	0	0	0	0	0	0	0	0	0	0	0	0	0	0	0	0	0	0	0	0	0	0
(14,10)	0	0	0	0	0	0	0	0	0	0	0	0	0	0	0	0	0	0	0	0	0	0	0	0	0	0	0	0	0	0	0	0.0005809664813	0.0005809664813	0.0005809664813	0.0005809664813	0.0005809664813	0.0005809664813	0.0005809664813	0.0005809664813	0.0005809664813	0	0	0	0	0	0	0	0	0	0	0	0	0	0	0	0	0	0	0	0	0	0	0	0	0	0	0	0	0	0	0	0	0	0	0	0	0	0	0	0	0	0	0	0	0	0.0001537187577	0.0001537187577	0.0001537187577	0.0001537187577	0.0001537187577	0.0001537187577	0.0001537187577	0.0001537187577	0.0001537187577	0	0	0	0	0	0	0	0	0	0	0	0	0	0	0	0	0	0	0	0	0	0	0	0	0	0	0	0	0	0	0	0	0	0	0	0	0	0	0	0	0	0	0	0	0	7.233823891e-05	7.233823891e-05	7.233823891e-05	7.233823891e-05	7.233823891e-05	7.233823891e-05	7.233823891e-05	7.233823891e-05	7.233823891e-05	0	0	0	0	0	0	0	0	0	0	0	0	0	0	0	0	0	0	0	0	0	0	0	0	0	0	0	0	0	0	0	0	0	0	0	0	0	0	0	0	0	0	0	0	0	0.0001537187577	0.0001537187577	0.0001537187577	0.0001537187577	0.0001537187577	0.0001537187577	0.0001537187577	0.0001537187577	0.0001537187577	0	0	0	0	0	0	0	0	0	0	0	0	0	0	0	0	0	0	0	0	0	0	0	0	0	0	0	0	0	0	0	0	0	0	0	0	0	0	0	0	0	0	0	0	0	0.0005809664813	0.0005809664813	0.0005809664813	0.0005809664813	0.0005809664813	0.0005809664813	0.0005809664813	0.0005809664813	0.0005809664813	0	0	0	0	0	0	0	0	0	0	0	0	0	0	0	0	0	0	0	0	0	0	0	0	0	0	0	0	0	0	0	0	0	0	0	0	0	0	0	0	0	0	0	0	0	0.002315388788	0.002315388788	0.002315388788	0.002315388788	0.002315388788	0.002315388788	0.002315388788	0.002315388788	0.002315388788	0	0	0	0	0	0	0	0	0	0	0	0	0	0	0	0	0	0	0	0	0	0	0	0	0	0	0	0	0	0	0	0	0	0	0	0	0	0	0	0	0	0	0	0	0	0.009259435866	0.009259435866	0.009259435866	0.009259435866	0.009259435866	0.009259435866	0.009259435866	0.009259435866	0.009259435866	0	0	0	0	0	0	0	0	0	0	0	0	0	0	0	0	0	0	0	0	0	0	0	0	0	0	0	0	0	0	0	0	0	0	0	0	0	0	0	0	0	0	0	0	0	0.009259435866	0.009259435866	0.009259435866	0.009259435866	0.009259435866	0.009259435866	0.009259435866	0.009259435866	0.009259435866	0	0	0	0	0	0	0	0	0	0	0	0	0	0	0	0	0	0	0	0	0	0	0	0	0	0	0	0	0	0	0	0	0	0	0	0	0	0	0	0	0	0	0	0	0	0.002315388788	0.002315388788	0.002315388788	0.002315388788	0.002315388788	0.002315388788	0.002315388788	0.002315388788	0.002315388788	0	0	0	0	0	0	0	0	0	0	0	0	0	0
(14,11)	0	0	0	0	0	0	0	0	0	0	0	0	0	0	0	0	0	0	0	0	0	0	0	0	0	0	0	0	0	0	0	0.0005809664813	0.0005809664813	0.0005809664813	0.0005809664813	0.0005809664813	0.0005809664813	0.0005809664813	0.0005809664813	0.0005809664813	0	0	0	0	0	0	0	0	0	0	0	0	0	0	0	0	0	0	0	0	0	0	0	0	0	0	0	0	0	0	0	0	0	0	0	0	0	0	0	0	0	0	0	0	0	0.0001537187577	0.0001537187577	0.0001537187577	0.0001537187577	0.0001537187577	0.0001537187577	0.0001537187577	0.0001537187577	0.0001537187577	0	0	0	0	0	0	0	0	0	0	0	0	0	0	0	0	0	0	0	0	0	0	0	0	0	0	0	0	0	0	0	0	0	0	0	0	0	0	0	0	0	0	0	0	0	7.233823891e-05	7.233823891e-05	7.233823891e-05	7.233823891e-05	7.233823891e-05	7.233823891e-05	7.233823891e-05	7.233823891e-05	7.233823891e-05	0	0	0	0	0	0	0	0	0	0	0	0	0	0	0	0	0	0	0	0	0	0	0	0	0	0	0	0	0	0	0	0	0	0	0	0	0	0	0	0	0	0	0	0	0	0.0001537187577	0.0001537187577	0.0001537187577	0.0001537187577	0.0001537187577	0.0001537187577	0.0001537187577	0.0001537187577	0.0001537187577	0	0	0	0	0	0	0	0	0	0	0	0	0	0	0	0	0	0	0	0	0	0	0	0	0	0	0	0	0	0	0	0	0	0	0	0	0	0	0	0	0	0	0	0	0	0.0005809664813	0.0005809664813	0.0005809664813	0.0005809664813	0.0005809664813	0.0005809664813	0.0005809664813	0.0005809664813	0.0005809664813	0	0	0	0	0	0	0	0	0	0	0	0	0	0	0	0	0	0	0	0	0	0	0	0	0	0	0	0	0	0	0	0	0	0	0	0	0	0	0	0	0	0	0	0	0	0.002315388788	0.002315388788	0.002315388788	0.002315388788	0.002315388788	0.002315388788	0.002315388788	0.002315388788	0.002315388788	0	0	0	0	0	0	0	0	0	0	0	0	0	0	0	0	0	0	0	0	0	0	0	0	0	0	0	0	0	0	0	0	0	0	0	0	0	0	0	0	0	0	0	0	0	0.009259435866	0.009259435866	0.009259435866	0.009259435866	0.009259435866	0.009259435866	0.009259435866	0.009259435866	0.009259435866	0	0	0	0	0	0	0	0	0	0	0	0	0	0	0	0	0	0	0	0	0	0	0	0	0	0	0	0	0	0	0	0	0	0	0	0	0	0	0	0	0	0	0	0	0	0.009259435866	0.009259435866	0.009259435866	0.009259435866	0.009259435866	0.009259435866	0.009259435866	0.009259435866	0.009259435866	0	0	0	0	0	0	0	0	0	0	0	0	0	0	0	0	0	0	0	0	0	0	0	0	0	0	0	0	0	0	0	0	0	0	0	0	0	0	0	0	0	0	0	0	0	0.002315388788	0.002315388788	0.002315388788	0.002315388788	0.002315388788	0.002315388788	0.002315388788	0.002315388788	0.002315388788	0	0	0	0	0	0	0	0	0	0	0	0	0	0
(14,12)	0	0	0	0	0.02085375794	0	0	0	0	0	0	0	0	0	0	0	0	0	0	0	0	0	0	0	0	0	0	0	0	0	0	0	0	0	0	0	0	0	0	0	0	0	0	0	0	0	0	0	0	0	0	0	0	0	0	0	0	0	0	0.0008816222867	0.0008816222867	0	0.0008816222867	0.0008816222867	0	0.0008816222867	0.0008816222867	0	0	0	0	0	0	0	0	0	0	0	0	0	0	0	0	0	0	0	0	0	0	0	0	0	0	0	0	0	0	0	0	0	0	0	0	0	0	0	0	0	0	0	0	0	0	0.0002712683959	0.0002712683959	0	0.0002712683959	0.0002712683959	0	0.0002712683959	0.0002712683959	0	0	0	0	0	0	0	0	0	0	0	0	0	0	0	0	0	0	0	0	0	0	0	0	0	0	0	0	0	0	0	0	0	0	0	0	0	0	0	0	0	0	0	0	0	0	0	0	0.0008138051878	0	0	0.0008138051878	0	0	0	0	0	0	0	0	0	0	0	0	0	0	0	0	0	0	0	0	0	0	0	0	0	0	0	0	0	0	0	0	0	0	0	0	0	0	0	0	0	0	0	0	0	0	0	0	0.0008816222867	0.0008816222867	0	0.0008816222867	0.0008816222867	0	0.0008816222867	0.0008816222867	0	0	0	0	0	0	0	0	0	0	0	0	0	0	0	0	0	0	0	0	0	0	0	0	0	0	0	0	0	0	0	0	0	0	0	0	0	0	0	0	0	0	0	0	0	0	0.003475626323	0.003475626323	0	0.003475626323	0.003475626323	0	0.003475626323	0.003475626323	0	0	0	0	0	0	0	0	0	0	0	0	0	0	0	0	0	0	0	0	0	0	0	0	0	0	0	0	0	0	0	0	0	0	0	0	0	0	0	0	0	0	0	0	0	0	0	0	0.04166936875	0	0	0.04166936875	0	0	0	0	0	0	0	0	0	0	0	0	0	0	0	0	0	0	0	0	0	0	0	0	0	0	0	0	0	0	0	0	0	0	0	0	0	0	0	0	0	0	0	0	0	0	0	0	0.05555597941	0.05555597941	0	0.05555597941	0.05555597941	0	0.05555597941	0.05555597941	0	0	0	0	0	0	0	0	0	0	0	0	0	0	0	0	0	0	0	0	0	0	0	0	0	0	0	0	0	0	0	0	0	0	0	0	0	0	0	0	0	0	0	0	0	0	0.01388978958	0.01388978958	0	0.01388978958	0.01388978958	0	0.01388978958	0.01388978958	0	0	0	0	0	0	0	0	0	0	0	0	0	0	0	0	0	0	0	0	0	0	0	0	0	0	0	0	0	0	0	0	0	0	0	0	0	0	0	0	0
(14,13)	0	0	0	0	0	0	0	0	0	0	0	0	0	0	0	0	0	0	0	0	0	0	0	0	0	0	0	0	0	0	0	0	0.0005809664813	0.0005809664813	0.0005809664813	0.0005809664813	0.0005809664813	0.0005809664813	0.0005809664813	0.0005809664813	0.0005809664813	0	0	0	0	0	0	0	0	0	0	0	0	0	0	0	0	0	0	0	0	0	0	0	0	0	0	0	0	0	0	0	0	0	0	0	0	0	0	0	0	0	0	0	0	0	0.0001537187577	0.0001537187577	0.0001537187577	0.0001537187577	0.0001537187577	0.0001537187577	0.0001537187577	0.0001537187577	0.0001537187577	0	0	0	0	0	0	0	0	0	0	0	0	0	0	0	0	0	0	0	0	0	0	0	0	0	0	0	0	0	0	0	0	0	0	0	0	0	0	0	0	0	0	0	0	0	7.233823891e-05	7.233823891e-05	7.233823891e-05	7.233823891e-05	7.233823891e-05	7.233823891e-05	7.233823891e-05	7.233823891e-05	7.233823891e-05	0	0	0	0	0	0	0	0	0	0	0	0	0	0	0	0	0	0	0	0	0	0	0	0	0	0	0	0	0	0	0	0	0	0	0	0	0	0	0	0	0	0	0	0	0	0.0001537187577	0.0001537187577	0.0001537187577	0.0001537187577	0.0001537187577	0.0001537187577	0.0001537187577	0.0001537187577	0.0001537187577	0	0	0	0	0	0	0	0	0	0	0	0	0	0	0	0	0	0	0	0	0	0	0	0	0	0	0	0	0	0	0	0	0	0	0	0	0	0	0	0	0	0	0	0	0	0.0005809664813	0.0005809664813	0.0005809664813	0.0005809664813	0.0005809664813	0.0005809664813	0.0005809664813	0.0005809664813	0.0005809664813	0	0	0	0	0	0	0	0	0	0	0	0	0	0	0	0	0	0	0	0	0	0	0	0	0	0	0	0	0	0	0	0	0	0	0	0	0	0	0	0	0	0	0	0	0	0.002315388788	0.002315388788	0.002315388788	0.002315388788	0.002315388788	0.002315388788	0.002315388788	0.002315388788	0.002315388788	0	0	0	0	0	0	0	0	0	0	0	0	0	0	0	0	0	0	0	0	0	0	0	0	0	0	0	0	0	0	0	0	0	0	0	0	0	0	0	0	0	0	0	0	0	0.009259435866	0.009259435866	0.009259435866	0.009259435866	0.009259435866	0.009259435866	0.009259435866	0.009259435866	0.009259435866	0	0	0	0	0	0	0	0	0	0	0	0	0	0	0	0	0	0	0	0	0	0	0	0	0	0	0	0	0	0	0	0	0	0	0	0	0	0	0	0	0	0	0	0	0	0.009259435866	0.009259435866	0.009259435866	0.009259435866	0.009259435866	0.009259435866	0.009259435866	0.009259435866	0.009259435866	0	0	0	0	0	0	0	0	0	0	0	0	0	0	0	0	0	0	0	0	0	0	0	0	0	0	0	0	0	0	0	0	0	0	0	0	0	0	0	0	0	0	0	0	0	0.002315388788	0.002315388788	0.002315388788	0.002315388788	0.002315388788	0.002315388788	0.002315388788	0.002315388788	0.002315388788	0	0	0	0	0	0	0	0	0	0	0	0	0
(14,14)	0	0	0	0	0	0	0	0	0	0	0	0	0	0	0	0	0	0	0	0	0	0	0	0	0	0	0	0	0	0	0	0	0.0005809664813	0.0005809664813	0.0005809664813	0.0005809664813	0.0005809664813	0.0005809664813	0.0005809664813	0.0005809664813	0.0005809664813	0	0	0	0	0	0	0	0	0	0	0	0	0	0	0	0	0	0	0	0	0	0	0	0	0	0	0	0	0	0	0	0	0	0	0	0	0	0	0	0	0	0	0	0	0	0.0001537187577	0.0001537187577	0.0001537187577	0.0001537187577	0.0001537187577	0.0001537187577	0.0001537187577	0.0001537187577	0.0001537187577	0	0	0	0	0	0	0	0	0	0	0	0	0	0	0	0	0	0	0	0	0	0	0	0	0	0	0	0	0	0	0	0	0	0	0	0	0	0	0	0	0	0	0	0	0	7.233823891e-05	7.233823891e-05	7.233823891e-05	7.233823891e-05	7.233823891e-05	7.233823891e-05	7.233823891e-05	7.233823891e-05	7.233823891e-05	0	0	0	0	0	0	0	0	0	0	0	0	0	0	0	0	0	0	0	0	0	0	0	0	0	0	0	0	0	0	0	0	0	0	0	0	0	0	0	0	0	0	0	0	0	0.0001537187577	0.0001537187577	0.0001537187577	0.0001537187577	0.0001537187577	0.0001537187577	0.0001537187577	0.0001537187577	0.0001537187577	0	0	0	0	0	0	0	0	0	0	0	0	0	0	0	0	0	0	0	0	0	0	0	0	0	0	0	0	0	0	0	0	0	0	0	0	0	0	0	0	0	0	0	0	0	0.0005809664813	0.0005809664813	0.0005809664813	0.0005809664813	0.0005809664813	0.0005809664813	0.0005809664813	0.0005809664813	0.0005809664813	0	0	0	0	0	0	0	0	0	0	0	0	0	0	0	0	0	0	0	0	0	0	0	0	0	0	0	0	0	0	0	0	0	0	0	0	0	0	0	0	0	0	0	0	0	0.002315388788	0.002315388788	0.002315388788	0.002315388788	0.002315388788	0.002315388788	0.002315388788	0.002315388788	0.002315388788	0	0	0	0	0	0	0	0	0	0	0	0	0	0	0	0	0	0	0	0	0	0	0	0	0	0	0	0	0	0	0	0	0	0	0	0	0	0	0	0	0	0	0	0	0	0.009259435866	0.009259435866	0.009259435866	0.009259435866	0.009259435866	0.009259435866	0.009259435866	0.009259435866	0.009259435866	0	0	0	0	0	0	0	0	0	0	0	0	0	0	0	0	0	0	0	0	0	0	0	0	0	0	0	0	0	0	0	0	0	0	0	0	0	0	0	0	0	0	0	0	0	0.009259435866	0.009259435866	0.009259435866	0.009259435866	0.009259435866	0.009259435866	0.009259435866	0.009259435866	0.009259435866	0	0	0	0	0	0	0	0	0	0	0	0	0	0	0	0	0	0	0	0	0	0	0	0	0	0	0	0	0	0	0	0	0	0	0	0	0	0	0	0	0	0	0	0	0	0.002315388788	0.002315388788	0.002315388788	0.002315388788	0.002315388788	0.002315388788	0.002315388788	0.002315388788	0.002315388788	0	0	0	0	0	0	0	0	0	0	0	0	0
(14,15)	0	0	0	0	0	0.02085375794	0	0	0	0	0	0	0	0	0	0	0	0	0	0	0	0	0	0	0	0	0	0	0	0	0	0	0	0	0	0	0	0	0	0	0	0	0	0	0	0	0	0	0	0	0	0	0	0	0	0	0	0	0	0	0.0008816222867	0.0008816222867	0	0.0008816222867	0.0008816222867	0	0.0008816222867	0.0008816222867	0	0	0	0	0	0	0	0	0	0	0	0	0	0	0	0	0	0	0	0	0	0	0	0	0	0	0	0	0	0	0	0	0	0	0	0	0	0	0	0	0	0	0	0	0	0	0.0002712683959	0.0002712683959	0	0.0002712683959	0.0002712683959	0	0.0002712683959	0.0002712683959	0	0	0	0	0	0	0	0	0	0	0	0	0	0	0	0	0	0	0	0	0	0	0	0	0	0	0	0	0	0	0	0	0	0	0	0	0	0	0	0	0	0	0	0	0	0	0	0	0.0008138051878	0	0	0.0008138051878	0	0	0	0	0	0	0	0	0	0	0	0	0	0	0	0	0	0	0	0	0	0	0	0	0	0	0	0	0	0	0	0	0	0	0	0	0	0	0	0	0	0	0	0	0	0	0	0	0.0008816222867	0.0008816222867	0	0.0008816222867	0.0008816222867	0	0.0008816222867	0.0008816222867	0	0	0	0	0	0	0	0	0	0	0	0	0	0	0	0	0	0	0	0	0	0	0	0	0	0	0	0	0	0	0	0	0	0	0	0	0	0	0	0	0	0	0	0	0	0	0.003475626323	0.003475626323	0	0.003475626323	0.003475626323	0	0.003475626323	0.003475626323	0	0	0	0	0	0	0	0	0	0	0	0	0	0	0	0	0	0	0	0	0	0	0	0	0	0	0	0	0	0	0	0	0	0	0	0	0	0	0	0	0	0	0	0	0	0	0	0	0.04166936875	0	0	0.04166936875	0	0	0	0	0	0	0	0	0	0	0	0	0	0	0	0	0	0	0	0	0	0	0	0	0	0	0	0	0	0	0	0	0	0	0	0	0	0	0	0	0	0	0	0	0	0	0	0	0.05555597941	0.05555597941	0	0.05555597941	0.05555597941	0	0.05555597941	0.05555597941	0	0	0	0	0	0	0	0	0	0	0	0	0	0	0	0	0	0	0	0	0	0	0	0	0	0	0	0	0	0	0	0	0	0	0	0	0	0	0	0	0	0	0	0	0	0	0.01388978958	0.01388978958	0	0.01388978958	0.01388978958	0	0.01388978958	0.01388978958	0	0	0	0	0	0	0	0	0	0	0	0	0	0	0	0	0	0	0	0	0	0	0	0	0	0	0	0	0	0	0	0	0	0	0	0	0	0	0	0
(14,16)	0	0	0	0	0	0	0	0	0	0	0	0	0	0	0	0	0	0	0	0	0	0	0	0	0	0	0	0	0	0	0	0	0	0.0005809664813	0.0005809664813	0.0005809664813	0.0005809664813	0.0005809664813	0.0005809664813	0.0005809664813	0.0005809664813	0.0005809664813	0	0	0	0	0	0	0	0	0	0	0	0	0	0	0	0	0	0	0	0	0	0	0	0	0	0	0	0	0	0	0	0	0	0	0	0	0	0	0	0	0	0	0	0	0	0.0001537187577	0.0001537187577	0.0001537187577	0.0001537187577	0.0001537187577	0.0001537187577	0.0001537187577	0.0001537187577	0.0001537187577	0	0	0	0	0	0	0	0	0	0	0	0	0	0	0	0	0	0	0	0	0	0	0	0	0	0	0	0	0	0	0	0	0	0	0	0	0	0	0	0	0	0	0	0	0	7.233823891e-05	7.233823891e-05	7.233823891e-05	7.233823891e-05	7.233823891e-05	7.233823891e-05	7.233823891e-05	7.233823891e-05	7.233823891e-05	0	0	0	0	0	0	0	0	0	0	0	0	0	0	0	0	0	0	0	0	0	0	0	0	0	0	0	0	0	0	0	0	0	0	0	0	0	0	0	0	0	0	0	0	0	0.0001537187577	0.0001537187577	0.0001537187577	0.0001537187577	0.0001537187577	0.0001537187577	0.0001537187577	0.0001537187577	0.0001537187577	0	0	0	0	0	0	0	0	0	0	0	0	0	0	0	0	0	0	0	0	0	0	0	0	0	0	0	0	0	0	0	0	0	0	0	0	0	0	0	0	0	0	0	0	0	0.0005809664813	0.0005809664813	0.0005809664813	0.0005809664813	0.0005809664813	0.0005809664813	0.0005809664813	0.0005809664813	0.0005809664813	0	0	0	0	0	0	0	0	0	0	0	0	0	0	0	0	0	0	0	0	0	0	0	0	0	0	0	0	0	0	0	0	0	0	0	0	0	0	0	0	0	0	0	0	0	0.002315388788	0.002315388788	0.002315388788	0.002315388788	0.002315388788	0.002315388788	0.002315388788	0.002315388788	0.002315388788	0	0	0	0	0	0	0	0	0	0	0	0	0	0	0	0	0	0	0	0	0	0	0	0	0	0	0	0	0	0	0	0	0	0	0	0	0	0	0	0	0	0	0	0	0	0.009259435866	0.009259435866	0.009259435866	0.009259435866	0.009259435866	0.009259435866	0.009259435866	0.009259435866	0.009259435866	0	0	0	0	0	0	0	0	0	0	0	0	0	0	0	0	0	0	0	0	0	0	0	0	0	0	0	0	0	0	0	0	0	0	0	0	0	0	0	0	0	0	0	0	0	0.009259435866	0.009259435866	0.009259435866	0.009259435866	0.009259435866	0.009259435866	0.009259435866	0.009259435866	0.009259435866	0	0	0	0	0	0	0	0	0	0	0	0	0	0	0	0	0	0	0	0	0	0	0	0	0	0	0	0	0	0	0	0	0	0	0	0	0	0	0	0	0	0	0	0	0	0.002315388788	0.002315388788	0.002315388788	0.002315388788	0.002315388788	0.002315388788	0.002315388788	0.002315388788	0.002315388788	0	0	0	0	0	0	0	0	0	0	0	0
(14,17)	0	0	0	0	0	0	0	0	0	0	0	0	0	0	0	0	0	0	0	0	0	0	0	0	0	0	0	0	0	0	0	0	0	0.0005809664813	0.0005809664813	0.0005809664813	0.0005809664813	0.0005809664813	0.0005809664813	0.0005809664813	0.0005809664813	0.0005809664813	0	0	0	0	0	0	0	0	0	0	0	0	0	0	0	0	0	0	0	0	0	0	0	0	0	0	0	0	0	0	0	0	0	0	0	0	0	0	0	0	0	0	0	0	0	0.0001537187577	0.0001537187577	0.0001537187577	0.0001537187577	0.0001537187577	0.0001537187577	0.0001537187577	0.0001537187577	0.0001537187577	0	0	0	0	0	0	0	0	0	0	0	0	0	0	0	0	0	0	0	0	0	0	0	0	0	0	0	0	0	0	0	0	0	0	0	0	0	0	0	0	0	0	0	0	0	7.233823891e-05	7.233823891e-05	7.233823891e-05	7.233823891e-05	7.233823891e-05	7.233823891e-05	7.233823891e-05	7.233823891e-05	7.233823891e-05	0	0	0	0	0	0	0	0	0	0	0	0	0	0	0	0	0	0	0	0	0	0	0	0	0	0	0	0	0	0	0	0	0	0	0	0	0	0	0	0	0	0	0	0	0	0.0001537187577	0.0001537187577	0.0001537187577	0.0001537187577	0.0001537187577	0.0001537187577	0.0001537187577	0.0001537187577	0.0001537187577	0	0	0	0	0	0	0	0	0	0	0	0	0	0	0	0	0	0	0	0	0	0	0	0	0	0	0	0	0	0	0	0	0	0	0	0	0	0	0	0	0	0	0	0	0	0.0005809664813	0.0005809664813	0.0005809664813	0.0005809664813	0.0005809664813	0.0005809664813	0.0005809664813	0.0005809664813	0.0005809664813	0	0	0	0	0	0	0	0	0	0	0	0	0	0	0	0	0	0	0	0	0	0	0	0	0	0	0	0	0	0	0	0	0	0	0	0	0	0	0	0	0	0	0	0	0	0.002315388788	0.002315388788	0.002315388788	0.002315388788	0.002315388788	0.002315388788	0.002315388788	0.002315388788	0.002315388788	0	0	0	0	0	0	0	0	0	0	0	0	0	0	0	0	0	0	0	0	0	0	0	0	0	0	0	0	0	0	0	0	0	0	0	0	0	0	0	0	0	0	0	0	0	0.009259435866	0.009259435866	0.009259435866	0.009259435866	0.009259435866	0.009259435866	0.009259435866	0.009259435866	0.009259435866	0	0	0	0	0	0	0	0	0	0	0	0	0	0	0	0	0	0	0	0	0	0	0	0	0	0	0	0	0	0	0	0	0	0	0	0	0	0	0	0	0	0	0	0	0	0.009259435866	0.009259435866	0.009259435866	0.009259435866	0.009259435866	0.009259435866	0.009259435866	0.009259435866	0.009259435866	0	0	0	0	0	0	0	0	0	0	0	0	0	0	0	0	0	0	0	0	0	0	0	0	0	0	0	0	0	0	0	0	0	0	0	0	0	0	0	0	0	0	0	0	0	0.002315388788	0.002315388788	0.002315388788	0.002315388788	0.002315388788	0.002315388788	0.002315388788	0.002315388788	0.002315388788	0	0	0	0	0	0	0	0	0	0	0	0
(14,18)	0	0	0	0	0	0	0.02085375794	0	0	0	0	0	0	0	0	0	0	0	0	0	0	0	0	0	0	0	0	0	0	0	0	0	0	0	0	0	0	0	0	0	0	0	0	0	0	0	0	0	0	0	0	0	0	0	0	0	0	0	0	0	0	0.0008816222867	0.0008816222867	0	0.0008816222867	0.0008816222867	0	0.0008816222867	0.0008816222867	0	0	0	0	0	0	0	0	0	0	0	0	0	0	0	0	0	0	0	0	0	0	0	0	0	0	0	0	0	0	0	0	0	0	0	0	0	0	0	0	0	0	0	0	0	0	0.0002712683959	0.0002712683959	0	0.0002712683959	0.0002712683959	0	0.0002712683959	0.0002712683959	0	0	0	0	0	0	0	0	0	0	0	0	0	0	0	0	0	0	0	0	0	0	0	0	0	0	0	0	0	0	0	0	0	0	0	0	0	0	0	0	0	0	0	0	0	0	0	0	0.0008138051878	0	0	0.0008138051878	0	0	0	0	0	0	0	0	0	0	0	0	0	0	0	0	0	0	0	0	0	0	0	0	0	0	0	0	0	0	0	0	0	0	0	0	0	0	0	0	0	0	0	0	0	0	0	0	0.0008816222867	0.0008816222867	0	0.0008816222867	0.0008816222867	0	0.0008816222867	0.0008816222867	0	0	0	0	0	0	0	0	0	0	0	0	0	0	0	0	0	0	0	0	0	0	0	0	0	0	0	0	0	0	0	0	0	0	0	0	0	0	0	0	0	0	0	0	0	0	0.003475626323	0.003475626323	0	0.003475626323	0.003475626323	0	0.003475626323	0.003475626323	0	0	0	0	0	0	0	0	0	0	0	0	0	0	0	0	0	0	0	0	0	0	0	0	0	0	0	0	0	0	0	0	0	0	0	0	0	0	0	0	0	0	0	0	0	0	0	0	0.04166936875	0	0	0.04166936875	0	0	0	0	0	0	0	0	0	0	0	0	0	0	0	0	0	0	0	0	0	0	0	0	0	0	0	0	0	0	0	0	0	0	0	0	0	0	0	0	0	0	0	0	0	0	0	0	0.05555597941	0.05555597941	0	0.05555597941	0.05555597941	0	0.05555597941	0.05555597941	0	0	0	0	0	0	0	0	0	0	0	0	0	0	0	0	0	0	0	0	0	0	0	0	0	0	0	0	0	0	0	0	0	0	0	0	0	0	0	0	0	0	0	0	0	0	0.01388978958	0.01388978958	0	0.01388978958	0.01388978958	0	0.01388978958	0.01388978958	0	0	0	0	0	0	0	0	0	0	0	0	0	0	0	0	0	0	0	0	0	0	0	0	0	0	0	0	0	0	0	0	0	0	0	0	0	0	0
(14,19)	0	0	0	0	0	0	0	0	0	0	0	0	0	0	0	0	0	0	0	0	0	0	0	0	0	0	0	0	0	0	0	0	0	0	0.0005809664813	0.0005809664813	0.0005809664813	0.0005809664813	0.0005809664813	0.0005809664813	0.0005809664813	0.0005809664813	0.0005809664813	0	0	0	0	0	0	0	0	0	0	0	0	0	0	0	0	0	0	0	0	0	0	0	0	0	0	0	0	0	0	0	0	0	0	0	0	0	0	0	0	0	0	0	0	0	0.0001537187577	0.0001537187577	0.0001537187577	0.0001537187577	0.0001537187577	0.0001537187577	0.0001537187577	0.0001537187577	0.0001537187577	0	0	0	0	0	0	0	0	0	0	0	0	0	0	0	0	0	0	0	0	0	0	0	0	0	0	0	0	0	0	0	0	0	0	0	0	0	0	0	0	0	0	0	0	0	7.233823891e-05	7.233823891e-05	7.233823891e-05	7.233823891e-05	7.233823891e-05	7.233823891e-05	7.233823891e-05	7.233823891e-05	7.233823891e-05	0	0	0	0	0	0	0	0	0	0	0	0	0	0	0	0	0	0	0	0	0	0	0	0	0	0	0	0	0	0	0	0	0	0	0	0	0	0	0	0	0	0	0	0	0	0.0001537187577	0.0001537187577	0.0001537187577	0.0001537187577	0.0001537187577	0.0001537187577	0.0001537187577	0.0001537187577	0.0001537187577	0	0	0	0	0	0	0	0	0	0	0	0	0	0	0	0	0	0	0	0	0	0	0	0	0	0	0	0	0	0	0	0	0	0	0	0	0	0	0	0	0	0	0	0	0	0.0005809664813	0.0005809664813	0.0005809664813	0.0005809664813	0.0005809664813	0.0005809664813	0.0005809664813	0.0005809664813	0.0005809664813	0	0	0	0	0	0	0	0	0	0	0	0	0	0	0	0	0	0	0	0	0	0	0	0	0	0	0	0	0	0	0	0	0	0	0	0	0	0	0	0	0	0	0	0	0	0.002315388788	0.002315388788	0.002315388788	0.002315388788	0.002315388788	0.002315388788	0.002315388788	0.002315388788	0.002315388788	0	0	0	0	0	0	0	0	0	0	0	0	0	0	0	0	0	0	0	0	0	0	0	0	0	0	0	0	0	0	0	0	0	0	0	0	0	0	0	0	0	0	0	0	0	0.009259435866	0.009259435866	0.009259435866	0.009259435866	0.009259435866	0.009259435866	0.009259435866	0.009259435866	0.009259435866	0	0	0	0	0	0	0	0	0	0	0	0	0	0	0	0	0	0	0	0	0	0	0	0	0	0	0	0	0	0	0	0	0	0	0	0	0	0	0	0	0	0	0	0	0	0.009259435866	0.009259435866	0.009259435866	0.009259435866	0.009259435866	0.009259435866	0.009259435866	0.009259435866	0.009259435866	0	0	0	0	0	0	0	0	0	0	0	0	0	0	0	0	0	0	0	0	0	0	0	0	0	0	0	0	0	0	0	0	0	0	0	0	0	0	0	0	0	0	0	0	0	0.002315388788	0.002315388788	0.002315388788	0.002315388788	0.002315388788	0.002315388788	0.002315388788	0.002315388788	0.002315388788	0	0	0	0	0	0	0	0	0	0	0
(14,20)	0	0	0	0	0	0	0	0	0	0	0	0	0	0	0	0	0	0	0	0	0	0	0	0	0	0	0	0	0	0	0	0	0	0	0.0005809664813	0.0005809664813	0.0005809664813	0.0005809664813	0.0005809664813	0.0005809664813	0.0005809664813	0.0005809664813	0.0005809664813	0	0	0	0	0	0	0	0	0	0	0	0	0	0	0	0	0	0	0	0	0	0	0	0	0	0	0	0	0	0	0	0	0	0	0	0	0	0	0	0	0	0	0	0	0	0.0001537187577	0.0001537187577	0.0001537187577	0.0001537187577	0.0001537187577	0.0001537187577	0.0001537187577	0.0001537187577	0.0001537187577	0	0	0	0	0	0	0	0	0	0	0	0	0	0	0	0	0	0	0	0	0	0	0	0	0	0	0	0	0	0	0	0	0	0	0	0	0	0	0	0	0	0	0	0	0	7.233823891e-05	7.233823891e-05	7.233823891e-05	7.233823891e-05	7.233823891e-05	7.233823891e-05	7.233823891e-05	7.233823891e-05	7.233823891e-05	0	0	0	0	0	0	0	0	0	0	0	0	0	0	0	0	0	0	0	0	0	0	0	0	0	0	0	0	0	0	0	0	0	0	0	0	0	0	0	0	0	0	0	0	0	0.0001537187577	0.0001537187577	0.0001537187577	0.0001537187577	0.0001537187577	0.0001537187577	0.0001537187577	0.0001537187577	0.0001537187577	0	0	0	0	0	0	0	0	0	0	0	0	0	0	0	0	0	0	0	0	0	0	0	0	0	0	0	0	0	0	0	0	0	0	0	0	0	0	0	0	0	0	0	0	0	0.0005809664813	0.0005809664813	0.0005809664813	0.0005809664813	0.0005809664813	0.0005809664813	0.0005809664813	0.0005809664813	0.0005809664813	0	0	0	0	0	0	0	0	0	0	0	0	0	0	0	0	0	0	0	0	0	0	0	0	0	0	0	0	0	0	0	0	0	0	0	0	0	0	0	0	0	0	0	0	0	0.002315388788	0.002315388788	0.002315388788	0.002315388788	0.002315388788	0.002315388788	0.002315388788	0.002315388788	0.002315388788	0	0	0	0	0	0	0	0	0	0	0	0	0	0	0	0	0	0	0	0	0	0	0	0	0	0	0	0	0	0	0	0	0	0	0	0	0	0	0	0	0	0	0	0	0	0.009259435866	0.009259435866	0.009259435866	0.009259435866	0.009259435866	0.009259435866	0.009259435866	0.009259435866	0.009259435866	0	0	0	0	0	0	0	0	0	0	0	0	0	0	0	0	0	0	0	0	0	0	0	0	0	0	0	0	0	0	0	0	0	0	0	0	0	0	0	0	0	0	0	0	0	0.009259435866	0.009259435866	0.009259435866	0.009259435866	0.009259435866	0.009259435866	0.009259435866	0.009259435866	0.009259435866	0	0	0	0	0	0	0	0	0	0	0	0	0	0	0	0	0	0	0	0	0	0	0	0	0	0	0	0	0	0	0	0	0	0	0	0	0	0	0	0	0	0	0	0	0	0.002315388788	0.002315388788	0.002315388788	0.002315388788	0.002315388788	0.002315388788	0.002315388788	0.002315388788	0.002315388788	0	0	0	0	0	0	0	0	0	0	0
(14,21)	0	0	0	0	0	0	0	0.02085375794	0	0	0	0	0	0	0	0	0	0	0	0	0	0	0	0	0	0	0	0	0	0	0	0	0	0	0	0	0	0	0	0	0	0	0	0	0	0	0	0	0	0	0	0	0	0	0	0	0	0	0	0	0	0	0.0008816222867	0.0008816222867	0	0.0008816222867	0.0008816222867	0	0.0008816222867	0.0008816222867	0	0	0	0	0	0	0	0	0	0	0	0	0	0	0	0	0	0	0	0	0	0	0	0	0	0	0	0	0	0	0	0	0	0	0	0	0	0	0	0	0	0	0	0	0	0	0.0002712683959	0.0002712683959	0	0.0002712683959	0.0002712683959	0	0.0002712683959	0.0002712683959	0	0	0	0	0	0	0	0	0	0	0	0	0	0	0	0	0	0	0	0	0	0	0	0	0	0	0	0	0	0	0	0	0	0	0	0	0	0	0	0	0	0	0	0	0	0	0	0	0.0008138051878	0	0	0.0008138051878	0	0	0	0	0	0	0	0	0	0	0	0	0	0	0	0	0	0	0	0	0	0	0	0	0	0	0	0	0	0	0	0	0	0	0	0	0	0	0	0	0	0	0	0	0	0	0	0	0.0008816222867	0.0008816222867	0	0.0008816222867	0.0008816222867	0	0.0008816222867	0.0008816222867	0	0	0	0	0	0	0	0	0	0	0	0	0	0	0	0	0	0	0	0	0	0	0	0	0	0	0	0	0	0	0	0	0	0	0	0	0	0	0	0	0	0	0	0	0	0	0.003475626323	0.003475626323	0	0.003475626323	0.003475626323	0	0.003475626323	0.003475626323	0	0	0	0	0	0	0	0	0	0	0	0	0	0	0	0	0	0	0	0	0	0	0	0	0	0	0	0	0	0	0	0	0	0	0	0	0	0	0	0	0	0	0	0	0	0	0	0	0.04166936875	0	0	0.04166936875	0	0	0	0	0	0	0	0	0	0	0	0	0	0	0	0	0	0	0	0	0	0	0	0	0	0	0	0	0	0	0	0	0	0	0	0	0	0	0	0	0	0	0	0	0	0	0	0	0.05555597941	0.05555597941	0	0.05555597941	0.05555597941	0	0.05555597941	0.05555597941	0	0	0	0	0	0	0	0	0	0	0	0	0	0	0	0	0	0	0	0	0	0	0	0	0	0	0	0	0	0	0	0	0	0	0	0	0	0	0	0	0	0	0	0	0	0	0.01388978958	0.01388978958	0	0.01388978958	0.01388978958	0	0.01388978958	0.01388978958	0	0	0	0	0	0	0	0	0	0	0	0	0	0	0	0	0	0	0	0	0	0	0	0	0	0	0	0	0	0	0	0	0	0	0	0	0	0
(14,22)	0	0	0	0	0	0	0	0	0	0	0	0	0	0	0	0	0	0	0	0	0	0	0	0	0	0	0	0	0	0	0	0	0	0	0	0.0005809664813	0.0005809664813	0.0005809664813	0.0005809664813	0.0005809664813	0.0005809664813	0.0005809664813	0.0005809664813	0.0005809664813	0	0	0	0	0	0	0	0	0	0	0	0	0	0	0	0	0	0	0	0	0	0	0	0	0	0	0	0	0	0	0	0	0	0	0	0	0	0	0	0	0	0	0	0	0	0.0001537187577	0.0001537187577	0.0001537187577	0.0001537187577	0.0001537187577	0.0001537187577	0.0001537187577	0.0001537187577	0.0001537187577	0	0	0	0	0	0	0	0	0	0	0	0	0	0	0	0	0	0	0	0	0	0	0	0	0	0	0	0	0	0	0	0	0	0	0	0	0	0	0	0	0	0	0	0	0	7.233823891e-05	7.233823891e-05	7.233823891e-05	7.233823891e-05	7.233823891e-05	7.233823891e-05	7.233823891e-05	7.233823891e-05	7.233823891e-05	0	0	0	0	0	0	0	0	0	0	0	0	0	0	0	0	0	0	0	0	0	0	0	0	0	0	0	0	0	0	0	0	0	0	0	0	0	0	0	0	0	0	0	0	0	0.0001537187577	0.0001537187577	0.0001537187577	0.0001537187577	0.0001537187577	0.0001537187577	0.0001537187577	0.0001537187577	0.0001537187577	0	0	0	0	0	0	0	0	0	0	0	0	0	0	0	0	0	0	0	0	0	0	0	0	0	0	0	0	0	0	0	0	0	0	0	0	0	0	0	0	0	0	0	0	0	0.0005809664813	0.0005809664813	0.0005809664813	0.0005809664813	0.0005809664813	0.0005809664813	0.0005809664813	0.0005809664813	0.0005809664813	0	0	0	0	0	0	0	0	0	0	0	0	0	0	0	0	0	0	0	0	0	0	0	0	0	0	0	0	0	0	0	0	0	0	0	0	0	0	0	0	0	0	0	0	0	0.002315388788	0.002315388788	0.002315388788	0.002315388788	0.002315388788	0.002315388788	0.002315388788	0.002315388788	0.002315388788	0	0	0	0	0	0	0	0	0	0	0	0	0	0	0	0	0	0	0	0	0	0	0	0	0	0	0	0	0	0	0	0	0	0	0	0	0	0	0	0	0	0	0	0	0	0.009259435866	0.009259435866	0.009259435866	0.009259435866	0.009259435866	0.009259435866	0.009259435866	0.009259435866	0.009259435866	0	0	0	0	0	0	0	0	0	0	0	0	0	0	0	0	0	0	0	0	0	0	0	0	0	0	0	0	0	0	0	0	0	0	0	0	0	0	0	0	0	0	0	0	0	0.009259435866	0.009259435866	0.009259435866	0.009259435866	0.009259435866	0.009259435866	0.009259435866	0.009259435866	0.009259435866	0	0	0	0	0	0	0	0	0	0	0	0	0	0	0	0	0	0	0	0	0	0	0	0	0	0	0	0	0	0	0	0	0	0	0	0	0	0	0	0	0	0	0	0	0	0.002315388788	0.002315388788	0.002315388788	0.002315388788	0.002315388788	0.002315388788	0.002315388788	0.002315388788	0.002315388788	0	0	0	0	0	0	0	0	0	0
(14,23)	0	0	0	0	0	0	0	0	0	0	0	0	0	0	0	0	0	0	0	0	0	0	0	0	0	0	0	0	0	0	0	0	0	0	0	0.0005809664813	0.0005809664813	0.0005809664813	0.0005809664813	0.0005809664813	0.0005809664813	0.0005809664813	0.0005809664813	0.0005809664813	0	0	0	0	0	0	0	0	0	0	0	0	0	0	0	0	0	0	0	0	0	0	0	0	0	0	0	0	0	0	0	0	0	0	0	0	0	0	0	0	0	0	0	0	0	0.0001537187577	0.0001537187577	0.0001537187577	0.0001537187577	0.0001537187577	0.0001537187577	0.0001537187577	0.0001537187577	0.0001537187577	0	0	0	0	0	0	0	0	0	0	0	0	0	0	0	0	0	0	0	0	0	0	0	0	0	0	0	0	0	0	0	0	0	0	0	0	0	0	0	0	0	0	0	0	0	7.233823891e-05	7.233823891e-05	7.233823891e-05	7.233823891e-05	7.233823891e-05	7.233823891e-05	7.233823891e-05	7.233823891e-05	7.233823891e-05	0	0	0	0	0	0	0	0	0	0	0	0	0	0	0	0	0	0	0	0	0	0	0	0	0	0	0	0	0	0	0	0	0	0	0	0	0	0	0	0	0	0	0	0	0	0.0001537187577	0.0001537187577	0.0001537187577	0.0001537187577	0.0001537187577	0.0001537187577	0.0001537187577	0.0001537187577	0.0001537187577	0	0	0	0	0	0	0	0	0	0	0	0	0	0	0	0	0	0	0	0	0	0	0	0	0	0	0	0	0	0	0	0	0	0	0	0	0	0	0	0	0	0	0	0	0	0.0005809664813	0.0005809664813	0.0005809664813	0.0005809664813	0.0005809664813	0.0005809664813	0.0005809664813	0.0005809664813	0.0005809664813	0	0	0	0	0	0	0	0	0	0	0	0	0	0	0	0	0	0	0	0	0	0	0	0	0	0	0	0	0	0	0	0	0	0	0	0	0	0	0	0	0	0	0	0	0	0.002315388788	0.002315388788	0.002315388788	0.002315388788	0.002315388788	0.002315388788	0.002315388788	0.002315388788	0.002315388788	0	0	0	0	0	0	0	0	0	0	0	0	0	0	0	0	0	0	0	0	0	0	0	0	0	0	0	0	0	0	0	0	0	0	0	0	0	0	0	0	0	0	0	0	0	0.009259435866	0.009259435866	0.009259435866	0.009259435866	0.009259435866	0.009259435866	0.009259435866	0.009259435866	0.009259435866	0	0	0	0	0	0	0	0	0	0	0	0	0	0	0	0	0	0	0	0	0	0	0	0	0	0	0	0	0	0	0	0	0	0	0	0	0	0	0	0	0	0	0	0	0	0.009259435866	0.009259435866	0.009259435866	0.009259435866	0.009259435866	0.009259435866	0.009259435866	0.009259435866	0.009259435866	0	0	0	0	0	0	0	0	0	0	0	0	0	0	0	0	0	0	0	0	0	0	0	0	0	0	0	0	0	0	0	0	0	0	0	0	0	0	0	0	0	0	0	0	0	0.002315388788	0.002315388788	0.002315388788	0.002315388788	0.002315388788	0.002315388788	0.002315388788	0.002315388788	0.002315388788	0	0	0	0	0	0	0	0	0	0
(14,24)	0	0	0	0	0	0	0	0	0.02085375794	0	0	0	0	0	0	0	0	0	0	0	0	0	0	0	0	0	0	0	0	0	0	0	0	0	0	0	0	0	0	0	0	0	0	0	0	0	0	0	0	0	0	0	0	0	0	0	0	0	0	0	0	0	0	0.0008816222867	0.0008816222867	0	0.0008816222867	0.0008816222867	0	0.0008816222867	0.0008816222867	0	0	0	0	0	0	0	0	0	0	0	0	0	0	0	0	0	0	0	0	0	0	0	0	0	0	0	0	0	0	0	0	0	0	0	0	0	0	0	0	0	0	0	0	0	0	0.0002712683959	0.0002712683959	0	0.0002712683959	0.0002712683959	0	0.0002712683959	0.0002712683959	0	0	0	0	0	0	0	0	0	0	0	0	0	0	0	0	0	0	0	0	0	0	0	0	0	0	0	0	0	0	0	0	0	0	0	0	0	0	0	0	0	0	0	0	0	0	0	0	0.0008138051878	0	0	0.0008138051878	0	0	0	0	0	0	0	0	0	0	0	0	0	0	0	0	0	0	0	0	0	0	0	0	0	0	0	0	0	0	0	0	0	0	0	0	0	0	0	0	0	0	0	0	0	0	0	0	0.0008816222867	0.0008816222867	0	0.0008816222867	0.0008816222867	0	0.0008816222867	0.0008816222867	0	0	0	0	0	0	0	0	0	0	0	0	0	0	0	0	0	0	0	0	0	0	0	0	0	0	0	0	0	0	0	0	0	0	0	0	0	0	0	0	0	0	0	0	0	0	0.003475626323	0.003475626323	0	0.003475626323	0.003475626323	0	0.003475626323	0.003475626323	0	0	0	0	0	0	0	0	0	0	0	0	0	0	0	0	0	0	0	0	0	0	0	0	0	0	0	0	0	0	0	0	0	0	0	0	0	0	0	0	0	0	0	0	0	0	0	0	0.04166936875	0	0	0.04166936875	0	0	0	0	0	0	0	0	0	0	0	0	0	0	0	0	0	0	0	0	0	0	0	0	0	0	0	0	0	0	0	0	0	0	0	0	0	0	0	0	0	0	0	0	0	0	0	0	0.05555597941	0.05555597941	0	0.05555597941	0.05555597941	0	0.05555597941	0.05555597941	0	0	0	0	0	0	0	0	0	0	0	0	0	0	0	0	0	0	0	0	0	0	0	0	0	0	0	0	0	0	0	0	0	0	0	0	0	0	0	0	0	0	0	0	0	0	0.01388978958	0.01388978958	0	0.01388978958	0.01388978958	0	0.01388978958	0.01388978958	0	0	0	0	0	0	0	0	0	0	0	0	0	0	0	0	0	0	0	0	0	0	0	0	0	0	0	0	0	0	0	0	0	0	0	0	0
(14,25)	0	0	0	0	0	0	0	0	0	0	0	0	0	0	0	0	0	0	0	0	0	0	0	0	0	0	0	0	0	0	0	0	0	0	0	0	0.0005809664813	0.0005809664813	0.0005809664813	0.0005809664813	0.0005809664813	0.0005809664813	0.0005809664813	0.0005809664813	0.0005809664813	0	0	0	0	0	0	0	0	0	0	0	0	0	0	0	0	0	0	0	0	0	0	0	0	0	0	0	0	0	0	0	0	0	0	0	0	0	0	0	0	0	0	0	0	0	0.0001537187577	0.0001537187577	0.0001537187577	0.0001537187577	0.0001537187577	0.0001537187577	0.0001537187577	0.0001537187577	0.0001537187577	0	0	0	0	0	0	0	0	0	0	0	0	0	0	0	0	0	0	0	0	0	0	0	0	0	0	0	0	0	0	0	0	0	0	0	0	0	0	0	0	0	0	0	0	0	7.233823891e-05	7.233823891e-05	7.233823891e-05	7.233823891e-05	7.233823891e-05	7.233823891e-05	7.233823891e-05	7.233823891e-05	7.233823891e-05	0	0	0	0	0	0	0	0	0	0	0	0	0	0	0	0	0	0	0	0	0	0	0	0	0	0	0	0	0	0	0	0	0	0	0	0	0	0	0	0	0	0	0	0	0	0.0001537187577	0.0001537187577	0.0001537187577	0.0001537187577	0.0001537187577	0.0001537187577	0.0001537187577	0.0001537187577	0.0001537187577	0	0	0	0	0	0	0	0	0	0	0	0	0	0	0	0	0	0	0	0	0	0	0	0	0	0	0	0	0	0	0	0	0	0	0	0	0	0	0	0	0	0	0	0	0	0.0005809664813	0.0005809664813	0.0005809664813	0.0005809664813	0.0005809664813	0.0005809664813	0.0005809664813	0.0005809664813	0.0005809664813	0	0	0	0	0	0	0	0	0	0	0	0	0	0	0	0	0	0	0	0	0	0	0	0	0	0	0	0	0	0	0	0	0	0	0	0	0	0	0	0	0	0	0	0	0	0.002315388788	0.002315388788	0.002315388788	0.002315388788	0.002315388788	0.002315388788	0.002315388788	0.002315388788	0.002315388788	0	0	0	0	0	0	0	0	0	0	0	0	0	0	0	0	0	0	0	0	0	0	0	0	0	0	0	0	0	0	0	0	0	0	0	0	0	0	0	0	0	0	0	0	0	0.009259435866	0.009259435866	0.009259435866	0.009259435866	0.009259435866	0.009259435866	0.009259435866	0.009259435866	0.009259435866	0	0	0	0	0	0	0	0	0	0	0	0	0	0	0	0	0	0	0	0	0	0	0	0	0	0	0	0	0	0	0	0	0	0	0	0	0	0	0	0	0	0	0	0	0	0.009259435866	0.009259435866	0.009259435866	0.009259435866	0.009259435866	0.009259435866	0.009259435866	0.009259435866	0.009259435866	0	0	0	0	0	0	0	0	0	0	0	0	0	0	0	0	0	0	0	0	0	0	0	0	0	0	0	0	0	0	0	0	0	0	0	0	0	0	0	0	0	0	0	0	0	0.002315388788	0.002315388788	0.002315388788	0.002315388788	0.002315388788	0.002315388788	0.002315388788	0.002315388788	0.002315388788	0	0	0	0	0	0	0	0	0
(14,26)	0	0	0	0	0	0	0	0	0	0	0	0	0	0	0	0	0	0	0	0	0	0	0	0	0	0	0	0	0	0	0	0	0	0	0	0	0.0005809664813	0.0005809664813	0.0005809664813	0.0005809664813	0.0005809664813	0.0005809664813	0.0005809664813	0.0005809664813	0.0005809664813	0	0	0	0	0	0	0	0	0	0	0	0	0	0	0	0	0	0	0	0	0	0	0	0	0	0	0	0	0	0	0	0	0	0	0	0	0	0	0	0	0	0	0	0	0	0.0001537187577	0.0001537187577	0.0001537187577	0.0001537187577	0.0001537187577	0.0001537187577	0.0001537187577	0.0001537187577	0.0001537187577	0	0	0	0	0	0	0	0	0	0	0	0	0	0	0	0	0	0	0	0	0	0	0	0	0	0	0	0	0	0	0	0	0	0	0	0	0	0	0	0	0	0	0	0	0	7.233823891e-05	7.233823891e-05	7.233823891e-05	7.233823891e-05	7.233823891e-05	7.233823891e-05	7.233823891e-05	7.233823891e-05	7.233823891e-05	0	0	0	0	0	0	0	0	0	0	0	0	0	0	0	0	0	0	0	0	0	0	0	0	0	0	0	0	0	0	0	0	0	0	0	0	0	0	0	0	0	0	0	0	0	0.0001537187577	0.0001537187577	0.0001537187577	0.0001537187577	0.0001537187577	0.0001537187577	0.0001537187577	0.0001537187577	0.0001537187577	0	0	0	0	0	0	0	0	0	0	0	0	0	0	0	0	0	0	0	0	0	0	0	0	0	0	0	0	0	0	0	0	0	0	0	0	0	0	0	0	0	0	0	0	0	0.0005809664813	0.0005809664813	0.0005809664813	0.0005809664813	0.0005809664813	0.0005809664813	0.0005809664813	0.0005809664813	0.0005809664813	0	0	0	0	0	0	0	0	0	0	0	0	0	0	0	0	0	0	0	0	0	0	0	0	0	0	0	0	0	0	0	0	0	0	0	0	0	0	0	0	0	0	0	0	0	0.002315388788	0.002315388788	0.002315388788	0.002315388788	0.002315388788	0.002315388788	0.002315388788	0.002315388788	0.002315388788	0	0	0	0	0	0	0	0	0	0	0	0	0	0	0	0	0	0	0	0	0	0	0	0	0	0	0	0	0	0	0	0	0	0	0	0	0	0	0	0	0	0	0	0	0	0.009259435866	0.009259435866	0.009259435866	0.009259435866	0.009259435866	0.009259435866	0.009259435866	0.009259435866	0.009259435866	0	0	0	0	0	0	0	0	0	0	0	0	0	0	0	0	0	0	0	0	0	0	0	0	0	0	0	0	0	0	0	0	0	0	0	0	0	0	0	0	0	0	0	0	0	0.009259435866	0.009259435866	0.009259435866	0.009259435866	0.009259435866	0.009259435866	0.009259435866	0.009259435866	0.009259435866	0	0	0	0	0	0	0	0	0	0	0	0	0	0	0	0	0	0	0	0	0	0	0	0	0	0	0	0	0	0	0	0	0	0	0	0	0	0	0	0	0	0	0	0	0	0.002315388788	0.002315388788	0.002315388788	0.002315388788	0.002315388788	0.002315388788	0.002315388788	0.002315388788	0.002315388788	0	0	0	0	0	0	0	0	0
(15,0)	0.04167699818	0	0	0	0	0	0	0	0	0	0	0	0	0	0	0	0	0	0	0	0	0	0	0	0	0	0	0	0	0	0	0	0	0	0	0	0	0	0	0	0	0	0	0	0	0	0	0	0	0	0	0	0	0	0	0.001742899444	0.001742899444	0	0.001742899444	0.001742899444	0	0.001742899444	0.001742899444	0	0	0	0	0	0	0	0	0	0	0	0	0	0	0	0	0	0	0	0	0	0	0	0	0	0	0	0	0	0	0	0	0	0	0	0	0	0	0	0	0	0	0	0	0	0	0.0004611562731	0.0004611562731	0	0.0004611562731	0.0004611562731	0	0.0004611562731	0.0004611562731	0	0	0	0	0	0	0	0	0	0	0	0	0	0	0	0	0	0	0	0	0	0	0	0	0	0	0	0	0	0	0	0	0	0	0	0	0	0	0	0	0	0	0	0	0	0	0	0	0.0006510441502	0	0	0.0006510441502	0	0	0	0	0	0	0	0	0	0	0	0	0	0	0	0	0	0	0	0	0	0	0	0	0	0	0	0	0	0	0	0	0	0	0	0	0	0	0	0	0	0	0	0	0	0	0	0	0.0004611562731	0.0004611562731	0	0.0004611562731	0.0004611562731	0	0.0004611562731	0.0004611562731	0	0	0	0	0	0	0	0	0	0	0	0	0	0	0	0	0	0	0	0	0	0	0	0	0	0	0	0	0	0	0	0	0	0	0	0	0	0	0	0	0	0	0	0	0	0	0.001742899444	0.001742899444	0	0.001742899444	0.001742899444	0	0.001742899444	0.001742899444	0	0	0	0	0	0	0	0	0	0	0	0	0	0	0	0	0	0	0	0	0	0	0	0	0	0	0	0	0	0	0	0	0	0	0	0	0	0	0	0	0	0	0	0	0	0	0	0	0.02083849909	0	0	0.02083849909	0	0	0	0	0	0	0	0	0	0	0	0	0	0	0	0	0	0	0	0	0	0	0	0	0	0	0	0	0	0	0	0	0	0	0	0	0	0	0	0	0	0	0	0	0	0	0	0	0.0277783076	0.0277783076	0	0.0277783076	0.0277783076	0	0.0277783076	0.0277783076	0	0	0	0	0	0	0	0	0	0	0	0	0	0	0	0	0	0	0	0	0	0	0	0	0	0	0	0	0	0	0	0	0	0	0	0	0	0	0	0	0	0	0	0	0	0	0.0277783076	0.0277783076	0	0.0277783076	0.0277783076	0	0.0277783076	0.0277783076	0	0	0	0	0	0	0	0	0	0	0	0	0	0	0	0	0	0	0	0	0	0	0	0	0	0	0	0	0	0	0	0	0	0	0	0	0	0	0	0	0	0	0	0	0
(15,1)	0	0	0	0	0	0	0	0	0	0	0	0	0	0	0	0	0	0	0	0	0	0	0	0	0	0	0	0	0.001158542108	0.001158542108	0.001158542108	0.001158542108	0.001158542108	0.001158542108	0.001158542108	0.001158542108	0.001158542108	0	0	0	0	0	0	0	0	0	0	0	0	0	0	0	0	0	0	0	0	0	0	0	0	0	0	0	0	0	0	0	0	0	0	0	0	0	0	0	0	0	0	0	0	0	0.0002938740956	0.0002938740956	0.0002938740956	0.0002938740956	0.0002938740956	0.0002938740956	0.0002938740956	0.0002938740956	0.0002938740956	0	0	0	0	0	0	0	0	0	0	0	0	0	0	0	0	0	0	0	0	0	0	0	0	0	0	0	0	0	0	0	0	0	0	0	0	0	0	0	0	0	0	0	0	0	9.042279864e-05	9.042279864e-05	9.042279864e-05	9.042279864e-05	9.042279864e-05	9.042279864e-05	9.042279864e-05	9.042279864e-05	9.042279864e-05	0	0	0	0	0	0	0	0	0	0	0	0	0	0	0	0	0	0	0	0	0	0	0	0	0	0	0	0	0	0	0	0	0	0	0	0	0	0	0	0	0	0	0	0	0	9.042279864e-05	9.042279864e-05	9.042279864e-05	9.042279864e-05	9.042279864e-05	9.042279864e-05	9.042279864e-05	9.042279864e-05	9.042279864e-05	0	0	0	0	0	0	0	0	0	0	0	0	0	0	0	0	0	0	0	0	0	0	0	0	0	0	0	0	0	0	0	0	0	0	0	0	0	0	0	0	0	0	0	0	0	0.0002938740956	0.0002938740956	0.0002938740956	0.0002938740956	0.0002938740956	0.0002938740956	0.0002938740956	0.0002938740956	0.0002938740956	0	0	0	0	0	0	0	0	0	0	0	0	0	0	0	0	0	0	0	0	0	0	0	0	0	0	0	0	0	0	0	0	0	0	0	0	0	0	0	0	0	0	0	0	0	0.001158542108	0.001158542108	0.001158542108	0.001158542108	0.001158542108	0.001158542108	0.001158542108	0.001158542108	0.001158542108	0	0	0	0	0	0	0	0	0	0	0	0	0	0	0	0	0	0	0	0	0	0	0	0	0	0	0	0	0	0	0	0	0	0	0	0	0	0	0	0	0	0	0	0	0	0.004629929862	0.004629929862	0.004629929862	0.004629929862	0.004629929862	0.004629929862	0.004629929862	0.004629929862	0.004629929862	0	0	0	0	0	0	0	0	0	0	0	0	0	0	0	0	0	0	0	0	0	0	0	0	0	0	0	0	0	0	0	0	0	0	0	0	0	0	0	0	0	0	0	0	0	0.0185186598	0.0185186598	0.0185186598	0.0185186598	0.0185186598	0.0185186598	0.0185186598	0.0185186598	0.0185186598	0	0	0	0	0	0	0	0	0	0	0	0	0	0	0	0	0	0	0	0	0	0	0	0	0	0	0	0	0	0	0	0	0	0	0	0	0	0	0	0	0	0	0	0	0	0.004629929862	0.004629929862	0.004629929862	0.004629929862	0.004629929862	0.004629929862	0.004629929862	0.004629929862	0.004629929862	0	0	0	0	0	0	0	0	0	0	0	0	0	0	0	0	0
(15,2)	0	0	0	0	0	0	0	0	0	0	0	0	0	0	0	0	0	0	0	0	0	0	0	0	0	0	0	0	0.001158542108	0.001158542108	0.001158542108	0.001158542108	0.001158542108	0.001158542108	0.001158542108	0.001158542108	0.001158542108	0	0	0	0	0	0	0	0	0	0	0	0	0	0	0	0	0	0	0	0	0	0	0	0	0	0	0	0	0	0	0	0	0	0	0	0	0	0	0	0	0	0	0	0	0	0.0002938740956	0.0002938740956	0.0002938740956	0.0002938740956	0.0002938740956	0.0002938740956	0.0002938740956	0.0002938740956	0.0002938740956	0	0	0	0	0	0	0	0	0	0	0	0	0	0	0	0	0	0	0	0	0	0	0	0	0	0	0	0	0	0	0	0	0	0	0	0	0	0	0	0	0	0	0	0	0	9.042279864e-05	9.042279864e-05	9.042279864e-05	9.042279864e-05	9.042279864e-05	9.042279864e-05	9.042279864e-05	9.042279864e-05	9.042279864e-05	0	0	0	0	0	0	0	0	0	0	0	0	0	0	0	0	0	0	0	0	0	0	0	0	0	0	0	0	0	0	0	0	0	0	0	0	0	0	0	0	0	0	0	0	0	9.042279864e-05	9.042279864e-05	9.042279864e-05	9.042279864e-05	9.042279864e-05	9.042279864e-05	9.042279864e-05	9.042279864e-05	9.042279864e-05	0	0	0	0	0	0	0	0	0	0	0	0	0	0	0	0	0	0	0	0	0	0	0	0	0	0	0	0	0	0	0	0	0	0	0	0	0	0	0	0	0	0	0	0	0	0.0002938740956	0.0002938740956	0.0002938740956	0.0002938740956	0.0002938740956	0.0002938740956	0.0002938740956	0.0002938740956	0.0002938740956	0	0	0	0	0	0	0	0	0	0	0	0	0	0	0	0	0	0	0	0	0	0	0	0	0	0	0	0	0	0	0	0	0	0	0	0	0	0	0	0	0	0	0	0	0	0.001158542108	0.001158542108	0.001158542108	0.001158542108	0.001158542108	0.001158542108	0.001158542108	0.001158542108	0.001158542108	0	0	0	0	0	0	0	0	0	0	0	0	0	0	0	0	0	0	0	0	0	0	0	0	0	0	0	0	0	0	0	0	0	0	0	0	0	0	0	0	0	0	0	0	0	0.004629929862	0.004629929862	0.004629929862	0.004629929862	0.004629929862	0.004629929862	0.004629929862	0.004629929862	0.004629929862	0	0	0	0	0	0	0	0	0	0	0	0	0	0	0	0	0	0	0	0	0	0	0	0	0	0	0	0	0	0	0	0	0	0	0	0	0	0	0	0	0	0	0	0	0	0.0185186598	0.0185186598	0.0185186598	0.0185186598	0.0185186598	0.0185186598	0.0185186598	0.0185186598	0.0185186598	0	0	0	0	0	0	0	0	0	0	0	0	0	0	0	0	0	0	0	0	0	0	0	0	0	0	0	0	0	0	0	0	0	0	0	0	0	0	0	0	0	0	0	0	0	0.004629929862	0.004629929862	0.004629929862	0.004629929862	0.004629929862	0.004629929862	0.004629929862	0.004629929862	0.004629929862	0	0	0	0	0	0	0	0	0	0	0	0	0	0	0	0	0
(15,3)	0	0.04167699818	0	0	0	0	0	0	0	0	0	0	0	0	0	0	0	0	0	0	0	0	0	0	0	0	0	0	0	0	0	0	0	0	0	0	0	0	0	0	0	0	0	0	0	0	0	0	0	0	0	0	0	0	0	0	0.001742899444	0.001742899444	0	0.001742899444	0.001742899444	0	0.001742899444	0.001742899444	0	0	0	0	0	0	0	0	0	0	0	0	0	0	0	0	0	0	0	0	0	0	0	0	0	0	0	0	0	0	0	0	0	0	0	0	0	0	0	0	0	0	0	0	0	0	0.0004611562731	0.0004611562731	0	0.0004611562731	0.0004611562731	0	0.0004611562731	0.0004611562731	0	0	0	0	0	0	0	0	0	0	0	0	0	0	0	0	0	0	0	0	0	0	0	0	0	0	0	0	0	0	0	0	0	0	0	0	0	0	0	0	0	0	0	0	0	0	0	0	0.0006510441502	0	0	0.0006510441502	0	0	0	0	0	0	0	0	0	0	0	0	0	0	0	0	0	0	0	0	0	0	0	0	0	0	0	0	0	0	0	0	0	0	0	0	0	0	0	0	0	0	0	0	0	0	0	0	0.0004611562731	0.0004611562731	0	0.0004611562731	0.0004611562731	0	0.0004611562731	0.0004611562731	0	0	0	0	0	0	0	0	0	0	0	0	0	0	0	0	0	0	0	0	0	0	0	0	0	0	0	0	0	0	0	0	0	0	0	0	0	0	0	0	0	0	0	0	0	0	0.001742899444	0.001742899444	0	0.001742899444	0.001742899444	0	0.001742899444	0.001742899444	0	0	0	0	0	0	0	0	0	0	0	0	0	0	0	0	0	0	0	0	0	0	0	0	0	0	0	0	0	0	0	0	0	0	0	0	0	0	0	0	0	0	0	0	0	0	0	0	0.02083849909	0	0	0.02083849909	0	0	0	0	0	0	0	0	0	0	0	0	0	0	0	0	0	0	0	0	0	0	0	0	0	0	0	0	0	0	0	0	0	0	0	0	0	0	0	0	0	0	0	0	0	0	0	0	0.0277783076	0.0277783076	0	0.0277783076	0.0277783076	0	0.0277783076	0.0277783076	0	0	0	0	0	0	0	0	0	0	0	0	0	0	0	0	0	0	0	0	0	0	0	0	0	0	0	0	0	0	0	0	0	0	0	0	0	0	0	0	0	0	0	0	0	0	0.0277783076	0.0277783076	0	0.0277783076	0.0277783076	0	0.0277783076	0.0277783076	0	0	0	0	0	0	0	0	0	0	0	0	0	0	0	0	0	0	0	0	0	0	0	0	0	0	0	0	0	0	0	0	0	0	0	0	0	0	0	0	0	0	0	0
(15,4)	0	0	0	0	0	0	0	0	0	0	0	0	0	0	0	0	0	0	0	0	0	0	0	0	0	0	0	0	0	0.001158542108	0.001158542108	0.001158542108	0.001158542108	0.001158542108	0.001158542108	0.001158542108	0.001158542108	0.001158542108	0	0	0	0	0	0	0	0	0	0	0	0	0	0	0	0	0	0	0	0	0	0	0	0	0	0	0	0	0	0	0	0	0	0	0	0	0	0	0	0	0	0	0	0	0	0.0002938740956	0.0002938740956	0.0002938740956	0.0002938740956	0.0002938740956	0.0002938740956	0.0002938740956	0.0002938740956	0.0002938740956	0	0	0	0	0	0	0	0	0	0	0	0	0	0	0	0	0	0	0	0	0	0	0	0	0	0	0	0	0	0	0	0	0	0	0	0	0	0	0	0	0	0	0	0	0	9.042279864e-05	9.042279864e-05	9.042279864e-05	9.042279864e-05	9.042279864e-05	9.042279864e-05	9.042279864e-05	9.042279864e-05	9.042279864e-05	0	0	0	0	0	0	0	0	0	0	0	0	0	0	0	0	0	0	0	0	0	0	0	0	0	0	0	0	0	0	0	0	0	0	0	0	0	0	0	0	0	0	0	0	0	9.042279864e-05	9.042279864e-05	9.042279864e-05	9.042279864e-05	9.042279864e-05	9.042279864e-05	9.042279864e-05	9.042279864e-05	9.042279864e-05	0	0	0	0	0	0	0	0	0	0	0	0	0	0	0	0	0	0	0	0	0	0	0	0	0	0	0	0	0	0	0	0	0	0	0	0	0	0	0	0	0	0	0	0	0	0.0002938740956	0.0002938740956	0.0002938740956	0.0002938740956	0.0002938740956	0.0002938740956	0.0002938740956	0.0002938740956	0.0002938740956	0	0	0	0	0	0	0	0	0	0	0	0	0	0	0	0	0	0	0	0	0	0	0	0	0	0	0	0	0	0	0	0	0	0	0	0	0	0	0	0	0	0	0	0	0	0.001158542108	0.001158542108	0.001158542108	0.001158542108	0.001158542108	0.001158542108	0.001158542108	0.001158542108	0.001158542108	0	0	0	0	0	0	0	0	0	0	0	0	0	0	0	0	0	0	0	0	0	0	0	0	0	0	0	0	0	0	0	0	0	0	0	0	0	0	0	0	0	0	0	0	0	0.004629929862	0.004629929862	0.004629929862	0.004629929862	0.004629929862	0.004629929862	0.004629929862	0.004629929862	0.004629929862	0	0	0	0	0	0	0	0	0	0	0	0	0	0	0	0	0	0	0	0	0	0	0	0	0	0	0	0	0	0	0	0	0	0	0	0	0	0	0	0	0	0	0	0	0	0.0185186598	0.0185186598	0.0185186598	0.0185186598	0.0185186598	0.0185186598	0.0185186598	0.0185186598	0.0185186598	0	0	0	0	0	0	0	0	0	0	0	0	0	0	0	0	0	0	0	0	0	0	0	0	0	0	0	0	0	0	0	0	0	0	0	0	0	0	0	0	0	0	0	0	0	0.004629929862	0.004629929862	0.004629929862	0.004629929862	0.004629929862	0.004629929862	0.004629929862	0.004629929862	0.004629929862	0	0	0	0	0	0	0	0	0	0	0	0	0	0	0	0
(15,5)	0	0	0	0	0	0	0	0	0	0	0	0	0	0	0	0	0	0	0	0	0	0	0	0	0	0	0	0	0	0.001158542108	0.001158542108	0.001158542108	0.001158542108	0.001158542108	0.001158542108	0.001158542108	0.001158542108	0.001158542108	0	0	0	0	0	0	0	0	0	0	0	0	0	0	0	0	0	0	0	0	0	0	0	0	0	0	0	0	0	0	0	0	0	0	0	0	0	0	0	0	0	0	0	0	0	0.0002938740956	0.0002938740956	0.0002938740956	0.0002938740956	0.0002938740956	0.0002938740956	0.0002938740956	0.0002938740956	0.0002938740956	0	0	0	0	0	0	0	0	0	0	0	0	0	0	0	0	0	0	0	0	0	0	0	0	0	0	0	0	0	0	0	0	0	0	0	0	0	0	0	0	0	0	0	0	0	9.042279864e-05	9.042279864e-05	9.042279864e-05	9.042279864e-05	9.042279864e-05	9.042279864e-05	9.042279864e-05	9.042279864e-05	9.042279864e-05	0	0	0	0	0	0	0	0	0	0	0	0	0	0	0	0	0	0	0	0	0	0	0	0	0	0	0	0	0	0	0	0	0	0	0	0	0	0	0	0	0	0	0	0	0	9.042279864e-05	9.042279864e-05	9.042279864e-05	9.042279864e-05	9.042279864e-05	9.042279864e-05	9.042279864e-05	9.042279864e-05	9.042279864e-05	0	0	0	0	0	0	0	0	0	0	0	0	0	0	0	0	0	0	0	0	0	0	0	0	0	0	0	0	0	0	0	0	0	0	0	0	0	0	0	0	0	0	0	0	0	0.0002938740956	0.0002938740956	0.0002938740956	0.0002938740956	0.0002938740956	0.0002938740956	0.0002938740956	0.0002938740956	0.0002938740956	0	0	0	0	0	0	0	0	0	0	0	0	0	0	0	0	0	0	0	0	0	0	0	0	0	0	0	0	0	0	0	0	0	0	0	0	0	0	0	0	0	0	0	0	0	0.001158542108	0.001158542108	0.001158542108	0.001158542108	0.001158542108	0.001158542108	0.001158542108	0.001158542108	0.001158542108	0	0	0	0	0	0	0	0	0	0	0	0	0	0	0	0	0	0	0	0	0	0	0	0	0	0	0	0	0	0	0	0	0	0	0	0	0	0	0	0	0	0	0	0	0	0.004629929862	0.004629929862	0.004629929862	0.004629929862	0.004629929862	0.004629929862	0.004629929862	0.004629929862	0.004629929862	0	0	0	0	0	0	0	0	0	0	0	0	0	0	0	0	0	0	0	0	0	0	0	0	0	0	0	0	0	0	0	0	0	0	0	0	0	0	0	0	0	0	0	0	0	0.0185186598	0.0185186598	0.0185186598	0.0185186598	0.0185186598	0.0185186598	0.0185186598	0.0185186598	0.0185186598	0	0	0	0	0	0	0	0	0	0	0	0	0	0	0	0	0	0	0	0	0	0	0	0	0	0	0	0	0	0	0	0	0	0	0	0	0	0	0	0	0	0	0	0	0	0.004629929862	0.004629929862	0.004629929862	0.004629929862	0.004629929862	0.004629929862	0.004629929862	0.004629929862	0.004629929862	0	0	0	0	0	0	0	0	0	0	0	0	0	0	0	0
(15,6)	0	0	0.04167699818	0	0	0	0	0	0	0	0	0	0	0	0	0	0	0	0	0	0	0	0	0	0	0	0	0	0	0	0	0	0	0	0	0	0	0	0	0	0	0	0	0	0	0	0	0	0	0	0	0	0	0	0	0	0	0.001742899444	0.001742899444	0	0.001742899444	0.001742899444	0	0.001742899444	0.001742899444	0	0	0	0	0	0	0	0	0	0	0	0	0	0	0	0	0	0	0	0	0	0	0	0	0	0	0	0	0	0	0	0	0	0	0	0	0	0	0	0	0	0	0	0	0	0	0.0004611562731	0.0004611562731	0	0.0004611562731	0.0004611562731	0	0.0004611562731	0.0004611562731	0	0	0	0	0	0	0	0	0	0	0	0	0	0	0	0	0	0	0	0	0	0	0	0	0	0	0	0	0	0	0	0	0	0	0	0	0	0	0	0	0	0	0	0	0	0	0	0	0.0006510441502	0	0	0.0006510441502	0	0	0	0	0	0	0	0	0	0	0	0	0	0	0	0	0	0	0	0	0	0	0	0	0	0	0	0	0	0	0	0	0	0	0	0	0	0	0	0	0	0	0	0	0	0	0	0	0.0004611562731	0.0004611562731	0	0.0004611562731	0.0004611562731	0	0.0004611562731	0.0004611562731	0	0	0	0	0	0	0	0	0	0	0	0	0	0	0	0	0	0	0	0	0	0	0	0	0	0	0	0	0	0	0	0	0	0	0	0	0	0	0	0	0	0	0	0	0	0	0.001742899444	0.001742899444	0	0.001742899444	0.001742899444	0	0.001742899444	0.001742899444	0	0	0	0	0	0	0	0	0	0	0	0	0	0	0	0	0	0	0	0	0	0	0	0	0	0	0	0	0	0	0	0	0	0	0	0	0	0	0	0	0	0	0	0	0	0	0	0	0.02083849909	0	0	0.02083849909	0	0	0	0	0	0	0	0	0	0	0	0	0	0	0	0	0	0	0	0	0	0	0	0	0	0	0	0	0	0	0	0	0	0	0	0	0	0	0	0	0	0	0	0	0	0	0	0	0.0277783076	0.0277783076	0	0.0277783076	0.0277783076	0	0.0277783076	0.0277783076	0	0	0	0	0	0	0	0	0	0	0	0	0	0	0	0	0	0	0	0	0	0	0	0	0	0	0	0	0	0	0	0	0	0	0	0	0	0	0	0	0	0	0	0	0	0	0.0277783076	0.0277783076	0	0.0277783076	0.0277783076	0	0.0277783076	0.0277783076	0	0	0	0	0	0	0	0	0	0	0	0	0	0	0	0	0	0	0	0	0	0	0	0	0	0	0	0	0	0	0	0	0	0	0	0	0	0	0	0	0	0	0
(15,7)	0	0	0	0	0	0	0	0	0	0	0	0	0	0	0	0	0	0	0	0	0	0	0	0	0	0	0	0	0	0	0.001158542108	0.001158542108	0.001158542108	0.001158542108	0.001158542108	0.001158542108	0.001158542108	0.001158542108	0.001158542108	0	0	0	0	0	0	0	0	0	0	0	0	0	0	0	0	0	0	0	0	0	0	0	0	0	0	0	0	0	0	0	0	0	0	0	0	0	0	0	0	0	0	0	0	0	0.0002938740956	0.0002938740956	0.0002938740956	0.0002938740956	0.0002938740956	0.0002938740956	0.0002938740956	0.0002938740956	0.0002938740956	0	0	0	0	0	0	0	0	0	0	0	0	0	0	0	0	0	0	0	0	0	0	0	0	0	0	0	0	0	0	0	0	0	0	0	0	0	0	0	0	0	0	0	0	0	9.042279864e-05	9.042279864e-05	9.042279864e-05	9.042279864e-05	9.042279864e-05	9.042279864e-05	9.042279864e-05	9.042279864e-05	9.042279864e-05	0	0	0	0	0	0	0	0	0	0	0	0	0	0	0	0	0	0	0	0	0	0	0	0	0	0	0	0	0	0	0	0	0	0	0	0	0	0	0	0	0	0	0	0	0	9.042279864e-05	9.042279864e-05	9.042279864e-05	9.042279864e-05	9.042279864e-05	9.042279864e-05	9.042279864e-05	9.042279864e-05	9.042279864e-05	0	0	0	0	0	0	0	0	0	0	0	0	0	0	0	0	0	0	0	0	0	0	0	0	0	0	0	0	0	0	0	0	0	0	0	0	0	0	0	0	0	0	0	0	0	0.0002938740956	0.0002938740956	0.0002938740956	0.0002938740956	0.0002938740956	0.0002938740956	0.0002938740956	0.0002938740956	0.0002938740956	0	0	0	0	0	0	0	0	0	0	0	0	0	0	0	0	0	0	0	0	0	0	0	0	0	0	0	0	0	0	0	0	0	0	0	0	0	0	0	0	0	0	0	0	0	0.001158542108	0.001158542108	0.001158542108	0.001158542108	0.001158542108	0.001158542108	0.001158542108	0.001158542108	0.001158542108	0	0	0	0	0	0	0	0	0	0	0	0	0	0	0	0	0	0	0	0	0	0	0	0	0	0	0	0	0	0	0	0	0	0	0	0	0	0	0	0	0	0	0	0	0	0.004629929862	0.004629929862	0.004629929862	0.004629929862	0.004629929862	0.004629929862	0.004629929862	0.004629929862	0.004629929862	0	0	0	0	0	0	0	0	0	0	0	0	0	0	0	0	0	0	0	0	0	0	0	0	0	0	0	0	0	0	0	0	0	0	0	0	0	0	0	0	0	0	0	0	0	0.0185186598	0.0185186598	0.0185186598	0.0185186598	0.0185186598	0.0185186598	0.0185186598	0.0185186598	0.0185186598	0	0	0	0	0	0	0	0	0	0	0	0	0	0	0	0	0	0	0	0	0	0	0	0	0	0	0	0	0	0	0	0	0	0	0	0	0	0	0	0	0	0	0	0	0	0.004629929862	0.004629929862	0.004629929862	0.004629929862	0.004629929862	0.004629929862	0.004629929862	0.004629929862	0.004629929862	0	0	0	0	0	0	0	0	0	0	0	0	0	0	0
(15,8)	0	0	0	0	0	0	0	0	0	0	0	0	0	0	0	0	0	0	0	0	0	0	0	0	0	0	0	0	0	0	0.001158542108	0.001158542108	0.001158542108	0.001158542108	0.001158542108	0.001158542108	0.001158542108	0.001158542108	0.001158542108	0	0	0	0	0	0	0	0	0	0	0	0	0	0	0	0	0	0	0	0	0	0	0	0	0	0	0	0	0	0	0	0	0	0	0	0	0	0	0	0	0	0	0	0	0	0.0002938740956	0.0002938740956	0.0002938740956	0.0002938740956	0.0002938740956	0.0002938740956	0.0002938740956	0.0002938740956	0.0002938740956	0	0	0	0	0	0	0	0	0	0	0	0	0	0	0	0	0	0	0	0	0	0	0	0	0	0	0	0	0	0	0	0	0	0	0	0	0	0	0	0	0	0	0	0	0	9.042279864e-05	9.042279864e-05	9.042279864e-05	9.042279864e-05	9.042279864e-05	9.042279864e-05	9.042279864e-05	9.042279864e-05	9.042279864e-05	0	0	0	0	0	0	0	0	0	0	0	0	0	0	0	0	0	0	0	0	0	0	0	0	0	0	0	0	0	0	0	0	0	0	0	0	0	0	0	0	0	0	0	0	0	9.042279864e-05	9.042279864e-05	9.042279864e-05	9.042279864e-05	9.042279864e-05	9.042279864e-05	9.042279864e-05	9.042279864e-05	9.042279864e-05	0	0	0	0	0	0	0	0	0	0	0	0	0	0	0	0	0	0	0	0	0	0	0	0	0	0	0	0	0	0	0	0	0	0	0	0	0	0	0	0	0	0	0	0	0	0.0002938740956	0.0002938740956	0.0002938740956	0.0002938740956	0.0002938740956	0.0002938740956	0.0002938740956	0.0002938740956	0.0002938740956	0	0	0	0	0	0	0	0	0	0	0	0	0	0	0	0	0	0	0	0	0	0	0	0	0	0	0	0	0	0	0	0	0	0	0	0	0	0	0	0	0	0	0	0	0	0.001158542108	0.001158542108	0.001158542108	0.001158542108	0.001158542108	0.001158542108	0.001158542108	0.001158542108	0.001158542108	0	0	0	0	0	0	0	0	0	0	0	0	0	0	0	0	0	0	0	0	0	0	0	0	0	0	0	0	0	0	0	0	0	0	0	0	0	0	0	0	0	0	0	0	0	0.004629929862	0.004629929862	0.004629929862	0.004629929862	0.004629929862	0.004629929862	0.004629929862	0.004629929862	0.004629929862	0	0	0	0	0	0	0	0	0	0	0	0	0	0	0	0	0	0	0	0	0	0	0	0	0	0	0	0	0	0	0	0	0	0	0	0	0	0	0	0	0	0	0	0	0	0.0185186598	0.0185186598	0.0185186598	0.0185186598	0.0185186598	0.0185186598	0.0185186598	0.0185186598	0.0185186598	0	0	0	0	0	0	0	0	0	0	0	0	0	0	0	0	0	0	0	0	0	0	0	0	0	0	0	0	0	0	0	0	0	0	0	0	0	0	0	0	0	0	0	0	0	0.004629929862	0.004629929862	0.004629929862	0.004629929862	0.004629929862	0.004629929862	0.004629929862	0.004629929862	0.004629929862	0	0	0	0	0	0	0	0	0	0	0	0	0	0	0
(15,9)	0	0	0	0.04167699818	0	0	0	0	0	0	0	0	0	0	0	0	0	0	0	0	0	0	0	0	0	0	0	0	0	0	0	0	0	0	0	0	0	0	0	0	0	0	0	0	0	0	0	0	0	0	0	0	0	0	0	0	0	0	0.001742899444	0.001742899444	0	0.001742899444	0.001742899444	0	0.001742899444	0.001742899444	0	0	0	0	0	0	0	0	0	0	0	0	0	0	0	0	0	0	0	0	0	0	0	0	0	0	0	0	0	0	0	0	0	0	0	0	0	0	0	0	0	0	0	0	0	0	0.0004611562731	0.0004611562731	0	0.0004611562731	0.0004611562731	0	0.0004611562731	0.0004611562731	0	0	0	0	0	0	0	0	0	0	0	0	0	0	0	0	0	0	0	0	0	0	0	0	0	0	0	0	0	0	0	0	0	0	0	0	0	0	0	0	0	0	0	0	0	0	0	0	0.0006510441502	0	0	0.0006510441502	0	0	0	0	0	0	0	0	0	0	0	0	0	0	0	0	0	0	0	0	0	0	0	0	0	0	0	0	0	0	0	0	0	0	0	0	0	0	0	0	0	0	0	0	0	0	0	0	0.0004611562731	0.0004611562731	0	0.0004611562731	0.0004611562731	0	0.0004611562731	0.0004611562731	0	0	0	0	0	0	0	0	0	0	0	0	0	0	0	0	0	0	0	0	0	0	0	0	0	0	0	0	0	0	0	0	0	0	0	0	0	0	0	0	0	0	0	0	0	0	0.001742899444	0.001742899444	0	0.001742899444	0.001742899444	0	0.001742899444	0.001742899444	0	0	0	0	0	0	0	0	0	0	0	0	0	0	0	0	0	0	0	0	0	0	0	0	0	0	0	0	0	0	0	0	0	0	0	0	0	0	0	0	0	0	0	0	0	0	0	0	0.02083849909	0	0	0.02083849909	0	0	0	0	0	0	0	0	0	0	0	0	0	0	0	0	0	0	0	0	0	0	0	0	0	0	0	0	0	0	0	0	0	0	0	0	0	0	0	0	0	0	0	0	0	0	0	0	0.0277783076	0.0277783076	0	0.0277783076	0.0277783076	0	0.0277783076	0.0277783076	0	0	0	0	0	0	0	0	0	0	0	0	0	0	0	0	0	0	0	0	0	0	0	0	0	0	0	0	0	0	0	0	0	0	0	0	0	0	0	0	0	0	0	0	0	0	0.0277783076	0.0277783076	0	0.0277783076	0.0277783076	0	0.0277783076	0.0277783076	0	0	0	0	0	0	0	0	0	0	0	0	0	0	0	0	0	0	0	0	0	0	0	0	0	0	0	0	0	0	0	0	0	0	0	0	0	0	0	0	0	0
(15,10)	0	0	0	0	0	0	0	0	0	0	0	0	0	0	0	0	0	0	0	0	0	0	0	0	0	0	0	0	0	0	0	0.001158542108	0.001158542108	0.001158542108	0.001158542108	0.001158542108	0.001158542108	0.001158542108	0.001158542108	0.001158542108	0	0	0	0	0	0	0	0	0	0	0	0	0	0	0	0	0	0	0	0	0	0	0	0	0	0	0	0	0	0	0	0	0	0	0	0	0	0	0	0	0	0	0	0	0	0.0002938740956	0.0002938740956	0.0002938740956	0.0002938740956	0.0002938740956	0.0002938740956	0.0002938740956	0.0002938740956	0.0002938740956	0	0	0	0	0	0	0	0	0	0	0	0	0	0	0	0	0	0	0	0	0	0	0	0	0	0	0	0	0	0	0	0	0	0	0	0	0	0	0	0	0	0	0	0	0	9.042279864e-05	9.042279864e-05	9.042279864e-05	9.042279864e-05	9.042279864e-05	9.042279864e-05	9.042279864e-05	9.042279864e-05	9.042279864e-05	0	0	0	0	0	0	0	0	0	0	0	0	0	0	0	0	0	0	0	0	0	0	0	0	0	0	0	0	0	0	0	0	0	0	0	0	0	0	0	0	0	0	0	0	0	9.042279864e-05	9.042279864e-05	9.042279864e-05	9.042279864e-05	9.042279864e-05	9.042279864e-05	9.042279864e-05	9.042279864e-05	9.042279864e-05	0	0	0	0	0	0	0	0	0	0	0	0	0	0	0	0	0	0	0	0	0	0	0	0	0	0	0	0	0	0	0	0	0	0	0	0	0	0	0	0	0	0	0	0	0	0.0002938740956	0.0002938740956	0.0002938740956	0.0002938740956	0.0002938740956	0.0002938740956	0.0002938740956	0.0002938740956	0.0002938740956	0	0	0	0	0	0	0	0	0	0	0	0	0	0	0	0	0	0	0	0	0	0	0	0	0	0	0	0	0	0	0	0	0	0	0	0	0	0	0	0	0	0	0	0	0	0.001158542108	0.001158542108	0.001158542108	0.001158542108	0.001158542108	0.001158542108	0.001158542108	0.001158542108	0.001158542108	0	0	0	0	0	0	0	0	0	0	0	0	0	0	0	0	0	0	0	0	0	0	0	0	0	0	0	0	0	0	0	0	0	0	0	0	0	0	0	0	0	0	0	0	0	0.004629929862	0.004629929862	0.004629929862	0.004629929862	0.004629929862	0.004629929862	0.004629929862	0.004629929862	0.004629929862	0	0	0	0	0	0	0	0	0	0	0	0	0	0	0	0	0	0	0	0	0	0	0	0	0	0	0	0	0	0	0	0	0	0	0	0	0	0	0	0	0	0	0	0	0	0.0185186598	0.0185186598	0.0185186598	0.0185186598	0.0185186598	0.0185186598	0.0185186598	0.0185186598	0.0185186598	0	0	0	0	0	0	0	0	0	0	0	0	0	0	0	0	0	0	0	0	0	0	0	0	0	0	0	0	0	0	0	0	0	0	0	0	0	0	0	0	0	0	0	0	0	0.004629929862	0.004629929862	0.004629929862	0.004629929862	0.004629929862	0.004629929862	0.004629929862	0.004629929862	0.004629929862	0	0	0	0	0	0	0	0	0	0	0	0	0	0
(15,11)	0	0	0	0	0	0	0	0	0	0	0	0	0	0	0	0	0	0	0	0	0	0	0	0	0	0	0	0	0	0	0	0.001158542108	0.001158542108	0.001158542108	0.001158542108	0.001158542108	0.001158542108	0.001158542108	0.001158542108	0.001158542108	0	0	0	0	0	0	0	0	0	0	0	0	0	0	0	0	0	0	0	0	0	0	0	0	0	0	0	0	0	0	0	0	0	0	0	0	0	0	0	0	0	0	0	0	0	0.0002938740956	0.0002938740956	0.0002938740956	0.0002938740956	0.0002938740956	0.0002938740956	0.0002938740956	0.0002938740956	0.0002938740956	0	0	0	0	0	0	0	0	0	0	0	0	0	0	0	0	0	0	0	0	0	0	0	0	0	0	0	0	0	0	0	0	0	0	0	0	0	0	0	0	0	0	0	0	0	9.042279864e-05	9.042279864e-05	9.042279864e-05	9.042279864e-05	9.042279864e-05	9.042279864e-05	9.042279864e-05	9.042279864e-05	9.042279864e-05	0	0	0	0	0	0	0	0	0	0	0	0	0	0	0	0	0	0	0	0	0	0	0	0	0	0	0	0	0	0	0	0	0	0	0	0	0	0	0	0	0	0	0	0	0	9.042279864e-05	9.042279864e-05	9.042279864e-05	9.042279864e-05	9.042279864e-05	9.042279864e-05	9.042279864e-05	9.042279864e-05	9.042279864e-05	0	0	0	0	0	0	0	0	0	0	0	0	0	0	0	0	0	0	0	0	0	0	0	0	0	0	0	0	0	0	0	0	0	0	0	0	0	0	0	0	0	0	0	0	0	0.0002938740956	0.0002938740956	0.0002938740956	0.0002938740956	0.0002938740956	0.0002938740956	0.0002938740956	0.0002938740956	0.0002938740956	0	0	0	0	0	0	0	0	0	0	0	0	0	0	0	0	0	0	0	0	0	0	0	0	0	0	0	0	0	0	0	0	0	0	0	0	0	0	0	0	0	0	0	0	0	0.001158542108	0.001158542108	0.001158542108	0.001158542108	0.001158542108	0.001158542108	0.001158542108	0.001158542108	0.001158542108	0	0	0	0	0	0	0	0	0	0	0	0	0	0	0	0	0	0	0	0	0	0	0	0	0	0	0	0	0	0	0	0	0	0	0	0	0	0	0	0	0	0	0	0	0	0.004629929862	0.004629929862	0.004629929862	0.004629929862	0.004629929862	0.004629929862	0.004629929862	0.004629929862	0.004629929862	0	0	0	0	0	0	0	0	0	0	0	0	0	0	0	0	0	0	0	0	0	0	0	0	0	0	0	0	0	0	0	0	0	0	0	0	0	0	0	0	0	0	0	0	0	0.0185186598	0.0185186598	0.0185186598	0.0185186598	0.0185186598	0.0185186598	0.0185186598	0.0185186598	0.0185186598	0	0	0	0	0	0	0	0	0	0	0	0	0	0	0	0	0	0	0	0	0	0	0	0	0	0	0	0	0	0	0	0	0	0	0	0	0	0	0	0	0	0	0	0	0	0.004629929862	0.004629929862	0.004629929862	0.004629929862	0.004629929862	0.004629929862	0.004629929862	0.004629929862	0.004629929862	0	0	0	0	0	0	0	0	0	0	0	0	0	0
(15,12)	0	0	0	0	0.04167699818	0	0	0	0	0	0	0	0	0	0	0	0	0	0	0	0	0	0	0	0	0	0	0	0	0	0	0	0	0	0	0	0	0	0	0	0	0	0	0	0	0	0	0	0	0	0	0	0	0	0	0	0	0	0	0.001742899444	0.001742899444	0	0.001742899444	0.001742899444	0	0.001742899444	0.001742899444	0	0	0	0	0	0	0	0	0	0	0	0	0	0	0	0	0	0	0	0	0	0	0	0	0	0	0	0	0	0	0	0	0	0	0	0	0	0	0	0	0	0	0	0	0	0	0.0004611562731	0.0004611562731	0	0.0004611562731	0.0004611562731	0	0.0004611562731	0.0004611562731	0	0	0	0	0	0	0	0	0	0	0	0	0	0	0	0	0	0	0	0	0	0	0	0	0	0	0	0	0	0	0	0	0	0	0	0	0	0	0	0	0	0	0	0	0	0	0	0	0.0006510441502	0	0	0.0006510441502	0	0	0	0	0	0	0	0	0	0	0	0	0	0	0	0	0	0	0	0	0	0	0	0	0	0	0	0	0	0	0	0	0	0	0	0	0	0	0	0	0	0	0	0	0	0	0	0	0.0004611562731	0.0004611562731	0	0.0004611562731	0.0004611562731	0	0.0004611562731	0.0004611562731	0	0	0	0	0	0	0	0	0	0	0	0	0	0	0	0	0	0	0	0	0	0	0	0	0	0	0	0	0	0	0	0	0	0	0	0	0	0	0	0	0	0	0	0	0	0	0.001742899444	0.001742899444	0	0.001742899444	0.001742899444	0	0.001742899444	0.001742899444	0	0	0	0	0	0	0	0	0	0	0	0	0	0	0	0	0	0	0	0	0	0	0	0	0	0	0	0	0	0	0	0	0	0	0	0	0	0	0	0	0	0	0	0	0	0	0	0	0.02083849909	0	0	0.02083849909	0	0	0	0	0	0	0	0	0	0	0	0	0	0	0	0	0	0	0	0	0	0	0	0	0	0	0	0	0	0	0	0	0	0	0	0	0	0	0	0	0	0	0	0	0	0	0	0	0.0277783076	0.0277783076	0	0.0277783076	0.0277783076	0	0.0277783076	0.0277783076	0	0	0	0	0	0	0	0	0	0	0	0	0	0	0	0	0	0	0	0	0	0	0	0	0	0	0	0	0	0	0	0	0	0	0	0	0	0	0	0	0	0	0	0	0	0	0.0277783076	0.0277783076	0	0.0277783076	0.0277783076	0	0.0277783076	0.0277783076	0	0	0	0	0	0	0	0	0	0	0	0	0	0	0	0	0	0	0	0	0	0	0	0	0	0	0	0	0	0	0	0	0	0	0	0	0	0	0	0	0
(15,13)	0	0	0	0	0	0	0	0	0	0	0	0	0	0	0	0	0	0	0	0	0	0	0	0	0	0	0	0	0	0	0	0	0.001158542108	0.001158542108	0.001158542108	0.001158542108	0.001158542108	0.001158542108	0.001158542108	0.001158542108	0.001158542108	0	0	0	0	0	0	0	0	0	0	0	0	0	0	0	0	0	0	0	0	0	0	0	0	0	0	0	0	0	0	0	0	0	0	0	0	0	0	0	0	0	0	0	0	0	0.0002938740956	0.0002938740956	0.0002938740956	0.0002938740956	0.0002938740956	0.0002938740956	0.0002938740956	0.0002938740956	0.0002938740956	0	0	0	0	0	0	0	0	0	0	0	0	0	0	0	0	0	0	0	0	0	0	0	0	0	0	0	0	0	0	0	0	0	0	0	0	0	0	0	0	0	0	0	0	0	9.042279864e-05	9.042279864e-05	9.042279864e-05	9.042279864e-05	9.042279864e-05	9.042279864e-05	9.042279864e-05	9.042279864e-05	9.042279864e-05	0	0	0	0	0	0	0	0	0	0	0	0	0	0	0	0	0	0	0	0	0	0	0	0	0	0	0	0	0	0	0	0	0	0	0	0	0	0	0	0	0	0	0	0	0	9.042279864e-05	9.042279864e-05	9.042279864e-05	9.042279864e-05	9.042279864e-05	9.042279864e-05	9.042279864e-05	9.042279864e-05	9.042279864e-05	0	0	0	0	0	0	0	0	0	0	0	0	0	0	0	0	0	0	0	0	0	0	0	0	0	0	0	0	0	0	0	0	0	0	0	0	0	0	0	0	0	0	0	0	0	0.0002938740956	0.0002938740956	0.0002938740956	0.0002938740956	0.0002938740956	0.0002938740956	0.0002938740956	0.0002938740956	0.0002938740956	0	0	0	0	0	0	0	0	0	0	0	0	0	0	0	0	0	0	0	0	0	0	0	0	0	0	0	0	0	0	0	0	0	0	0	0	0	0	0	0	0	0	0	0	0	0.001158542108	0.001158542108	0.001158542108	0.001158542108	0.001158542108	0.001158542108	0.001158542108	0.001158542108	0.001158542108	0	0	0	0	0	0	0	0	0	0	0	0	0	0	0	0	0	0	0	0	0	0	0	0	0	0	0	0	0	0	0	0	0	0	0	0	0	0	0	0	0	0	0	0	0	0.004629929862	0.004629929862	0.004629929862	0.004629929862	0.004629929862	0.004629929862	0.004629929862	0.004629929862	0.004629929862	0	0	0	0	0	0	0	0	0	0	0	0	0	0	0	0	0	0	0	0	0	0	0	0	0	0	0	0	0	0	0	0	0	0	0	0	0	0	0	0	0	0	0	0	0	0.0185186598	0.0185186598	0.0185186598	0.0185186598	0.0185186598	0.0185186598	0.0185186598	0.0185186598	0.0185186598	0	0	0	0	0	0	0	0	0	0	0	0	0	0	0	0	0	0	0	0	0	0	0	0	0	0	0	0	0	0	0	0	0	0	0	0	0	0	0	0	0	0	0	0	0	0.004629929862	0.004629929862	0.004629929862	0.004629929862	0.004629929862	0.004629929862	0.004629929862	0.004629929862	0.004629929862	0	0	0	0	0	0	0	0	0	0	0	0	0
(15,14)	0	0	0	0	0	0	0	0	0	0	0	0	0	0	0	0	0	0	0	0	0	0	0	0	0	0	0	0	0	0	0	0	0.001158542108	0.001158542108	0.001158542108	0.001158542108	0.001158542108	0.001158542108	0.001158542108	0.001158542108	0.001158542108	0	0	0	0	0	0	0	0	0	0	0	0	0	0	0	0	0	0	0	0	0	0	0	0	0	0	0	0	0	0	0	0	0	0	0	0	0	0	0	0	0	0	0	0	0	0.0002938740956	0.0002938740956	0.0002938740956	0.0002938740956	0.0002938740956	0.0002938740956	0.0002938740956	0.0002938740956	0.0002938740956	0	0	0	0	0	0	0	0	0	0	0	0	0	0	0	0	0	0	0	0	0	0	0	0	0	0	0	0	0	0	0	0	0	0	0	0	0	0	0	0	0	0	0	0	0	9.042279864e-05	9.042279864e-05	9.042279864e-05	9.042279864e-05	9.042279864e-05	9.042279864e-05	9.042279864e-05	9.042279864e-05	9.042279864e-05	0	0	0	0	0	0	0	0	0	0	0	0	0	0	0	0	0	0	0	0	0	0	0	0	0	0	0	0	0	0	0	0	0	0	0	0	0	0	0	0	0	0	0	0	0	9.042279864e-05	9.042279864e-05	9.042279864e-05	9.042279864e-05	9.042279864e-05	9.042279864e-05	9.042279864e-05	9.042279864e-05	9.042279864e-05	0	0	0	0	0	0	0	0	0	0	0	0	0	0	0	0	0	0	0	0	0	0	0	0	0	0	0	0	0	0	0	0	0	0	0	0	0	0	0	0	0	0	0	0	0	0.0002938740956	0.0002938740956	0.0002938740956	0.0002938740956	0.0002938740956	0.0002938740956	0.0002938740956	0.0002938740956	0.0002938740956	0	0	0	0	0	0	0	0	0	0	0	0	0	0	0	0	0	0	0	0	0	0	0	0	0	0	0	0	0	0	0	0	0	0	0	0	0	0	0	0	0	0	0	0	0	0.001158542108	0.001158542108	0.001158542108	0.001158542108	0.001158542108	0.001158542108	0.001158542108	0.001158542108	0.001158542108	0	0	0	0	0	0	0	0	0	0	0	0	0	0	0	0	0	0	0	0	0	0	0	0	0	0	0	0	0	0	0	0	0	0	0	0	0	0	0	0	0	0	0	0	0	0.004629929862	0.004629929862	0.004629929862	0.004629929862	0.004629929862	0.004629929862	0.004629929862	0.004629929862	0.004629929862	0	0	0	0	0	0	0	0	0	0	0	0	0	0	0	0	0	0	0	0	0	0	0	0	0	0	0	0	0	0	0	0	0	0	0	0	0	0	0	0	0	0	0	0	0	0.0185186598	0.0185186598	0.0185186598	0.0185186598	0.0185186598	0.0185186598	0.0185186598	0.0185186598	0.0185186598	0	0	0	0	0	0	0	0	0	0	0	0	0	0	0	0	0	0	0	0	0	0	0	0	0	0	0	0	0	0	0	0	0	0	0	0	0	0	0	0	0	0	0	0	0	0.004629929862	0.004629929862	0.004629929862	0.004629929862	0.004629929862	0.004629929862	0.004629929862	0.004629929862	0.004629929862	0	0	0	0	0	0	0	0	0	0	0	0	0
(15,15)	0	0	0	0	0	0.04167699818	0	0	0	0	0	0	0	0	0	0	0	0	0	0	0	0	0	0	0	0	0	0	0	0	0	0	0	0	0	0	0	0	0	0	0	0	0	0	0	0	0	0	0	0	0	0	0	0	0	0	0	0	0	0	0.001742899444	0.001742899444	0	0.001742899444	0.001742899444	0	0.001742899444	0.001742899444	0	0	0	0	0	0	0	0	0	0	0	0	0	0	0	0	0	0	0	0	0	0	0	0	0	0	0	0	0	0	0	0	0	0	0	0	0	0	0	0	0	0	0	0	0	0	0.0004611562731	0.0004611562731	0	0.0004611562731	0.0004611562731	0	0.0004611562731	0.0004611562731	0	0	0	0	0	0	0	0	0	0	0	0	0	0	0	0	0	0	0	0	0	0	0	0	0	0	0	0	0	0	0	0	0	0	0	0	0	0	0	0	0	0	0	0	0	0	0	0	0.0006510441502	0	0	0.0006510441502	0	0	0	0	0	0	0	0	0	0	0	0	0	0	0	0	0	0	0	0	0	0	0	0	0	0	0	0	0	0	0	0	0	0	0	0	0	0	0	0	0	0	0	0	0	0	0	0	0.0004611562731	0.0004611562731	0	0.0004611562731	0.0004611562731	0	0.0004611562731	0.0004611562731	0	0	0	0	0	0	0	0	0	0	0	0	0	0	0	0	0	0	0	0	0	0	0	0	0	0	0	0	0	0	0	0	0	0	0	0	0	0	0	0	0	0	0	0	0	0	0.001742899444	0.001742899444	0	0.001742899444	0.001742899444	0	0.001742899444	0.001742899444	0	0	0	0	0	0	0	0	0	0	0	0	0	0	0	0	0	0	0	0	0	0	0	0	0	0	0	0	0	0	0	0	0	0	0	0	0	0	0	0	0	0	0	0	0	0	0	0	0.02083849909	0	0	0.02083849909	0	0	0	0	0	0	0	0	0	0	0	0	0	0	0	0	0	0	0	0	0	0	0	0	0	0	0	0	0	0	0	0	0	0	0	0	0	0	0	0	0	0	0	0	0	0	0	0	0.0277783076	0.0277783076	0	0.0277783076	0.0277783076	0	0.0277783076	0.0277783076	0	0	0	0	0	0	0	0	0	0	0	0	0	0	0	0	0	0	0	0	0	0	0	0	0	0	0	0	0	0	0	0	0	0	0	0	0	0	0	0	0	0	0	0	0	0	0.0277783076	0.0277783076	0	0.0277783076	0.0277783076	0	0.0277783076	0.0277783076	0	0	0	0	0	0	0	0	0	0	0	0	0	0	0	0	0	0	0	0	0	0	0	0	0	0	0	0	0	0	0	0	0	0	0	0	0	0	0	0
(15,16)	0	0	0	0	0	0	0	0	0	0	0	0	0	0	0	0	0	0	0	0	0	0	0	0	0	0	0	0	0	0	0	0	0	0.001158542108	0.001158542108	0.001158542108	0.001158542108	0.001158542108	0.001158542108	0.001158542108	0.001158542108	0.001158542108	0	0	0	0	0	0	0	0	0	0	0	0	0	0	0	0	0	0	0	0	0	0	0	0	0	0	0	0	0	0	0	0	0	0	0	0	0	0	0	0	0	0	0	0	0	0.0002938740956	0.0002938740956	0.0002938740956	0.0002938740956	0.0002938740956	0.0002938740956	0.0002938740956	0.0002938740956	0.0002938740956	0	0	0	0	0	0	0	0	0	0	0	0	0	0	0	0	0	0	0	0	0	0	0	0	0	0	0	0	0	0	0	0	0	0	0	0	0	0	0	0	0	0	0	0	0	9.042279864e-05	9.042279864e-05	9.042279864e-05	9.042279864e-05	9.042279864e-05	9.042279864e-05	9.042279864e-05	9.042279864e-05	9.042279864e-05	0	0	0	0	0	0	0	0	0	0	0	0	0	0	0	0	0	0	0	0	0	0	0	0	0	0	0	0	0	0	0	0	0	0	0	0	0	0	0	0	0	0	0	0	0	9.042279864e-05	9.042279864e-05	9.042279864e-05	9.042279864e-05	9.042279864e-05	9.042279864e-05	9.042279864e-05	9.042279864e-05	9.042279864e-05	0	0	0	0	0	0	0	0	0	0	0	0	0	0	0	0	0	0	0	0	0	0	0	0	0	0	0	0	0	0	0	0	0	0	0	0	0	0	0	0	0	0	0	0	0	0.0002938740956	0.0002938740956	0.0002938740956	0.0002938740956	0.0002938740956	0.0002938740956	0.0002938740956	0.0002938740956	0.0002938740956	0	0	0	0	0	0	0	0	0	0	0	0	0	0	0	0	0	0	0	0	0	0	0	0	0	0	0	0	0	0	0	0	0	0	0	0	0	0	0	0	0	0	0	0	0	0.001158542108	0.001158542108	0.001158542108	0.001158542108	0.001158542108	0.001158542108	0.001158542108	0.001158542108	0.001158542108	0	0	0	0	0	0	0	0	0	0	0	0	0	0	0	0	0	0	0	0	0	0	0	0	0	0	0	0	0	0	0	0	0	0	0	0	0	0	0	0	0	0	0	0	0	0.004629929862	0.004629929862	0.004629929862	0.004629929862	0.004629929862	0.004629929862	0.004629929862	0.004629929862	0.004629929862	0	0	0	0	0	0	0	0	0	0	0	0	0	0	0	0	0	0	0	0	0	0	0	0	0	0	0	0	0	0	0	0	0	0	0	0	0	0	0	0	0	0	0	0	0	0.0185186598	0.0185186598	0.0185186598	0.0185186598	0.0185186598	0.0185186598	0.0185186598	0.0185186598	0.0185186598	0	0	0	0	0	0	0	0	0	0	0	0	0	0	0	0	0	0	0	0	0	0	0	0	0	0	0	0	0	0	0	0	0	0	0	0	0	0	0	0	0	0	0	0	0	0.004629929862	0.004629929862	0.004629929862	0.004629929862	0.004629929862	0.004629929862	0.004629929862	0.004629929862	0.004629929862	0	0	0	0	0	0	0	0	0	0	0	0
(15,17)	0	0	0	0	0	0	0	0	0	0	0	0	0	0	0	0	0	0	0	0	0	0	0	0	0	0	0	0	0	0	0	0	0	0.001158542108	0.001158542108	0.001158542108	0.001158542108	0.001158542108	0.001158542108	0.001158542108	0.001158542108	0.001158542108	0	0	0	0	0	0	0	0	0	0	0	0	0	0	0	0	0	0	0	0	0	0	0	0	0	0	0	0	0	0	0	0	0	0	0	0	0	0	0	0	0	0	0	0	0	0.0002938740956	0.0002938740956	0.0002938740956	0.0002938740956	0.0002938740956	0.0002938740956	0.0002938740956	0.0002938740956	0.0002938740956	0	0	0	0	0	0	0	0	0	0	0	0	0	0	0	0	0	0	0	0	0	0	0	0	0	0	0	0	0	0	0	0	0	0	0	0	0	0	0	0	0	0	0	0	0	9.042279864e-05	9.042279864e-05	9.042279864e-05	9.042279864e-05	9.042279864e-05	9.042279864e-05	9.042279864e-05	9.042279864e-05	9.042279864e-05	0	0	0	0	0	0	0	0	0	0	0	0	0	0	0	0	0	0	0	0	0	0	0	0	0	0	0	0	0	0	0	0	0	0	0	0	0	0	0	0	0	0	0	0	0	9.042279864e-05	9.042279864e-05	9.042279864e-05	9.042279864e-05	9.042279864e-05	9.042279864e-05	9.042279864e-05	9.042279864e-05	9.042279864e-05	0	0	0	0	0	0	0	0	0	0	0	0	0	0	0	0	0	0	0	0	0	0	0	0	0	0	0	0	0	0	0	0	0	0	0	0	0	0	0	0	0	0	0	0	0	0.0002938740956	0.0002938740956	0.0002938740956	0.0002938740956	0.0002938740956	0.0002938740956	0.0002938740956	0.0002938740956	0.0002938740956	0	0	0	0	0	0	0	0	0	0	0	0	0	0	0	0	0	0	0	0	0	0	0	0	0	0	0	0	0	0	0	0	0	0	0	0	0	0	0	0	0	0	0	0	0	0.001158542108	0.001158542108	0.001158542108	0.001158542108	0.001158542108	0.001158542108	0.001158542108	0.001158542108	0.001158542108	0	0	0	0	0	0	0	0	0	0	0	0	0	0	0	0	0	0	0	0	0	0	0	0	0	0	0	0	0	0	0	0	0	0	0	0	0	0	0	0	0	0	0	0	0	0.004629929862	0.004629929862	0.004629929862	0.004629929862	0.004629929862	0.004629929862	0.004629929862	0.004629929862	0.004629929862	0	0	0	0	0	0	0	0	0	0	0	0	0	0	0	0	0	0	0	0	0	0	0	0	0	0	0	0	0	0	0	0	0	0	0	0	0	0	0	0	0	0	0	0	0	0.0185186598	0.0185186598	0.0185186598	0.0185186598	0.0185186598	0.0185186598	0.0185186598	0.0185186598	0.0185186598	0	0	0	0	0	0	0	0	0	0	0	0	0	0	0	0	0	0	0	0	0	0	0	0	0	0	0	0	0	0	0	0	0	0	0	0	0	0	0	0	0	0	0	0	0	0.004629929862	0.004629929862	0.004629929862	0.004629929862	0.004629929862	0.004629929862	0.004629929862	0.004629929862	0.004629929862	0	0	0	0	0	0	0	0	0	0	0	0
(15,18)	0	0	0	0	0	0	0.04167699818	0	0	0	0	0	0	0	0	0	0	0	0	0	0	0	0	0	0	0	0	0	0	0	0	0	0	0	0	0	0	0	0	0	0	0	0	0	0	0	0	0	0	0	0	0	0	0	0	0	0	0	0	0	0	0.001742899444	0.001742899444	0	0.001742899444	0.001742899444	0	0.001742899444	0.001742899444	0	0	0	0	0	0	0	0	0	0	0	0	0	0	0	0	0	0	0	0	0	0	0	0	0	0	0	0	0	0	0	0	0	0	0	0	0	0	0	0	0	0	0	0	0	0	0.0004611562731	0.0004611562731	0	0.0004611562731	0.0004611562731	0	0.0004611562731	0.0004611562731	0	0	0	0	0	0	0	0	0	0	0	0	0	0	0	0	0	0	0	0	0	0	0	0	0	0	0	0	0	0	0	0	0	0	0	0	0	0	0	0	0	0	0	0	0	0	0	0	0.0006510441502	0	0	0.0006510441502	0	0	0	0	0	0	0	0	0	0	0	0	0	0	0	0	0	0	0	0	0	0	0	0	0	0	0	0	0	0	0	0	0	0	0	0	0	0	0	0	0	0	0	0	0	0	0	0	0.0004611562731	0.0004611562731	0	0.0004611562731	0.0004611562731	0	0.0004611562731	0.0004611562731	0	0	0	0	0	0	0	0	0	0	0	0	0	0	0	0	0	0	0	0	0	0	0	0	0	0	0	0	0	0	0	0	0	0	0	0	0	0	0	0	0	0	0	0	0	0	0.001742899444	0.001742899444	0	0.001742899444	0.001742899444	0	0.001742899444	0.001742899444	0	0	0	0	0	0	0	0	0	0	0	0	0	0	0	0	0	0	0	0	0	0	0	0	0	0	0	0	0	0	0	0	0	0	0	0	0	0	0	0	0	0	0	0	0	0	0	0	0.02083849909	0	0	0.02083849909	0	0	0	0	0	0	0	0	0	0	0	0	0	0	0	0	0	0	0	0	0	0	0	0	0	0	0	0	0	0	0	0	0	0	0	0	0	0	0	0	0	0	0	0	0	0	0	0	0.0277783076	0.0277783076	0	0.0277783076	0.0277783076	0	0.0277783076	0.0277783076	0	0	0	0	0	0	0	0	0	0	0	0	0	0	0	0	0	0	0	0	0	0	0	0	0	0	0	0	0	0	0	0	0	0	0	0	0	0	0	0	0	0	0	0	0	0	0.0277783076	0.0277783076	0	0.0277783076	0.0277783076	0	0.0277783076	0.0277783076	0	0	0	0	0	0	0	0	0	0	0	0	0	0	0	0	0	0	0	0	0	0	0	0	0	0	0	0	0	0	0	0	0	0	0	0	0	0	0
(15,19)	0	0	0	0	0	0	0	0	0	0	0	0	0	0	0	0	0	0	0	0	0	0	0	0	0	0	0	0	0	0	0	0	0	0	0.001158542108	0.001158542108	0.001158542108	0.001158542108	0.001158542108	0.001158542108	0.001158542108	0.001158542108	0.001158542108	0	0	0	0	0	0	0	0	0	0	0	0	0	0	0	0	0	0	0	0	0	0	0	0	0	0	0	0	0	0	0	0	0	0	0	0	0	0	0	0	0	0	0	0	0	0.0002938740956	0.0002938740956	0.0002938740956	0.0002938740956	0.0002938740956	0.0002938740956	0.0002938740956	0.0002938740956	0.0002938740956	0	0	0	0	0	0	0	0	0	0	0	0	0	0	0	0	0	0	0	0	0	0	0	0	0	0	0	0	0	0	0	0	0	0	0	0	0	0	0	0	0	0	0	0	0	9.042279864e-05	9.042279864e-05	9.042279864e-05	9.042279864e-05	9.042279864e-05	9.042279864e-05	9.042279864e-05	9.042279864e-05	9.042279864e-05	0	0	0	0	0	0	0	0	0	0	0	0	0	0	0	0	0	0	0	0	0	0	0	0	0	0	0	0	0	0	0	0	0	0	0	0	0	0	0	0	0	0	0	0	0	9.042279864e-05	9.042279864e-05	9.042279864e-05	9.042279864e-05	9.042279864e-05	9.042279864e-05	9.042279864e-05	9.042279864e-05	9.042279864e-05	0	0	0	0	0	0	0	0	0	0	0	0	0	0	0	0	0	0	0	0	0	0	0	0	0	0	0	0	0	0	0	0	0	0	0	0	0	0	0	0	0	0	0	0	0	0.0002938740956	0.0002938740956	0.0002938740956	0.0002938740956	0.0002938740956	0.0002938740956	0.0002938740956	0.0002938740956	0.0002938740956	0	0	0	0	0	0	0	0	0	0	0	0	0	0	0	0	0	0	0	0	0	0	0	0	0	0	0	0	0	0	0	0	0	0	0	0	0	0	0	0	0	0	0	0	0	0.001158542108	0.001158542108	0.001158542108	0.001158542108	0.001158542108	0.001158542108	0.001158542108	0.001158542108	0.001158542108	0	0	0	0	0	0	0	0	0	0	0	0	0	0	0	0	0	0	0	0	0	0	0	0	0	0	0	0	0	0	0	0	0	0	0	0	0	0	0	0	0	0	0	0	0	0.004629929862	0.004629929862	0.004629929862	0.004629929862	0.004629929862	0.004629929862	0.004629929862	0.004629929862	0.004629929862	0	0	0	0	0	0	0	0	0	0	0	0	0	0	0	0	0	0	0	0	0	0	0	0	0	0	0	0	0	0	0	0	0	0	0	0	0	0	0	0	0	0	0	0	0	0.0185186598	0.0185186598	0.0185186598	0.0185186598	0.0185186598	0.0185186598	0.0185186598	0.0185186598	0.0185186598	0	0	0	0	0	0	0	0	0	0	0	0	0	0	0	0	0	0	0	0	0	0	0	0	0	0	0	0	0	0	0	0	0	0	0	0	0	0	0	0	0	0	0	0	0	0.004629929862	0.004629929862	0.004629929862	0.004629929862	0.004629929862	0.004629929862	0.004629929862	0.004629929862	0.004629929862	0	0	0	0	0	0	0	0	0	0	0
(15,20)	0	0	0	0	0	0	0	0	0	0	0	0	0	0	0	0	0	0	0	0	0	0	0	0	0	0	0	0	0	0	0	0	0	0	0.001158542108	0.001158542108	0.001158542108	0.001158542108	0.001158542108	0.001158542108	0.001158542108	0.001158542108	0.001158542108	0	0	0	0	0	0	0	0	0	0	0	0	0	0	0	0	0	0	0	0	0	0	0	0	0	0	0	0	0	0	0	0	0	0	0	0	0	0	0	0	0	0	0	0	0	0.0002938740956	0.0002938740956	0.0002938740956	0.0002938740956	0.0002938740956	0.0002938740956	0.0002938740956	0.0002938740956	0.0002938740956	0	0	0	0	0	0	0	0	0	0	0	0	0	0	0	0	0	0	0	0	0	0	0	0	0	0	0	0	0	0	0	0	0	0	0	0	0	0	0	0	0	0	0	0	0	9.042279864e-05	9.042279864e-05	9.042279864e-05	9.042279864e-05	9.042279864e-05	9.042279864e-05	9.042279864e-05	9.042279864e-05	9.042279864e-05	0	0	0	0	0	0	0	0	0	0	0	0	0	0	0	0	0	0	0	0	0	0	0	0	0	0	0	0	0	0	0	0	0	0	0	0	0	0	0	0	0	0	0	0	0	9.042279864e-05	9.042279864e-05	9.042279864e-05	9.042279864e-05	9.042279864e-05	9.042279864e-05	9.042279864e-05	9.042279864e-05	9.042279864e-05	0	0	0	0	0	0	0	0	0	0	0	0	0	0	0	0	0	0	0	0	0	0	0	0	0	0	0	0	0	0	0	0	0	0	0	0	0	0	0	0	0	0	0	0	0	0.0002938740956	0.0002938740956	0.0002938740956	0.0002938740956	0.0002938740956	0.0002938740956	0.0002938740956	0.0002938740956	0.0002938740956	0	0	0	0	0	0	0	0	0	0	0	0	0	0	0	0	0	0	0	0	0	0	0	0	0	0	0	0	0	0	0	0	0	0	0	0	0	0	0	0	0	0	0	0	0	0.001158542108	0.001158542108	0.001158542108	0.001158542108	0.001158542108	0.001158542108	0.001158542108	0.001158542108	0.001158542108	0	0	0	0	0	0	0	0	0	0	0	0	0	0	0	0	0	0	0	0	0	0	0	0	0	0	0	0	0	0	0	0	0	0	0	0	0	0	0	0	0	0	0	0	0	0.004629929862	0.004629929862	0.004629929862	0.004629929862	0.004629929862	0.004629929862	0.004629929862	0.004629929862	0.004629929862	0	0	0	0	0	0	0	0	0	0	0	0	0	0	0	0	0	0	0	0	0	0	0	0	0	0	0	0	0	0	0	0	0	0	0	0	0	0	0	0	0	0	0	0	0	0.0185186598	0.0185186598	0.0185186598	0.0185186598	0.0185186598	0.0185186598	0.0185186598	0.0185186598	0.0185186598	0	0	0	0	0	0	0	0	0	0	0	0	0	0	0	0	0	0	0	0	0	0	0	0	0	0	0	0	0	0	0	0	0	0	0	0	0	0	0	0	0	0	0	0	0	0.004629929862	0.004629929862	0.004629929862	0.004629929862	0.004629929862	0.004629929862	0.004629929862	0.004629929862	0.004629929862	0	0	0	0	0	0	0	0	0	0	0
(15,21)	0	0	0	0	0	0	0	0.04167699818	0	0	0	0	0	0	0	0	0	0	0	0	0	0	0	0	0	0	0	0	0	0	0	0	0	0	0	0	0	0	0	0	0	0	0	0	0	0	0	0	0	0	0	0	0	0	0	0	0	0	0	0	0	0	0.001742899444	0.001742899444	0	0.001742899444	0.001742899444	0	0.001742899444	0.001742899444	0	0	0	0	0	0	0	0	0	0	0	0	0	0	0	0	0	0	0	0	0	0	0	0	0	0	0	0	0	0	0	0	0	0	0	0	0	0	0	0	0	0	0	0	0	0	0.0004611562731	0.0004611562731	0	0.0004611562731	0.0004611562731	0	0.0004611562731	0.0004611562731	0	0	0	0	0	0	0	0	0	0	0	0	0	0	0	0	0	0	0	0	0	0	0	0	0	0	0	0	0	0	0	0	0	0	0	0	0	0	0	0	0	0	0	0	0	0	0	0	0.0006510441502	0	0	0.0006510441502	0	0	0	0	0	0	0	0	0	0	0	0	0	0	0	0	0	0	0	0	0	0	0	0	0	0	0	0	0	0	0	0	0	0	0	0	0	0	0	0	0	0	0	0	0	0	0	0	0.0004611562731	0.0004611562731	0	0.0004611562731	0.0004611562731	0	0.0004611562731	0.0004611562731	0	0	0	0	0	0	0	0	0	0	0	0	0	0	0	0	0	0	0	0	0	0	0	0	0	0	0	0	0	0	0	0	0	0	0	0	0	0	0	0	0	0	0	0	0	0	0.001742899444	0.001742899444	0	0.001742899444	0.001742899444	0	0.001742899444	0.001742899444	0	0	0	0	0	0	0	0	0	0	0	0	0	0	0	0	0	0	0	0	0	0	0	0	0	0	0	0	0	0	0	0	0	0	0	0	0	0	0	0	0	0	0	0	0	0	0	0	0.02083849909	0	0	0.02083849909	0	0	0	0	0	0	0	0	0	0	0	0	0	0	0	0	0	0	0	0	0	0	0	0	0	0	0	0	0	0	0	0	0	0	0	0	0	0	0	0	0	0	0	0	0	0	0	0	0.0277783076	0.0277783076	0	0.0277783076	0.0277783076	0	0.0277783076	0.0277783076	0	0	0	0	0	0	0	0	0	0	0	0	0	0	0	0	0	0	0	0	0	0	0	0	0	0	0	0	0	0	0	0	0	0	0	0	0	0	0	0	0	0	0	0	0	0	0.0277783076	0.0277783076	0	0.0277783076	0.0277783076	0	0.0277783076	0.0277783076	0	0	0	0	0	0	0	0	0	0	0	0	0	0	0	0	0	0	0	0	0	0	0	0	0	0	0	0	0	0	0	0	0	0	0	0	0	0
(15,22)	0	0	0	0	0	0	0	0	0	0	0	0	0	0	0	0	0	0	0	0	0	0	0	0	0	0	0	0	0	0	0	0	0	0	0	0.001158542108	0.001158542108	0.001158542108	0.001158542108	0.001158542108	0.001158542108	0.001158542108	0.001158542108	0.001158542108	0	0	0	0	0	0	0	0	0	0	0	0	0	0	0	0	0	0	0	0	0	0	0	0	0	0	0	0	0	0	0	0	0	0	0	0	0	0	0	0	0	0	0	0	0	0.0002938740956	0.0002938740956	0.0002938740956	0.0002938740956	0.0002938740956	0.0002938740956	0.0002938740956	0.0002938740956	0.0002938740956	0	0	0	0	0	0	0	0	0	0	0	0	0	0	0	0	0	0	0	0	0	0	0	0	0	0	0	0	0	0	0	0	0	0	0	0	0	0	0	0	0	0	0	0	0	9.042279864e-05	9.042279864e-05	9.042279864e-05	9.042279864e-05	9.042279864e-05	9.042279864e-05	9.042279864e-05	9.042279864e-05	9.042279864e-05	0	0	0	0	0	0	0	0	0	0	0	0	0	0	0	0	0	0	0	0	0	0	0	0	0	0	0	0	0	0	0	0	0	0	0	0	0	0	0	0	0	0	0	0	0	9.042279864e-05	9.042279864e-05	9.042279864e-05	9.042279864e-05	9.042279864e-05	9.042279864e-05	9.042279864e-05	9.042279864e-05	9.042279864e-05	0	0	0	0	0	0	0	0	0	0	0	0	0	0	0	0	0	0	0	0	0	0	0	0	0	0	0	0	0	0	0	0	0	0	0	0	0	0	0	0	0	0	0	0	0	0.0002938740956	0.0002938740956	0.0002938740956	0.0002938740956	0.0002938740956	0.0002938740956	0.0002938740956	0.0002938740956	0.0002938740956	0	0	0	0	0	0	0	0	0	0	0	0	0	0	0	0	0	0	0	0	0	0	0	0	0	0	0	0	0	0	0	0	0	0	0	0	0	0	0	0	0	0	0	0	0	0.001158542108	0.001158542108	0.001158542108	0.001158542108	0.001158542108	0.001158542108	0.001158542108	0.001158542108	0.001158542108	0	0	0	0	0	0	0	0	0	0	0	0	0	0	0	0	0	0	0	0	0	0	0	0	0	0	0	0	0	0	0	0	0	0	0	0	0	0	0	0	0	0	0	0	0	0.004629929862	0.004629929862	0.004629929862	0.004629929862	0.004629929862	0.004629929862	0.004629929862	0.004629929862	0.004629929862	0	0	0	0	0	0	0	0	0	0	0	0	0	0	0	0	0	0	0	0	0	0	0	0	0	0	0	0	0	0	0	0	0	0	0	0	0	0	0	0	0	0	0	0	0	0.0185186598	0.0185186598	0.0185186598	0.0185186598	0.0185186598	0.0185186598	0.0185186598	0.0185186598	0.0185186598	0	0	0	0	0	0	0	0	0	0	0	0	0	0	0	0	0	0	0	0	0	0	0	0	0	0	0	0	0	0	0	0	0	0	0	0	0	0	0	0	0	0	0	0	0	0.004629929862	0.004629929862	0.004629929862	0.004629929862	0.004629929862	0.004629929862	0.004629929862	0.004629929862	0.004629929862	0	0	0	0	0	0	0	0	0	0
(15,23)	0	0	0	0	0	0	0	0	0	0	0	0	0	0	0	0	0	0	0	0	0	0	0	0	0	0	0	0	0	0	0	0	0	0	0	0.001158542108	0.001158542108	0.001158542108	0.001158542108	0.001158542108	0.001158542108	0.001158542108	0.001158542108	0.001158542108	0	0	0	0	0	0	0	0	0	0	0	0	0	0	0	0	0	0	0	0	0	0	0	0	0	0	0	0	0	0	0	0	0	0	0	0	0	0	0	0	0	0	0	0	0	0.0002938740956	0.0002938740956	0.0002938740956	0.0002938740956	0.0002938740956	0.0002938740956	0.0002938740956	0.0002938740956	0.0002938740956	0	0	0	0	0	0	0	0	0	0	0	0	0	0	0	0	0	0	0	0	0	0	0	0	0	0	0	0	0	0	0	0	0	0	0	0	0	0	0	0	0	0	0	0	0	9.042279864e-05	9.042279864e-05	9.042279864e-05	9.042279864e-05	9.042279864e-05	9.042279864e-05	9.042279864e-05	9.042279864e-05	9.042279864e-05	0	0	0	0	0	0	0	0	0	0	0	0	0	0	0	0	0	0	0	0	0	0	0	0	0	0	0	0	0	0	0	0	0	0	0	0	0	0	0	0	0	0	0	0	0	9.042279864e-05	9.042279864e-05	9.042279864e-05	9.042279864e-05	9.042279864e-05	9.042279864e-05	9.042279864e-05	9.042279864e-05	9.042279864e-05	0	0	0	0	0	0	0	0	0	0	0	0	0	0	0	0	0	0	0	0	0	0	0	0	0	0	0	0	0	0	0	0	0	0	0	0	0	0	0	0	0	0	0	0	0	0.0002938740956	0.0002938740956	0.0002938740956	0.0002938740956	0.0002938740956	0.0002938740956	0.0002938740956	0.0002938740956	0.0002938740956	0	0	0	0	0	0	0	0	0	0	0	0	0	0	0	0	0	0	0	0	0	0	0	0	0	0	0	0	0	0	0	0	0	0	0	0	0	0	0	0	0	0	0	0	0	0.001158542108	0.001158542108	0.001158542108	0.001158542108	0.001158542108	0.001158542108	0.001158542108	0.001158542108	0.001158542108	0	0	0	0	0	0	0	0	0	0	0	0	0	0	0	0	0	0	0	0	0	0	0	0	0	0	0	0	0	0	0	0	0	0	0	0	0	0	0	0	0	0	0	0	0	0.004629929862	0.004629929862	0.004629929862	0.004629929862	0.004629929862	0.004629929862	0.004629929862	0.004629929862	0.004629929862	0	0	0	0	0	0	0	0	0	0	0	0	0	0	0	0	0	0	0	0	0	0	0	0	0	0	0	0	0	0	0	0	0	0	0	0	0	0	0	0	0	0	0	0	0	0.0185186598	0.0185186598	0.0185186598	0.0185186598	0.0185186598	0.0185186598	0.0185186598	0.0185186598	0.0185186598	0	0	0	0	0	0	0	0	0	0	0	0	0	0	0	0	0	0	0	0	0	0	0	0	0	0	0	0	0	0	0	0	0	0	0	0	0	0	0	0	0	0	0	0	0	0.004629929862	0.004629929862	0.004629929862	0.004629929862	0.004629929862	0.004629929862	0.004629929862	0.004629929862	0.004629929862	0	0	0	0	0	0	0	0	0	0
(15,24)	0	0	0	0	0	0	0	0	0.04167699818	0	0	0	0	0	0	0	0	0	0	0	0	0	0	0	0	0	0	0	0	0	0	0	0	0	0	0	0	0	0	0	0	0	0	0	0	0	0	0	0	0	0	0	0	0	0	0	0	0	0	0	0	0	0	0.001742899444	0.001742899444	0	0.001742899444	0.001742899444	0	0.001742899444	0.001742899444	0	0	0	0	0	0	0	0	0	0	0	0	0	0	0	0	0	0	0	0	0	0	0	0	0	0	0	0	0	0	0	0	0	0	0	0	0	0	0	0	0	0	0	0	0	0	0.0004611562731	0.0004611562731	0	0.0004611562731	0.0004611562731	0	0.0004611562731	0.0004611562731	0	0	0	0	0	0	0	0	0	0	0	0	0	0	0	0	0	0	0	0	0	0	0	0	0	0	0	0	0	0	0	0	0	0	0	0	0	0	0	0	0	0	0	0	0	0	0	0	0.0006510441502	0	0	0.0006510441502	0	0	0	0	0	0	0	0	0	0	0	0	0	0	0	0	0	0	0	0	0	0	0	0	0	0	0	0	0	0	0	0	0	0	0	0	0	0	0	0	0	0	0	0	0	0	0	0	0.0004611562731	0.0004611562731	0	0.0004611562731	0.0004611562731	0	0.0004611562731	0.0004611562731	0	0	0	0	0	0	0	0	0	0	0	0	0	0	0	0	0	0	0	0	0	0	0	0	0	0	0	0	0	0	0	0	0	0	0	0	0	0	0	0	0	0	0	0	0	0	0.001742899444	0.001742899444	0	0.001742899444	0.001742899444	0	0.001742899444	0.001742899444	0	0	0	0	0	0	0	0	0	0	0	0	0	0	0	0	0	0	0	0	0	0	0	0	0	0	0	0	0	0	0	0	0	0	0	0	0	0	0	0	0	0	0	0	0	0	0	0	0.02083849909	0	0	0.02083849909	0	0	0	0	0	0	0	0	0	0	0	0	0	0	0	0	0	0	0	0	0	0	0	0	0	0	0	0	0	0	0	0	0	0	0	0	0	0	0	0	0	0	0	0	0	0	0	0	0.0277783076	0.0277783076	0	0.0277783076	0.0277783076	0	0.0277783076	0.0277783076	0	0	0	0	0	0	0	0	0	0	0	0	0	0	0	0	0	0	0	0	0	0	0	0	0	0	0	0	0	0	0	0	0	0	0	0	0	0	0	0	0	0	0	0	0	0	0.0277783076	0.0277783076	0	0.0277783076	0.0277783076	0	0.0277783076	0.0277783076	0	0	0	0	0	0	0	0	0	0	0	0	0	0	0	0	0	0	0	0	0	0	0	0	0	0	0	0	0	0	0	0	0	0	0	0	0
(15,25)	0	0	0	0	0	0	0	0	0	0	0	0	0	0	0	0	0	0	0	0	0	0	0	0	0	0	0	0	0	0	0	0	0	0	0	0	0.001158542108	0.001158542108	0.001158542108	0.001158542108	0.001158542108	0.001158542108	0.001158542108	0.001158542108	0.001158542108	0	0	0	0	0	0	0	0	0	0	0	0	0	0	0	0	0	0	0	0	0	0	0	0	0	0	0	0	0	0	0	0	0	0	0	0	0	0	0	0	0	0	0	0	0	0.0002938740956	0.0002938740956	0.0002938740956	0.0002938740956	0.0002938740956	0.0002938740956	0.0002938740956	0.0002938740956	0.0002938740956	0	0	0	0	0	0	0	0	0	0	0	0	0	0	0	0	0	0	0	0	0	0	0	0	0	0	0	0	0	0	0	0	0	0	0	0	0	0	0	0	0	0	0	0	0	9.042279864e-05	9.042279864e-05	9.042279864e-05	9.042279864e-05	9.042279864e-05	9.042279864e-05	9.042279864e-05	9.042279864e-05	9.042279864e-05	0	0	0	0	0	0	0	0	0	0	0	0	0	0	0	0	0	0	0	0	0	0	0	0	0	0	0	0	0	0	0	0	0	0	0	0	0	0	0	0	0	0	0	0	0	9.042279864e-05	9.042279864e-05	9.042279864e-05	9.042279864e-05	9.042279864e-05	9.042279864e-05	9.042279864e-05	9.042279864e-05	9.042279864e-05	0	0	0	0	0	0	0	0	0	0	0	0	0	0	0	0	0	0	0	0	0	0	0	0	0	0	0	0	0	0	0	0	0	0	0	0	0	0	0	0	0	0	0	0	0	0.0002938740956	0.0002938740956	0.0002938740956	0.0002938740956	0.0002938740956	0.0002938740956	0.0002938740956	0.0002938740956	0.0002938740956	0	0	0	0	0	0	0	0	0	0	0	0	0	0	0	0	0	0	0	0	0	0	0	0	0	0	0	0	0	0	0	0	0	0	0	0	0	0	0	0	0	0	0	0	0	0.001158542108	0.001158542108	0.001158542108	0.001158542108	0.001158542108	0.001158542108	0.001158542108	0.001158542108	0.001158542108	0	0	0	0	0	0	0	0	0	0	0	0	0	0	0	0	0	0	0	0	0	0	0	0	0	0	0	0	0	0	0	0	0	0	0	0	0	0	0	0	0	0	0	0	0	0.004629929862	0.004629929862	0.004629929862	0.004629929862	0.004629929862	0.004629929862	0.004629929862	0.004629929862	0.004629929862	0	0	0	0	0	0	0	0	0	0	0	0	0	0	0	0	0	0	0	0	0	0	0	0	0	0	0	0	0	0	0	0	0	0	0	0	0	0	0	0	0	0	0	0	0	0.0185186598	0.0185186598	0.0185186598	0.0185186598	0.0185186598	0.0185186598	0.0185186598	0.0185186598	0.0185186598	0	0	0	0	0	0	0	0	0	0	0	0	0	0	0	0	0	0	0	0	0	0	0	0	0	0	0	0	0	0	0	0	0	0	0	0	0	0	0	0	0	0	0	0	0	0.004629929862	0.004629929862	0.004629929862	0.004629929862	0.004629929862	0.004629929862	0.004629929862	0.004629929862	0.004629929862	0	0	0	0	0	0	0	0	0
(15,26)	0	0	0	0	0	0	0	0	0	0	0	0	0	0	0	0	0	0	0	0	0	0	0	0	0	0	0	0	0	0	0	0	0	0	0	0	0.001158542108	0.001158542108	0.001158542108	0.001158542108	0.001158542108	0.001158542108	0.001158542108	0.001158542108	0.001158542108	0	0	0	0	0	0	0	0	0	0	0	0	0	0	0	0	0	0	0	0	0	0	0	0	0	0	0	0	0	0	0	0	0	0	0	0	0	0	0	0	0	0	0	0	0	0.0002938740956	0.0002938740956	0.0002938740956	0.0002938740956	0.0002938740956	0.0002938740956	0.0002938740956	0.0002938740956	0.0002938740956	0	0	0	0	0	0	0	0	0	0	0	0	0	0	0	0	0	0	0	0	0	0	0	0	0	0	0	0	0	0	0	0	0	0	0	0	0	0	0	0	0	0	0	0	0	9.042279864e-05	9.042279864e-05	9.042279864e-05	9.042279864e-05	9.042279864e-05	9.042279864e-05	9.042279864e-05	9.042279864e-05	9.042279864e-05	0	0	0	0	0	0	0	0	0	0	0	0	0	0	0	0	0	0	0	0	0	0	0	0	0	0	0	0	0	0	0	0	0	0	0	0	0	0	0	0	0	0	0	0	0	9.042279864e-05	9.042279864e-05	9.042279864e-05	9.042279864e-05	9.042279864e-05	9.042279864e-05	9.042279864e-05	9.042279864e-05	9.042279864e-05	0	0	0	0	0	0	0	0	0	0	0	0	0	0	0	0	0	0	0	0	0	0	0	0	0	0	0	0	0	0	0	0	0	0	0	0	0	0	0	0	0	0	0	0	0	0.0002938740956	0.0002938740956	0.0002938740956	0.0002938740956	0.0002938740956	0.0002938740956	0.0002938740956	0.0002938740956	0.0002938740956	0	0	0	0	0	0	0	0	0	0	0	0	0	0	0	0	0	0	0	0	0	0	0	0	0	0	0	0	0	0	0	0	0	0	0	0	0	0	0	0	0	0	0	0	0	0.001158542108	0.001158542108	0.001158542108	0.001158542108	0.001158542108	0.001158542108	0.001158542108	0.001158542108	0.001158542108	0	0	0	0	0	0	0	0	0	0	0	0	0	0	0	0	0	0	0	0	0	0	0	0	0	0	0	0	0	0	0	0	0	0	0	0	0	0	0	0	0	0	0	0	0	0.004629929862	0.004629929862	0.004629929862	0.004629929862	0.004629929862	0.004629929862	0.004629929862	0.004629929862	0.004629929862	0	0	0	0	0	0	0	0	0	0	0	0	0	0	0	0	0	0	0	0	0	0	0	0	0	0	0	0	0	0	0	0	0	0	0	0	0	0	0	0	0	0	0	0	0	0.0185186598	0.0185186598	0.0185186598	0.0185186598	0.0185186598	0.0185186598	0.0185186598	0.0185186598	0.0185186598	0	0	0	0	0	0	0	0	0	0	0	0	0	0	0	0	0	0	0	0	0	0	0	0	0	0	0	0	0	0	0	0	0	0	0	0	0	0	0	0	0	0	0	0	0	0.004629929862	0.004629929862	0.004629929862	0.004629929862	0.004629929862	0.004629929862	0.004629929862	0.004629929862	0.004629929862	0	0	0	0	0	0	0	0	0
(16,0)	0.08333873751	0	0	0	0	0	0	0	0	0	0	0	0	0	0	0	0	0	0	0	0	0	0	0	0	0	0	0	0	0	0	0	0	0	0	0	0	0	0	0	0	0	0	0	0	0	0	0	0	0	0	0	0	0	0	0.003475626323	0.003475626323	0	0.003475626323	0.003475626323	0	0.003475626323	0.003475626323	0	0	0	0	0	0	0	0	0	0	0	0	0	0	0	0	0	0	0	0	0	0	0	0	0	0	0	0	0	0	0	0	0	0	0	0	0	0	0	0	0	0	0	0	0	0	0.0008816222867	0.0008816222867	0	0.0008816222867	0.0008816222867	0	0.0008816222867	0.0008816222867	0	0	0	0	0	0	0	0	0	0	0	0	0	0	0	0	0	0	0	0	0	0	0	0	0	0	0	0	0	0	0	0	0	0	0	0	0	0	0	0	0	0	0	0	0	0	0	0	0.0008138051878	0	0	0.0008138051878	0	0	0	0	0	0	0	0	0	0	0	0	0	0	0	0	0	0	0	0	0	0	0	0	0	0	0	0	0	0	0	0	0	0	0	0	0	0	0	0	0	0	0	0	0	0	0	0	0.0002712683959	0.0002712683959	0	0.0002712683959	0.0002712683959	0	0.0002712683959	0.0002712683959	0	0	0	0	0	0	0	0	0	0	0	0	0	0	0	0	0	0	0	0	0	0	0	0	0	0	0	0	0	0	0	0	0	0	0	0	0	0	0	0	0	0	0	0	0	0	0.0008816222867	0.0008816222867	0	0.0008816222867	0.0008816222867	0	0.0008816222867	0.0008816222867	0	0	0	0	0	0	0	0	0	0	0	0	0	0	0	0	0	0	0	0	0	0	0	0	0	0	0	0	0	0	0	0	0	0	0	0	0	0	0	0	0	0	0	0	0	0	0	0	0.01042687897	0	0	0.01042687897	0	0	0	0	0	0	0	0	0	0	0	0	0	0	0	0	0	0	0	0	0	0	0	0	0	0	0	0	0	0	0	0	0	0	0	0	0	0	0	0	0	0	0	0	0	0	0	0	0.01388978958	0.01388978958	0	0.01388978958	0.01388978958	0	0.01388978958	0.01388978958	0	0	0	0	0	0	0	0	0	0	0	0	0	0	0	0	0	0	0	0	0	0	0	0	0	0	0	0	0	0	0	0	0	0	0	0	0	0	0	0	0	0	0	0	0	0	0.05555597941	0.05555597941	0	0.05555597941	0.05555597941	0	0.05555597941	0.05555597941	0	0	0	0	0	0	0	0	0	0	0	0	0	0	0	0	0	0	0	0	0	0	0	0	0	0	0	0	0	0	0	0	0	0	0	0	0	0	0	0	0	0	0	0	0
(16,1)	0	0	0	0	0	0	0	0	0	0	0	0	0	0	0	0	0	0	0	0	0	0	0	0	0	0	0	0	0.002315388788	0.002315388788	0.002315388788	0.002315388788	0.002315388788	0.002315388788	0.002315388788	0.002315388788	0.002315388788	0	0	0	0	0	0	0	0	0	0	0	0	0	0	0	0	0	0	0	0	0	0	0	0	0	0	0	0	0	0	0	0	0	0	0	0	0	0	0	0	0	0	0	0	0	0.0005809664813	0.0005809664813	0.0005809664813	0.0005809664813	0.0005809664813	0.0005809664813	0.0005809664813	0.0005809664813	0.0005809664813	0	0	0	0	0	0	0	0	0	0	0	0	0	0	0	0	0	0	0	0	0	0	0	0	0	0	0	0	0	0	0	0	0	0	0	0	0	0	0	0	0	0	0	0	0	0.0001537187577	0.0001537187577	0.0001537187577	0.0001537187577	0.0001537187577	0.0001537187577	0.0001537187577	0.0001537187577	0.0001537187577	0	0	0	0	0	0	0	0	0	0	0	0	0	0	0	0	0	0	0	0	0	0	0	0	0	0	0	0	0	0	0	0	0	0	0	0	0	0	0	0	0	0	0	0	0	7.233823891e-05	7.233823891e-05	7.233823891e-05	7.233823891e-05	7.233823891e-05	7.233823891e-05	7.233823891e-05	7.233823891e-05	7.233823891e-05	0	0	0	0	0	0	0	0	0	0	0	0	0	0	0	0	0	0	0	0	0	0	0	0	0	0	0	0	0	0	0	0	0	0	0	0	0	0	0	0	0	0	0	0	0	0.0001537187577	0.0001537187577	0.0001537187577	0.0001537187577	0.0001537187577	0.0001537187577	0.0001537187577	0.0001537187577	0.0001537187577	0	0	0	0	0	0	0	0	0	0	0	0	0	0	0	0	0	0	0	0	0	0	0	0	0	0	0	0	0	0	0	0	0	0	0	0	0	0	0	0	0	0	0	0	0	0.0005809664813	0.0005809664813	0.0005809664813	0.0005809664813	0.0005809664813	0.0005809664813	0.0005809664813	0.0005809664813	0.0005809664813	0	0	0	0	0	0	0	0	0	0	0	0	0	0	0	0	0	0	0	0	0	0	0	0	0	0	0	0	0	0	0	0	0	0	0	0	0	0	0	0	0	0	0	0	0	0.002315388788	0.002315388788	0.002315388788	0.002315388788	0.002315388788	0.002315388788	0.002315388788	0.002315388788	0.002315388788	0	0	0	0	0	0	0	0	0	0	0	0	0	0	0	0	0	0	0	0	0	0	0	0	0	0	0	0	0	0	0	0	0	0	0	0	0	0	0	0	0	0	0	0	0	0.009259435866	0.009259435866	0.009259435866	0.009259435866	0.009259435866	0.009259435866	0.009259435866	0.009259435866	0.009259435866	0	0	0	0	0	0	0	0	0	0	0	0	0	0	0	0	0	0	0	0	0	0	0	0	0	0	0	0	0	0	0	0	0	0	0	0	0	0	0	0	0	0	0	0	0	0.009259435866	0.009259435866	0.009259435866	0.009259435866	0.009259435866	0.009259435866	0.009259435866	0.009259435866	0.009259435866	0	0	0	0	0	0	0	0	0	0	0	0	0	0	0	0	0
(16,2)	0	0	0	0	0	0	0	0	0	0	0	0	0	0	0	0	0	0	0	0	0	0	0	0	0	0	0	0	0.002315388788	0.002315388788	0.002315388788	0.002315388788	0.002315388788	0.002315388788	0.002315388788	0.002315388788	0.002315388788	0	0	0	0	0	0	0	0	0	0	0	0	0	0	0	0	0	0	0	0	0	0	0	0	0	0	0	0	0	0	0	0	0	0	0	0	0	0	0	0	0	0	0	0	0	0.0005809664813	0.0005809664813	0.0005809664813	0.0005809664813	0.0005809664813	0.0005809664813	0.0005809664813	0.0005809664813	0.0005809664813	0	0	0	0	0	0	0	0	0	0	0	0	0	0	0	0	0	0	0	0	0	0	0	0	0	0	0	0	0	0	0	0	0	0	0	0	0	0	0	0	0	0	0	0	0	0.0001537187577	0.0001537187577	0.0001537187577	0.0001537187577	0.0001537187577	0.0001537187577	0.0001537187577	0.0001537187577	0.0001537187577	0	0	0	0	0	0	0	0	0	0	0	0	0	0	0	0	0	0	0	0	0	0	0	0	0	0	0	0	0	0	0	0	0	0	0	0	0	0	0	0	0	0	0	0	0	7.233823891e-05	7.233823891e-05	7.233823891e-05	7.233823891e-05	7.233823891e-05	7.233823891e-05	7.233823891e-05	7.233823891e-05	7.233823891e-05	0	0	0	0	0	0	0	0	0	0	0	0	0	0	0	0	0	0	0	0	0	0	0	0	0	0	0	0	0	0	0	0	0	0	0	0	0	0	0	0	0	0	0	0	0	0.0001537187577	0.0001537187577	0.0001537187577	0.0001537187577	0.0001537187577	0.0001537187577	0.0001537187577	0.0001537187577	0.0001537187577	0	0	0	0	0	0	0	0	0	0	0	0	0	0	0	0	0	0	0	0	0	0	0	0	0	0	0	0	0	0	0	0	0	0	0	0	0	0	0	0	0	0	0	0	0	0.0005809664813	0.0005809664813	0.0005809664813	0.0005809664813	0.0005809664813	0.0005809664813	0.0005809664813	0.0005809664813	0.0005809664813	0	0	0	0	0	0	0	0	0	0	0	0	0	0	0	0	0	0	0	0	0	0	0	0	0	0	0	0	0	0	0	0	0	0	0	0	0	0	0	0	0	0	0	0	0	0.002315388788	0.002315388788	0.002315388788	0.002315388788	0.002315388788	0.002315388788	0.002315388788	0.002315388788	0.002315388788	0	0	0	0	0	0	0	0	0	0	0	0	0	0	0	0	0	0	0	0	0	0	0	0	0	0	0	0	0	0	0	0	0	0	0	0	0	0	0	0	0	0	0	0	0	0.009259435866	0.009259435866	0.009259435866	0.009259435866	0.009259435866	0.009259435866	0.009259435866	0.009259435866	0.009259435866	0	0	0	0	0	0	0	0	0	0	0	0	0	0	0	0	0	0	0	0	0	0	0	0	0	0	0	0	0	0	0	0	0	0	0	0	0	0	0	0	0	0	0	0	0	0.009259435866	0.009259435866	0.009259435866	0.009259435866	0.009259435866	0.009259435866	0.009259435866	0.009259435866	0.009259435866	0	0	0	0	0	0	0	0	0	0	0	0	0	0	0	0	0
(16,3)	0	0.08333873751	0	0	0	0	0	0	0	0	0	0	0	0	0	0	0	0	0	0	0	0	0	0	0	0	0	0	0	0	0	0	0	0	0	0	0	0	0	0	0	0	0	0	0	0	0	0	0	0	0	0	0	0	0	0	0.003475626323	0.003475626323	0	0.003475626323	0.003475626323	0	0.003475626323	0.003475626323	0	0	0	0	0	0	0	0	0	0	0	0	0	0	0	0	0	0	0	0	0	0	0	0	0	0	0	0	0	0	0	0	0	0	0	0	0	0	0	0	0	0	0	0	0	0	0.0008816222867	0.0008816222867	0	0.0008816222867	0.0008816222867	0	0.0008816222867	0.0008816222867	0	0	0	0	0	0	0	0	0	0	0	0	0	0	0	0	0	0	0	0	0	0	0	0	0	0	0	0	0	0	0	0	0	0	0	0	0	0	0	0	0	0	0	0	0	0	0	0	0.0008138051878	0	0	0.0008138051878	0	0	0	0	0	0	0	0	0	0	0	0	0	0	0	0	0	0	0	0	0	0	0	0	0	0	0	0	0	0	0	0	0	0	0	0	0	0	0	0	0	0	0	0	0	0	0	0	0.0002712683959	0.0002712683959	0	0.0002712683959	0.0002712683959	0	0.0002712683959	0.0002712683959	0	0	0	0	0	0	0	0	0	0	0	0	0	0	0	0	0	0	0	0	0	0	0	0	0	0	0	0	0	0	0	0	0	0	0	0	0	0	0	0	0	0	0	0	0	0	0.0008816222867	0.0008816222867	0	0.0008816222867	0.0008816222867	0	0.0008816222867	0.0008816222867	0	0	0	0	0	0	0	0	0	0	0	0	0	0	0	0	0	0	0	0	0	0	0	0	0	0	0	0	0	0	0	0	0	0	0	0	0	0	0	0	0	0	0	0	0	0	0	0	0.01042687897	0	0	0.01042687897	0	0	0	0	0	0	0	0	0	0	0	0	0	0	0	0	0	0	0	0	0	0	0	0	0	0	0	0	0	0	0	0	0	0	0	0	0	0	0	0	0	0	0	0	0	0	0	0	0.01388978958	0.01388978958	0	0.01388978958	0.01388978958	0	0.01388978958	0.01388978958	0	0	0	0	0	0	0	0	0	0	0	0	0	0	0	0	0	0	0	0	0	0	0	0	0	0	0	0	0	0	0	0	0	0	0	0	0	0	0	0	0	0	0	0	0	0	0.05555597941	0.05555597941	0	0.05555597941	0.05555597941	0	0.05555597941	0.05555597941	0	0	0	0	0	0	0	0	0	0	0	0	0	0	0	0	0	0	0	0	0	0	0	0	0	0	0	0	0	0	0	0	0	0	0	0	0	0	0	0	0	0	0	0
(16,4)	0	0	0	0	0	0	0	0	0	0	0	0	0	0	0	0	0	0	0	0	0	0	0	0	0	0	0	0	0	0.002315388788	0.002315388788	0.002315388788	0.002315388788	0.002315388788	0.002315388788	0.002315388788	0.002315388788	0.002315388788	0	0	0	0	0	0	0	0	0	0	0	0	0	0	0	0	0	0	0	0	0	0	0	0	0	0	0	0	0	0	0	0	0	0	0	0	0	0	0	0	0	0	0	0	0	0.0005809664813	0.0005809664813	0.0005809664813	0.0005809664813	0.0005809664813	0.0005809664813	0.0005809664813	0.0005809664813	0.0005809664813	0	0	0	0	0	0	0	0	0	0	0	0	0	0	0	0	0	0	0	0	0	0	0	0	0	0	0	0	0	0	0	0	0	0	0	0	0	0	0	0	0	0	0	0	0	0.0001537187577	0.0001537187577	0.0001537187577	0.0001537187577	0.0001537187577	0.0001537187577	0.0001537187577	0.0001537187577	0.0001537187577	0	0	0	0	0	0	0	0	0	0	0	0	0	0	0	0	0	0	0	0	0	0	0	0	0	0	0	0	0	0	0	0	0	0	0	0	0	0	0	0	0	0	0	0	0	7.233823891e-05	7.233823891e-05	7.233823891e-05	7.233823891e-05	7.233823891e-05	7.233823891e-05	7.233823891e-05	7.233823891e-05	7.233823891e-05	0	0	0	0	0	0	0	0	0	0	0	0	0	0	0	0	0	0	0	0	0	0	0	0	0	0	0	0	0	0	0	0	0	0	0	0	0	0	0	0	0	0	0	0	0	0.0001537187577	0.0001537187577	0.0001537187577	0.0001537187577	0.0001537187577	0.0001537187577	0.0001537187577	0.0001537187577	0.0001537187577	0	0	0	0	0	0	0	0	0	0	0	0	0	0	0	0	0	0	0	0	0	0	0	0	0	0	0	0	0	0	0	0	0	0	0	0	0	0	0	0	0	0	0	0	0	0.0005809664813	0.0005809664813	0.0005809664813	0.0005809664813	0.0005809664813	0.0005809664813	0.0005809664813	0.0005809664813	0.0005809664813	0	0	0	0	0	0	0	0	0	0	0	0	0	0	0	0	0	0	0	0	0	0	0	0	0	0	0	0	0	0	0	0	0	0	0	0	0	0	0	0	0	0	0	0	0	0.002315388788	0.002315388788	0.002315388788	0.002315388788	0.002315388788	0.002315388788	0.002315388788	0.002315388788	0.002315388788	0	0	0	0	0	0	0	0	0	0	0	0	0	0	0	0	0	0	0	0	0	0	0	0	0	0	0	0	0	0	0	0	0	0	0	0	0	0	0	0	0	0	0	0	0	0.009259435866	0.009259435866	0.009259435866	0.009259435866	0.009259435866	0.009259435866	0.009259435866	0.009259435866	0.009259435866	0	0	0	0	0	0	0	0	0	0	0	0	0	0	0	0	0	0	0	0	0	0	0	0	0	0	0	0	0	0	0	0	0	0	0	0	0	0	0	0	0	0	0	0	0	0.009259435866	0.009259435866	0.009259435866	0.009259435866	0.009259435866	0.009259435866	0.009259435866	0.009259435866	0.009259435866	0	0	0	0	0	0	0	0	0	0	0	0	0	0	0	0
(16,5)	0	0	0	0	0	0	0	0	0	0	0	0	0	0	0	0	0	0	0	0	0	0	0	0	0	0	0	0	0	0.002315388788	0.002315388788	0.002315388788	0.002315388788	0.002315388788	0.002315388788	0.002315388788	0.002315388788	0.002315388788	0	0	0	0	0	0	0	0	0	0	0	0	0	0	0	0	0	0	0	0	0	0	0	0	0	0	0	0	0	0	0	0	0	0	0	0	0	0	0	0	0	0	0	0	0	0.0005809664813	0.0005809664813	0.0005809664813	0.0005809664813	0.0005809664813	0.0005809664813	0.0005809664813	0.0005809664813	0.0005809664813	0	0	0	0	0	0	0	0	0	0	0	0	0	0	0	0	0	0	0	0	0	0	0	0	0	0	0	0	0	0	0	0	0	0	0	0	0	0	0	0	0	0	0	0	0	0.0001537187577	0.0001537187577	0.0001537187577	0.0001537187577	0.0001537187577	0.0001537187577	0.0001537187577	0.0001537187577	0.0001537187577	0	0	0	0	0	0	0	0	0	0	0	0	0	0	0	0	0	0	0	0	0	0	0	0	0	0	0	0	0	0	0	0	0	0	0	0	0	0	0	0	0	0	0	0	0	7.233823891e-05	7.233823891e-05	7.233823891e-05	7.233823891e-05	7.233823891e-05	7.233823891e-05	7.233823891e-05	7.233823891e-05	7.233823891e-05	0	0	0	0	0	0	0	0	0	0	0	0	0	0	0	0	0	0	0	0	0	0	0	0	0	0	0	0	0	0	0	0	0	0	0	0	0	0	0	0	0	0	0	0	0	0.0001537187577	0.0001537187577	0.0001537187577	0.0001537187577	0.0001537187577	0.0001537187577	0.0001537187577	0.0001537187577	0.0001537187577	0	0	0	0	0	0	0	0	0	0	0	0	0	0	0	0	0	0	0	0	0	0	0	0	0	0	0	0	0	0	0	0	0	0	0	0	0	0	0	0	0	0	0	0	0	0.0005809664813	0.0005809664813	0.0005809664813	0.0005809664813	0.0005809664813	0.0005809664813	0.0005809664813	0.0005809664813	0.0005809664813	0	0	0	0	0	0	0	0	0	0	0	0	0	0	0	0	0	0	0	0	0	0	0	0	0	0	0	0	0	0	0	0	0	0	0	0	0	0	0	0	0	0	0	0	0	0.002315388788	0.002315388788	0.002315388788	0.002315388788	0.002315388788	0.002315388788	0.002315388788	0.002315388788	0.002315388788	0	0	0	0	0	0	0	0	0	0	0	0	0	0	0	0	0	0	0	0	0	0	0	0	0	0	0	0	0	0	0	0	0	0	0	0	0	0	0	0	0	0	0	0	0	0.009259435866	0.009259435866	0.009259435866	0.009259435866	0.009259435866	0.009259435866	0.009259435866	0.009259435866	0.009259435866	0	0	0	0	0	0	0	0	0	0	0	0	0	0	0	0	0	0	0	0	0	0	0	0	0	0	0	0	0	0	0	0	0	0	0	0	0	0	0	0	0	0	0	0	0	0.009259435866	0.009259435866	0.009259435866	0.009259435866	0.009259435866	0.009259435866	0.009259435866	0.009259435866	0.009259435866	0	0	0	0	0	0	0	0	0	0	0	0	0	0	0	0
(16,6)	0	0	0.08333873751	0	0	0	0	0	0	0	0	0	0	0	0	0	0	0	0	0	0	0	0	0	0	0	0	0	0	0	0	0	0	0	0	0	0	0	0	0	0	0	0	0	0	0	0	0	0	0	0	0	0	0	0	0	0	0.003475626323	0.003475626323	0	0.003475626323	0.003475626323	0	0.003475626323	0.003475626323	0	0	0	0	0	0	0	0	0	0	0	0	0	0	0	0	0	0	0	0	0	0	0	0	0	0	0	0	0	0	0	0	0	0	0	0	0	0	0	0	0	0	0	0	0	0	0.0008816222867	0.0008816222867	0	0.0008816222867	0.0008816222867	0	0.0008816222867	0.0008816222867	0	0	0	0	0	0	0	0	0	0	0	0	0	0	0	0	0	0	0	0	0	0	0	0	0	0	0	0	0	0	0	0	0	0	0	0	0	0	0	0	0	0	0	0	0	0	0	0	0.0008138051878	0	0	0.0008138051878	0	0	0	0	0	0	0	0	0	0	0	0	0	0	0	0	0	0	0	0	0	0	0	0	0	0	0	0	0	0	0	0	0	0	0	0	0	0	0	0	0	0	0	0	0	0	0	0	0.0002712683959	0.0002712683959	0	0.0002712683959	0.0002712683959	0	0.0002712683959	0.0002712683959	0	0	0	0	0	0	0	0	0	0	0	0	0	0	0	0	0	0	0	0	0	0	0	0	0	0	0	0	0	0	0	0	0	0	0	0	0	0	0	0	0	0	0	0	0	0	0.0008816222867	0.0008816222867	0	0.0008816222867	0.0008816222867	0	0.0008816222867	0.0008816222867	0	0	0	0	0	0	0	0	0	0	0	0	0	0	0	0	0	0	0	0	0	0	0	0	0	0	0	0	0	0	0	0	0	0	0	0	0	0	0	0	0	0	0	0	0	0	0	0	0.01042687897	0	0	0.01042687897	0	0	0	0	0	0	0	0	0	0	0	0	0	0	0	0	0	0	0	0	0	0	0	0	0	0	0	0	0	0	0	0	0	0	0	0	0	0	0	0	0	0	0	0	0	0	0	0	0.01388978958	0.01388978958	0	0.01388978958	0.01388978958	0	0.01388978958	0.01388978958	0	0	0	0	0	0	0	0	0	0	0	0	0	0	0	0	0	0	0	0	0	0	0	0	0	0	0	0	0	0	0	0	0	0	0	0	0	0	0	0	0	0	0	0	0	0	0.05555597941	0.05555597941	0	0.05555597941	0.05555597941	0	0.05555597941	0.05555597941	0	0	0	0	0	0	0	0	0	0	0	0	0	0	0	0	0	0	0	0	0	0	0	0	0	0	0	0	0	0	0	0	0	0	0	0	0	0	0	0	0	0	0
(16,7)	0	0	0	0	0	0	0	0	0	0	0	0	0	0	0	0	0	0	0	0	0	0	0	0	0	0	0	0	0	0	0.002315388788	0.002315388788	0.002315388788	0.002315388788	0.002315388788	0.002315388788	0.002315388788	0.002315388788	0.002315388788	0	0	0	0	0	0	0	0	0	0	0	0	0	0	0	0	0	0	0	0	0	0	0	0	0	0	0	0	0	0	0	0	0	0	0	0	0	0	0	0	0	0	0	0	0	0.0005809664813	0.0005809664813	0.0005809664813	0.0005809664813	0.0005809664813	0.0005809664813	0.0005809664813	0.0005809664813	0.0005809664813	0	0	0	0	0	0	0	0	0	0	0	0	0	0	0	0	0	0	0	0	0	0	0	0	0	0	0	0	0	0	0	0	0	0	0	0	0	0	0	0	0	0	0	0	0	0.0001537187577	0.0001537187577	0.0001537187577	0.0001537187577	0.0001537187577	0.0001537187577	0.0001537187577	0.0001537187577	0.0001537187577	0	0	0	0	0	0	0	0	0	0	0	0	0	0	0	0	0	0	0	0	0	0	0	0	0	0	0	0	0	0	0	0	0	0	0	0	0	0	0	0	0	0	0	0	0	7.233823891e-05	7.233823891e-05	7.233823891e-05	7.233823891e-05	7.233823891e-05	7.233823891e-05	7.233823891e-05	7.233823891e-05	7.233823891e-05	0	0	0	0	0	0	0	0	0	0	0	0	0	0	0	0	0	0	0	0	0	0	0	0	0	0	0	0	0	0	0	0	0	0	0	0	0	0	0	0	0	0	0	0	0	0.0001537187577	0.0001537187577	0.0001537187577	0.0001537187577	0.0001537187577	0.0001537187577	0.0001537187577	0.0001537187577	0.0001537187577	0	0	0	0	0	0	0	0	0	0	0	0	0	0	0	0	0	0	0	0	0	0	0	0	0	0	0	0	0	0	0	0	0	0	0	0	0	0	0	0	0	0	0	0	0	0.0005809664813	0.0005809664813	0.0005809664813	0.0005809664813	0.0005809664813	0.0005809664813	0.0005809664813	0.0005809664813	0.0005809664813	0	0	0	0	0	0	0	0	0	0	0	0	0	0	0	0	0	0	0	0	0	0	0	0	0	0	0	0	0	0	0	0	0	0	0	0	0	0	0	0	0	0	0	0	0	0.002315388788	0.002315388788	0.002315388788	0.002315388788	0.002315388788	0.002315388788	0.002315388788	0.002315388788	0.002315388788	0	0	0	0	0	0	0	0	0	0	0	0	0	0	0	0	0	0	0	0	0	0	0	0	0	0	0	0	0	0	0	0	0	0	0	0	0	0	0	0	0	0	0	0	0	0.009259435866	0.009259435866	0.009259435866	0.009259435866	0.009259435866	0.009259435866	0.009259435866	0.009259435866	0.009259435866	0	0	0	0	0	0	0	0	0	0	0	0	0	0	0	0	0	0	0	0	0	0	0	0	0	0	0	0	0	0	0	0	0	0	0	0	0	0	0	0	0	0	0	0	0	0.009259435866	0.009259435866	0.009259435866	0.009259435866	0.009259435866	0.009259435866	0.009259435866	0.009259435866	0.009259435866	0	0	0	0	0	0	0	0	0	0	0	0	0	0	0
(16,8)	0	0	0	0	0	0	0	0	0	0	0	0	0	0	0	0	0	0	0	0	0	0	0	0	0	0	0	0	0	0	0.002315388788	0.002315388788	0.002315388788	0.002315388788	0.002315388788	0.002315388788	0.002315388788	0.002315388788	0.002315388788	0	0	0	0	0	0	0	0	0	0	0	0	0	0	0	0	0	0	0	0	0	0	0	0	0	0	0	0	0	0	0	0	0	0	0	0	0	0	0	0	0	0	0	0	0	0.0005809664813	0.0005809664813	0.0005809664813	0.0005809664813	0.0005809664813	0.0005809664813	0.0005809664813	0.0005809664813	0.0005809664813	0	0	0	0	0	0	0	0	0	0	0	0	0	0	0	0	0	0	0	0	0	0	0	0	0	0	0	0	0	0	0	0	0	0	0	0	0	0	0	0	0	0	0	0	0	0.0001537187577	0.0001537187577	0.0001537187577	0.0001537187577	0.0001537187577	0.0001537187577	0.0001537187577	0.0001537187577	0.0001537187577	0	0	0	0	0	0	0	0	0	0	0	0	0	0	0	0	0	0	0	0	0	0	0	0	0	0	0	0	0	0	0	0	0	0	0	0	0	0	0	0	0	0	0	0	0	7.233823891e-05	7.233823891e-05	7.233823891e-05	7.233823891e-05	7.233823891e-05	7.233823891e-05	7.233823891e-05	7.233823891e-05	7.233823891e-05	0	0	0	0	0	0	0	0	0	0	0	0	0	0	0	0	0	0	0	0	0	0	0	0	0	0	0	0	0	0	0	0	0	0	0	0	0	0	0	0	0	0	0	0	0	0.0001537187577	0.0001537187577	0.0001537187577	0.0001537187577	0.0001537187577	0.0001537187577	0.0001537187577	0.0001537187577	0.0001537187577	0	0	0	0	0	0	0	0	0	0	0	0	0	0	0	0	0	0	0	0	0	0	0	0	0	0	0	0	0	0	0	0	0	0	0	0	0	0	0	0	0	0	0	0	0	0.0005809664813	0.0005809664813	0.0005809664813	0.0005809664813	0.0005809664813	0.0005809664813	0.0005809664813	0.0005809664813	0.0005809664813	0	0	0	0	0	0	0	0	0	0	0	0	0	0	0	0	0	0	0	0	0	0	0	0	0	0	0	0	0	0	0	0	0	0	0	0	0	0	0	0	0	0	0	0	0	0.002315388788	0.002315388788	0.002315388788	0.002315388788	0.002315388788	0.002315388788	0.002315388788	0.002315388788	0.002315388788	0	0	0	0	0	0	0	0	0	0	0	0	0	0	0	0	0	0	0	0	0	0	0	0	0	0	0	0	0	0	0	0	0	0	0	0	0	0	0	0	0	0	0	0	0	0.009259435866	0.009259435866	0.009259435866	0.009259435866	0.009259435866	0.009259435866	0.009259435866	0.009259435866	0.009259435866	0	0	0	0	0	0	0	0	0	0	0	0	0	0	0	0	0	0	0	0	0	0	0	0	0	0	0	0	0	0	0	0	0	0	0	0	0	0	0	0	0	0	0	0	0	0.009259435866	0.009259435866	0.009259435866	0.009259435866	0.009259435866	0.009259435866	0.009259435866	0.009259435866	0.009259435866	0	0	0	0	0	0	0	0	0	0	0	0	0	0	0
(16,9)	0	0	0	0.08333873751	0	0	0	0	0	0	0	0	0	0	0	0	0	0	0	0	0	0	0	0	0	0	0	0	0	0	0	0	0	0	0	0	0	0	0	0	0	0	0	0	0	0	0	0	0	0	0	0	0	0	0	0	0	0	0.003475626323	0.003475626323	0	0.003475626323	0.003475626323	0	0.003475626323	0.003475626323	0	0	0	0	0	0	0	0	0	0	0	0	0	0	0	0	0	0	0	0	0	0	0	0	0	0	0	0	0	0	0	0	0	0	0	0	0	0	0	0	0	0	0	0	0	0	0.0008816222867	0.0008816222867	0	0.0008816222867	0.0008816222867	0	0.0008816222867	0.0008816222867	0	0	0	0	0	0	0	0	0	0	0	0	0	0	0	0	0	0	0	0	0	0	0	0	0	0	0	0	0	0	0	0	0	0	0	0	0	0	0	0	0	0	0	0	0	0	0	0	0.0008138051878	0	0	0.0008138051878	0	0	0	0	0	0	0	0	0	0	0	0	0	0	0	0	0	0	0	0	0	0	0	0	0	0	0	0	0	0	0	0	0	0	0	0	0	0	0	0	0	0	0	0	0	0	0	0	0.0002712683959	0.0002712683959	0	0.0002712683959	0.0002712683959	0	0.0002712683959	0.0002712683959	0	0	0	0	0	0	0	0	0	0	0	0	0	0	0	0	0	0	0	0	0	0	0	0	0	0	0	0	0	0	0	0	0	0	0	0	0	0	0	0	0	0	0	0	0	0	0.0008816222867	0.0008816222867	0	0.0008816222867	0.0008816222867	0	0.0008816222867	0.0008816222867	0	0	0	0	0	0	0	0	0	0	0	0	0	0	0	0	0	0	0	0	0	0	0	0	0	0	0	0	0	0	0	0	0	0	0	0	0	0	0	0	0	0	0	0	0	0	0	0	0.01042687897	0	0	0.01042687897	0	0	0	0	0	0	0	0	0	0	0	0	0	0	0	0	0	0	0	0	0	0	0	0	0	0	0	0	0	0	0	0	0	0	0	0	0	0	0	0	0	0	0	0	0	0	0	0	0.01388978958	0.01388978958	0	0.01388978958	0.01388978958	0	0.01388978958	0.01388978958	0	0	0	0	0	0	0	0	0	0	0	0	0	0	0	0	0	0	0	0	0	0	0	0	0	0	0	0	0	0	0	0	0	0	0	0	0	0	0	0	0	0	0	0	0	0	0.05555597941	0.05555597941	0	0.05555597941	0.05555597941	0	0.05555597941	0.05555597941	0	0	0	0	0	0	0	0	0	0	0	0	0	0	0	0	0	0	0	0	0	0	0	0	0	0	0	0	0	0	0	0	0	0	0	0	0	0	0	0	0	0
(16,10)	0	0	0	0	0	0	0	0	0	0	0	0	0	0	0	0	0	0	0	0	0	0	0	0	0	0	0	0	0	0	0	0.002315388788	0.002315388788	0.002315388788	0.002315388788	0.002315388788	0.002315388788	0.002315388788	0.002315388788	0.002315388788	0	0	0	0	0	0	0	0	0	0	0	0	0	0	0	0	0	0	0	0	0	0	0	0	0	0	0	0	0	0	0	0	0	0	0	0	0	0	0	0	0	0	0	0	0	0.0005809664813	0.0005809664813	0.0005809664813	0.0005809664813	0.0005809664813	0.0005809664813	0.0005809664813	0.0005809664813	0.0005809664813	0	0	0	0	0	0	0	0	0	0	0	0	0	0	0	0	0	0	0	0	0	0	0	0	0	0	0	0	0	0	0	0	0	0	0	0	0	0	0	0	0	0	0	0	0	0.0001537187577	0.0001537187577	0.0001537187577	0.0001537187577	0.0001537187577	0.0001537187577	0.0001537187577	0.0001537187577	0.0001537187577	0	0	0	0	0	0	0	0	0	0	0	0	0	0	0	0	0	0	0	0	0	0	0	0	0	0	0	0	0	0	0	0	0	0	0	0	0	0	0	0	0	0	0	0	0	7.233823891e-05	7.233823891e-05	7.233823891e-05	7.233823891e-05	7.233823891e-05	7.233823891e-05	7.233823891e-05	7.233823891e-05	7.233823891e-05	0	0	0	0	0	0	0	0	0	0	0	0	0	0	0	0	0	0	0	0	0	0	0	0	0	0	0	0	0	0	0	0	0	0	0	0	0	0	0	0	0	0	0	0	0	0.0001537187577	0.0001537187577	0.0001537187577	0.0001537187577	0.0001537187577	0.0001537187577	0.0001537187577	0.0001537187577	0.0001537187577	0	0	0	0	0	0	0	0	0	0	0	0	0	0	0	0	0	0	0	0	0	0	0	0	0	0	0	0	0	0	0	0	0	0	0	0	0	0	0	0	0	0	0	0	0	0.0005809664813	0.0005809664813	0.0005809664813	0.0005809664813	0.0005809664813	0.0005809664813	0.0005809664813	0.0005809664813	0.0005809664813	0	0	0	0	0	0	0	0	0	0	0	0	0	0	0	0	0	0	0	0	0	0	0	0	0	0	0	0	0	0	0	0	0	0	0	0	0	0	0	0	0	0	0	0	0	0.002315388788	0.002315388788	0.002315388788	0.002315388788	0.002315388788	0.002315388788	0.002315388788	0.002315388788	0.002315388788	0	0	0	0	0	0	0	0	0	0	0	0	0	0	0	0	0	0	0	0	0	0	0	0	0	0	0	0	0	0	0	0	0	0	0	0	0	0	0	0	0	0	0	0	0	0.009259435866	0.009259435866	0.009259435866	0.009259435866	0.009259435866	0.009259435866	0.009259435866	0.009259435866	0.009259435866	0	0	0	0	0	0	0	0	0	0	0	0	0	0	0	0	0	0	0	0	0	0	0	0	0	0	0	0	0	0	0	0	0	0	0	0	0	0	0	0	0	0	0	0	0	0.009259435866	0.009259435866	0.009259435866	0.009259435866	0.009259435866	0.009259435866	0.009259435866	0.009259435866	0.009259435866	0	0	0	0	0	0	0	0	0	0	0	0	0	0
(16,11)	0	0	0	0	0	0	0	0	0	0	0	0	0	0	0	0	0	0	0	0	0	0	0	0	0	0	0	0	0	0	0	0.002315388788	0.002315388788	0.002315388788	0.002315388788	0.002315388788	0.002315388788	0.002315388788	0.002315388788	0.002315388788	0	0	0	0	0	0	0	0	0	0	0	0	0	0	0	0	0	0	0	0	0	0	0	0	0	0	0	0	0	0	0	0	0	0	0	0	0	0	0	0	0	0	0	0	0	0.0005809664813	0.0005809664813	0.0005809664813	0.0005809664813	0.0005809664813	0.0005809664813	0.0005809664813	0.0005809664813	0.0005809664813	0	0	0	0	0	0	0	0	0	0	0	0	0	0	0	0	0	0	0	0	0	0	0	0	0	0	0	0	0	0	0	0	0	0	0	0	0	0	0	0	0	0	0	0	0	0.0001537187577	0.0001537187577	0.0001537187577	0.0001537187577	0.0001537187577	0.0001537187577	0.0001537187577	0.0001537187577	0.0001537187577	0	0	0	0	0	0	0	0	0	0	0	0	0	0	0	0	0	0	0	0	0	0	0	0	0	0	0	0	0	0	0	0	0	0	0	0	0	0	0	0	0	0	0	0	0	7.233823891e-05	7.233823891e-05	7.233823891e-05	7.233823891e-05	7.233823891e-05	7.233823891e-05	7.233823891e-05	7.233823891e-05	7.233823891e-05	0	0	0	0	0	0	0	0	0	0	0	0	0	0	0	0	0	0	0	0	0	0	0	0	0	0	0	0	0	0	0	0	0	0	0	0	0	0	0	0	0	0	0	0	0	0.0001537187577	0.0001537187577	0.0001537187577	0.0001537187577	0.0001537187577	0.0001537187577	0.0001537187577	0.0001537187577	0.0001537187577	0	0	0	0	0	0	0	0	0	0	0	0	0	0	0	0	0	0	0	0	0	0	0	0	0	0	0	0	0	0	0	0	0	0	0	0	0	0	0	0	0	0	0	0	0	0.0005809664813	0.0005809664813	0.0005809664813	0.0005809664813	0.0005809664813	0.0005809664813	0.0005809664813	0.0005809664813	0.0005809664813	0	0	0	0	0	0	0	0	0	0	0	0	0	0	0	0	0	0	0	0	0	0	0	0	0	0	0	0	0	0	0	0	0	0	0	0	0	0	0	0	0	0	0	0	0	0.002315388788	0.002315388788	0.002315388788	0.002315388788	0.002315388788	0.002315388788	0.002315388788	0.002315388788	0.002315388788	0	0	0	0	0	0	0	0	0	0	0	0	0	0	0	0	0	0	0	0	0	0	0	0	0	0	0	0	0	0	0	0	0	0	0	0	0	0	0	0	0	0	0	0	0	0.009259435866	0.009259435866	0.009259435866	0.009259435866	0.009259435866	0.009259435866	0.009259435866	0.009259435866	0.009259435866	0	0	0	0	0	0	0	0	0	0	0	0	0	0	0	0	0	0	0	0	0	0	0	0	0	0	0	0	0	0	0	0	0	0	0	0	0	0	0	0	0	0	0	0	0	0.009259435866	0.009259435866	0.009259435866	0.009259435866	0.009259435866	0.009259435866	0.009259435866	0.009259435866	0.009259435866	0	0	0	0	0	0	0	0	0	0	0	0	0	0
(16,12)	0	0	0	0	0.08333873751	0	0	0	0	0	0	0	0	0	0	0	0	0	0	0	0	0	0	0	0	0	0	0	0	0	0	0	0	0	0	0	0	0	0	0	0	0	0	0	0	0	0	0	0	0	0	0	0	0	0	0	0	0	0	0.003475626323	0.003475626323	0	0.003475626323	0.003475626323	0	0.003475626323	0.003475626323	0	0	0	0	0	0	0	0	0	0	0	0	0	0	0	0	0	0	0	0	0	0	0	0	0	0	0	0	0	0	0	0	0	0	0	0	0	0	0	0	0	0	0	0	0	0	0.0008816222867	0.0008816222867	0	0.0008816222867	0.0008816222867	0	0.0008816222867	0.0008816222867	0	0	0	0	0	0	0	0	0	0	0	0	0	0	0	0	0	0	0	0	0	0	0	0	0	0	0	0	0	0	0	0	0	0	0	0	0	0	0	0	0	0	0	0	0	0	0	0	0.0008138051878	0	0	0.0008138051878	0	0	0	0	0	0	0	0	0	0	0	0	0	0	0	0	0	0	0	0	0	0	0	0	0	0	0	0	0	0	0	0	0	0	0	0	0	0	0	0	0	0	0	0	0	0	0	0	0.0002712683959	0.0002712683959	0	0.0002712683959	0.0002712683959	0	0.0002712683959	0.0002712683959	0	0	0	0	0	0	0	0	0	0	0	0	0	0	0	0	0	0	0	0	0	0	0	0	0	0	0	0	0	0	0	0	0	0	0	0	0	0	0	0	0	0	0	0	0	0	0.0008816222867	0.0008816222867	0	0.0008816222867	0.0008816222867	0	0.0008816222867	0.0008816222867	0	0	0	0	0	0	0	0	0	0	0	0	0	0	0	0	0	0	0	0	0	0	0	0	0	0	0	0	0	0	0	0	0	0	0	0	0	0	0	0	0	0	0	0	0	0	0	0	0.01042687897	0	0	0.01042687897	0	0	0	0	0	0	0	0	0	0	0	0	0	0	0	0	0	0	0	0	0	0	0	0	0	0	0	0	0	0	0	0	0	0	0	0	0	0	0	0	0	0	0	0	0	0	0	0	0.01388978958	0.01388978958	0	0.01388978958	0.01388978958	0	0.01388978958	0.01388978958	0	0	0	0	0	0	0	0	0	0	0	0	0	0	0	0	0	0	0	0	0	0	0	0	0	0	0	0	0	0	0	0	0	0	0	0	0	0	0	0	0	0	0	0	0	0	0.05555597941	0.05555597941	0	0.05555597941	0.05555597941	0	0.05555597941	0.05555597941	0	0	0	0	0	0	0	0	0	0	0	0	0	0	0	0	0	0	0	0	0	0	0	0	0	0	0	0	0	0	0	0	0	0	0	0	0	0	0	0	0
(16,13)	0	0	0	0	0	0	0	0	0	0	0	0	0	0	0	0	0	0	0	0	0	0	0	0	0	0	0	0	0	0	0	0	0.002315388788	0.002315388788	0.002315388788	0.002315388788	0.002315388788	0.002315388788	0.002315388788	0.002315388788	0.002315388788	0	0	0	0	0	0	0	0	0	0	0	0	0	0	0	0	0	0	0	0	0	0	0	0	0	0	0	0	0	0	0	0	0	0	0	0	0	0	0	0	0	0	0	0	0	0.0005809664813	0.0005809664813	0.0005809664813	0.0005809664813	0.0005809664813	0.0005809664813	0.0005809664813	0.0005809664813	0.0005809664813	0	0	0	0	0	0	0	0	0	0	0	0	0	0	0	0	0	0	0	0	0	0	0	0	0	0	0	0	0	0	0	0	0	0	0	0	0	0	0	0	0	0	0	0	0	0.0001537187577	0.0001537187577	0.0001537187577	0.0001537187577	0.0001537187577	0.0001537187577	0.0001537187577	0.0001537187577	0.0001537187577	0	0	0	0	0	0	0	0	0	0	0	0	0	0	0	0	0	0	0	0	0	0	0	0	0	0	0	0	0	0	0	0	0	0	0	0	0	0	0	0	0	0	0	0	0	7.233823891e-05	7.233823891e-05	7.233823891e-05	7.233823891e-05	7.233823891e-05	7.233823891e-05	7.233823891e-05	7.233823891e-05	7.233823891e-05	0	0	0	0	0	0	0	0	0	0	0	0	0	0	0	0	0	0	0	0	0	0	0	0	0	0	0	0	0	0	0	0	0	0	0	0	0	0	0	0	0	0	0	0	0	0.0001537187577	0.0001537187577	0.0001537187577	0.0001537187577	0.0001537187577	0.0001537187577	0.0001537187577	0.0001537187577	0.0001537187577	0	0	0	0	0	0	0	0	0	0	0	0	0	0	0	0	0	0	0	0	0	0	0	0	0	0	0	0	0	0	0	0	0	0	0	0	0	0	0	0	0	0	0	0	0	0.0005809664813	0.0005809664813	0.0005809664813	0.0005809664813	0.0005809664813	0.0005809664813	0.0005809664813	0.0005809664813	0.0005809664813	0	0	0	0	0	0	0	0	0	0	0	0	0	0	0	0	0	0	0	0	0	0	0	0	0	0	0	0	0	0	0	0	0	0	0	0	0	0	0	0	0	0	0	0	0	0.002315388788	0.002315388788	0.002315388788	0.002315388788	0.002315388788	0.002315388788	0.002315388788	0.002315388788	0.002315388788	0	0	0	0	0	0	0	0	0	0	0	0	0	0	0	0	0	0	0	0	0	0	0	0	0	0	0	0	0	0	0	0	0	0	0	0	0	0	0	0	0	0	0	0	0	0.009259435866	0.009259435866	0.009259435866	0.009259435866	0.009259435866	0.009259435866	0.009259435866	0.009259435866	0.009259435866	0	0	0	0	0	0	0	0	0	0	0	0	0	0	0	0	0	0	0	0	0	0	0	0	0	0	0	0	0	0	0	0	0	0	0	0	0	0	0	0	0	0	0	0	0	0.009259435866	0.009259435866	0.009259435866	0.009259435866	0.009259435866	0.009259435866	0.009259435866	0.009259435866	0.009259435866	0	0	0	0	0	0	0	0	0	0	0	0	0
(16,14)	0	0	0	0	0	0	0	0	0	0	0	0	0	0	0	0	0	0	0	0	0	0	0	0	0	0	0	0	0	0	0	0	0.002315388788	0.002315388788	0.002315388788	0.002315388788	0.002315388788	0.002315388788	0.002315388788	0.002315388788	0.002315388788	0	0	0	0	0	0	0	0	0	0	0	0	0	0	0	0	0	0	0	0	0	0	0	0	0	0	0	0	0	0	0	0	0	0	0	0	0	0	0	0	0	0	0	0	0	0.0005809664813	0.0005809664813	0.0005809664813	0.0005809664813	0.0005809664813	0.0005809664813	0.0005809664813	0.0005809664813	0.0005809664813	0	0	0	0	0	0	0	0	0	0	0	0	0	0	0	0	0	0	0	0	0	0	0	0	0	0	0	0	0	0	0	0	0	0	0	0	0	0	0	0	0	0	0	0	0	0.0001537187577	0.0001537187577	0.0001537187577	0.0001537187577	0.0001537187577	0.0001537187577	0.0001537187577	0.0001537187577	0.0001537187577	0	0	0	0	0	0	0	0	0	0	0	0	0	0	0	0	0	0	0	0	0	0	0	0	0	0	0	0	0	0	0	0	0	0	0	0	0	0	0	0	0	0	0	0	0	7.233823891e-05	7.233823891e-05	7.233823891e-05	7.233823891e-05	7.233823891e-05	7.233823891e-05	7.233823891e-05	7.233823891e-05	7.233823891e-05	0	0	0	0	0	0	0	0	0	0	0	0	0	0	0	0	0	0	0	0	0	0	0	0	0	0	0	0	0	0	0	0	0	0	0	0	0	0	0	0	0	0	0	0	0	0.0001537187577	0.0001537187577	0.0001537187577	0.0001537187577	0.0001537187577	0.0001537187577	0.0001537187577	0.0001537187577	0.0001537187577	0	0	0	0	0	0	0	0	0	0	0	0	0	0	0	0	0	0	0	0	0	0	0	0	0	0	0	0	0	0	0	0	0	0	0	0	0	0	0	0	0	0	0	0	0	0.0005809664813	0.0005809664813	0.0005809664813	0.0005809664813	0.0005809664813	0.0005809664813	0.0005809664813	0.0005809664813	0.0005809664813	0	0	0	0	0	0	0	0	0	0	0	0	0	0	0	0	0	0	0	0	0	0	0	0	0	0	0	0	0	0	0	0	0	0	0	0	0	0	0	0	0	0	0	0	0	0.002315388788	0.002315388788	0.002315388788	0.002315388788	0.002315388788	0.002315388788	0.002315388788	0.002315388788	0.002315388788	0	0	0	0	0	0	0	0	0	0	0	0	0	0	0	0	0	0	0	0	0	0	0	0	0	0	0	0	0	0	0	0	0	0	0	0	0	0	0	0	0	0	0	0	0	0.009259435866	0.009259435866	0.009259435866	0.009259435866	0.009259435866	0.009259435866	0.009259435866	0.009259435866	0.009259435866	0	0	0	0	0	0	0	0	0	0	0	0	0	0	0	0	0	0	0	0	0	0	0	0	0	0	0	0	0	0	0	0	0	0	0	0	0	0	0	0	0	0	0	0	0	0.009259435866	0.009259435866	0.009259435866	0.009259435866	0.009259435866	0.009259435866	0.009259435866	0.009259435866	0.009259435866	0	0	0	0	0	0	0	0	0	0	0	0	0
(16,15)	0	0	0	0	0	0.08333873751	0	0	0	0	0	0	0	0	0	0	0	0	0	0	0	0	0	0	0	0	0	0	0	0	0	0	0	0	0	0	0	0	0	0	0	0	0	0	0	0	0	0	0	0	0	0	0	0	0	0	0	0	0	0	0.003475626323	0.003475626323	0	0.003475626323	0.003475626323	0	0.003475626323	0.003475626323	0	0	0	0	0	0	0	0	0	0	0	0	0	0	0	0	0	0	0	0	0	0	0	0	0	0	0	0	0	0	0	0	0	0	0	0	0	0	0	0	0	0	0	0	0	0	0.0008816222867	0.0008816222867	0	0.0008816222867	0.0008816222867	0	0.0008816222867	0.0008816222867	0	0	0	0	0	0	0	0	0	0	0	0	0	0	0	0	0	0	0	0	0	0	0	0	0	0	0	0	0	0	0	0	0	0	0	0	0	0	0	0	0	0	0	0	0	0	0	0	0.0008138051878	0	0	0.0008138051878	0	0	0	0	0	0	0	0	0	0	0	0	0	0	0	0	0	0	0	0	0	0	0	0	0	0	0	0	0	0	0	0	0	0	0	0	0	0	0	0	0	0	0	0	0	0	0	0	0.0002712683959	0.0002712683959	0	0.0002712683959	0.0002712683959	0	0.0002712683959	0.0002712683959	0	0	0	0	0	0	0	0	0	0	0	0	0	0	0	0	0	0	0	0	0	0	0	0	0	0	0	0	0	0	0	0	0	0	0	0	0	0	0	0	0	0	0	0	0	0	0.0008816222867	0.0008816222867	0	0.0008816222867	0.0008816222867	0	0.0008816222867	0.0008816222867	0	0	0	0	0	0	0	0	0	0	0	0	0	0	0	0	0	0	0	0	0	0	0	0	0	0	0	0	0	0	0	0	0	0	0	0	0	0	0	0	0	0	0	0	0	0	0	0	0.01042687897	0	0	0.01042687897	0	0	0	0	0	0	0	0	0	0	0	0	0	0	0	0	0	0	0	0	0	0	0	0	0	0	0	0	0	0	0	0	0	0	0	0	0	0	0	0	0	0	0	0	0	0	0	0	0.01388978958	0.01388978958	0	0.01388978958	0.01388978958	0	0.01388978958	0.01388978958	0	0	0	0	0	0	0	0	0	0	0	0	0	0	0	0	0	0	0	0	0	0	0	0	0	0	0	0	0	0	0	0	0	0	0	0	0	0	0	0	0	0	0	0	0	0	0.05555597941	0.05555597941	0	0.05555597941	0.05555597941	0	0.05555597941	0.05555597941	0	0	0	0	0	0	0	0	0	0	0	0	0	0	0	0	0	0	0	0	0	0	0	0	0	0	0	0	0	0	0	0	0	0	0	0	0	0	0	0
(16,16)	0	0	0	0	0	0	0	0	0	0	0	0	0	0	0	0	0	0	0	0	0	0	0	0	0	0	0	0	0	0	0	0	0	0.002315388788	0.002315388788	0.002315388788	0.002315388788	0.002315388788	0.002315388788	0.002315388788	0.002315388788	0.002315388788	0	0	0	0	0	0	0	0	0	0	0	0	0	0	0	0	0	0	0	0	0	0	0	0	0	0	0	0	0	0	0	0	0	0	0	0	0	0	0	0	0	0	0	0	0	0.0005809664813	0.0005809664813	0.0005809664813	0.0005809664813	0.0005809664813	0.0005809664813	0.0005809664813	0.0005809664813	0.0005809664813	0	0	0	0	0	0	0	0	0	0	0	0	0	0	0	0	0	0	0	0	0	0	0	0	0	0	0	0	0	0	0	0	0	0	0	0	0	0	0	0	0	0	0	0	0	0.0001537187577	0.0001537187577	0.0001537187577	0.0001537187577	0.0001537187577	0.0001537187577	0.0001537187577	0.0001537187577	0.0001537187577	0	0	0	0	0	0	0	0	0	0	0	0	0	0	0	0	0	0	0	0	0	0	0	0	0	0	0	0	0	0	0	0	0	0	0	0	0	0	0	0	0	0	0	0	0	7.233823891e-05	7.233823891e-05	7.233823891e-05	7.233823891e-05	7.233823891e-05	7.233823891e-05	7.233823891e-05	7.233823891e-05	7.233823891e-05	0	0	0	0	0	0	0	0	0	0	0	0	0	0	0	0	0	0	0	0	0	0	0	0	0	0	0	0	0	0	0	0	0	0	0	0	0	0	0	0	0	0	0	0	0	0.0001537187577	0.0001537187577	0.0001537187577	0.0001537187577	0.0001537187577	0.0001537187577	0.0001537187577	0.0001537187577	0.0001537187577	0	0	0	0	0	0	0	0	0	0	0	0	0	0	0	0	0	0	0	0	0	0	0	0	0	0	0	0	0	0	0	0	0	0	0	0	0	0	0	0	0	0	0	0	0	0.0005809664813	0.0005809664813	0.0005809664813	0.0005809664813	0.0005809664813	0.0005809664813	0.0005809664813	0.0005809664813	0.0005809664813	0	0	0	0	0	0	0	0	0	0	0	0	0	0	0	0	0	0	0	0	0	0	0	0	0	0	0	0	0	0	0	0	0	0	0	0	0	0	0	0	0	0	0	0	0	0.002315388788	0.002315388788	0.002315388788	0.002315388788	0.002315388788	0.002315388788	0.002315388788	0.002315388788	0.002315388788	0	0	0	0	0	0	0	0	0	0	0	0	0	0	0	0	0	0	0	0	0	0	0	0	0	0	0	0	0	0	0	0	0	0	0	0	0	0	0	0	0	0	0	0	0	0.009259435866	0.009259435866	0.009259435866	0.009259435866	0.009259435866	0.009259435866	0.009259435866	0.009259435866	0.009259435866	0	0	0	0	0	0	0	0	0	0	0	0	0	0	0	0	0	0	0	0	0	0	0	0	0	0	0	0	0	0	0	0	0	0	0	0	0	0	0	0	0	0	0	0	0	0.009259435866	0.009259435866	0.009259435866	0.009259435866	0.009259435866	0.009259435866	0.009259435866	0.009259435866	0.009259435866	0	0	0	0	0	0	0	0	0	0	0	0
(16,17)	0	0	0	0	0	0	0	0	0	0	0	0	0	0	0	0	0	0	0	0	0	0	0	0	0	0	0	0	0	0	0	0	0	0.002315388788	0.002315388788	0.002315388788	0.002315388788	0.002315388788	0.002315388788	0.002315388788	0.002315388788	0.002315388788	0	0	0	0	0	0	0	0	0	0	0	0	0	0	0	0	0	0	0	0	0	0	0	0	0	0	0	0	0	0	0	0	0	0	0	0	0	0	0	0	0	0	0	0	0	0.0005809664813	0.0005809664813	0.0005809664813	0.0005809664813	0.0005809664813	0.0005809664813	0.0005809664813	0.0005809664813	0.0005809664813	0	0	0	0	0	0	0	0	0	0	0	0	0	0	0	0	0	0	0	0	0	0	0	0	0	0	0	0	0	0	0	0	0	0	0	0	0	0	0	0	0	0	0	0	0	0.0001537187577	0.0001537187577	0.0001537187577	0.0001537187577	0.0001537187577	0.0001537187577	0.0001537187577	0.0001537187577	0.0001537187577	0	0	0	0	0	0	0	0	0	0	0	0	0	0	0	0	0	0	0	0	0	0	0	0	0	0	0	0	0	0	0	0	0	0	0	0	0	0	0	0	0	0	0	0	0	7.233823891e-05	7.233823891e-05	7.233823891e-05	7.233823891e-05	7.233823891e-05	7.233823891e-05	7.233823891e-05	7.233823891e-05	7.233823891e-05	0	0	0	0	0	0	0	0	0	0	0	0	0	0	0	0	0	0	0	0	0	0	0	0	0	0	0	0	0	0	0	0	0	0	0	0	0	0	0	0	0	0	0	0	0	0.0001537187577	0.0001537187577	0.0001537187577	0.0001537187577	0.0001537187577	0.0001537187577	0.0001537187577	0.0001537187577	0.0001537187577	0	0	0	0	0	0	0	0	0	0	0	0	0	0	0	0	0	0	0	0	0	0	0	0	0	0	0	0	0	0	0	0	0	0	0	0	0	0	0	0	0	0	0	0	0	0.0005809664813	0.0005809664813	0.0005809664813	0.0005809664813	0.0005809664813	0.0005809664813	0.0005809664813	0.0005809664813	0.0005809664813	0	0	0	0	0	0	0	0	0	0	0	0	0	0	0	0	0	0	0	0	0	0	0	0	0	0	0	0	0	0	0	0	0	0	0	0	0	0	0	0	0	0	0	0	0	0.002315388788	0.002315388788	0.002315388788	0.002315388788	0.002315388788	0.002315388788	0.002315388788	0.002315388788	0.002315388788	0	0	0	0	0	0	0	0	0	0	0	0	0	0	0	0	0	0	0	0	0	0	0	0	0	0	0	0	0	0	0	0	0	0	0	0	0	0	0	0	0	0	0	0	0	0.009259435866	0.009259435866	0.009259435866	0.009259435866	0.009259435866	0.009259435866	0.009259435866	0.009259435866	0.009259435866	0	0	0	0	0	0	0	0	0	0	0	0	0	0	0	0	0	0	0	0	0	0	0	0	0	0	0	0	0	0	0	0	0	0	0	0	0	0	0	0	0	0	0	0	0	0.009259435866	0.009259435866	0.009259435866	0.009259435866	0.009259435866	0.009259435866	0.009259435866	0.009259435866	0.009259435866	0	0	0	0	0	0	0	0	0	0	0	0
(16,18)	0	0	0	0	0	0	0.08333873751	0	0	0	0	0	0	0	0	0	0	0	0	0	0	0	0	0	0	0	0	0	0	0	0	0	0	0	0	0	0	0	0	0	0	0	0	0	0	0	0	0	0	0	0	0	0	0	0	0	0	0	0	0	0	0.003475626323	0.003475626323	0	0.003475626323	0.003475626323	0	0.003475626323	0.003475626323	0	0	0	0	0	0	0	0	0	0	0	0	0	0	0	0	0	0	0	0	0	0	0	0	0	0	0	0	0	0	0	0	0	0	0	0	0	0	0	0	0	0	0	0	0	0	0.0008816222867	0.0008816222867	0	0.0008816222867	0.0008816222867	0	0.0008816222867	0.0008816222867	0	0	0	0	0	0	0	0	0	0	0	0	0	0	0	0	0	0	0	0	0	0	0	0	0	0	0	0	0	0	0	0	0	0	0	0	0	0	0	0	0	0	0	0	0	0	0	0	0.0008138051878	0	0	0.0008138051878	0	0	0	0	0	0	0	0	0	0	0	0	0	0	0	0	0	0	0	0	0	0	0	0	0	0	0	0	0	0	0	0	0	0	0	0	0	0	0	0	0	0	0	0	0	0	0	0	0.0002712683959	0.0002712683959	0	0.0002712683959	0.0002712683959	0	0.0002712683959	0.0002712683959	0	0	0	0	0	0	0	0	0	0	0	0	0	0	0	0	0	0	0	0	0	0	0	0	0	0	0	0	0	0	0	0	0	0	0	0	0	0	0	0	0	0	0	0	0	0	0.0008816222867	0.0008816222867	0	0.0008816222867	0.0008816222867	0	0.0008816222867	0.0008816222867	0	0	0	0	0	0	0	0	0	0	0	0	0	0	0	0	0	0	0	0	0	0	0	0	0	0	0	0	0	0	0	0	0	0	0	0	0	0	0	0	0	0	0	0	0	0	0	0	0.01042687897	0	0	0.01042687897	0	0	0	0	0	0	0	0	0	0	0	0	0	0	0	0	0	0	0	0	0	0	0	0	0	0	0	0	0	0	0	0	0	0	0	0	0	0	0	0	0	0	0	0	0	0	0	0	0.01388978958	0.01388978958	0	0.01388978958	0.01388978958	0	0.01388978958	0.01388978958	0	0	0	0	0	0	0	0	0	0	0	0	0	0	0	0	0	0	0	0	0	0	0	0	0	0	0	0	0	0	0	0	0	0	0	0	0	0	0	0	0	0	0	0	0	0	0.05555597941	0.05555597941	0	0.05555597941	0.05555597941	0	0.05555597941	0.05555597941	0	0	0	0	0	0	0	0	0	0	0	0	0	0	0	0	0	0	0	0	0	0	0	0	0	0	0	0	0	0	0	0	0	0	0	0	0	0	0
(16,19)	0	0	0	0	0	0	0	0	0	0	0	0	0	0	0	0	0	0	0	0	0	0	0	0	0	0	0	0	0	0	0	0	0	0	0.002315388788	0.002315388788	0.002315388788	0.002315388788	0.002315388788	0.002315388788	0.002315388788	0.002315388788	0.002315388788	0	0	0	0	0	0	0	0	0	0	0	0	0	0	0	0	0	0	0	0	0	0	0	0	0	0	0	0	0	0	0	0	0	0	0	0	0	0	0	0	0	0	0	0	0	0.0005809664813	0.0005809664813	0.0005809664813	0.0005809664813	0.0005809664813	0.0005809664813	0.0005809664813	0.0005809664813	0.0005809664813	0	0	0	0	0	0	0	0	0	0	0	0	0	0	0	0	0	0	0	0	0	0	0	0	0	0	0	0	0	0	0	0	0	0	0	0	0	0	0	0	0	0	0	0	0	0.0001537187577	0.0001537187577	0.0001537187577	0.0001537187577	0.0001537187577	0.0001537187577	0.0001537187577	0.0001537187577	0.0001537187577	0	0	0	0	0	0	0	0	0	0	0	0	0	0	0	0	0	0	0	0	0	0	0	0	0	0	0	0	0	0	0	0	0	0	0	0	0	0	0	0	0	0	0	0	0	7.233823891e-05	7.233823891e-05	7.233823891e-05	7.233823891e-05	7.233823891e-05	7.233823891e-05	7.233823891e-05	7.233823891e-05	7.233823891e-05	0	0	0	0	0	0	0	0	0	0	0	0	0	0	0	0	0	0	0	0	0	0	0	0	0	0	0	0	0	0	0	0	0	0	0	0	0	0	0	0	0	0	0	0	0	0.0001537187577	0.0001537187577	0.0001537187577	0.0001537187577	0.0001537187577	0.0001537187577	0.0001537187577	0.0001537187577	0.0001537187577	0	0	0	0	0	0	0	0	0	0	0	0	0	0	0	0	0	0	0	0	0	0	0	0	0	0	0	0	0	0	0	0	0	0	0	0	0	0	0	0	0	0	0	0	0	0.0005809664813	0.0005809664813	0.0005809664813	0.0005809664813	0.0005809664813	0.0005809664813	0.0005809664813	0.0005809664813	0.0005809664813	0	0	0	0	0	0	0	0	0	0	0	0	0	0	0	0	0	0	0	0	0	0	0	0	0	0	0	0	0	0	0	0	0	0	0	0	0	0	0	0	0	0	0	0	0	0.002315388788	0.002315388788	0.002315388788	0.002315388788	0.002315388788	0.002315388788	0.002315388788	0.002315388788	0.002315388788	0	0	0	0	0	0	0	0	0	0	0	0	0	0	0	0	0	0	0	0	0	0	0	0	0	0	0	0	0	0	0	0	0	0	0	0	0	0	0	0	0	0	0	0	0	0.009259435866	0.009259435866	0.009259435866	0.009259435866	0.009259435866	0.009259435866	0.009259435866	0.009259435866	0.009259435866	0	0	0	0	0	0	0	0	0	0	0	0	0	0	0	0	0	0	0	0	0	0	0	0	0	0	0	0	0	0	0	0	0	0	0	0	0	0	0	0	0	0	0	0	0	0.009259435866	0.009259435866	0.009259435866	0.009259435866	0.009259435866	0.009259435866	0.009259435866	0.009259435866	0.009259435866	0	0	0	0	0	0	0	0	0	0	0
(16,20)	0	0	0	0	0	0	0	0	0	0	0	0	0	0	0	0	0	0	0	0	0	0	0	0	0	0	0	0	0	0	0	0	0	0	0.002315388788	0.002315388788	0.002315388788	0.002315388788	0.002315388788	0.002315388788	0.002315388788	0.002315388788	0.002315388788	0	0	0	0	0	0	0	0	0	0	0	0	0	0	0	0	0	0	0	0	0	0	0	0	0	0	0	0	0	0	0	0	0	0	0	0	0	0	0	0	0	0	0	0	0	0.0005809664813	0.0005809664813	0.0005809664813	0.0005809664813	0.0005809664813	0.0005809664813	0.0005809664813	0.0005809664813	0.0005809664813	0	0	0	0	0	0	0	0	0	0	0	0	0	0	0	0	0	0	0	0	0	0	0	0	0	0	0	0	0	0	0	0	0	0	0	0	0	0	0	0	0	0	0	0	0	0.0001537187577	0.0001537187577	0.0001537187577	0.0001537187577	0.0001537187577	0.0001537187577	0.0001537187577	0.0001537187577	0.0001537187577	0	0	0	0	0	0	0	0	0	0	0	0	0	0	0	0	0	0	0	0	0	0	0	0	0	0	0	0	0	0	0	0	0	0	0	0	0	0	0	0	0	0	0	0	0	7.233823891e-05	7.233823891e-05	7.233823891e-05	7.233823891e-05	7.233823891e-05	7.233823891e-05	7.233823891e-05	7.233823891e-05	7.233823891e-05	0	0	0	0	0	0	0	0	0	0	0	0	0	0	0	0	0	0	0	0	0	0	0	0	0	0	0	0	0	0	0	0	0	0	0	0	0	0	0	0	0	0	0	0	0	0.0001537187577	0.0001537187577	0.0001537187577	0.0001537187577	0.0001537187577	0.0001537187577	0.0001537187577	0.0001537187577	0.0001537187577	0	0	0	0	0	0	0	0	0	0	0	0	0	0	0	0	0	0	0	0	0	0	0	0	0	0	0	0	0	0	0	0	0	0	0	0	0	0	0	0	0	0	0	0	0	0.0005809664813	0.0005809664813	0.0005809664813	0.0005809664813	0.0005809664813	0.0005809664813	0.0005809664813	0.0005809664813	0.0005809664813	0	0	0	0	0	0	0	0	0	0	0	0	0	0	0	0	0	0	0	0	0	0	0	0	0	0	0	0	0	0	0	0	0	0	0	0	0	0	0	0	0	0	0	0	0	0.002315388788	0.002315388788	0.002315388788	0.002315388788	0.002315388788	0.002315388788	0.002315388788	0.002315388788	0.002315388788	0	0	0	0	0	0	0	0	0	0	0	0	0	0	0	0	0	0	0	0	0	0	0	0	0	0	0	0	0	0	0	0	0	0	0	0	0	0	0	0	0	0	0	0	0	0.009259435866	0.009259435866	0.009259435866	0.009259435866	0.009259435866	0.009259435866	0.009259435866	0.009259435866	0.009259435866	0	0	0	0	0	0	0	0	0	0	0	0	0	0	0	0	0	0	0	0	0	0	0	0	0	0	0	0	0	0	0	0	0	0	0	0	0	0	0	0	0	0	0	0	0	0.009259435866	0.009259435866	0.009259435866	0.009259435866	0.009259435866	0.009259435866	0.009259435866	0.009259435866	0.009259435866	0	0	0	0	0	0	0	0	0	0	0
(16,21)	0	0	0	0	0	0	0	0.08333873751	0	0	0	0	0	0	0	0	0	0	0	0	0	0	0	0	0	0	0	0	0	0	0	0	0	0	0	0	0	0	0	0	0	0	0	0	0	0	0	0	0	0	0	0	0	0	0	0	0	0	0	0	0	0	0.003475626323	0.003475626323	0	0.003475626323	0.003475626323	0	0.003475626323	0.003475626323	0	0	0	0	0	0	0	0	0	0	0	0	0	0	0	0	0	0	0	0	0	0	0	0	0	0	0	0	0	0	0	0	0	0	0	0	0	0	0	0	0	0	0	0	0	0	0.0008816222867	0.0008816222867	0	0.0008816222867	0.0008816222867	0	0.0008816222867	0.0008816222867	0	0	0	0	0	0	0	0	0	0	0	0	0	0	0	0	0	0	0	0	0	0	0	0	0	0	0	0	0	0	0	0	0	0	0	0	0	0	0	0	0	0	0	0	0	0	0	0	0.0008138051878	0	0	0.0008138051878	0	0	0	0	0	0	0	0	0	0	0	0	0	0	0	0	0	0	0	0	0	0	0	0	0	0	0	0	0	0	0	0	0	0	0	0	0	0	0	0	0	0	0	0	0	0	0	0	0.0002712683959	0.0002712683959	0	0.0002712683959	0.0002712683959	0	0.0002712683959	0.0002712683959	0	0	0	0	0	0	0	0	0	0	0	0	0	0	0	0	0	0	0	0	0	0	0	0	0	0	0	0	0	0	0	0	0	0	0	0	0	0	0	0	0	0	0	0	0	0	0.0008816222867	0.0008816222867	0	0.0008816222867	0.0008816222867	0	0.0008816222867	0.0008816222867	0	0	0	0	0	0	0	0	0	0	0	0	0	0	0	0	0	0	0	0	0	0	0	0	0	0	0	0	0	0	0	0	0	0	0	0	0	0	0	0	0	0	0	0	0	0	0	0	0.01042687897	0	0	0.01042687897	0	0	0	0	0	0	0	0	0	0	0	0	0	0	0	0	0	0	0	0	0	0	0	0	0	0	0	0	0	0	0	0	0	0	0	0	0	0	0	0	0	0	0	0	0	0	0	0	0.01388978958	0.01388978958	0	0.01388978958	0.01388978958	0	0.01388978958	0.01388978958	0	0	0	0	0	0	0	0	0	0	0	0	0	0	0	0	0	0	0	0	0	0	0	0	0	0	0	0	0	0	0	0	0	0	0	0	0	0	0	0	0	0	0	0	0	0	0.05555597941	0.05555597941	0	0.05555597941	0.05555597941	0	0.05555597941	0.05555597941	0	0	0	0	0	0	0	0	0	0	0	0	0	0	0	0	0	0	0	0	0	0	0	0	0	0	0	0	0	0	0	0	0	0	0	0	0	0
(16,22)	0	0	0	0	0	0	0	0	0	0	0	0	0	0	0	0	0	0	0	0	0	0	0	0	0	0	0	0	0	0	0	0	0	0	0	0.002315388788	0.002315388788	0.002315388788	0.002315388788	0.002315388788	0.002315388788	0.002315388788	0.002315388788	0.002315388788	0	0	0	0	0	0	0	0	0	0	0	0	0	0	0	0	0	0	0	0	0	0	0	0	0	0	0	0	0	0	0	0	0	0	0	0	0	0	0	0	0	0	0	0	0	0.0005809664813	0.0005809664813	0.0005809664813	0.0005809664813	0.0005809664813	0.0005809664813	0.0005809664813	0.0005809664813	0.0005809664813	0	0	0	0	0	0	0	0	0	0	0	0	0	0	0	0	0	0	0	0	0	0	0	0	0	0	0	0	0	0	0	0	0	0	0	0	0	0	0	0	0	0	0	0	0	0.0001537187577	0.0001537187577	0.0001537187577	0.0001537187577	0.0001537187577	0.0001537187577	0.0001537187577	0.0001537187577	0.0001537187577	0	0	0	0	0	0	0	0	0	0	0	0	0	0	0	0	0	0	0	0	0	0	0	0	0	0	0	0	0	0	0	0	0	0	0	0	0	0	0	0	0	0	0	0	0	7.233823891e-05	7.233823891e-05	7.233823891e-05	7.233823891e-05	7.233823891e-05	7.233823891e-05	7.233823891e-05	7.233823891e-05	7.233823891e-05	0	0	0	0	0	0	0	0	0	0	0	0	0	0	0	0	0	0	0	0	0	0	0	0	0	0	0	0	0	0	0	0	0	0	0	0	0	0	0	0	0	0	0	0	0	0.0001537187577	0.0001537187577	0.0001537187577	0.0001537187577	0.0001537187577	0.0001537187577	0.0001537187577	0.0001537187577	0.0001537187577	0	0	0	0	0	0	0	0	0	0	0	0	0	0	0	0	0	0	0	0	0	0	0	0	0	0	0	0	0	0	0	0	0	0	0	0	0	0	0	0	0	0	0	0	0	0.0005809664813	0.0005809664813	0.0005809664813	0.0005809664813	0.0005809664813	0.0005809664813	0.0005809664813	0.0005809664813	0.0005809664813	0	0	0	0	0	0	0	0	0	0	0	0	0	0	0	0	0	0	0	0	0	0	0	0	0	0	0	0	0	0	0	0	0	0	0	0	0	0	0	0	0	0	0	0	0	0.002315388788	0.002315388788	0.002315388788	0.002315388788	0.002315388788	0.002315388788	0.002315388788	0.002315388788	0.002315388788	0	0	0	0	0	0	0	0	0	0	0	0	0	0	0	0	0	0	0	0	0	0	0	0	0	0	0	0	0	0	0	0	0	0	0	0	0	0	0	0	0	0	0	0	0	0.009259435866	0.009259435866	0.009259435866	0.009259435866	0.009259435866	0.009259435866	0.009259435866	0.009259435866	0.009259435866	0	0	0	0	0	0	0	0	0	0	0	0	0	0	0	0	0	0	0	0	0	0	0	0	0	0	0	0	0	0	0	0	0	0	0	0	0	0	0	0	0	0	0	0	0	0.009259435866	0.009259435866	0.009259435866	0.009259435866	0.009259435866	0.009259435866	0.009259435866	0.009259435866	0.009259435866	0	0	0	0	0	0	0	0	0	0
(16,23)	0	0	0	0	0	0	0	0	0	0	0	0	0	0	0	0	0	0	0	0	0	0	0	0	0	0	0	0	0	0	0	0	0	0	0	0.002315388788	0.002315388788	0.002315388788	0.002315388788	0.002315388788	0.002315388788	0.002315388788	0.002315388788	0.002315388788	0	0	0	0	0	0	0	0	0	0	0	0	0	0	0	0	0	0	0	0	0	0	0	0	0	0	0	0	0	0	0	0	0	0	0	0	0	0	0	0	0	0	0	0	0	0.0005809664813	0.0005809664813	0.0005809664813	0.0005809664813	0.0005809664813	0.0005809664813	0.0005809664813	0.0005809664813	0.0005809664813	0	0	0	0	0	0	0	0	0	0	0	0	0	0	0	0	0	0	0	0	0	0	0	0	0	0	0	0	0	0	0	0	0	0	0	0	0	0	0	0	0	0	0	0	0	0.0001537187577	0.0001537187577	0.0001537187577	0.0001537187577	0.0001537187577	0.0001537187577	0.0001537187577	0.0001537187577	0.0001537187577	0	0	0	0	0	0	0	0	0	0	0	0	0	0	0	0	0	0	0	0	0	0	0	0	0	0	0	0	0	0	0	0	0	0	0	0	0	0	0	0	0	0	0	0	0	7.233823891e-05	7.233823891e-05	7.233823891e-05	7.233823891e-05	7.233823891e-05	7.233823891e-05	7.233823891e-05	7.233823891e-05	7.233823891e-05	0	0	0	0	0	0	0	0	0	0	0	0	0	0	0	0	0	0	0	0	0	0	0	0	0	0	0	0	0	0	0	0	0	0	0	0	0	0	0	0	0	0	0	0	0	0.0001537187577	0.0001537187577	0.0001537187577	0.0001537187577	0.0001537187577	0.0001537187577	0.0001537187577	0.0001537187577	0.0001537187577	0	0	0	0	0	0	0	0	0	0	0	0	0	0	0	0	0	0	0	0	0	0	0	0	0	0	0	0	0	0	0	0	0	0	0	0	0	0	0	0	0	0	0	0	0	0.0005809664813	0.0005809664813	0.0005809664813	0.0005809664813	0.0005809664813	0.0005809664813	0.0005809664813	0.0005809664813	0.0005809664813	0	0	0	0	0	0	0	0	0	0	0	0	0	0	0	0	0	0	0	0	0	0	0	0	0	0	0	0	0	0	0	0	0	0	0	0	0	0	0	0	0	0	0	0	0	0.002315388788	0.002315388788	0.002315388788	0.002315388788	0.002315388788	0.002315388788	0.002315388788	0.002315388788	0.002315388788	0	0	0	0	0	0	0	0	0	0	0	0	0	0	0	0	0	0	0	0	0	0	0	0	0	0	0	0	0	0	0	0	0	0	0	0	0	0	0	0	0	0	0	0	0	0.009259435866	0.009259435866	0.009259435866	0.009259435866	0.009259435866	0.009259435866	0.009259435866	0.009259435866	0.009259435866	0	0	0	0	0	0	0	0	0	0	0	0	0	0	0	0	0	0	0	0	0	0	0	0	0	0	0	0	0	0	0	0	0	0	0	0	0	0	0	0	0	0	0	0	0	0.009259435866	0.009259435866	0.009259435866	0.009259435866	0.009259435866	0.009259435866	0.009259435866	0.009259435866	0.009259435866	0	0	0	0	0	0	0	0	0	0
(16,24)	0	0	0	0	0	0	0	0	0.08333873751	0	0	0	0	0	0	0	0	0	0	0	0	0	0	0	0	0	0	0	0	0	0	0	0	0	0	0	0	0	0	0	0	0	0	0	0	0	0	0	0	0	0	0	0	0	0	0	0	0	0	0	0	0	0	0.003475626323	0.003475626323	0	0.003475626323	0.003475626323	0	0.003475626323	0.003475626323	0	0	0	0	0	0	0	0	0	0	0	0	0	0	0	0	0	0	0	0	0	0	0	0	0	0	0	0	0	0	0	0	0	0	0	0	0	0	0	0	0	0	0	0	0	0	0.0008816222867	0.0008816222867	0	0.0008816222867	0.0008816222867	0	0.0008816222867	0.0008816222867	0	0	0	0	0	0	0	0	0	0	0	0	0	0	0	0	0	0	0	0	0	0	0	0	0	0	0	0	0	0	0	0	0	0	0	0	0	0	0	0	0	0	0	0	0	0	0	0	0.0008138051878	0	0	0.0008138051878	0	0	0	0	0	0	0	0	0	0	0	0	0	0	0	0	0	0	0	0	0	0	0	0	0	0	0	0	0	0	0	0	0	0	0	0	0	0	0	0	0	0	0	0	0	0	0	0	0.0002712683959	0.0002712683959	0	0.0002712683959	0.0002712683959	0	0.0002712683959	0.0002712683959	0	0	0	0	0	0	0	0	0	0	0	0	0	0	0	0	0	0	0	0	0	0	0	0	0	0	0	0	0	0	0	0	0	0	0	0	0	0	0	0	0	0	0	0	0	0	0.0008816222867	0.0008816222867	0	0.0008816222867	0.0008816222867	0	0.0008816222867	0.0008816222867	0	0	0	0	0	0	0	0	0	0	0	0	0	0	0	0	0	0	0	0	0	0	0	0	0	0	0	0	0	0	0	0	0	0	0	0	0	0	0	0	0	0	0	0	0	0	0	0	0.01042687897	0	0	0.01042687897	0	0	0	0	0	0	0	0	0	0	0	0	0	0	0	0	0	0	0	0	0	0	0	0	0	0	0	0	0	0	0	0	0	0	0	0	0	0	0	0	0	0	0	0	0	0	0	0	0.01388978958	0.01388978958	0	0.01388978958	0.01388978958	0	0.01388978958	0.01388978958	0	0	0	0	0	0	0	0	0	0	0	0	0	0	0	0	0	0	0	0	0	0	0	0	0	0	0	0	0	0	0	0	0	0	0	0	0	0	0	0	0	0	0	0	0	0	0.05555597941	0.05555597941	0	0.05555597941	0.05555597941	0	0.05555597941	0.05555597941	0	0	0	0	0	0	0	0	0	0	0	0	0	0	0	0	0	0	0	0	0	0	0	0	0	0	0	0	0	0	0	0	0	0	0	0	0
(16,25)	0	0	0	0	0	0	0	0	0	0	0	0	0	0	0	0	0	0	0	0	0	0	0	0	0	0	0	0	0	0	0	0	0	0	0	0	0.002315388788	0.002315388788	0.002315388788	0.002315388788	0.002315388788	0.002315388788	0.002315388788	0.002315388788	0.002315388788	0	0	0	0	0	0	0	0	0	0	0	0	0	0	0	0	0	0	0	0	0	0	0	0	0	0	0	0	0	0	0	0	0	0	0	0	0	0	0	0	0	0	0	0	0	0.0005809664813	0.0005809664813	0.0005809664813	0.0005809664813	0.0005809664813	0.0005809664813	0.0005809664813	0.0005809664813	0.0005809664813	0	0	0	0	0	0	0	0	0	0	0	0	0	0	0	0	0	0	0	0	0	0	0	0	0	0	0	0	0	0	0	0	0	0	0	0	0	0	0	0	0	0	0	0	0	0.0001537187577	0.0001537187577	0.0001537187577	0.0001537187577	0.0001537187577	0.0001537187577	0.0001537187577	0.0001537187577	0.0001537187577	0	0	0	0	0	0	0	0	0	0	0	0	0	0	0	0	0	0	0	0	0	0	0	0	0	0	0	0	0	0	0	0	0	0	0	0	0	0	0	0	0	0	0	0	0	7.233823891e-05	7.233823891e-05	7.233823891e-05	7.233823891e-05	7.233823891e-05	7.233823891e-05	7.233823891e-05	7.233823891e-05	7.233823891e-05	0	0	0	0	0	0	0	0	0	0	0	0	0	0	0	0	0	0	0	0	0	0	0	0	0	0	0	0	0	0	0	0	0	0	0	0	0	0	0	0	0	0	0	0	0	0.0001537187577	0.0001537187577	0.0001537187577	0.0001537187577	0.0001537187577	0.0001537187577	0.0001537187577	0.0001537187577	0.0001537187577	0	0	0	0	0	0	0	0	0	0	0	0	0	0	0	0	0	0	0	0	0	0	0	0	0	0	0	0	0	0	0	0	0	0	0	0	0	0	0	0	0	0	0	0	0	0.0005809664813	0.0005809664813	0.0005809664813	0.0005809664813	0.0005809664813	0.0005809664813	0.0005809664813	0.0005809664813	0.0005809664813	0	0	0	0	0	0	0	0	0	0	0	0	0	0	0	0	0	0	0	0	0	0	0	0	0	0	0	0	0	0	0	0	0	0	0	0	0	0	0	0	0	0	0	0	0	0.002315388788	0.002315388788	0.002315388788	0.002315388788	0.002315388788	0.002315388788	0.002315388788	0.002315388788	0.002315388788	0	0	0	0	0	0	0	0	0	0	0	0	0	0	0	0	0	0	0	0	0	0	0	0	0	0	0	0	0	0	0	0	0	0	0	0	0	0	0	0	0	0	0	0	0	0.009259435866	0.009259435866	0.009259435866	0.009259435866	0.009259435866	0.009259435866	0.009259435866	0.009259435866	0.009259435866	0	0	0	0	0	0	0	0	0	0	0	0	0	0	0	0	0	0	0	0	0	0	0	0	0	0	0	0	0	0	0	0	0	0	0	0	0	0	0	0	0	0	0	0	0	0.009259435866	0.009259435866	0.009259435866	0.009259435866	0.009259435866	0.009259435866	0.009259435866	0.009259435866	0.009259435866	0	0	0	0	0	0	0	0	0
(16,26)	0	0	0	0	0	0	0	0	0	0	0	0	0	0	0	0	0	0	0	0	0	0	0	0	0	0	0	0	0	0	0	0	0	0	0	0	0.002315388788	0.002315388788	0.002315388788	0.002315388788	0.002315388788	0.002315388788	0.002315388788	0.002315388788	0.002315388788	0	0	0	0	0	0	0	0	0	0	0	0	0	0	0	0	0	0	0	0	0	0	0	0	0	0	0	0	0	0	0	0	0	0	0	0	0	0	0	0	0	0	0	0	0	0.0005809664813	0.0005809664813	0.0005809664813	0.0005809664813	0.0005809664813	0.0005809664813	0.0005809664813	0.0005809664813	0.0005809664813	0	0	0	0	0	0	0	0	0	0	0	0	0	0	0	0	0	0	0	0	0	0	0	0	0	0	0	0	0	0	0	0	0	0	0	0	0	0	0	0	0	0	0	0	0	0.0001537187577	0.0001537187577	0.0001537187577	0.0001537187577	0.0001537187577	0.0001537187577	0.0001537187577	0.0001537187577	0.0001537187577	0	0	0	0	0	0	0	0	0	0	0	0	0	0	0	0	0	0	0	0	0	0	0	0	0	0	0	0	0	0	0	0	0	0	0	0	0	0	0	0	0	0	0	0	0	7.233823891e-05	7.233823891e-05	7.233823891e-05	7.233823891e-05	7.233823891e-05	7.233823891e-05	7.233823891e-05	7.233823891e-05	7.233823891e-05	0	0	0	0	0	0	0	0	0	0	0	0	0	0	0	0	0	0	0	0	0	0	0	0	0	0	0	0	0	0	0	0	0	0	0	0	0	0	0	0	0	0	0	0	0	0.0001537187577	0.0001537187577	0.0001537187577	0.0001537187577	0.0001537187577	0.0001537187577	0.0001537187577	0.0001537187577	0.0001537187577	0	0	0	0	0	0	0	0	0	0	0	0	0	0	0	0	0	0	0	0	0	0	0	0	0	0	0	0	0	0	0	0	0	0	0	0	0	0	0	0	0	0	0	0	0	0.0005809664813	0.0005809664813	0.0005809664813	0.0005809664813	0.0005809664813	0.0005809664813	0.0005809664813	0.0005809664813	0.0005809664813	0	0	0	0	0	0	0	0	0	0	0	0	0	0	0	0	0	0	0	0	0	0	0	0	0	0	0	0	0	0	0	0	0	0	0	0	0	0	0	0	0	0	0	0	0	0.002315388788	0.002315388788	0.002315388788	0.002315388788	0.002315388788	0.002315388788	0.002315388788	0.002315388788	0.002315388788	0	0	0	0	0	0	0	0	0	0	0	0	0	0	0	0	0	0	0	0	0	0	0	0	0	0	0	0	0	0	0	0	0	0	0	0	0	0	0	0	0	0	0	0	0	0.009259435866	0.009259435866	0.009259435866	0.009259435866	0.009259435866	0.009259435866	0.009259435866	0.009259435866	0.009259435866	0	0	0	0	0	0	0	0	0	0	0	0	0	0	0	0	0	0	0	0	0	0	0	0	0	0	0	0	0	0	0	0	0	0	0	0	0	0	0	0	0	0	0	0	0	0.009259435866	0.009259435866	0.009259435866	0.009259435866	0.009259435866	0.009259435866	0.009259435866	0.009259435866	0.009259435866	0	0	0	0	0	0	0	0	0
(17,0)	0.1666698456	0	0	0	0	0	0	0	0	0	0	0	0	0	0	0	0	0	0	0	0	0	0	0	0	0	0	0	0	0	0	0	0	0	0	0	0	0	0	0	0	0	0	0	0	0	0	0	0	0	0	0	0	0	0	0.006946166363	0.006946166363	0	0.006946166363	0.006946166363	0	0.006946166363	0.006946166363	0	0	0	0	0	0	0	0	0	0	0	0	0	0	0	0	0	0	0	0	0	0	0	0	0	0	0	0	0	0	0	0	0	0	0	0	0	0	0	0	0	0	0	0	0	0	0.001742899444	0.001742899444	0	0.001742899444	0.001742899444	0	0.001742899444	0.001742899444	0	0	0	0	0	0	0	0	0	0	0	0	0	0	0	0	0	0	0	0	0	0	0	0	0	0	0	0	0	0	0	0	0	0	0	0	0	0	0	0	0	0	0	0	0	0	0	0	0.001383468819	0	0	0.001383468819	0	0	0	0	0	0	0	0	0	0	0	0	0	0	0	0	0	0	0	0	0	0	0	0	0	0	0	0	0	0	0	0	0	0	0	0	0	0	0	0	0	0	0	0	0	0	0	0	0.0002170147167	0.0002170147167	0	0.0002170147167	0.0002170147167	0	0.0002170147167	0.0002170147167	0	0	0	0	0	0	0	0	0	0	0	0	0	0	0	0	0	0	0	0	0	0	0	0	0	0	0	0	0	0	0	0	0	0	0	0	0	0	0	0	0	0	0	0	0	0	0.0004611562731	0.0004611562731	0	0.0004611562731	0.0004611562731	0	0.0004611562731	0.0004611562731	0	0	0	0	0	0	0	0	0	0	0	0	0	0	0	0	0	0	0	0	0	0	0	0	0	0	0	0	0	0	0	0	0	0	0	0	0	0	0	0	0	0	0	0	0	0	0	0	0.005228698331	0	0	0.005228698331	0	0	0	0	0	0	0	0	0	0	0	0	0	0	0	0	0	0	0	0	0	0	0	0	0	0	0	0	0	0	0	0	0	0	0	0	0	0	0	0	0	0	0	0	0	0	0	0	0.006946166363	0.006946166363	0	0.006946166363	0.006946166363	0	0.006946166363	0.006946166363	0	0	0	0	0	0	0	0	0	0	0	0	0	0	0	0	0	0	0	0	0	0	0	0	0	0	0	0	0	0	0	0	0	0	0	0	0	0	0	0	0	0	0	0	0	0	0.0277783076	0.0277783076	0	0.0277783076	0.0277783076	0	0.0277783076	0.0277783076	0	0	0	0	0	0	0	0	0	0	0	0	0	0	0	0	0	0	0	0	0	0	0	0	0	0	0	0	0	0	0	0	0	0	0	0	0	0	0	0	0	0	0	0	0
(17,1)	0	0	0	0	0	0	0	0	0	0	0	0	0	0	0	0	0	0	0	0	0	0	0	0	0	0	0	0	0.004629929862	0.004629929862	0.004629929862	0.004629929862	0.004629929862	0.004629929862	0.004629929862	0.004629929862	0.004629929862	0	0	0	0	0	0	0	0	0	0	0	0	0	0	0	0	0	0	0	0	0	0	0	0	0	0	0	0	0	0	0	0	0	0	0	0	0	0	0	0	0	0	0	0	0	0.001158542108	0.001158542108	0.001158542108	0.001158542108	0.001158542108	0.001158542108	0.001158542108	0.001158542108	0.001158542108	0	0	0	0	0	0	0	0	0	0	0	0	0	0	0	0	0	0	0	0	0	0	0	0	0	0	0	0	0	0	0	0	0	0	0	0	0	0	0	0	0	0	0	0	0	0.0002938740956	0.0002938740956	0.0002938740956	0.0002938740956	0.0002938740956	0.0002938740956	0.0002938740956	0.0002938740956	0.0002938740956	0	0	0	0	0	0	0	0	0	0	0	0	0	0	0	0	0	0	0	0	0	0	0	0	0	0	0	0	0	0	0	0	0	0	0	0	0	0	0	0	0	0	0	0	0	9.042279864e-05	9.042279864e-05	9.042279864e-05	9.042279864e-05	9.042279864e-05	9.042279864e-05	9.042279864e-05	9.042279864e-05	9.042279864e-05	0	0	0	0	0	0	0	0	0	0	0	0	0	0	0	0	0	0	0	0	0	0	0	0	0	0	0	0	0	0	0	0	0	0	0	0	0	0	0	0	0	0	0	0	0	9.042279864e-05	9.042279864e-05	9.042279864e-05	9.042279864e-05	9.042279864e-05	9.042279864e-05	9.042279864e-05	9.042279864e-05	9.042279864e-05	0	0	0	0	0	0	0	0	0	0	0	0	0	0	0	0	0	0	0	0	0	0	0	0	0	0	0	0	0	0	0	0	0	0	0	0	0	0	0	0	0	0	0	0	0	0.0002938740956	0.0002938740956	0.0002938740956	0.0002938740956	0.0002938740956	0.0002938740956	0.0002938740956	0.0002938740956	0.0002938740956	0	0	0	0	0	0	0	0	0	0	0	0	0	0	0	0	0	0	0	0	0	0	0	0	0	0	0	0	0	0	0	0	0	0	0	0	0	0	0	0	0	0	0	0	0	0.001158542108	0.001158542108	0.001158542108	0.001158542108	0.001158542108	0.001158542108	0.001158542108	0.001158542108	0.001158542108	0	0	0	0	0	0	0	0	0	0	0	0	0	0	0	0	0	0	0	0	0	0	0	0	0	0	0	0	0	0	0	0	0	0	0	0	0	0	0	0	0	0	0	0	0	0.004629929862	0.004629929862	0.004629929862	0.004629929862	0.004629929862	0.004629929862	0.004629929862	0.004629929862	0.004629929862	0	0	0	0	0	0	0	0	0	0	0	0	0	0	0	0	0	0	0	0	0	0	0	0	0	0	0	0	0	0	0	0	0	0	0	0	0	0	0	0	0	0	0	0	0	0.0185186598	0.0185186598	0.0185186598	0.0185186598	0.0185186598	0.0185186598	0.0185186598	0.0185186598	0.0185186598	0	0	0	0	0	0	0	0	0	0	0	0	0	0	0	0	0
(17,2)	0	0	0	0	0	0	0	0	0	0	0	0	0	0	0	0	0	0	0	0	0	0	0	0	0	0	0	0	0.004629929862	0.004629929862	0.004629929862	0.004629929862	0.004629929862	0.004629929862	0.004629929862	0.004629929862	0.004629929862	0	0	0	0	0	0	0	0	0	0	0	0	0	0	0	0	0	0	0	0	0	0	0	0	0	0	0	0	0	0	0	0	0	0	0	0	0	0	0	0	0	0	0	0	0	0.001158542108	0.001158542108	0.001158542108	0.001158542108	0.001158542108	0.001158542108	0.001158542108	0.001158542108	0.001158542108	0	0	0	0	0	0	0	0	0	0	0	0	0	0	0	0	0	0	0	0	0	0	0	0	0	0	0	0	0	0	0	0	0	0	0	0	0	0	0	0	0	0	0	0	0	0.0002938740956	0.0002938740956	0.0002938740956	0.0002938740956	0.0002938740956	0.0002938740956	0.0002938740956	0.0002938740956	0.0002938740956	0	0	0	0	0	0	0	0	0	0	0	0	0	0	0	0	0	0	0	0	0	0	0	0	0	0	0	0	0	0	0	0	0	0	0	0	0	0	0	0	0	0	0	0	0	9.042279864e-05	9.042279864e-05	9.042279864e-05	9.042279864e-05	9.042279864e-05	9.042279864e-05	9.042279864e-05	9.042279864e-05	9.042279864e-05	0	0	0	0	0	0	0	0	0	0	0	0	0	0	0	0	0	0	0	0	0	0	0	0	0	0	0	0	0	0	0	0	0	0	0	0	0	0	0	0	0	0	0	0	0	9.042279864e-05	9.042279864e-05	9.042279864e-05	9.042279864e-05	9.042279864e-05	9.042279864e-05	9.042279864e-05	9.042279864e-05	9.042279864e-05	0	0	0	0	0	0	0	0	0	0	0	0	0	0	0	0	0	0	0	0	0	0	0	0	0	0	0	0	0	0	0	0	0	0	0	0	0	0	0	0	0	0	0	0	0	0.0002938740956	0.0002938740956	0.0002938740956	0.0002938740956	0.0002938740956	0.0002938740956	0.0002938740956	0.0002938740956	0.0002938740956	0	0	0	0	0	0	0	0	0	0	0	0	0	0	0	0	0	0	0	0	0	0	0	0	0	0	0	0	0	0	0	0	0	0	0	0	0	0	0	0	0	0	0	0	0	0.001158542108	0.001158542108	0.001158542108	0.001158542108	0.001158542108	0.001158542108	0.001158542108	0.001158542108	0.001158542108	0	0	0	0	0	0	0	0	0	0	0	0	0	0	0	0	0	0	0	0	0	0	0	0	0	0	0	0	0	0	0	0	0	0	0	0	0	0	0	0	0	0	0	0	0	0.004629929862	0.004629929862	0.004629929862	0.004629929862	0.004629929862	0.004629929862	0.004629929862	0.004629929862	0.004629929862	0	0	0	0	0	0	0	0	0	0	0	0	0	0	0	0	0	0	0	0	0	0	0	0	0	0	0	0	0	0	0	0	0	0	0	0	0	0	0	0	0	0	0	0	0	0.0185186598	0.0185186598	0.0185186598	0.0185186598	0.0185186598	0.0185186598	0.0185186598	0.0185186598	0.0185186598	0	0	0	0	0	0	0	0	0	0	0	0	0	0	0	0	0
(17,3)	0	0.1666698456	0	0	0	0	0	0	0	0	0	0	0	0	0	0	0	0	0	0	0	0	0	0	0	0	0	0	0	0	0	0	0	0	0	0	0	0	0	0	0	0	0	0	0	0	0	0	0	0	0	0	0	0	0	0	0.006946166363	0.006946166363	0	0.006946166363	0.006946166363	0	0.006946166363	0.006946166363	0	0	0	0	0	0	0	0	0	0	0	0	0	0	0	0	0	0	0	0	0	0	0	0	0	0	0	0	0	0	0	0	0	0	0	0	0	0	0	0	0	0	0	0	0	0	0.001742899444	0.001742899444	0	0.001742899444	0.001742899444	0	0.001742899444	0.001742899444	0	0	0	0	0	0	0	0	0	0	0	0	0	0	0	0	0	0	0	0	0	0	0	0	0	0	0	0	0	0	0	0	0	0	0	0	0	0	0	0	0	0	0	0	0	0	0	0	0.001383468819	0	0	0.001383468819	0	0	0	0	0	0	0	0	0	0	0	0	0	0	0	0	0	0	0	0	0	0	0	0	0	0	0	0	0	0	0	0	0	0	0	0	0	0	0	0	0	0	0	0	0	0	0	0	0.0002170147167	0.0002170147167	0	0.0002170147167	0.0002170147167	0	0.0002170147167	0.0002170147167	0	0	0	0	0	0	0	0	0	0	0	0	0	0	0	0	0	0	0	0	0	0	0	0	0	0	0	0	0	0	0	0	0	0	0	0	0	0	0	0	0	0	0	0	0	0	0.0004611562731	0.0004611562731	0	0.0004611562731	0.0004611562731	0	0.0004611562731	0.0004611562731	0	0	0	0	0	0	0	0	0	0	0	0	0	0	0	0	0	0	0	0	0	0	0	0	0	0	0	0	0	0	0	0	0	0	0	0	0	0	0	0	0	0	0	0	0	0	0	0	0.005228698331	0	0	0.005228698331	0	0	0	0	0	0	0	0	0	0	0	0	0	0	0	0	0	0	0	0	0	0	0	0	0	0	0	0	0	0	0	0	0	0	0	0	0	0	0	0	0	0	0	0	0	0	0	0	0.006946166363	0.006946166363	0	0.006946166363	0.006946166363	0	0.006946166363	0.006946166363	0	0	0	0	0	0	0	0	0	0	0	0	0	0	0	0	0	0	0	0	0	0	0	0	0	0	0	0	0	0	0	0	0	0	0	0	0	0	0	0	0	0	0	0	0	0	0.0277783076	0.0277783076	0	0.0277783076	0.0277783076	0	0.0277783076	0.0277783076	0	0	0	0	0	0	0	0	0	0	0	0	0	0	0	0	0	0	0	0	0	0	0	0	0	0	0	0	0	0	0	0	0	0	0	0	0	0	0	0	0	0	0	0
(17,4)	0	0	0	0	0	0	0	0	0	0	0	0	0	0	0	0	0	0	0	0	0	0	0	0	0	0	0	0	0	0.004629929862	0.004629929862	0.004629929862	0.004629929862	0.004629929862	0.004629929862	0.004629929862	0.004629929862	0.004629929862	0	0	0	0	0	0	0	0	0	0	0	0	0	0	0	0	0	0	0	0	0	0	0	0	0	0	0	0	0	0	0	0	0	0	0	0	0	0	0	0	0	0	0	0	0	0.001158542108	0.001158542108	0.001158542108	0.001158542108	0.001158542108	0.001158542108	0.001158542108	0.001158542108	0.001158542108	0	0	0	0	0	0	0	0	0	0	0	0	0	0	0	0	0	0	0	0	0	0	0	0	0	0	0	0	0	0	0	0	0	0	0	0	0	0	0	0	0	0	0	0	0	0.0002938740956	0.0002938740956	0.0002938740956	0.0002938740956	0.0002938740956	0.0002938740956	0.0002938740956	0.0002938740956	0.0002938740956	0	0	0	0	0	0	0	0	0	0	0	0	0	0	0	0	0	0	0	0	0	0	0	0	0	0	0	0	0	0	0	0	0	0	0	0	0	0	0	0	0	0	0	0	0	9.042279864e-05	9.042279864e-05	9.042279864e-05	9.042279864e-05	9.042279864e-05	9.042279864e-05	9.042279864e-05	9.042279864e-05	9.042279864e-05	0	0	0	0	0	0	0	0	0	0	0	0	0	0	0	0	0	0	0	0	0	0	0	0	0	0	0	0	0	0	0	0	0	0	0	0	0	0	0	0	0	0	0	0	0	9.042279864e-05	9.042279864e-05	9.042279864e-05	9.042279864e-05	9.042279864e-05	9.042279864e-05	9.042279864e-05	9.042279864e-05	9.042279864e-05	0	0	0	0	0	0	0	0	0	0	0	0	0	0	0	0	0	0	0	0	0	0	0	0	0	0	0	0	0	0	0	0	0	0	0	0	0	0	0	0	0	0	0	0	0	0.0002938740956	0.0002938740956	0.0002938740956	0.0002938740956	0.0002938740956	0.0002938740956	0.0002938740956	0.0002938740956	0.0002938740956	0	0	0	0	0	0	0	0	0	0	0	0	0	0	0	0	0	0	0	0	0	0	0	0	0	0	0	0	0	0	0	0	0	0	0	0	0	0	0	0	0	0	0	0	0	0.001158542108	0.001158542108	0.001158542108	0.001158542108	0.001158542108	0.001158542108	0.001158542108	0.001158542108	0.001158542108	0	0	0	0	0	0	0	0	0	0	0	0	0	0	0	0	0	0	0	0	0	0	0	0	0	0	0	0	0	0	0	0	0	0	0	0	0	0	0	0	0	0	0	0	0	0.004629929862	0.004629929862	0.004629929862	0.004629929862	0.004629929862	0.004629929862	0.004629929862	0.004629929862	0.004629929862	0	0	0	0	0	0	0	0	0	0	0	0	0	0	0	0	0	0	0	0	0	0	0	0	0	0	0	0	0	0	0	0	0	0	0	0	0	0	0	0	0	0	0	0	0	0.0185186598	0.0185186598	0.0185186598	0.0185186598	0.0185186598	0.0185186598	0.0185186598	0.0185186598	0.0185186598	0	0	0	0	0	0	0	0	0	0	0	0	0	0	0	0
(17,5)	0	0	0	0	0	0	0	0	0	0	0	0	0	0	0	0	0	0	0	0	0	0	0	0	0	0	0	0	0	0.004629929862	0.004629929862	0.004629929862	0.004629929862	0.004629929862	0.004629929862	0.004629929862	0.004629929862	0.004629929862	0	0	0	0	0	0	0	0	0	0	0	0	0	0	0	0	0	0	0	0	0	0	0	0	0	0	0	0	0	0	0	0	0	0	0	0	0	0	0	0	0	0	0	0	0	0.001158542108	0.001158542108	0.001158542108	0.001158542108	0.001158542108	0.001158542108	0.001158542108	0.001158542108	0.001158542108	0	0	0	0	0	0	0	0	0	0	0	0	0	0	0	0	0	0	0	0	0	0	0	0	0	0	0	0	0	0	0	0	0	0	0	0	0	0	0	0	0	0	0	0	0	0.0002938740956	0.0002938740956	0.0002938740956	0.0002938740956	0.0002938740956	0.0002938740956	0.0002938740956	0.0002938740956	0.0002938740956	0	0	0	0	0	0	0	0	0	0	0	0	0	0	0	0	0	0	0	0	0	0	0	0	0	0	0	0	0	0	0	0	0	0	0	0	0	0	0	0	0	0	0	0	0	9.042279864e-05	9.042279864e-05	9.042279864e-05	9.042279864e-05	9.042279864e-05	9.042279864e-05	9.042279864e-05	9.042279864e-05	9.042279864e-05	0	0	0	0	0	0	0	0	0	0	0	0	0	0	0	0	0	0	0	0	0	0	0	0	0	0	0	0	0	0	0	0	0	0	0	0	0	0	0	0	0	0	0	0	0	9.042279864e-05	9.042279864e-05	9.042279864e-05	9.042279864e-05	9.042279864e-05	9.042279864e-05	9.042279864e-05	9.042279864e-05	9.042279864e-05	0	0	0	0	0	0	0	0	0	0	0	0	0	0	0	0	0	0	0	0	0	0	0	0	0	0	0	0	0	0	0	0	0	0	0	0	0	0	0	0	0	0	0	0	0	0.0002938740956	0.0002938740956	0.0002938740956	0.0002938740956	0.0002938740956	0.0002938740956	0.0002938740956	0.0002938740956	0.0002938740956	0	0	0	0	0	0	0	0	0	0	0	0	0	0	0	0	0	0	0	0	0	0	0	0	0	0	0	0	0	0	0	0	0	0	0	0	0	0	0	0	0	0	0	0	0	0.001158542108	0.001158542108	0.001158542108	0.001158542108	0.001158542108	0.001158542108	0.001158542108	0.001158542108	0.001158542108	0	0	0	0	0	0	0	0	0	0	0	0	0	0	0	0	0	0	0	0	0	0	0	0	0	0	0	0	0	0	0	0	0	0	0	0	0	0	0	0	0	0	0	0	0	0.004629929862	0.004629929862	0.004629929862	0.004629929862	0.004629929862	0.004629929862	0.004629929862	0.004629929862	0.004629929862	0	0	0	0	0	0	0	0	0	0	0	0	0	0	0	0	0	0	0	0	0	0	0	0	0	0	0	0	0	0	0	0	0	0	0	0	0	0	0	0	0	0	0	0	0	0.0185186598	0.0185186598	0.0185186598	0.0185186598	0.0185186598	0.0185186598	0.0185186598	0.0185186598	0.0185186598	0	0	0	0	0	0	0	0	0	0	0	0	0	0	0	0
(17,6)	0	0	0.1666698456	0	0	0	0	0	0	0	0	0	0	0	0	0	0	0	0	0	0	0	0	0	0	0	0	0	0	0	0	0	0	0	0	0	0	0	0	0	0	0	0	0	0	0	0	0	0	0	0	0	0	0	0	0	0	0.006946166363	0.006946166363	0	0.006946166363	0.006946166363	0	0.006946166363	0.006946166363	0	0	0	0	0	0	0	0	0	0	0	0	0	0	0	0	0	0	0	0	0	0	0	0	0	0	0	0	0	0	0	0	0	0	0	0	0	0	0	0	0	0	0	0	0	0	0.001742899444	0.001742899444	0	0.001742899444	0.001742899444	0	0.001742899444	0.001742899444	0	0	0	0	0	0	0	0	0	0	0	0	0	0	0	0	0	0	0	0	0	0	0	0	0	0	0	0	0	0	0	0	0	0	0	0	0	0	0	0	0	0	0	0	0	0	0	0	0.001383468819	0	0	0.001383468819	0	0	0	0	0	0	0	0	0	0	0	0	0	0	0	0	0	0	0	0	0	0	0	0	0	0	0	0	0	0	0	0	0	0	0	0	0	0	0	0	0	0	0	0	0	0	0	0	0.0002170147167	0.0002170147167	0	0.0002170147167	0.0002170147167	0	0.0002170147167	0.0002170147167	0	0	0	0	0	0	0	0	0	0	0	0	0	0	0	0	0	0	0	0	0	0	0	0	0	0	0	0	0	0	0	0	0	0	0	0	0	0	0	0	0	0	0	0	0	0	0.0004611562731	0.0004611562731	0	0.0004611562731	0.0004611562731	0	0.0004611562731	0.0004611562731	0	0	0	0	0	0	0	0	0	0	0	0	0	0	0	0	0	0	0	0	0	0	0	0	0	0	0	0	0	0	0	0	0	0	0	0	0	0	0	0	0	0	0	0	0	0	0	0	0.005228698331	0	0	0.005228698331	0	0	0	0	0	0	0	0	0	0	0	0	0	0	0	0	0	0	0	0	0	0	0	0	0	0	0	0	0	0	0	0	0	0	0	0	0	0	0	0	0	0	0	0	0	0	0	0	0.006946166363	0.006946166363	0	0.006946166363	0.006946166363	0	0.006946166363	0.006946166363	0	0	0	0	0	0	0	0	0	0	0	0	0	0	0	0	0	0	0	0	0	0	0	0	0	0	0	0	0	0	0	0	0	0	0	0	0	0	0	0	0	0	0	0	0	0	0.0277783076	0.0277783076	0	0.0277783076	0.0277783076	0	0.0277783076	0.0277783076	0	0	0	0	0	0	0	0	0	0	0	0	0	0	0	0	0	0	0	0	0	0	0	0	0	0	0	0	0	0	0	0	0	0	0	0	0	0	0	0	0	0	0
(17,7)	0	0	0	0	0	0	0	0	0	0	0	0	0	0	0	0	0	0	0	0	0	0	0	0	0	0	0	0	0	0	0.004629929862	0.004629929862	0.004629929862	0.004629929862	0.004629929862	0.004629929862	0.004629929862	0.004629929862	0.004629929862	0	0	0	0	0	0	0	0	0	0	0	0	0	0	0	0	0	0	0	0	0	0	0	0	0	0	0	0	0	0	0	0	0	0	0	0	0	0	0	0	0	0	0	0	0	0.001158542108	0.001158542108	0.001158542108	0.001158542108	0.001158542108	0.001158542108	0.001158542108	0.001158542108	0.001158542108	0	0	0	0	0	0	0	0	0	0	0	0	0	0	0	0	0	0	0	0	0	0	0	0	0	0	0	0	0	0	0	0	0	0	0	0	0	0	0	0	0	0	0	0	0	0.0002938740956	0.0002938740956	0.0002938740956	0.0002938740956	0.0002938740956	0.0002938740956	0.0002938740956	0.0002938740956	0.0002938740956	0	0	0	0	0	0	0	0	0	0	0	0	0	0	0	0	0	0	0	0	0	0	0	0	0	0	0	0	0	0	0	0	0	0	0	0	0	0	0	0	0	0	0	0	0	9.042279864e-05	9.042279864e-05	9.042279864e-05	9.042279864e-05	9.042279864e-05	9.042279864e-05	9.042279864e-05	9.042279864e-05	9.042279864e-05	0	0	0	0	0	0	0	0	0	0	0	0	0	0	0	0	0	0	0	0	0	0	0	0	0	0	0	0	0	0	0	0	0	0	0	0	0	0	0	0	0	0	0	0	0	9.042279864e-05	9.042279864e-05	9.042279864e-05	9.042279864e-05	9.042279864e-05	9.042279864e-05	9.042279864e-05	9.042279864e-05	9.042279864e-05	0	0	0	0	0	0	0	0	0	0	0	0	0	0	0	0	0	0	0	0	0	0	0	0	0	0	0	0	0	0	0	0	0	0	0	0	0	0	0	0	0	0	0	0	0	0.0002938740956	0.0002938740956	0.0002938740956	0.0002938740956	0.0002938740956	0.0002938740956	0.0002938740956	0.0002938740956	0.0002938740956	0	0	0	0	0	0	0	0	0	0	0	0	0	0	0	0	0	0	0	0	0	0	0	0	0	0	0	0	0	0	0	0	0	0	0	0	0	0	0	0	0	0	0	0	0	0.001158542108	0.001158542108	0.001158542108	0.001158542108	0.001158542108	0.001158542108	0.001158542108	0.001158542108	0.001158542108	0	0	0	0	0	0	0	0	0	0	0	0	0	0	0	0	0	0	0	0	0	0	0	0	0	0	0	0	0	0	0	0	0	0	0	0	0	0	0	0	0	0	0	0	0	0.004629929862	0.004629929862	0.004629929862	0.004629929862	0.004629929862	0.004629929862	0.004629929862	0.004629929862	0.004629929862	0	0	0	0	0	0	0	0	0	0	0	0	0	0	0	0	0	0	0	0	0	0	0	0	0	0	0	0	0	0	0	0	0	0	0	0	0	0	0	0	0	0	0	0	0	0.0185186598	0.0185186598	0.0185186598	0.0185186598	0.0185186598	0.0185186598	0.0185186598	0.0185186598	0.0185186598	0	0	0	0	0	0	0	0	0	0	0	0	0	0	0
(17,8)	0	0	0	0	0	0	0	0	0	0	0	0	0	0	0	0	0	0	0	0	0	0	0	0	0	0	0	0	0	0	0.004629929862	0.004629929862	0.004629929862	0.004629929862	0.004629929862	0.004629929862	0.004629929862	0.004629929862	0.004629929862	0	0	0	0	0	0	0	0	0	0	0	0	0	0	0	0	0	0	0	0	0	0	0	0	0	0	0	0	0	0	0	0	0	0	0	0	0	0	0	0	0	0	0	0	0	0.001158542108	0.001158542108	0.001158542108	0.001158542108	0.001158542108	0.001158542108	0.001158542108	0.001158542108	0.001158542108	0	0	0	0	0	0	0	0	0	0	0	0	0	0	0	0	0	0	0	0	0	0	0	0	0	0	0	0	0	0	0	0	0	0	0	0	0	0	0	0	0	0	0	0	0	0.0002938740956	0.0002938740956	0.0002938740956	0.0002938740956	0.0002938740956	0.0002938740956	0.0002938740956	0.0002938740956	0.0002938740956	0	0	0	0	0	0	0	0	0	0	0	0	0	0	0	0	0	0	0	0	0	0	0	0	0	0	0	0	0	0	0	0	0	0	0	0	0	0	0	0	0	0	0	0	0	9.042279864e-05	9.042279864e-05	9.042279864e-05	9.042279864e-05	9.042279864e-05	9.042279864e-05	9.042279864e-05	9.042279864e-05	9.042279864e-05	0	0	0	0	0	0	0	0	0	0	0	0	0	0	0	0	0	0	0	0	0	0	0	0	0	0	0	0	0	0	0	0	0	0	0	0	0	0	0	0	0	0	0	0	0	9.042279864e-05	9.042279864e-05	9.042279864e-05	9.042279864e-05	9.042279864e-05	9.042279864e-05	9.042279864e-05	9.042279864e-05	9.042279864e-05	0	0	0	0	0	0	0	0	0	0	0	0	0	0	0	0	0	0	0	0	0	0	0	0	0	0	0	0	0	0	0	0	0	0	0	0	0	0	0	0	0	0	0	0	0	0.0002938740956	0.0002938740956	0.0002938740956	0.0002938740956	0.0002938740956	0.0002938740956	0.0002938740956	0.0002938740956	0.0002938740956	0	0	0	0	0	0	0	0	0	0	0	0	0	0	0	0	0	0	0	0	0	0	0	0	0	0	0	0	0	0	0	0	0	0	0	0	0	0	0	0	0	0	0	0	0	0.001158542108	0.001158542108	0.001158542108	0.001158542108	0.001158542108	0.001158542108	0.001158542108	0.001158542108	0.001158542108	0	0	0	0	0	0	0	0	0	0	0	0	0	0	0	0	0	0	0	0	0	0	0	0	0	0	0	0	0	0	0	0	0	0	0	0	0	0	0	0	0	0	0	0	0	0.004629929862	0.004629929862	0.004629929862	0.004629929862	0.004629929862	0.004629929862	0.004629929862	0.004629929862	0.004629929862	0	0	0	0	0	0	0	0	0	0	0	0	0	0	0	0	0	0	0	0	0	0	0	0	0	0	0	0	0	0	0	0	0	0	0	0	0	0	0	0	0	0	0	0	0	0.0185186598	0.0185186598	0.0185186598	0.0185186598	0.0185186598	0.0185186598	0.0185186598	0.0185186598	0.0185186598	0	0	0	0	0	0	0	0	0	0	0	0	0	0	0
(17,9)	0	0	0	0.1666698456	0	0	0	0	0	0	0	0	0	0	0	0	0	0	0	0	0	0	0	0	0	0	0	0	0	0	0	0	0	0	0	0	0	0	0	0	0	0	0	0	0	0	0	0	0	0	0	0	0	0	0	0	0	0	0.006946166363	0.006946166363	0	0.006946166363	0.006946166363	0	0.006946166363	0.006946166363	0	0	0	0	0	0	0	0	0	0	0	0	0	0	0	0	0	0	0	0	0	0	0	0	0	0	0	0	0	0	0	0	0	0	0	0	0	0	0	0	0	0	0	0	0	0	0.001742899444	0.001742899444	0	0.001742899444	0.001742899444	0	0.001742899444	0.001742899444	0	0	0	0	0	0	0	0	0	0	0	0	0	0	0	0	0	0	0	0	0	0	0	0	0	0	0	0	0	0	0	0	0	0	0	0	0	0	0	0	0	0	0	0	0	0	0	0	0.001383468819	0	0	0.001383468819	0	0	0	0	0	0	0	0	0	0	0	0	0	0	0	0	0	0	0	0	0	0	0	0	0	0	0	0	0	0	0	0	0	0	0	0	0	0	0	0	0	0	0	0	0	0	0	0	0.0002170147167	0.0002170147167	0	0.0002170147167	0.0002170147167	0	0.0002170147167	0.0002170147167	0	0	0	0	0	0	0	0	0	0	0	0	0	0	0	0	0	0	0	0	0	0	0	0	0	0	0	0	0	0	0	0	0	0	0	0	0	0	0	0	0	0	0	0	0	0	0.0004611562731	0.0004611562731	0	0.0004611562731	0.0004611562731	0	0.0004611562731	0.0004611562731	0	0	0	0	0	0	0	0	0	0	0	0	0	0	0	0	0	0	0	0	0	0	0	0	0	0	0	0	0	0	0	0	0	0	0	0	0	0	0	0	0	0	0	0	0	0	0	0	0.005228698331	0	0	0.005228698331	0	0	0	0	0	0	0	0	0	0	0	0	0	0	0	0	0	0	0	0	0	0	0	0	0	0	0	0	0	0	0	0	0	0	0	0	0	0	0	0	0	0	0	0	0	0	0	0	0.006946166363	0.006946166363	0	0.006946166363	0.006946166363	0	0.006946166363	0.006946166363	0	0	0	0	0	0	0	0	0	0	0	0	0	0	0	0	0	0	0	0	0	0	0	0	0	0	0	0	0	0	0	0	0	0	0	0	0	0	0	0	0	0	0	0	0	0	0.0277783076	0.0277783076	0	0.0277783076	0.0277783076	0	0.0277783076	0.0277783076	0	0	0	0	0	0	0	0	0	0	0	0	0	0	0	0	0	0	0	0	0	0	0	0	0	0	0	0	0	0	0	0	0	0	0	0	0	0	0	0	0	0
(17,10)	0	0	0	0	0	0	0	0	0	0	0	0	0	0	0	0	0	0	0	0	0	0	0	0	0	0	0	0	0	0	0	0.004629929862	0.004629929862	0.004629929862	0.004629929862	0.004629929862	0.004629929862	0.004629929862	0.004629929862	0.004629929862	0	0	0	0	0	0	0	0	0	0	0	0	0	0	0	0	0	0	0	0	0	0	0	0	0	0	0	0	0	0	0	0	0	0	0	0	0	0	0	0	0	0	0	0	0	0.001158542108	0.001158542108	0.001158542108	0.001158542108	0.001158542108	0.001158542108	0.001158542108	0.001158542108	0.001158542108	0	0	0	0	0	0	0	0	0	0	0	0	0	0	0	0	0	0	0	0	0	0	0	0	0	0	0	0	0	0	0	0	0	0	0	0	0	0	0	0	0	0	0	0	0	0.0002938740956	0.0002938740956	0.0002938740956	0.0002938740956	0.0002938740956	0.0002938740956	0.0002938740956	0.0002938740956	0.0002938740956	0	0	0	0	0	0	0	0	0	0	0	0	0	0	0	0	0	0	0	0	0	0	0	0	0	0	0	0	0	0	0	0	0	0	0	0	0	0	0	0	0	0	0	0	0	9.042279864e-05	9.042279864e-05	9.042279864e-05	9.042279864e-05	9.042279864e-05	9.042279864e-05	9.042279864e-05	9.042279864e-05	9.042279864e-05	0	0	0	0	0	0	0	0	0	0	0	0	0	0	0	0	0	0	0	0	0	0	0	0	0	0	0	0	0	0	0	0	0	0	0	0	0	0	0	0	0	0	0	0	0	9.042279864e-05	9.042279864e-05	9.042279864e-05	9.042279864e-05	9.042279864e-05	9.042279864e-05	9.042279864e-05	9.042279864e-05	9.042279864e-05	0	0	0	0	0	0	0	0	0	0	0	0	0	0	0	0	0	0	0	0	0	0	0	0	0	0	0	0	0	0	0	0	0	0	0	0	0	0	0	0	0	0	0	0	0	0.0002938740956	0.0002938740956	0.0002938740956	0.0002938740956	0.0002938740956	0.0002938740956	0.0002938740956	0.0002938740956	0.0002938740956	0	0	0	0	0	0	0	0	0	0	0	0	0	0	0	0	0	0	0	0	0	0	0	0	0	0	0	0	0	0	0	0	0	0	0	0	0	0	0	0	0	0	0	0	0	0.001158542108	0.001158542108	0.001158542108	0.001158542108	0.001158542108	0.001158542108	0.001158542108	0.001158542108	0.001158542108	0	0	0	0	0	0	0	0	0	0	0	0	0	0	0	0	0	0	0	0	0	0	0	0	0	0	0	0	0	0	0	0	0	0	0	0	0	0	0	0	0	0	0	0	0	0.004629929862	0.004629929862	0.004629929862	0.004629929862	0.004629929862	0.004629929862	0.004629929862	0.004629929862	0.004629929862	0	0	0	0	0	0	0	0	0	0	0	0	0	0	0	0	0	0	0	0	0	0	0	0	0	0	0	0	0	0	0	0	0	0	0	0	0	0	0	0	0	0	0	0	0	0.0185186598	0.0185186598	0.0185186598	0.0185186598	0.0185186598	0.0185186598	0.0185186598	0.0185186598	0.0185186598	0	0	0	0	0	0	0	0	0	0	0	0	0	0
(17,11)	0	0	0	0	0	0	0	0	0	0	0	0	0	0	0	0	0	0	0	0	0	0	0	0	0	0	0	0	0	0	0	0.004629929862	0.004629929862	0.004629929862	0.004629929862	0.004629929862	0.004629929862	0.004629929862	0.004629929862	0.004629929862	0	0	0	0	0	0	0	0	0	0	0	0	0	0	0	0	0	0	0	0	0	0	0	0	0	0	0	0	0	0	0	0	0	0	0	0	0	0	0	0	0	0	0	0	0	0.001158542108	0.001158542108	0.001158542108	0.001158542108	0.001158542108	0.001158542108	0.001158542108	0.001158542108	0.001158542108	0	0	0	0	0	0	0	0	0	0	0	0	0	0	0	0	0	0	0	0	0	0	0	0	0	0	0	0	0	0	0	0	0	0	0	0	0	0	0	0	0	0	0	0	0	0.0002938740956	0.0002938740956	0.0002938740956	0.0002938740956	0.0002938740956	0.0002938740956	0.0002938740956	0.0002938740956	0.0002938740956	0	0	0	0	0	0	0	0	0	0	0	0	0	0	0	0	0	0	0	0	0	0	0	0	0	0	0	0	0	0	0	0	0	0	0	0	0	0	0	0	0	0	0	0	0	9.042279864e-05	9.042279864e-05	9.042279864e-05	9.042279864e-05	9.042279864e-05	9.042279864e-05	9.042279864e-05	9.042279864e-05	9.042279864e-05	0	0	0	0	0	0	0	0	0	0	0	0	0	0	0	0	0	0	0	0	0	0	0	0	0	0	0	0	0	0	0	0	0	0	0	0	0	0	0	0	0	0	0	0	0	9.042279864e-05	9.042279864e-05	9.042279864e-05	9.042279864e-05	9.042279864e-05	9.042279864e-05	9.042279864e-05	9.042279864e-05	9.042279864e-05	0	0	0	0	0	0	0	0	0	0	0	0	0	0	0	0	0	0	0	0	0	0	0	0	0	0	0	0	0	0	0	0	0	0	0	0	0	0	0	0	0	0	0	0	0	0.0002938740956	0.0002938740956	0.0002938740956	0.0002938740956	0.0002938740956	0.0002938740956	0.0002938740956	0.0002938740956	0.0002938740956	0	0	0	0	0	0	0	0	0	0	0	0	0	0	0	0	0	0	0	0	0	0	0	0	0	0	0	0	0	0	0	0	0	0	0	0	0	0	0	0	0	0	0	0	0	0.001158542108	0.001158542108	0.001158542108	0.001158542108	0.001158542108	0.001158542108	0.001158542108	0.001158542108	0.001158542108	0	0	0	0	0	0	0	0	0	0	0	0	0	0	0	0	0	0	0	0	0	0	0	0	0	0	0	0	0	0	0	0	0	0	0	0	0	0	0	0	0	0	0	0	0	0.004629929862	0.004629929862	0.004629929862	0.004629929862	0.004629929862	0.004629929862	0.004629929862	0.004629929862	0.004629929862	0	0	0	0	0	0	0	0	0	0	0	0	0	0	0	0	0	0	0	0	0	0	0	0	0	0	0	0	0	0	0	0	0	0	0	0	0	0	0	0	0	0	0	0	0	0.0185186598	0.0185186598	0.0185186598	0.0185186598	0.0185186598	0.0185186598	0.0185186598	0.0185186598	0.0185186598	0	0	0	0	0	0	0	0	0	0	0	0	0	0
(17,12)	0	0	0	0	0.1666698456	0	0	0	0	0	0	0	0	0	0	0	0	0	0	0	0	0	0	0	0	0	0	0	0	0	0	0	0	0	0	0	0	0	0	0	0	0	0	0	0	0	0	0	0	0	0	0	0	0	0	0	0	0	0	0.006946166363	0.006946166363	0	0.006946166363	0.006946166363	0	0.006946166363	0.006946166363	0	0	0	0	0	0	0	0	0	0	0	0	0	0	0	0	0	0	0	0	0	0	0	0	0	0	0	0	0	0	0	0	0	0	0	0	0	0	0	0	0	0	0	0	0	0	0.001742899444	0.001742899444	0	0.001742899444	0.001742899444	0	0.001742899444	0.001742899444	0	0	0	0	0	0	0	0	0	0	0	0	0	0	0	0	0	0	0	0	0	0	0	0	0	0	0	0	0	0	0	0	0	0	0	0	0	0	0	0	0	0	0	0	0	0	0	0	0.001383468819	0	0	0.001383468819	0	0	0	0	0	0	0	0	0	0	0	0	0	0	0	0	0	0	0	0	0	0	0	0	0	0	0	0	0	0	0	0	0	0	0	0	0	0	0	0	0	0	0	0	0	0	0	0	0.0002170147167	0.0002170147167	0	0.0002170147167	0.0002170147167	0	0.0002170147167	0.0002170147167	0	0	0	0	0	0	0	0	0	0	0	0	0	0	0	0	0	0	0	0	0	0	0	0	0	0	0	0	0	0	0	0	0	0	0	0	0	0	0	0	0	0	0	0	0	0	0.0004611562731	0.0004611562731	0	0.0004611562731	0.0004611562731	0	0.0004611562731	0.0004611562731	0	0	0	0	0	0	0	0	0	0	0	0	0	0	0	0	0	0	0	0	0	0	0	0	0	0	0	0	0	0	0	0	0	0	0	0	0	0	0	0	0	0	0	0	0	0	0	0	0.005228698331	0	0	0.005228698331	0	0	0	0	0	0	0	0	0	0	0	0	0	0	0	0	0	0	0	0	0	0	0	0	0	0	0	0	0	0	0	0	0	0	0	0	0	0	0	0	0	0	0	0	0	0	0	0	0.006946166363	0.006946166363	0	0.006946166363	0.006946166363	0	0.006946166363	0.006946166363	0	0	0	0	0	0	0	0	0	0	0	0	0	0	0	0	0	0	0	0	0	0	0	0	0	0	0	0	0	0	0	0	0	0	0	0	0	0	0	0	0	0	0	0	0	0	0.0277783076	0.0277783076	0	0.0277783076	0.0277783076	0	0.0277783076	0.0277783076	0	0	0	0	0	0	0	0	0	0	0	0	0	0	0	0	0	0	0	0	0	0	0	0	0	0	0	0	0	0	0	0	0	0	0	0	0	0	0	0	0
(17,13)	0	0	0	0	0	0	0	0	0	0	0	0	0	0	0	0	0	0	0	0	0	0	0	0	0	0	0	0	0	0	0	0	0.004629929862	0.004629929862	0.004629929862	0.004629929862	0.004629929862	0.004629929862	0.004629929862	0.004629929862	0.004629929862	0	0	0	0	0	0	0	0	0	0	0	0	0	0	0	0	0	0	0	0	0	0	0	0	0	0	0	0	0	0	0	0	0	0	0	0	0	0	0	0	0	0	0	0	0	0.001158542108	0.001158542108	0.001158542108	0.001158542108	0.001158542108	0.001158542108	0.001158542108	0.001158542108	0.001158542108	0	0	0	0	0	0	0	0	0	0	0	0	0	0	0	0	0	0	0	0	0	0	0	0	0	0	0	0	0	0	0	0	0	0	0	0	0	0	0	0	0	0	0	0	0	0.0002938740956	0.0002938740956	0.0002938740956	0.0002938740956	0.0002938740956	0.0002938740956	0.0002938740956	0.0002938740956	0.0002938740956	0	0	0	0	0	0	0	0	0	0	0	0	0	0	0	0	0	0	0	0	0	0	0	0	0	0	0	0	0	0	0	0	0	0	0	0	0	0	0	0	0	0	0	0	0	9.042279864e-05	9.042279864e-05	9.042279864e-05	9.042279864e-05	9.042279864e-05	9.042279864e-05	9.042279864e-05	9.042279864e-05	9.042279864e-05	0	0	0	0	0	0	0	0	0	0	0	0	0	0	0	0	0	0	0	0	0	0	0	0	0	0	0	0	0	0	0	0	0	0	0	0	0	0	0	0	0	0	0	0	0	9.042279864e-05	9.042279864e-05	9.042279864e-05	9.042279864e-05	9.042279864e-05	9.042279864e-05	9.042279864e-05	9.042279864e-05	9.042279864e-05	0	0	0	0	0	0	0	0	0	0	0	0	0	0	0	0	0	0	0	0	0	0	0	0	0	0	0	0	0	0	0	0	0	0	0	0	0	0	0	0	0	0	0	0	0	0.0002938740956	0.0002938740956	0.0002938740956	0.0002938740956	0.0002938740956	0.0002938740956	0.0002938740956	0.0002938740956	0.0002938740956	0	0	0	0	0	0	0	0	0	0	0	0	0	0	0	0	0	0	0	0	0	0	0	0	0	0	0	0	0	0	0	0	0	0	0	0	0	0	0	0	0	0	0	0	0	0.001158542108	0.001158542108	0.001158542108	0.001158542108	0.001158542108	0.001158542108	0.001158542108	0.001158542108	0.001158542108	0	0	0	0	0	0	0	0	0	0	0	0	0	0	0	0	0	0	0	0	0	0	0	0	0	0	0	0	0	0	0	0	0	0	0	0	0	0	0	0	0	0	0	0	0	0.004629929862	0.004629929862	0.004629929862	0.004629929862	0.004629929862	0.004629929862	0.004629929862	0.004629929862	0.004629929862	0	0	0	0	0	0	0	0	0	0	0	0	0	0	0	0	0	0	0	0	0	0	0	0	0	0	0	0	0	0	0	0	0	0	0	0	0	0	0	0	0	0	0	0	0	0.0185186598	0.0185186598	0.0185186598	0.0185186598	0.0185186598	0.0185186598	0.0185186598	0.0185186598	0.0185186598	0	0	0	0	0	0	0	0	0	0	0	0	0
(17,14)	0	0	0	0	0	0	0	0	0	0	0	0	0	0	0	0	0	0	0	0	0	0	0	0	0	0	0	0	0	0	0	0	0.004629929862	0.004629929862	0.004629929862	0.004629929862	0.004629929862	0.004629929862	0.004629929862	0.004629929862	0.004629929862	0	0	0	0	0	0	0	0	0	0	0	0	0	0	0	0	0	0	0	0	0	0	0	0	0	0	0	0	0	0	0	0	0	0	0	0	0	0	0	0	0	0	0	0	0	0.001158542108	0.001158542108	0.001158542108	0.001158542108	0.001158542108	0.001158542108	0.001158542108	0.001158542108	0.001158542108	0	0	0	0	0	0	0	0	0	0	0	0	0	0	0	0	0	0	0	0	0	0	0	0	0	0	0	0	0	0	0	0	0	0	0	0	0	0	0	0	0	0	0	0	0	0.0002938740956	0.0002938740956	0.0002938740956	0.0002938740956	0.0002938740956	0.0002938740956	0.0002938740956	0.0002938740956	0.0002938740956	0	0	0	0	0	0	0	0	0	0	0	0	0	0	0	0	0	0	0	0	0	0	0	0	0	0	0	0	0	0	0	0	0	0	0	0	0	0	0	0	0	0	0	0	0	9.042279864e-05	9.042279864e-05	9.042279864e-05	9.042279864e-05	9.042279864e-05	9.042279864e-05	9.042279864e-05	9.042279864e-05	9.042279864e-05	0	0	0	0	0	0	0	0	0	0	0	0	0	0	0	0	0	0	0	0	0	0	0	0	0	0	0	0	0	0	0	0	0	0	0	0	0	0	0	0	0	0	0	0	0	9.042279864e-05	9.042279864e-05	9.042279864e-05	9.042279864e-05	9.042279864e-05	9.042279864e-05	9.042279864e-05	9.042279864e-05	9.042279864e-05	0	0	0	0	0	0	0	0	0	0	0	0	0	0	0	0	0	0	0	0	0	0	0	0	0	0	0	0	0	0	0	0	0	0	0	0	0	0	0	0	0	0	0	0	0	0.0002938740956	0.0002938740956	0.0002938740956	0.0002938740956	0.0002938740956	0.0002938740956	0.0002938740956	0.0002938740956	0.0002938740956	0	0	0	0	0	0	0	0	0	0	0	0	0	0	0	0	0	0	0	0	0	0	0	0	0	0	0	0	0	0	0	0	0	0	0	0	0	0	0	0	0	0	0	0	0	0.001158542108	0.001158542108	0.001158542108	0.001158542108	0.001158542108	0.001158542108	0.001158542108	0.001158542108	0.001158542108	0	0	0	0	0	0	0	0	0	0	0	0	0	0	0	0	0	0	0	0	0	0	0	0	0	0	0	0	0	0	0	0	0	0	0	0	0	0	0	0	0	0	0	0	0	0.004629929862	0.004629929862	0.004629929862	0.004629929862	0.004629929862	0.004629929862	0.004629929862	0.004629929862	0.004629929862	0	0	0	0	0	0	0	0	0	0	0	0	0	0	0	0	0	0	0	0	0	0	0	0	0	0	0	0	0	0	0	0	0	0	0	0	0	0	0	0	0	0	0	0	0	0.0185186598	0.0185186598	0.0185186598	0.0185186598	0.0185186598	0.0185186598	0.0185186598	0.0185186598	0.0185186598	0	0	0	0	0	0	0	0	0	0	0	0	0
(17,15)	0	0	0	0	0	0.1666698456	0	0	0	0	0	0	0	0	0	0	0	0	0	0	0	0	0	0	0	0	0	0	0	0	0	0	0	0	0	0	0	0	0	0	0	0	0	0	0	0	0	0	0	0	0	0	0	0	0	0	0	0	0	0	0.006946166363	0.006946166363	0	0.006946166363	0.006946166363	0	0.006946166363	0.006946166363	0	0	0	0	0	0	0	0	0	0	0	0	0	0	0	0	0	0	0	0	0	0	0	0	0	0	0	0	0	0	0	0	0	0	0	0	0	0	0	0	0	0	0	0	0	0	0.001742899444	0.001742899444	0	0.001742899444	0.001742899444	0	0.001742899444	0.001742899444	0	0	0	0	0	0	0	0	0	0	0	0	0	0	0	0	0	0	0	0	0	0	0	0	0	0	0	0	0	0	0	0	0	0	0	0	0	0	0	0	0	0	0	0	0	0	0	0	0.001383468819	0	0	0.001383468819	0	0	0	0	0	0	0	0	0	0	0	0	0	0	0	0	0	0	0	0	0	0	0	0	0	0	0	0	0	0	0	0	0	0	0	0	0	0	0	0	0	0	0	0	0	0	0	0	0.0002170147167	0.0002170147167	0	0.0002170147167	0.0002170147167	0	0.0002170147167	0.0002170147167	0	0	0	0	0	0	0	0	0	0	0	0	0	0	0	0	0	0	0	0	0	0	0	0	0	0	0	0	0	0	0	0	0	0	0	0	0	0	0	0	0	0	0	0	0	0	0.0004611562731	0.0004611562731	0	0.0004611562731	0.0004611562731	0	0.0004611562731	0.0004611562731	0	0	0	0	0	0	0	0	0	0	0	0	0	0	0	0	0	0	0	0	0	0	0	0	0	0	0	0	0	0	0	0	0	0	0	0	0	0	0	0	0	0	0	0	0	0	0	0	0.005228698331	0	0	0.005228698331	0	0	0	0	0	0	0	0	0	0	0	0	0	0	0	0	0	0	0	0	0	0	0	0	0	0	0	0	0	0	0	0	0	0	0	0	0	0	0	0	0	0	0	0	0	0	0	0	0.006946166363	0.006946166363	0	0.006946166363	0.006946166363	0	0.006946166363	0.006946166363	0	0	0	0	0	0	0	0	0	0	0	0	0	0	0	0	0	0	0	0	0	0	0	0	0	0	0	0	0	0	0	0	0	0	0	0	0	0	0	0	0	0	0	0	0	0	0.0277783076	0.0277783076	0	0.0277783076	0.0277783076	0	0.0277783076	0.0277783076	0	0	0	0	0	0	0	0	0	0	0	0	0	0	0	0	0	0	0	0	0	0	0	0	0	0	0	0	0	0	0	0	0	0	0	0	0	0	0	0
(17,16)	0	0	0	0	0	0	0	0	0	0	0	0	0	0	0	0	0	0	0	0	0	0	0	0	0	0	0	0	0	0	0	0	0	0.004629929862	0.004629929862	0.004629929862	0.004629929862	0.004629929862	0.004629929862	0.004629929862	0.004629929862	0.004629929862	0	0	0	0	0	0	0	0	0	0	0	0	0	0	0	0	0	0	0	0	0	0	0	0	0	0	0	0	0	0	0	0	0	0	0	0	0	0	0	0	0	0	0	0	0	0.001158542108	0.001158542108	0.001158542108	0.001158542108	0.001158542108	0.001158542108	0.001158542108	0.001158542108	0.001158542108	0	0	0	0	0	0	0	0	0	0	0	0	0	0	0	0	0	0	0	0	0	0	0	0	0	0	0	0	0	0	0	0	0	0	0	0	0	0	0	0	0	0	0	0	0	0.0002938740956	0.0002938740956	0.0002938740956	0.0002938740956	0.0002938740956	0.0002938740956	0.0002938740956	0.0002938740956	0.0002938740956	0	0	0	0	0	0	0	0	0	0	0	0	0	0	0	0	0	0	0	0	0	0	0	0	0	0	0	0	0	0	0	0	0	0	0	0	0	0	0	0	0	0	0	0	0	9.042279864e-05	9.042279864e-05	9.042279864e-05	9.042279864e-05	9.042279864e-05	9.042279864e-05	9.042279864e-05	9.042279864e-05	9.042279864e-05	0	0	0	0	0	0	0	0	0	0	0	0	0	0	0	0	0	0	0	0	0	0	0	0	0	0	0	0	0	0	0	0	0	0	0	0	0	0	0	0	0	0	0	0	0	9.042279864e-05	9.042279864e-05	9.042279864e-05	9.042279864e-05	9.042279864e-05	9.042279864e-05	9.042279864e-05	9.042279864e-05	9.042279864e-05	0	0	0	0	0	0	0	0	0	0	0	0	0	0	0	0	0	0	0	0	0	0	0	0	0	0	0	0	0	0	0	0	0	0	0	0	0	0	0	0	0	0	0	0	0	0.0002938740956	0.0002938740956	0.0002938740956	0.0002938740956	0.0002938740956	0.0002938740956	0.0002938740956	0.0002938740956	0.0002938740956	0	0	0	0	0	0	0	0	0	0	0	0	0	0	0	0	0	0	0	0	0	0	0	0	0	0	0	0	0	0	0	0	0	0	0	0	0	0	0	0	0	0	0	0	0	0.001158542108	0.001158542108	0.001158542108	0.001158542108	0.001158542108	0.001158542108	0.001158542108	0.001158542108	0.001158542108	0	0	0	0	0	0	0	0	0	0	0	0	0	0	0	0	0	0	0	0	0	0	0	0	0	0	0	0	0	0	0	0	0	0	0	0	0	0	0	0	0	0	0	0	0	0.004629929862	0.004629929862	0.004629929862	0.004629929862	0.004629929862	0.004629929862	0.004629929862	0.004629929862	0.004629929862	0	0	0	0	0	0	0	0	0	0	0	0	0	0	0	0	0	0	0	0	0	0	0	0	0	0	0	0	0	0	0	0	0	0	0	0	0	0	0	0	0	0	0	0	0	0.0185186598	0.0185186598	0.0185186598	0.0185186598	0.0185186598	0.0185186598	0.0185186598	0.0185186598	0.0185186598	0	0	0	0	0	0	0	0	0	0	0	0
(17,17)	0	0	0	0	0	0	0	0	0	0	0	0	0	0	0	0	0	0	0	0	0	0	0	0	0	0	0	0	0	0	0	0	0	0.004629929862	0.004629929862	0.004629929862	0.004629929862	0.004629929862	0.004629929862	0.004629929862	0.004629929862	0.004629929862	0	0	0	0	0	0	0	0	0	0	0	0	0	0	0	0	0	0	0	0	0	0	0	0	0	0	0	0	0	0	0	0	0	0	0	0	0	0	0	0	0	0	0	0	0	0.001158542108	0.001158542108	0.001158542108	0.001158542108	0.001158542108	0.001158542108	0.001158542108	0.001158542108	0.001158542108	0	0	0	0	0	0	0	0	0	0	0	0	0	0	0	0	0	0	0	0	0	0	0	0	0	0	0	0	0	0	0	0	0	0	0	0	0	0	0	0	0	0	0	0	0	0.0002938740956	0.0002938740956	0.0002938740956	0.0002938740956	0.0002938740956	0.0002938740956	0.0002938740956	0.0002938740956	0.0002938740956	0	0	0	0	0	0	0	0	0	0	0	0	0	0	0	0	0	0	0	0	0	0	0	0	0	0	0	0	0	0	0	0	0	0	0	0	0	0	0	0	0	0	0	0	0	9.042279864e-05	9.042279864e-05	9.042279864e-05	9.042279864e-05	9.042279864e-05	9.042279864e-05	9.042279864e-05	9.042279864e-05	9.042279864e-05	0	0	0	0	0	0	0	0	0	0	0	0	0	0	0	0	0	0	0	0	0	0	0	0	0	0	0	0	0	0	0	0	0	0	0	0	0	0	0	0	0	0	0	0	0	9.042279864e-05	9.042279864e-05	9.042279864e-05	9.042279864e-05	9.042279864e-05	9.042279864e-05	9.042279864e-05	9.042279864e-05	9.042279864e-05	0	0	0	0	0	0	0	0	0	0	0	0	0	0	0	0	0	0	0	0	0	0	0	0	0	0	0	0	0	0	0	0	0	0	0	0	0	0	0	0	0	0	0	0	0	0.0002938740956	0.0002938740956	0.0002938740956	0.0002938740956	0.0002938740956	0.0002938740956	0.0002938740956	0.0002938740956	0.0002938740956	0	0	0	0	0	0	0	0	0	0	0	0	0	0	0	0	0	0	0	0	0	0	0	0	0	0	0	0	0	0	0	0	0	0	0	0	0	0	0	0	0	0	0	0	0	0.001158542108	0.001158542108	0.001158542108	0.001158542108	0.001158542108	0.001158542108	0.001158542108	0.001158542108	0.001158542108	0	0	0	0	0	0	0	0	0	0	0	0	0	0	0	0	0	0	0	0	0	0	0	0	0	0	0	0	0	0	0	0	0	0	0	0	0	0	0	0	0	0	0	0	0	0.004629929862	0.004629929862	0.004629929862	0.004629929862	0.004629929862	0.004629929862	0.004629929862	0.004629929862	0.004629929862	0	0	0	0	0	0	0	0	0	0	0	0	0	0	0	0	0	0	0	0	0	0	0	0	0	0	0	0	0	0	0	0	0	0	0	0	0	0	0	0	0	0	0	0	0	0.0185186598	0.0185186598	0.0185186598	0.0185186598	0.0185186598	0.0185186598	0.0185186598	0.0185186598	0.0185186598	0	0	0	0	0	0	0	0	0	0	0	0
(17,18)	0	0	0	0	0	0	0.1666698456	0	0	0	0	0	0	0	0	0	0	0	0	0	0	0	0	0	0	0	0	0	0	0	0	0	0	0	0	0	0	0	0	0	0	0	0	0	0	0	0	0	0	0	0	0	0	0	0	0	0	0	0	0	0	0.006946166363	0.006946166363	0	0.006946166363	0.006946166363	0	0.006946166363	0.006946166363	0	0	0	0	0	0	0	0	0	0	0	0	0	0	0	0	0	0	0	0	0	0	0	0	0	0	0	0	0	0	0	0	0	0	0	0	0	0	0	0	0	0	0	0	0	0	0.001742899444	0.001742899444	0	0.001742899444	0.001742899444	0	0.001742899444	0.001742899444	0	0	0	0	0	0	0	0	0	0	0	0	0	0	0	0	0	0	0	0	0	0	0	0	0	0	0	0	0	0	0	0	0	0	0	0	0	0	0	0	0	0	0	0	0	0	0	0	0.001383468819	0	0	0.001383468819	0	0	0	0	0	0	0	0	0	0	0	0	0	0	0	0	0	0	0	0	0	0	0	0	0	0	0	0	0	0	0	0	0	0	0	0	0	0	0	0	0	0	0	0	0	0	0	0	0.0002170147167	0.0002170147167	0	0.0002170147167	0.0002170147167	0	0.0002170147167	0.0002170147167	0	0	0	0	0	0	0	0	0	0	0	0	0	0	0	0	0	0	0	0	0	0	0	0	0	0	0	0	0	0	0	0	0	0	0	0	0	0	0	0	0	0	0	0	0	0	0.0004611562731	0.0004611562731	0	0.0004611562731	0.0004611562731	0	0.0004611562731	0.0004611562731	0	0	0	0	0	0	0	0	0	0	0	0	0	0	0	0	0	0	0	0	0	0	0	0	0	0	0	0	0	0	0	0	0	0	0	0	0	0	0	0	0	0	0	0	0	0	0	0	0.005228698331	0	0	0.005228698331	0	0	0	0	0	0	0	0	0	0	0	0	0	0	0	0	0	0	0	0	0	0	0	0	0	0	0	0	0	0	0	0	0	0	0	0	0	0	0	0	0	0	0	0	0	0	0	0	0.006946166363	0.006946166363	0	0.006946166363	0.006946166363	0	0.006946166363	0.006946166363	0	0	0	0	0	0	0	0	0	0	0	0	0	0	0	0	0	0	0	0	0	0	0	0	0	0	0	0	0	0	0	0	0	0	0	0	0	0	0	0	0	0	0	0	0	0	0.0277783076	0.0277783076	0	0.0277783076	0.0277783076	0	0.0277783076	0.0277783076	0	0	0	0	0	0	0	0	0	0	0	0	0	0	0	0	0	0	0	0	0	0	0	0	0	0	0	0	0	0	0	0	0	0	0	0	0	0	0
(17,19)	0	0	0	0	0	0	0	0	0	0	0	0	0	0	0	0	0	0	0	0	0	0	0	0	0	0	0	0	0	0	0	0	0	0	0.004629929862	0.004629929862	0.004629929862	0.004629929862	0.004629929862	0.004629929862	0.004629929862	0.004629929862	0.004629929862	0	0	0	0	0	0	0	0	0	0	0	0	0	0	0	0	0	0	0	0	0	0	0	0	0	0	0	0	0	0	0	0	0	0	0	0	0	0	0	0	0	0	0	0	0	0.001158542108	0.001158542108	0.001158542108	0.001158542108	0.001158542108	0.001158542108	0.001158542108	0.001158542108	0.001158542108	0	0	0	0	0	0	0	0	0	0	0	0	0	0	0	0	0	0	0	0	0	0	0	0	0	0	0	0	0	0	0	0	0	0	0	0	0	0	0	0	0	0	0	0	0	0.0002938740956	0.0002938740956	0.0002938740956	0.0002938740956	0.0002938740956	0.0002938740956	0.0002938740956	0.0002938740956	0.0002938740956	0	0	0	0	0	0	0	0	0	0	0	0	0	0	0	0	0	0	0	0	0	0	0	0	0	0	0	0	0	0	0	0	0	0	0	0	0	0	0	0	0	0	0	0	0	9.042279864e-05	9.042279864e-05	9.042279864e-05	9.042279864e-05	9.042279864e-05	9.042279864e-05	9.042279864e-05	9.042279864e-05	9.042279864e-05	0	0	0	0	0	0	0	0	0	0	0	0	0	0	0	0	0	0	0	0	0	0	0	0	0	0	0	0	0	0	0	0	0	0	0	0	0	0	0	0	0	0	0	0	0	9.042279864e-05	9.042279864e-05	9.042279864e-05	9.042279864e-05	9.042279864e-05	9.042279864e-05	9.042279864e-05	9.042279864e-05	9.042279864e-05	0	0	0	0	0	0	0	0	0	0	0	0	0	0	0	0	0	0	0	0	0	0	0	0	0	0	0	0	0	0	0	0	0	0	0	0	0	0	0	0	0	0	0	0	0	0.0002938740956	0.0002938740956	0.0002938740956	0.0002938740956	0.0002938740956	0.0002938740956	0.0002938740956	0.0002938740956	0.0002938740956	0	0	0	0	0	0	0	0	0	0	0	0	0	0	0	0	0	0	0	0	0	0	0	0	0	0	0	0	0	0	0	0	0	0	0	0	0	0	0	0	0	0	0	0	0	0.001158542108	0.001158542108	0.001158542108	0.001158542108	0.001158542108	0.001158542108	0.001158542108	0.001158542108	0.001158542108	0	0	0	0	0	0	0	0	0	0	0	0	0	0	0	0	0	0	0	0	0	0	0	0	0	0	0	0	0	0	0	0	0	0	0	0	0	0	0	0	0	0	0	0	0	0.004629929862	0.004629929862	0.004629929862	0.004629929862	0.004629929862	0.004629929862	0.004629929862	0.004629929862	0.004629929862	0	0	0	0	0	0	0	0	0	0	0	0	0	0	0	0	0	0	0	0	0	0	0	0	0	0	0	0	0	0	0	0	0	0	0	0	0	0	0	0	0	0	0	0	0	0.0185186598	0.0185186598	0.0185186598	0.0185186598	0.0185186598	0.0185186598	0.0185186598	0.0185186598	0.0185186598	0	0	0	0	0	0	0	0	0	0	0
(17,20)	0	0	0	0	0	0	0	0	0	0	0	0	0	0	0	0	0	0	0	0	0	0	0	0	0	0	0	0	0	0	0	0	0	0	0.004629929862	0.004629929862	0.004629929862	0.004629929862	0.004629929862	0.004629929862	0.004629929862	0.004629929862	0.004629929862	0	0	0	0	0	0	0	0	0	0	0	0	0	0	0	0	0	0	0	0	0	0	0	0	0	0	0	0	0	0	0	0	0	0	0	0	0	0	0	0	0	0	0	0	0	0.001158542108	0.001158542108	0.001158542108	0.001158542108	0.001158542108	0.001158542108	0.001158542108	0.001158542108	0.001158542108	0	0	0	0	0	0	0	0	0	0	0	0	0	0	0	0	0	0	0	0	0	0	0	0	0	0	0	0	0	0	0	0	0	0	0	0	0	0	0	0	0	0	0	0	0	0.0002938740956	0.0002938740956	0.0002938740956	0.0002938740956	0.0002938740956	0.0002938740956	0.0002938740956	0.0002938740956	0.0002938740956	0	0	0	0	0	0	0	0	0	0	0	0	0	0	0	0	0	0	0	0	0	0	0	0	0	0	0	0	0	0	0	0	0	0	0	0	0	0	0	0	0	0	0	0	0	9.042279864e-05	9.042279864e-05	9.042279864e-05	9.042279864e-05	9.042279864e-05	9.042279864e-05	9.042279864e-05	9.042279864e-05	9.042279864e-05	0	0	0	0	0	0	0	0	0	0	0	0	0	0	0	0	0	0	0	0	0	0	0	0	0	0	0	0	0	0	0	0	0	0	0	0	0	0	0	0	0	0	0	0	0	9.042279864e-05	9.042279864e-05	9.042279864e-05	9.042279864e-05	9.042279864e-05	9.042279864e-05	9.042279864e-05	9.042279864e-05	9.042279864e-05	0	0	0	0	0	0	0	0	0	0	0	0	0	0	0	0	0	0	0	0	0	0	0	0	0	0	0	0	0	0	0	0	0	0	0	0	0	0	0	0	0	0	0	0	0	0.0002938740956	0.0002938740956	0.0002938740956	0.0002938740956	0.0002938740956	0.0002938740956	0.0002938740956	0.0002938740956	0.0002938740956	0	0	0	0	0	0	0	0	0	0	0	0	0	0	0	0	0	0	0	0	0	0	0	0	0	0	0	0	0	0	0	0	0	0	0	0	0	0	0	0	0	0	0	0	0	0.001158542108	0.001158542108	0.001158542108	0.001158542108	0.001158542108	0.001158542108	0.001158542108	0.001158542108	0.001158542108	0	0	0	0	0	0	0	0	0	0	0	0	0	0	0	0	0	0	0	0	0	0	0	0	0	0	0	0	0	0	0	0	0	0	0	0	0	0	0	0	0	0	0	0	0	0.004629929862	0.004629929862	0.004629929862	0.004629929862	0.004629929862	0.004629929862	0.004629929862	0.004629929862	0.004629929862	0	0	0	0	0	0	0	0	0	0	0	0	0	0	0	0	0	0	0	0	0	0	0	0	0	0	0	0	0	0	0	0	0	0	0	0	0	0	0	0	0	0	0	0	0	0.0185186598	0.0185186598	0.0185186598	0.0185186598	0.0185186598	0.0185186598	0.0185186598	0.0185186598	0.0185186598	0	0	0	0	0	0	0	0	0	0	0
(17,21)	0	0	0	0	0	0	0	0.1666698456	0	0	0	0	0	0	0	0	0	0	0	0	0	0	0	0	0	0	0	0	0	0	0	0	0	0	0	0	0	0	0	0	0	0	0	0	0	0	0	0	0	0	0	0	0	0	0	0	0	0	0	0	0	0	0.006946166363	0.006946166363	0	0.006946166363	0.006946166363	0	0.006946166363	0.006946166363	0	0	0	0	0	0	0	0	0	0	0	0	0	0	0	0	0	0	0	0	0	0	0	0	0	0	0	0	0	0	0	0	0	0	0	0	0	0	0	0	0	0	0	0	0	0	0.001742899444	0.001742899444	0	0.001742899444	0.001742899444	0	0.001742899444	0.001742899444	0	0	0	0	0	0	0	0	0	0	0	0	0	0	0	0	0	0	0	0	0	0	0	0	0	0	0	0	0	0	0	0	0	0	0	0	0	0	0	0	0	0	0	0	0	0	0	0	0.001383468819	0	0	0.001383468819	0	0	0	0	0	0	0	0	0	0	0	0	0	0	0	0	0	0	0	0	0	0	0	0	0	0	0	0	0	0	0	0	0	0	0	0	0	0	0	0	0	0	0	0	0	0	0	0	0.0002170147167	0.0002170147167	0	0.0002170147167	0.0002170147167	0	0.0002170147167	0.0002170147167	0	0	0	0	0	0	0	0	0	0	0	0	0	0	0	0	0	0	0	0	0	0	0	0	0	0	0	0	0	0	0	0	0	0	0	0	0	0	0	0	0	0	0	0	0	0	0.0004611562731	0.0004611562731	0	0.0004611562731	0.0004611562731	0	0.0004611562731	0.0004611562731	0	0	0	0	0	0	0	0	0	0	0	0	0	0	0	0	0	0	0	0	0	0	0	0	0	0	0	0	0	0	0	0	0	0	0	0	0	0	0	0	0	0	0	0	0	0	0	0	0.005228698331	0	0	0.005228698331	0	0	0	0	0	0	0	0	0	0	0	0	0	0	0	0	0	0	0	0	0	0	0	0	0	0	0	0	0	0	0	0	0	0	0	0	0	0	0	0	0	0	0	0	0	0	0	0	0.006946166363	0.006946166363	0	0.006946166363	0.006946166363	0	0.006946166363	0.006946166363	0	0	0	0	0	0	0	0	0	0	0	0	0	0	0	0	0	0	0	0	0	0	0	0	0	0	0	0	0	0	0	0	0	0	0	0	0	0	0	0	0	0	0	0	0	0	0.0277783076	0.0277783076	0	0.0277783076	0.0277783076	0	0.0277783076	0.0277783076	0	0	0	0	0	0	0	0	0	0	0	0	0	0	0	0	0	0	0	0	0	0	0	0	0	0	0	0	0	0	0	0	0	0	0	0	0	0
(17,22)	0	0	0	0	0	0	0	0	0	0	0	0	0	0	0	0	0	0	0	0	0	0	0	0	0	0	0	0	0	0	0	0	0	0	0	0.004629929862	0.004629929862	0.004629929862	0.004629929862	0.004629929862	0.004629929862	0.004629929862	0.004629929862	0.004629929862	0	0	0	0	0	0	0	0	0	0	0	0	0	0	0	0	0	0	0	0	0	0	0	0	0	0	0	0	0	0	0	0	0	0	0	0	0	0	0	0	0	0	0	0	0	0.001158542108	0.001158542108	0.001158542108	0.001158542108	0.001158542108	0.001158542108	0.001158542108	0.001158542108	0.001158542108	0	0	0	0	0	0	0	0	0	0	0	0	0	0	0	0	0	0	0	0	0	0	0	0	0	0	0	0	0	0	0	0	0	0	0	0	0	0	0	0	0	0	0	0	0	0.0002938740956	0.0002938740956	0.0002938740956	0.0002938740956	0.0002938740956	0.0002938740956	0.0002938740956	0.0002938740956	0.0002938740956	0	0	0	0	0	0	0	0	0	0	0	0	0	0	0	0	0	0	0	0	0	0	0	0	0	0	0	0	0	0	0	0	0	0	0	0	0	0	0	0	0	0	0	0	0	9.042279864e-05	9.042279864e-05	9.042279864e-05	9.042279864e-05	9.042279864e-05	9.042279864e-05	9.042279864e-05	9.042279864e-05	9.042279864e-05	0	0	0	0	0	0	0	0	0	0	0	0	0	0	0	0	0	0	0	0	0	0	0	0	0	0	0	0	0	0	0	0	0	0	0	0	0	0	0	0	0	0	0	0	0	9.042279864e-05	9.042279864e-05	9.042279864e-05	9.042279864e-05	9.042279864e-05	9.042279864e-05	9.042279864e-05	9.042279864e-05	9.042279864e-05	0	0	0	0	0	0	0	0	0	0	0	0	0	0	0	0	0	0	0	0	0	0	0	0	0	0	0	0	0	0	0	0	0	0	0	0	0	0	0	0	0	0	0	0	0	0.0002938740956	0.0002938740956	0.0002938740956	0.0002938740956	0.0002938740956	0.0002938740956	0.0002938740956	0.0002938740956	0.0002938740956	0	0	0	0	0	0	0	0	0	0	0	0	0	0	0	0	0	0	0	0	0	0	0	0	0	0	0	0	0	0	0	0	0	0	0	0	0	0	0	0	0	0	0	0	0	0.001158542108	0.001158542108	0.001158542108	0.001158542108	0.001158542108	0.001158542108	0.001158542108	0.001158542108	0.001158542108	0	0	0	0	0	0	0	0	0	0	0	0	0	0	0	0	0	0	0	0	0	0	0	0	0	0	0	0	0	0	0	0	0	0	0	0	0	0	0	0	0	0	0	0	0	0.004629929862	0.004629929862	0.004629929862	0.004629929862	0.004629929862	0.004629929862	0.004629929862	0.004629929862	0.004629929862	0	0	0	0	0	0	0	0	0	0	0	0	0	0	0	0	0	0	0	0	0	0	0	0	0	0	0	0	0	0	0	0	0	0	0	0	0	0	0	0	0	0	0	0	0	0.0185186598	0.0185186598	0.0185186598	0.0185186598	0.0185186598	0.0185186598	0.0185186598	0.0185186598	0.0185186598	0	0	0	0	0	0	0	0	0	0
(17,23)	0	0	0	0	0	0	0	0	0	0	0	0	0	0	0	0	0	0	0	0	0	0	0	0	0	0	0	0	0	0	0	0	0	0	0	0.004629929862	0.004629929862	0.004629929862	0.004629929862	0.004629929862	0.004629929862	0.004629929862	0.004629929862	0.004629929862	0	0	0	0	0	0	0	0	0	0	0	0	0	0	0	0	0	0	0	0	0	0	0	0	0	0	0	0	0	0	0	0	0	0	0	0	0	0	0	0	0	0	0	0	0	0.001158542108	0.001158542108	0.001158542108	0.001158542108	0.001158542108	0.001158542108	0.001158542108	0.001158542108	0.001158542108	0	0	0	0	0	0	0	0	0	0	0	0	0	0	0	0	0	0	0	0	0	0	0	0	0	0	0	0	0	0	0	0	0	0	0	0	0	0	0	0	0	0	0	0	0	0.0002938740956	0.0002938740956	0.0002938740956	0.0002938740956	0.0002938740956	0.0002938740956	0.0002938740956	0.0002938740956	0.0002938740956	0	0	0	0	0	0	0	0	0	0	0	0	0	0	0	0	0	0	0	0	0	0	0	0	0	0	0	0	0	0	0	0	0	0	0	0	0	0	0	0	0	0	0	0	0	9.042279864e-05	9.042279864e-05	9.042279864e-05	9.042279864e-05	9.042279864e-05	9.042279864e-05	9.042279864e-05	9.042279864e-05	9.042279864e-05	0	0	0	0	0	0	0	0	0	0	0	0	0	0	0	0	0	0	0	0	0	0	0	0	0	0	0	0	0	0	0	0	0	0	0	0	0	0	0	0	0	0	0	0	0	9.042279864e-05	9.042279864e-05	9.042279864e-05	9.042279864e-05	9.042279864e-05	9.042279864e-05	9.042279864e-05	9.042279864e-05	9.042279864e-05	0	0	0	0	0	0	0	0	0	0	0	0	0	0	0	0	0	0	0	0	0	0	0	0	0	0	0	0	0	0	0	0	0	0	0	0	0	0	0	0	0	0	0	0	0	0.0002938740956	0.0002938740956	0.0002938740956	0.0002938740956	0.0002938740956	0.0002938740956	0.0002938740956	0.0002938740956	0.0002938740956	0	0	0	0	0	0	0	0	0	0	0	0	0	0	0	0	0	0	0	0	0	0	0	0	0	0	0	0	0	0	0	0	0	0	0	0	0	0	0	0	0	0	0	0	0	0.001158542108	0.001158542108	0.001158542108	0.001158542108	0.001158542108	0.001158542108	0.001158542108	0.001158542108	0.001158542108	0	0	0	0	0	0	0	0	0	0	0	0	0	0	0	0	0	0	0	0	0	0	0	0	0	0	0	0	0	0	0	0	0	0	0	0	0	0	0	0	0	0	0	0	0	0.004629929862	0.004629929862	0.004629929862	0.004629929862	0.004629929862	0.004629929862	0.004629929862	0.004629929862	0.004629929862	0	0	0	0	0	0	0	0	0	0	0	0	0	0	0	0	0	0	0	0	0	0	0	0	0	0	0	0	0	0	0	0	0	0	0	0	0	0	0	0	0	0	0	0	0	0.0185186598	0.0185186598	0.0185186598	0.0185186598	0.0185186598	0.0185186598	0.0185186598	0.0185186598	0.0185186598	0	0	0	0	0	0	0	0	0	0
(17,24)	0	0	0	0	0	0	0	0	0.1666698456	0	0	0	0	0	0	0	0	0	0	0	0	0	0	0	0	0	0	0	0	0	0	0	0	0	0	0	0	0	0	0	0	0	0	0	0	0	0	0	0	0	0	0	0	0	0	0	0	0	0	0	0	0	0	0.006946166363	0.006946166363	0	0.006946166363	0.006946166363	0	0.006946166363	0.006946166363	0	0	0	0	0	0	0	0	0	0	0	0	0	0	0	0	0	0	0	0	0	0	0	0	0	0	0	0	0	0	0	0	0	0	0	0	0	0	0	0	0	0	0	0	0	0	0.001742899444	0.001742899444	0	0.001742899444	0.001742899444	0	0.001742899444	0.001742899444	0	0	0	0	0	0	0	0	0	0	0	0	0	0	0	0	0	0	0	0	0	0	0	0	0	0	0	0	0	0	0	0	0	0	0	0	0	0	0	0	0	0	0	0	0	0	0	0	0.001383468819	0	0	0.001383468819	0	0	0	0	0	0	0	0	0	0	0	0	0	0	0	0	0	0	0	0	0	0	0	0	0	0	0	0	0	0	0	0	0	0	0	0	0	0	0	0	0	0	0	0	0	0	0	0	0.0002170147167	0.0002170147167	0	0.0002170147167	0.0002170147167	0	0.0002170147167	0.0002170147167	0	0	0	0	0	0	0	0	0	0	0	0	0	0	0	0	0	0	0	0	0	0	0	0	0	0	0	0	0	0	0	0	0	0	0	0	0	0	0	0	0	0	0	0	0	0	0.0004611562731	0.0004611562731	0	0.0004611562731	0.0004611562731	0	0.0004611562731	0.0004611562731	0	0	0	0	0	0	0	0	0	0	0	0	0	0	0	0	0	0	0	0	0	0	0	0	0	0	0	0	0	0	0	0	0	0	0	0	0	0	0	0	0	0	0	0	0	0	0	0	0.005228698331	0	0	0.005228698331	0	0	0	0	0	0	0	0	0	0	0	0	0	0	0	0	0	0	0	0	0	0	0	0	0	0	0	0	0	0	0	0	0	0	0	0	0	0	0	0	0	0	0	0	0	0	0	0	0.006946166363	0.006946166363	0	0.006946166363	0.006946166363	0	0.006946166363	0.006946166363	0	0	0	0	0	0	0	0	0	0	0	0	0	0	0	0	0	0	0	0	0	0	0	0	0	0	0	0	0	0	0	0	0	0	0	0	0	0	0	0	0	0	0	0	0	0	0.0277783076	0.0277783076	0	0.0277783076	0.0277783076	0	0.0277783076	0.0277783076	0	0	0	0	0	0	0	0	0	0	0	0	0	0	0	0	0	0	0	0	0	0	0	0	0	0	0	0	0	0	0	0	0	0	0	0	0
(17,25)	0	0	0	0	0	0	0	0	0	0	0	0	0	0	0	0	0	0	0	0	0	0	0	0	0	0	0	0	0	0	0	0	0	0	0	0	0.004629929862	0.004629929862	0.004629929862	0.004629929862	0.004629929862	0.004629929862	0.004629929862	0.004629929862	0.004629929862	0	0	0	0	0	0	0	0	0	0	0	0	0	0	0	0	0	0	0	0	0	0	0	0	0	0	0	0	0	0	0	0	0	0	0	0	0	0	0	0	0	0	0	0	0	0.001158542108	0.001158542108	0.001158542108	0.001158542108	0.001158542108	0.001158542108	0.001158542108	0.001158542108	0.001158542108	0	0	0	0	0	0	0	0	0	0	0	0	0	0	0	0	0	0	0	0	0	0	0	0	0	0	0	0	0	0	0	0	0	0	0	0	0	0	0	0	0	0	0	0	0	0.0002938740956	0.0002938740956	0.0002938740956	0.0002938740956	0.0002938740956	0.0002938740956	0.0002938740956	0.0002938740956	0.0002938740956	0	0	0	0	0	0	0	0	0	0	0	0	0	0	0	0	0	0	0	0	0	0	0	0	0	0	0	0	0	0	0	0	0	0	0	0	0	0	0	0	0	0	0	0	0	9.042279864e-05	9.042279864e-05	9.042279864e-05	9.042279864e-05	9.042279864e-05	9.042279864e-05	9.042279864e-05	9.042279864e-05	9.042279864e-05	0	0	0	0	0	0	0	0	0	0	0	0	0	0	0	0	0	0	0	0	0	0	0	0	0	0	0	0	0	0	0	0	0	0	0	0	0	0	0	0	0	0	0	0	0	9.042279864e-05	9.042279864e-05	9.042279864e-05	9.042279864e-05	9.042279864e-05	9.042279864e-05	9.042279864e-05	9.042279864e-05	9.042279864e-05	0	0	0	0	0	0	0	0	0	0	0	0	0	0	0	0	0	0	0	0	0	0	0	0	0	0	0	0	0	0	0	0	0	0	0	0	0	0	0	0	0	0	0	0	0	0.0002938740956	0.0002938740956	0.0002938740956	0.0002938740956	0.0002938740956	0.0002938740956	0.0002938740956	0.0002938740956	0.0002938740956	0	0	0	0	0	0	0	0	0	0	0	0	0	0	0	0	0	0	0	0	0	0	0	0	0	0	0	0	0	0	0	0	0	0	0	0	0	0	0	0	0	0	0	0	0	0.001158542108	0.001158542108	0.001158542108	0.001158542108	0.001158542108	0.001158542108	0.001158542108	0.001158542108	0.001158542108	0	0	0	0	0	0	0	0	0	0	0	0	0	0	0	0	0	0	0	0	0	0	0	0	0	0	0	0	0	0	0	0	0	0	0	0	0	0	0	0	0	0	0	0	0	0.004629929862	0.004629929862	0.004629929862	0.004629929862	0.004629929862	0.004629929862	0.004629929862	0.004629929862	0.004629929862	0	0	0	0	0	0	0	0	0	0	0	0	0	0	0	0	0	0	0	0	0	0	0	0	0	0	0	0	0	0	0	0	0	0	0	0	0	0	0	0	0	0	0	0	0	0.0185186598	0.0185186598	0.0185186598	0.0185186598	0.0185186598	0.0185186598	0.0185186598	0.0185186598	0.0185186598	0	0	0	0	0	0	0	0	0
(17,26)	0	0	0	0	0	0	0	0	0	0	0	0	0	0	0	0	0	0	0	0	0	0	0	0	0	0	0	0	0	0	0	0	0	0	0	0	0.004629929862	0.004629929862	0.004629929862	0.004629929862	0.004629929862	0.004629929862	0.004629929862	0.004629929862	0.004629929862	0	0	0	0	0	0	0	0	0	0	0	0	0	0	0	0	0	0	0	0	0	0	0	0	0	0	0	0	0	0	0	0	0	0	0	0	0	0	0	0	0	0	0	0	0	0.001158542108	0.001158542108	0.001158542108	0.001158542108	0.001158542108	0.001158542108	0.001158542108	0.001158542108	0.001158542108	0	0	0	0	0	0	0	0	0	0	0	0	0	0	0	0	0	0	0	0	0	0	0	0	0	0	0	0	0	0	0	0	0	0	0	0	0	0	0	0	0	0	0	0	0	0.0002938740956	0.0002938740956	0.0002938740956	0.0002938740956	0.0002938740956	0.0002938740956	0.0002938740956	0.0002938740956	0.0002938740956	0	0	0	0	0	0	0	0	0	0	0	0	0	0	0	0	0	0	0	0	0	0	0	0	0	0	0	0	0	0	0	0	0	0	0	0	0	0	0	0	0	0	0	0	0	9.042279864e-05	9.042279864e-05	9.042279864e-05	9.042279864e-05	9.042279864e-05	9.042279864e-05	9.042279864e-05	9.042279864e-05	9.042279864e-05	0	0	0	0	0	0	0	0	0	0	0	0	0	0	0	0	0	0	0	0	0	0	0	0	0	0	0	0	0	0	0	0	0	0	0	0	0	0	0	0	0	0	0	0	0	9.042279864e-05	9.042279864e-05	9.042279864e-05	9.042279864e-05	9.042279864e-05	9.042279864e-05	9.042279864e-05	9.042279864e-05	9.042279864e-05	0	0	0	0	0	0	0	0	0	0	0	0	0	0	0	0	0	0	0	0	0	0	0	0	0	0	0	0	0	0	0	0	0	0	0	0	0	0	0	0	0	0	0	0	0	0.0002938740956	0.0002938740956	0.0002938740956	0.0002938740956	0.0002938740956	0.0002938740956	0.0002938740956	0.0002938740956	0.0002938740956	0	0	0	0	0	0	0	0	0	0	0	0	0	0	0	0	0	0	0	0	0	0	0	0	0	0	0	0	0	0	0	0	0	0	0	0	0	0	0	0	0	0	0	0	0	0.001158542108	0.001158542108	0.001158542108	0.001158542108	0.001158542108	0.001158542108	0.001158542108	0.001158542108	0.001158542108	0	0	0	0	0	0	0	0	0	0	0	0	0	0	0	0	0	0	0	0	0	0	0	0	0	0	0	0	0	0	0	0	0	0	0	0	0	0	0	0	0	0	0	0	0	0.004629929862	0.004629929862	0.004629929862	0.004629929862	0.004629929862	0.004629929862	0.004629929862	0.004629929862	0.004629929862	0	0	0	0	0	0	0	0	0	0	0	0	0	0	0	0	0	0	0	0	0	0	0	0	0	0	0	0	0	0	0	0	0	0	0	0	0	0	0	0	0	0	0	0	0	0.0185186598	0.0185186598	0.0185186598	0.0185186598	0.0185186598	0.0185186598	0.0185186598	0.0185186598	0.0185186598	0	0	0	0	0	0	0	0	0
