from_state,to_state,K_derived,K_empirical,diff
(1|0),(1|0),0.166700,0.000000,+0.166700
(1|6),(1|6),0.166700,0.000000,+0.166700
(1|6),(9|5),0.083435,0.000000,+0.083435
(1|6),(9|6),0.166871,0.170114,-0.003243
(1|6),(17|5),0.083388,0.829886,-0.746498
(1|6),(17|6),0.166776,0.000000,+0.166776
(1|6),(25|6),0.166320,0.000000,+0.166320
(1|7),(1|6),0.083350,0.000000,+0.083350
(1|7),(1|7),0.166700,0.000000,+0.166700
(1|7),(9|6),0.083435,0.000000,+0.083435
(1|7),(9|7),0.166871,0.000000,+0.166871
(1|7),(17|6),0.083388,0.000000,+0.083388
(1|7),(17|7),0.166776,0.075168,+0.091608
(1|7),(25|6),0.083160,0.924832,-0.841672
(1|7),(25|7),0.166320,0.000000,+0.166320
(1|8),(1|7),0.083350,0.129502,-0.046152
(1|8),(1|8),0.166700,0.019305,+0.147395
(1|8),(9|7),0.083435,0.000000,+0.083435
(1|8),(9|8),0.166871,0.453511,-0.286640
(1|8),(17|7),0.083388,0.000000,+0.083388
(1|8),(17|8),0.166776,0.340289,-0.173513
(1|8),(25|7),0.083160,0.057392,+0.025768
(1|8),(25|8),0.166320,0.000000,+0.166320
(1|9),(1|8),0.083350,0.065874,+0.017476
(1|9),(1|9),0.166700,0.024906,+0.141794
(1|9),(9|8),0.083435,0.000000,+0.083435
(1|9),(9|9),0.166871,0.019743,+0.147127
(1|9),(17|8),0.083388,0.810038,-0.726650
(1|9),(17|9),0.166776,0.027286,+0.139490
(1|9),(25|8),0.083160,0.043188,+0.039972
(1|9),(25|9),0.166320,0.008965,+0.157355
(1|10),(1|9),0.083350,0.128418,-0.045068
(1|10),(1|10),0.166700,0.085072,+0.081628
(1|10),(9|9),0.083435,0.014948,+0.068487
(1|10),(9|10),0.166871,0.279424,-0.112553
(1|10),(17|9),0.083388,0.139080,-0.055692
(1|10),(17|10),0.166776,0.230853,-0.064077
(1|10),(25|9),0.083160,0.072875,+0.010285
(1|10),(25|10),0.166320,0.049330,+0.116990
(1|11),(1|10),0.083350,0.155651,-0.072301
(1|11),(1|11),0.166700,0.104573,+0.062127
(1|11),(9|10),0.083435,0.032092,+0.051343
(1|11),(9|11),0.166871,0.097917,+0.068954
(1|11),(17|10),0.083388,0.225466,-0.142078
(1|11),(17|11),0.166776,0.149536,+0.017240
(1|11),(25|10),0.083160,0.113916,-0.030756
(1|11),(25|11),0.166320,0.120849,+0.045471
(1|12),(1|11),0.083350,0.106357,-0.023007
(1|12),(1|12),0.166700,0.141124,+0.025576
(1|12),(9|11),0.083435,0.107858,-0.024423
(1|12),(9|12),0.166871,0.115532,+0.051339
(1|12),(17|11),0.083388,0.117981,-0.034593
(1|12),(17|12),0.166776,0.133508,+0.033268
(1|12),(25|11),0.083160,0.140297,-0.057137
(1|12),(25|12),0.166320,0.137343,+0.028977
(1|13),(1|12),0.083350,0.050524,+0.032826
(1|13),(1|13),0.166700,0.133967,+0.032733
(1|13),(9|12),0.083435,0.073667,+0.009769
(1|13),(9|13),0.166871,0.139094,+0.027777
(1|13),(17|12),0.083388,0.105316,-0.021928
(1|13),(17|13),0.166776,0.308738,-0.141962
(1|13),(25|12),0.083160,0.099603,-0.016443
(1|13),(25|13),0.166320,0.089091,+0.077229
(1|14),(1|13),0.083350,0.104649,-0.021299
(1|14),(1|14),0.166700,0.130056,+0.036644
(1|14),(9|13),0.083435,0.098658,-0.015222
(1|14),(9|14),0.166871,0.237861,-0.070991
(1|14),(17|13),0.083388,0.076553,+0.006835
(1|14),(17|14),0.166776,0.140232,+0.026544
(1|14),(25|13),0.083160,0.105146,-0.021986
(1|14),(25|14),0.166320,0.106846,+0.059474
(1|15),(1|14),0.083350,0.101223,-0.017873
(1|15),(1|15),0.166700,0.135987,+0.030713
(1|15),(9|14),0.083435,0.093789,-0.010353
(1|15),(9|15),0.166871,0.141679,+0.025192
(1|15),(17|14),0.083388,0.118082,-0.034694
(1|15),(17|15),0.166776,0.131267,+0.035509
(1|15),(25|14),0.083160,0.113722,-0.030562
(1|15),(25|15),0.166320,0.164252,+0.002068
(1|16),(1|15),0.083350,0.099949,-0.016599
(1|16),(1|16),0.166700,0.139331,+0.027369
(1|16),(9|15),0.083435,0.086132,-0.002697
(1|16),(9|16),0.166871,0.135662,+0.031209
(1|16),(17|15),0.083388,0.101403,-0.018015
(1|16),(17|16),0.166776,0.146495,+0.020281
(1|16),(25|15),0.083160,0.106279,-0.023119
(1|16),(25|16),0.166320,0.184748,-0.018428
(1|17),(1|16),0.083350,0.150928,-0.067578
(1|17),(1|17),0.166700,0.140869,+0.025831
(1|17),(9|16),0.083435,0.099122,-0.015687
(1|17),(9|17),0.166871,0.143067,+0.023803
(1|17),(17|16),0.083388,0.087475,-0.004087
(1|17),(17|17),0.166776,0.146933,+0.019843
(1|17),(25|16),0.083160,0.094396,-0.011236
(1|17),(25|17),0.166320,0.137211,+0.029109
(1|18),(1|17),0.083350,0.106376,-0.023026
(1|18),(1|18),0.166700,0.140940,+0.025760
(1|18),(9|17),0.083435,0.092719,-0.009284
(1|18),(9|18),0.166871,0.158765,+0.008105
(1|18),(17|17),0.083388,0.102941,-0.019553
(1|18),(17|18),0.166776,0.138441,+0.028335
(1|18),(25|17),0.083160,0.098362,-0.015202
(1|18),(25|18),0.166320,0.161456,+0.004864
(1|19),(1|18),0.083350,0.107485,-0.024135
(1|19),(1|19),0.166700,0.142802,+0.023898
(1|19),(9|18),0.083435,0.096646,-0.013211
(1|19),(9|19),0.166871,0.149410,+0.017460
(1|19),(17|18),0.083388,0.101686,-0.018298
(1|19),(17|19),0.166776,0.149957,+0.016819
(1|19),(25|18),0.083160,0.103661,-0.020501
(1|19),(25|19),0.166320,0.148353,+0.017967
(1|20),(1|19),0.083350,0.102068,-0.018718
(1|20),(1|20),0.166700,0.142787,+0.023913
(1|20),(9|19),0.083435,0.110471,-0.027036
(1|20),(9|20),0.166871,0.141733,+0.025138
(1|20),(17|19),0.083388,0.106504,-0.023116
(1|20),(17|20),0.166776,0.147446,+0.019330
(1|20),(25|19),0.083160,0.101172,-0.018012
(1|20),(25|20),0.166320,0.147818,+0.018502
(1|21),(1|20),0.083350,0.105655,-0.022305
(1|21),(1|21),0.166700,0.147964,+0.018736
(1|21),(9|20),0.083435,0.103926,-0.020491
(1|21),(9|21),0.166871,0.144349,+0.022521
(1|21),(17|20),0.083388,0.103711,-0.020323
(1|21),(17|21),0.166776,0.146665,+0.020111
(1|21),(25|20),0.083160,0.103425,-0.020265
(1|21),(25|21),0.166320,0.144305,+0.022015
(1|22),(1|21),0.083350,0.102611,-0.019261
(1|22),(1|22),0.166700,0.142904,+0.023796
(1|22),(9|21),0.083435,0.102118,-0.018683
(1|22),(9|22),0.166871,0.148962,+0.017909
(1|22),(17|21),0.083388,0.105395,-0.022007
(1|22),(17|22),0.166776,0.142211,+0.024565
(1|22),(25|21),0.083160,0.100891,-0.017731
(1|22),(25|22),0.166320,0.154908,+0.011412
(1|23),(1|22),0.083350,0.102554,-0.019204
(1|23),(1|23),0.166700,0.147210,+0.019490
(1|23),(9|22),0.083435,0.102875,-0.019440
(1|23),(9|23),0.166871,0.144069,+0.022802
(1|23),(17|22),0.083388,0.107073,-0.023685
(1|23),(17|23),0.166776,0.148700,+0.018076
(1|23),(25|22),0.083160,0.101550,-0.018390
(1|23),(25|23),0.166320,0.145969,+0.020351
(1|24),(1|23),0.083350,0.102156,-0.018806
(1|24),(1|24),0.166700,0.146013,+0.020687
(1|24),(9|23),0.083435,0.106448,-0.023013
(1|24),(9|24),0.166871,0.142461,+0.024410
(1|24),(17|23),0.083388,0.105342,-0.021954
(1|24),(17|24),0.166776,0.148318,+0.018458
(1|24),(25|23),0.083160,0.103813,-0.020653
(1|24),(25|24),0.166320,0.145449,+0.020871
(1|25),(1|24),0.083350,0.106651,-0.023301
(1|25),(1|25),0.166700,0.144722,+0.021978
(1|25),(9|24),0.083435,0.102888,-0.019453
(1|25),(9|25),0.166871,0.146234,+0.020636
(1|25),(17|24),0.083388,0.101399,-0.018011
(1|25),(17|25),0.166776,0.147818,+0.018958
(1|25),(25|24),0.083160,0.104618,-0.021458
(1|25),(25|25),0.166320,0.145670,+0.020650
(1|26),(1|25),0.083350,0.105279,-0.021929
(1|26),(1|26),0.166700,0.145697,+0.021003
(1|26),(9|25),0.083435,0.103217,-0.019781
(1|26),(9|26),0.166871,0.146907,+0.019964
(1|26),(17|25),0.083388,0.102903,-0.019515
(1|26),(17|26),0.166776,0.146735,+0.020041
(1|26),(25|25),0.083160,0.103340,-0.020180
(1|26),(25|26),0.166320,0.145922,+0.020398
(1|27),(1|26),0.083350,0.104155,-0.020805
(1|27),(1|27),0.166700,0.146207,+0.020493
(1|27),(9|26),0.083435,0.105588,-0.022153
(1|27),(9|27),0.166871,0.145349,+0.021522
(1|27),(17|26),0.083388,0.102739,-0.019351
(1|27),(17|27),0.166776,0.145247,+0.021529
(1|27),(25|26),0.083160,0.103358,-0.020198
(1|27),(25|27),0.166320,0.147357,+0.018963
(1|28),(1|27),0.083350,0.104242,-0.020892
(1|28),(1|28),0.166700,0.145427,+0.021273
(1|28),(9|27),0.083435,0.104035,-0.020599
(1|28),(9|28),0.166871,0.146090,+0.020780
(1|28),(17|27),0.083388,0.104339,-0.020951
(1|28),(17|28),0.166776,0.145233,+0.021543
(1|28),(25|27),0.083160,0.104172,-0.021012
(1|28),(25|28),0.166320,0.146462,+0.019858
(1|29),(1|28),0.083350,0.104218,-0.020868
(1|29),(1|29),0.166700,0.145249,+0.021451
(1|29),(9|28),0.083435,0.103494,-0.020059
(1|29),(9|29),0.166871,0.145589,+0.021282
(1|29),(17|28),0.083388,0.104046,-0.020658
(1|29),(17|29),0.166776,0.146820,+0.019956
(1|29),(25|28),0.083160,0.103905,-0.020745
(1|29),(25|29),0.166320,0.146679,+0.019641
(1|30),(1|29),0.083350,0.103841,-0.020491
(1|30),(1|30),0.166700,0.146070,+0.020630
(1|30),(9|29),0.083435,0.104336,-0.020901
(1|30),(9|30),0.166871,0.146025,+0.020845
(1|30),(17|29),0.083388,0.103576,-0.020188
(1|30),(17|30),0.166776,0.144726,+0.022050
(1|30),(25|29),0.083160,0.104226,-0.021066
(1|30),(25|30),0.166320,0.147201,+0.019119
(1|31),(1|30),0.083350,0.103905,-0.020555
(1|31),(1|31),0.166700,0.144987,+0.021713
(1|31),(9|30),0.083435,0.105196,-0.021761
(1|31),(9|31),0.166871,0.146323,+0.020548
(1|31),(17|30),0.083388,0.104526,-0.021138
(1|31),(17|31),0.166776,0.146984,+0.019792
(1|31),(25|30),0.083160,0.103226,-0.020066
(1|31),(25|31),0.166320,0.144854,+0.021466
(1|32),(1|31),0.083350,0.120853,-0.037503
(1|32),(1|32),0.166700,0.127204,+0.039496
(1|32),(9|31),0.083435,0.120459,-0.037024
(1|32),(9|32),0.166871,0.127364,+0.039507
(1|32),(17|31),0.083388,0.121309,-0.037921
(1|32),(17|32),0.166776,0.129283,+0.037493
(1|32),(25|31),0.083160,0.123281,-0.040121
(1|32),(25|32),0.166320,0.130247,+0.036073
(1|33),(1|32),0.083350,0.126723,-0.043373
(1|33),(1|33),0.166700,0.124890,+0.041810
(1|33),(9|32),0.083435,0.125352,-0.041917
(1|33),(9|33),0.166871,0.122462,+0.044409
(1|33),(17|32),0.083388,0.124994,-0.041606
(1|33),(17|33),0.166776,0.124741,+0.042035
(1|33),(25|32),0.083160,0.127259,-0.044099
(1|33),(25|33),0.166320,0.123579,+0.042741
(1|34),(1|33),0.083350,0.125578,-0.042228
(1|34),(1|34),0.166700,0.123490,+0.043210
(1|34),(9|33),0.083435,0.124683,-0.041248
(1|34),(9|34),0.166871,0.124146,+0.042724
(1|34),(17|33),0.083388,0.126413,-0.043025
(1|34),(17|34),0.166776,0.125488,+0.041288
(1|34),(25|33),0.083160,0.126353,-0.043193
(1|34),(25|34),0.166320,0.123848,+0.042472
(1|35),(1|34),0.083350,0.122941,-0.039591
(1|35),(1|35),0.166700,0.125448,+0.041252
(1|35),(9|34),0.083435,0.124433,-0.040998
(1|35),(9|35),0.166871,0.127417,+0.039454
(1|35),(17|34),0.083388,0.124851,-0.041463
(1|35),(17|35),0.166776,0.123418,+0.043358
(1|35),(25|34),0.083160,0.127417,-0.044257
(1|35),(25|35),0.166320,0.124075,+0.042245
(1|36),(1|35),0.083350,0.123445,-0.040095
(1|36),(1|36),0.166700,0.126644,+0.040056
(1|36),(9|35),0.083435,0.121194,-0.037759
(1|36),(9|36),0.166871,0.132804,+0.034066
(1|36),(17|35),0.083388,0.127592,-0.044204
(1|36),(17|36),0.166776,0.127355,+0.039421
(1|36),(25|35),0.083160,0.118232,-0.035072
(1|36),(25|36),0.166320,0.122734,+0.043586
(1|37),(1|36),0.083350,0.126080,-0.042730
(1|37),(1|37),0.166700,0.120243,+0.046457
(1|37),(9|36),0.083435,0.126547,-0.043111
(1|37),(9|37),0.166871,0.129582,+0.037289
(1|37),(17|36),0.083388,0.120476,-0.037088
(1|37),(17|37),0.166776,0.123278,+0.043498
(1|37),(25|36),0.083160,0.130283,-0.047123
(1|37),(25|37),0.166320,0.123512,+0.042808
(1|38),(1|37),0.083350,0.109558,-0.026208
(1|38),(1|38),0.166700,0.137060,+0.029640
(1|38),(9|37),0.083435,0.127142,-0.043706
(1|38),(9|38),0.166871,0.115419,+0.051451
(1|38),(17|37),0.083388,0.115870,-0.032482
(1|38),(17|38),0.166776,0.130298,+0.036478
(1|38),(25|37),0.083160,0.131199,-0.048039
(1|38),(25|38),0.166320,0.133454,+0.032866
(1|39),(1|38),0.083350,0.148566,-0.065216
(1|39),(1|39),0.166700,0.117828,+0.048872
(1|39),(9|38),0.083435,0.113730,-0.030294
(1|39),(9|39),0.166871,0.144467,+0.022403
(1|39),(17|38),0.083388,0.128074,-0.044686
(1|39),(17|39),0.166776,0.134221,+0.032555
(1|39),(25|38),0.083160,0.100410,-0.017250
(1|39),(25|39),0.166320,0.112705,+0.053615
(1|40),(1|39),0.083350,0.112595,-0.029245
(1|40),(1|40),0.166700,0.118321,+0.048379
(1|40),(9|39),0.083435,0.150763,-0.067328
(1|40),(9|40),0.166871,0.114504,+0.052367
(1|40),(17|39),0.083388,0.122137,-0.038749
(1|40),(17|40),0.166776,0.139313,+0.027463
(1|40),(25|39),0.083160,0.112595,-0.029435
(1|40),(25|40),0.166320,0.129771,+0.036549
(1|41),(1|40),0.083350,0.127148,-0.043798
(1|41),(1|41),0.166700,0.158076,+0.008624
(1|41),(9|40),0.083435,0.099656,-0.016221
(1|41),(9|41),0.166871,0.127148,+0.039723
(1|41),(17|40),0.083388,0.158076,-0.074688
(1|41),(17|41),0.166776,0.120275,+0.046501
(1|41),(25|40),0.083160,0.123711,-0.040551
(1|41),(25|41),0.166320,0.085911,+0.080409
(1|42),(1|41),0.083350,0.135338,-0.051988
(1|42),(1|42),0.166700,0.127820,+0.038880
(1|42),(9|41),0.083435,0.112782,-0.029347
(1|42),(9|42),0.166871,0.165414,+0.001457
(1|42),(17|41),0.083388,0.120301,-0.036913
(1|42),(17|42),0.166776,0.112782,+0.053994
(1|42),(25|41),0.083160,0.127820,-0.044660
(1|42),(25|42),0.166320,0.097744,+0.068576
(1|43),(1|42),0.083350,0.101449,-0.018099
(1|43),(1|43),0.166700,0.159420,+0.007280
(1|43),(9|42),0.083435,0.101449,-0.018014
(1|43),(9|43),0.166871,0.072464,+0.094407
(1|43),(17|42),0.083388,0.173913,-0.090525
(1|43),(17|43),0.166776,0.144928,+0.021848
(1|43),(25|42),0.083160,0.144928,-0.061768
(1|43),(25|43),0.166320,0.101449,+0.064871
(3|5),(5|5),0.166698,0.000000,+0.166698
(3|5),(5|6),0.333396,0.000000,+0.333396
(3|5),(21|5),0.166635,1.000000,-0.833365
(3|5),(21|6),0.333271,0.000000,+0.333271
(3|6),(5|6),0.166698,1.000000,-0.833302
(3|6),(5|7),0.333396,0.000000,+0.333396
(3|6),(21|6),0.166635,0.000000,+0.166635
(3|6),(21|7),0.333271,0.000000,+0.333271
(3|7),(5|7),0.166698,0.315059,-0.148361
(3|7),(5|8),0.333396,0.000000,+0.333396
(3|7),(21|7),0.166635,0.157913,+0.008722
(3|7),(21|8),0.333271,0.527028,-0.193757
(3|8),(5|8),0.166698,0.826124,-0.659426
(3|8),(5|9),0.333396,0.047767,+0.285629
(3|8),(21|8),0.166635,0.000000,+0.166635
(3|8),(21|9),0.333271,0.126109,+0.207162
(3|9),(5|9),0.166698,0.193048,-0.026350
(3|9),(5|10),0.333396,0.087383,+0.246013
(3|9),(21|9),0.166635,0.445079,-0.278444
(3|9),(21|10),0.333271,0.274489,+0.058781
(3|10),(5|10),0.166698,0.180800,-0.014102
(3|10),(5|11),0.333396,0.330289,+0.003107
(3|10),(21|10),0.166635,0.123905,+0.042730
(3|10),(21|11),0.333271,0.365007,-0.031736
(3|11),(5|11),0.166698,0.782237,-0.615539
(3|11),(5|12),0.333396,0.069086,+0.264310
(3|11),(21|11),0.166635,0.057511,+0.109125
(3|11),(21|12),0.333271,0.091167,+0.242104
(3|12),(5|12),0.166698,0.151370,+0.015328
(3|12),(5|13),0.333396,0.372381,-0.038985
(3|12),(21|12),0.166635,0.154177,+0.012459
(3|12),(21|13),0.333271,0.322071,+0.011199
(3|13),(5|13),0.166698,0.232494,-0.065796
(3|13),(5|14),0.333396,0.324148,+0.009248
(3|13),(21|13),0.166635,0.156366,+0.010269
(3|13),(21|14),0.333271,0.286992,+0.046279
(3|14),(5|14),0.166698,0.171877,-0.005179
(3|14),(5|15),0.333396,0.295182,+0.038214
(3|14),(21|14),0.166635,0.211856,-0.045220
(3|14),(21|15),0.333271,0.321086,+0.012185
(3|15),(5|15),0.166698,0.186231,-0.019533
(3|15),(5|16),0.333396,0.283014,+0.050382
(3|15),(21|15),0.166635,0.274376,-0.107740
(3|15),(21|16),0.333271,0.256379,+0.076891
(3|16),(5|16),0.166698,0.211415,-0.044717
(3|16),(5|17),0.333396,0.289174,+0.044222
(3|16),(21|16),0.166635,0.209125,-0.042490
(3|16),(21|17),0.333271,0.290286,+0.042985
(3|17),(5|17),0.166698,0.209877,-0.043179
(3|17),(5|18),0.333396,0.272366,+0.061030
(3|17),(21|17),0.166635,0.200257,-0.033621
(3|17),(21|18),0.333271,0.317500,+0.015770
(3|18),(5|18),0.166698,0.200883,-0.034185
(3|18),(5|19),0.333396,0.285289,+0.048107
(3|18),(21|18),0.166635,0.222383,-0.055748
(3|18),(21|19),0.333271,0.291445,+0.041826
(3|19),(5|19),0.166698,0.203725,-0.037027
(3|19),(5|20),0.333396,0.304314,+0.029082
(3|19),(21|19),0.166635,0.216104,-0.049468
(3|19),(21|20),0.333271,0.275858,+0.057413
(3|20),(5|20),0.166698,0.204761,-0.038063
(3|20),(5|21),0.333396,0.286199,+0.047197
(3|20),(21|20),0.166635,0.216318,-0.049683
(3|20),(21|21),0.333271,0.292721,+0.040549
(3|21),(5|21),0.166698,0.211856,-0.045158
(3|21),(5|22),0.333396,0.297961,+0.035435
(3|21),(21|21),0.166635,0.201235,-0.034600
(3|21),(21|22),0.333271,0.288948,+0.044322
(3|22),(5|22),0.166698,0.207377,-0.040679
(3|22),(5|23),0.333396,0.292998,+0.040398
(3|22),(21|22),0.166635,0.205665,-0.039030
(3|22),(21|23),0.333271,0.293960,+0.039311
(3|23),(5|23),0.166698,0.205509,-0.038811
(3|23),(5|24),0.333396,0.289692,+0.043704
(3|23),(21|23),0.166635,0.212540,-0.045905
(3|23),(21|24),0.333271,0.292259,+0.041011
(3|24),(5|24),0.166698,0.204545,-0.037847
(3|24),(5|25),0.333396,0.290450,+0.042946
(3|24),(21|24),0.166635,0.208434,-0.041798
(3|24),(21|25),0.333271,0.296571,+0.036700
(3|25),(5|25),0.166698,0.206138,-0.039440
(3|25),(5|26),0.333396,0.289920,+0.043476
(3|25),(21|25),0.166635,0.210467,-0.043832
(3|25),(21|26),0.333271,0.293475,+0.039796
(3|26),(5|26),0.166698,0.207610,-0.040912
(3|26),(5|27),0.333396,0.292492,+0.040904
(3|26),(21|26),0.166635,0.206087,-0.039451
(3|26),(21|27),0.333271,0.293812,+0.039459
(3|27),(5|27),0.166698,0.208182,-0.041484
(3|27),(5|28),0.333396,0.292779,+0.040617
(3|27),(21|27),0.166635,0.205699,-0.039063
(3|27),(21|28),0.333271,0.293340,+0.039931
(3|28),(5|28),0.166698,0.205189,-0.038491
(3|28),(5|29),0.333396,0.293424,+0.039972
(3|28),(21|28),0.166635,0.208251,-0.041616
(3|28),(21|29),0.333271,0.293136,+0.040135
(3|29),(5|29),0.166698,0.206965,-0.040267
(3|29),(5|30),0.333396,0.293380,+0.040016
(3|29),(21|29),0.166635,0.208221,-0.041586
(3|29),(21|30),0.333271,0.291434,+0.041837
(3|30),(5|30),0.166698,0.208936,-0.042238
(3|30),(5|31),0.333396,0.292227,+0.041169
(3|30),(21|30),0.166635,0.207600,-0.040965
(3|30),(21|31),0.333271,0.291237,+0.042034
(3|31),(5|31),0.166698,0.209264,-0.042566
(3|31),(5|32),0.333396,0.290937,+0.042459
(3|31),(21|31),0.166635,0.208755,-0.042120
(3|31),(21|32),0.333271,0.291043,+0.042227
(3|32),(5|32),0.166698,0.241015,-0.074317
(3|32),(5|33),0.333396,0.258217,+0.075179
(3|32),(21|32),0.166635,0.243614,-0.076978
(3|32),(21|33),0.333271,0.257154,+0.076116
(3|33),(5|33),0.166698,0.249870,-0.083172
(3|33),(5|34),0.333396,0.247226,+0.086170
(3|33),(21|33),0.166635,0.253123,-0.086487
(3|33),(21|34),0.333271,0.249781,+0.083490
(3|34),(5|34),0.166698,0.252133,-0.085435
(3|34),(5|35),0.333396,0.251277,+0.082119
(3|34),(21|34),0.166635,0.248768,-0.082132
(3|34),(21|35),0.333271,0.247823,+0.085448
(3|35),(5|35),0.166698,0.251171,-0.084473
(3|35),(5|36),0.333396,0.250745,+0.082651
(3|35),(21|35),0.166635,0.254030,-0.087395
(3|35),(21|36),0.333271,0.244054,+0.089217
(3|36),(5|36),0.166698,0.253719,-0.087021
(3|36),(5|37),0.333396,0.250088,+0.083308
(3|36),(21|36),0.166635,0.246574,-0.079938
(3|36),(21|37),0.333271,0.249619,+0.083651
(3|37),(5|37),0.166698,0.245668,-0.078970
(3|37),(5|38),0.333396,0.252552,+0.080844
(3|37),(21|37),0.166635,0.250415,-0.083780
(3|37),(21|38),0.333271,0.251365,+0.081906
(3|38),(5|38),0.166698,0.262408,-0.095710
(3|38),(5|39),0.333396,0.247666,+0.085730
(3|38),(21|38),0.166635,0.248157,-0.081522
(3|38),(21|39),0.333271,0.241769,+0.091502
(3|39),(5|39),0.166698,0.257491,-0.090793
(3|39),(5|40),0.333396,0.260300,+0.073096
(3|39),(21|39),0.166635,0.229401,-0.062765
(3|39),(21|40),0.333271,0.252809,+0.080462
(3|40),(5|40),0.166698,0.270793,-0.104095
(3|40),(5|41),0.333396,0.274662,+0.058734
(3|40),(21|40),0.166635,0.212766,-0.046131
(3|40),(21|41),0.333271,0.241779,+0.091491
(3|41),(5|41),0.166698,0.278689,-0.111991
(3|41),(5|42),0.333396,0.254098,+0.079298
(3|41),(21|41),0.166635,0.258197,-0.091561
(3|41),(21|42),0.333271,0.209016,+0.124254
(3|42),(5|42),0.166698,0.254902,-0.088204
(3|42),(5|43),0.333396,0.248366,+0.085030
(3|42),(21|42),0.166635,0.235294,-0.068659
(3|42),(21|43),0.333271,0.261438,+0.071833
(3|43),(5|43),0.166698,0.129032,+0.037666
(3|43),(21|43),0.166635,0.241935,-0.075300
(5|2),(1|0),0.041799,1.000000,-0.958201
(5|5),(5|2),0.021035,0.000000,+0.021035
(5|5),(7|2),0.020870,1.000000,-0.979130
(5|5),(11|3),0.041604,0.000000,+0.041604
(5|5),(13|3),0.041025,0.000000,+0.041025
(5|6),(11|3),0.020802,0.000000,+0.020802
(5|6),(13|3),0.020513,0.000000,+0.020513
(5|6),(17|4),0.041413,0.000000,+0.041413
(5|6),(19|4),0.041612,1.000000,-0.958388
(5|6),(23|4),0.042324,0.000000,+0.042324
(5|6),(25|4),0.041440,0.000000,+0.041440
(5|6),(29|4),0.041721,0.000000,+0.041721
(5|6),(31|4),0.041927,0.000000,+0.041927
(5|7),(3|5),0.041957,0.000000,+0.041957
(5|7),(5|5),0.042071,0.544376,-0.502305
(5|7),(9|5),0.041572,0.000000,+0.041572
(5|7),(11|5),0.041604,0.292760,-0.251156
(5|7),(15|5),0.041691,0.000000,+0.041691
(5|7),(17|4),0.020707,0.000000,+0.020707
(5|7),(17|5),0.041413,0.000000,+0.041413
(5|7),(19|4),0.020806,0.000000,+0.020806
(5|7),(21|5),0.041611,0.000000,+0.041611
(5|7),(23|4),0.021162,0.000000,+0.021162
(5|7),(23|5),0.042324,0.000000,+0.042324
(5|7),(25|4),0.020720,0.162864,-0.142144
(5|7),(27|5),0.041160,0.000000,+0.041160
(5|7),(29|4),0.020861,0.000000,+0.020861
(5|7),(29|5),0.041721,0.000000,+0.041721
(5|7),(31|4),0.020963,0.000000,+0.020963
(5|8),(1|6),0.041799,0.000000,+0.041799
(5|8),(3|5),0.020979,0.000000,+0.020979
(5|8),(3|6),0.041957,0.000000,+0.041957
(5|8),(5|5),0.021035,0.000000,+0.021035
(5|8),(5|6),0.042071,0.000000,+0.042071
(5|8),(7|6),0.041740,0.000000,+0.041740
(5|8),(9|5),0.020786,0.000000,+0.020786
(5|8),(9|6),0.041572,0.032472,+0.009100
(5|8),(11|5),0.020802,0.000000,+0.020802
(5|8),(11|6),0.041604,0.000000,+0.041604
(5|8),(13|6),0.041025,0.000000,+0.041025
(5|8),(15|5),0.020845,0.000000,+0.020845
(5|8),(15|6),0.041691,0.005367,+0.036323
(5|8),(17|5),0.020707,0.000000,+0.020707
(5|8),(17|6),0.041413,0.000000,+0.041413
(5|8),(19|6),0.041612,0.000000,+0.041612
(5|8),(21|5),0.020805,0.000000,+0.020805
(5|8),(21|6),0.041611,0.000000,+0.041611
(5|8),(23|5),0.021162,0.009652,+0.011510
(5|8),(23|6),0.042324,0.000000,+0.042324
(5|8),(25|6),0.041440,0.000000,+0.041440
(5|8),(27|5),0.020580,0.000000,+0.020580
(5|8),(27|6),0.041160,0.153080,-0.111920
(5|8),(29|5),0.020861,0.799428,-0.778567
(5|8),(29|6),0.041721,0.000000,+0.041721
(5|8),(31|6),0.041927,0.000000,+0.041927
(5|9),(1|6),0.020899,0.096316,-0.075416
(5|9),(1|7),0.041799,0.000000,+0.041799
(5|9),(3|6),0.020979,0.000000,+0.020979
(5|9),(3|7),0.041957,0.018743,+0.023215
(5|9),(5|6),0.021035,0.000000,+0.021035
(5|9),(5|7),0.042071,0.013079,+0.028992
(5|9),(7|6),0.020870,0.000000,+0.020870
(5|9),(7|7),0.041740,0.000000,+0.041740
(5|9),(9|6),0.020786,0.000000,+0.020786
(5|9),(9|7),0.041572,0.199596,-0.158024
(5|9),(11|6),0.020802,0.000000,+0.020802
(5|9),(11|7),0.041604,0.000000,+0.041604
(5|9),(13|6),0.020513,0.111515,-0.091003
(5|9),(13|7),0.041025,0.000000,+0.041025
(5|9),(15|6),0.020845,0.000000,+0.020845
(5|9),(15|7),0.041691,0.000000,+0.041691
(5|9),(17|6),0.020707,0.000000,+0.020707
(5|9),(17|7),0.041413,0.173368,-0.131955
(5|9),(19|6),0.020806,0.056799,-0.035993
(5|9),(19|7),0.041612,0.000000,+0.041612
(5|9),(21|6),0.020805,0.000000,+0.020805
(5|9),(21|7),0.041611,0.093636,-0.052026
(5|9),(23|6),0.021162,0.000000,+0.021162
(5|9),(23|7),0.042324,0.170905,-0.128581
(5|9),(25|6),0.020720,0.000000,+0.020720
(5|9),(25|7),0.041440,0.000000,+0.041440
(5|9),(27|6),0.020580,0.000000,+0.020580
(5|9),(27|7),0.041160,0.007828,+0.033332
(5|9),(29|6),0.020861,0.000000,+0.020861
(5|9),(29|7),0.041721,0.000000,+0.041721
(5|9),(31|6),0.020963,0.058215,-0.037251
(5|9),(31|7),0.041927,0.000000,+0.041927
(5|10),(1|7),0.020899,0.000000,+0.020899
(5|10),(1|8),0.041799,0.034594,+0.007204
(5|10),(3|7),0.020979,0.000000,+0.020979
(5|10),(3|8),0.041957,0.016820,+0.025138
(5|10),(5|7),0.021035,0.000000,+0.021035
(5|10),(5|8),0.042071,0.008994,+0.033076
(5|10),(7|7),0.020870,0.039679,-0.018809
(5|10),(7|8),0.041740,0.003833,+0.037907
(5|10),(9|7),0.020786,0.000000,+0.020786
(5|10),(9|8),0.041572,0.022865,+0.018707
(5|10),(11|7),0.020802,0.092825,-0.072023
(5|10),(11|8),0.041604,0.038688,+0.002916
(5|10),(13|7),0.020513,0.320665,-0.300152
(5|10),(13|8),0.041025,0.000000,+0.041025
(5|10),(15|7),0.020845,0.000000,+0.020845
(5|10),(15|8),0.041691,0.068958,-0.027267
(5|10),(17|7),0.020707,0.012133,+0.008574
(5|10),(17|8),0.041413,0.000000,+0.041413
(5|10),(19|7),0.020806,0.000000,+0.020806
(5|10),(19|8),0.041612,0.051651,-0.010039
(5|10),(21|7),0.020805,0.000000,+0.020805
(5|10),(21|8),0.041611,0.037537,+0.004074
(5|10),(23|7),0.021162,0.000000,+0.021162
(5|10),(23|8),0.042324,0.104715,-0.062391
(5|10),(25|7),0.020720,0.014785,+0.005935
(5|10),(25|8),0.041440,0.038759,+0.002681
(5|10),(27|7),0.020580,0.000000,+0.020580
(5|10),(27|8),0.041160,0.006431,+0.034729
(5|10),(29|7),0.020861,0.047309,-0.026448
(5|10),(29|8),0.041721,0.010264,+0.031457
(5|10),(31|7),0.020963,0.028495,-0.007532
(5|10),(31|8),0.041927,0.000000,+0.041927
(5|11),(1|8),0.020899,0.003756,+0.017144
(5|11),(1|9),0.041799,0.772321,-0.730522
(5|11),(3|8),0.020979,0.007026,+0.013953
(5|11),(3|9),0.041957,0.009510,+0.032447
(5|11),(5|8),0.021035,0.001391,+0.019645
(5|11),(5|9),0.042071,0.005529,+0.036541
(5|11),(7|8),0.020870,0.008728,+0.012142
(5|11),(7|9),0.041740,0.002502,+0.039238
(5|11),(9|8),0.020786,0.003472,+0.017314
(5|11),(9|9),0.041572,0.005006,+0.036566
(5|11),(11|8),0.020802,0.000000,+0.020802
(5|11),(11|9),0.041604,0.002065,+0.039539
(5|11),(13|8),0.020513,0.010713,+0.009799
(5|11),(13|9),0.041025,0.006369,+0.034656
(5|11),(15|8),0.020845,0.000000,+0.020845
(5|11),(15|9),0.041691,0.010483,+0.031208
(5|11),(17|8),0.020707,0.002195,+0.018512
(5|11),(17|9),0.041413,0.006172,+0.035242
(5|11),(19|8),0.020806,0.002300,+0.018506
(5|11),(19|9),0.041612,0.004864,+0.036748
(5|11),(21|8),0.020805,0.016495,+0.004310
(5|11),(21|9),0.041611,0.001754,+0.039857
(5|11),(23|8),0.021162,0.004301,+0.016861
(5|11),(23|9),0.042324,0.006837,+0.035487
(5|11),(25|8),0.020720,0.035296,-0.014576
(5|11),(25|9),0.041440,0.001510,+0.039930
(5|11),(27|8),0.020580,0.005714,+0.014866
(5|11),(27|9),0.041160,0.011226,+0.029934
(5|11),(29|8),0.020861,0.000000,+0.020861
(5|11),(29|9),0.041721,0.036851,+0.004871
(5|11),(31|8),0.020963,0.014734,+0.006229
(5|11),(31|9),0.041927,0.000880,+0.041046
(5|12),(1|9),0.020899,0.030544,-0.009644
(5|12),(1|10),0.041799,0.035006,+0.006792
(5|12),(3|9),0.020979,0.001403,+0.019576
(5|12),(3|10),0.041957,0.040338,+0.001619
(5|12),(5|9),0.021035,0.027176,-0.006141
(5|12),(5|10),0.042071,0.042099,-0.000028
(5|12),(7|9),0.020870,0.027088,-0.006218
(5|12),(7|10),0.041740,0.060879,-0.019139
(5|12),(9|9),0.020786,0.034120,-0.013334
(5|12),(9|10),0.041572,0.018637,+0.022935
(5|12),(11|9),0.020802,0.053302,-0.032500
(5|12),(11|10),0.041604,0.054199,-0.012595
(5|12),(13|9),0.020513,0.007934,+0.012578
(5|12),(13|10),0.041025,0.030489,+0.010537
(5|12),(15|9),0.020845,0.030329,-0.009484
(5|12),(15|10),0.041691,0.032585,+0.009105
(5|12),(17|9),0.020707,0.036393,-0.015686
(5|12),(17|10),0.041413,0.006196,+0.035218
(5|12),(19|9),0.020806,0.017261,+0.003545
(5|12),(19|10),0.041612,0.019489,+0.022123
(5|12),(21|9),0.020805,0.036085,-0.015279
(5|12),(21|10),0.041611,0.045714,-0.004103
(5|12),(23|9),0.021162,0.012303,+0.008859
(5|12),(23|10),0.042324,0.026753,+0.015571
(5|12),(25|9),0.020720,0.021426,-0.000706
(5|12),(25|10),0.041440,0.039331,+0.002109
(5|12),(27|9),0.020580,0.072852,-0.052272
(5|12),(27|10),0.041160,0.018835,+0.022325
(5|12),(29|9),0.020861,0.024904,-0.004043
(5|12),(29|10),0.041721,0.027099,+0.014622
(5|12),(31|9),0.020963,0.053841,-0.032878
(5|12),(31|10),0.041927,0.015390,+0.026536
(5|13),(1|10),0.020899,0.008261,+0.012638
(5|13),(1|11),0.041799,0.026100,+0.015699
(5|13),(3|10),0.020979,0.016510,+0.004468
(5|13),(3|11),0.041957,0.012767,+0.029190
(5|13),(5|10),0.021035,0.024102,-0.003066
(5|13),(5|11),0.042071,0.029358,+0.012713
(5|13),(7|10),0.020870,0.026156,-0.005286
(5|13),(7|11),0.041740,0.025474,+0.016266
(5|13),(9|10),0.020786,0.020282,+0.000504
(5|13),(9|11),0.041572,0.027452,+0.014120
(5|13),(11|10),0.020802,0.030870,-0.010068
(5|13),(11|11),0.041604,0.016843,+0.024761
(5|13),(13|10),0.020513,0.028672,-0.008159
(5|13),(13|11),0.041025,0.073500,-0.032475
(5|13),(15|10),0.020845,0.028379,-0.007533
(5|13),(15|11),0.041691,0.096547,-0.054856
(5|13),(17|10),0.020707,0.014597,+0.006110
(5|13),(17|11),0.041413,0.058591,-0.017177
(5|13),(19|10),0.020806,0.061115,-0.040309
(5|13),(19|11),0.041612,0.017871,+0.023741
(5|13),(21|10),0.020805,0.014203,+0.006602
(5|13),(21|11),0.041611,0.023480,+0.018131
(5|13),(23|10),0.021162,0.003109,+0.018053
(5|13),(23|11),0.042324,0.027612,+0.014712
(5|13),(25|10),0.020720,0.011114,+0.009606
(5|13),(25|11),0.041440,0.022332,+0.019108
(5|13),(27|10),0.020580,0.015343,+0.005237
(5|13),(27|11),0.041160,0.028495,+0.012665
(5|13),(29|10),0.020861,0.009645,+0.011215
(5|13),(29|11),0.041721,0.062459,-0.020737
(5|13),(31|10),0.020963,0.080863,-0.059899
(5|13),(31|11),0.041927,0.057901,-0.015974
(5|14),(1|11),0.020899,0.021663,-0.000764
(5|14),(1|12),0.041799,0.027279,+0.014519
(5|14),(3|11),0.020979,0.027275,-0.006296
(5|14),(3|12),0.041957,0.034858,+0.007100
(5|14),(5|11),0.021035,0.022521,-0.001485
(5|14),(5|12),0.042071,0.041783,+0.000287
(5|14),(7|11),0.020870,0.013027,+0.007843
(5|14),(7|12),0.041740,0.020978,+0.020762
(5|14),(9|11),0.020786,0.021346,-0.000560
(5|14),(9|12),0.041572,0.028724,+0.012848
(5|14),(11|11),0.020802,0.029199,-0.008397
(5|14),(11|12),0.041604,0.042552,-0.000948
(5|14),(13|11),0.020513,0.039886,-0.019374
(5|14),(13|12),0.041025,0.025242,+0.015783
(5|14),(15|11),0.020845,0.015366,+0.005479
(5|14),(15|12),0.041691,0.032383,+0.009308
(5|14),(17|11),0.020707,0.016513,+0.004194
(5|14),(17|12),0.041413,0.152131,-0.110717
(5|14),(19|11),0.020806,0.025555,-0.004749
(5|14),(19|12),0.041612,0.030327,+0.011285
(5|14),(21|11),0.020805,0.013656,+0.007149
(5|14),(21|12),0.041611,0.048485,-0.006875
(5|14),(23|11),0.021162,0.022022,-0.000860
(5|14),(23|12),0.042324,0.037057,+0.005267
(5|14),(25|11),0.020720,0.027880,-0.007160
(5|14),(25|12),0.041440,0.023360,+0.018080
(5|14),(27|11),0.020580,0.017678,+0.002902
(5|14),(27|12),0.041160,0.030355,+0.010805
(5|14),(29|11),0.020861,0.030397,-0.009537
(5|14),(29|12),0.041721,0.029847,+0.011874
(5|14),(31|11),0.020963,0.023560,-0.002597
(5|14),(31|12),0.041927,0.027093,+0.014834
(5|15),(1|12),0.020899,0.020450,+0.000449
(5|15),(1|13),0.041799,0.032445,+0.009354
(5|15),(3|12),0.020979,0.018916,+0.002063
(5|15),(3|13),0.041957,0.034404,+0.007553
(5|15),(5|12),0.021035,0.020562,+0.000473
(5|15),(5|13),0.042071,0.040193,+0.001877
(5|15),(7|12),0.020870,0.021309,-0.000439
(5|15),(7|13),0.041740,0.031111,+0.010629
(5|15),(9|12),0.020786,0.056827,-0.036041
(5|15),(9|13),0.041572,0.031000,+0.010572
(5|15),(11|12),0.020802,0.018719,+0.002083
(5|15),(11|13),0.041604,0.055230,-0.013626
(5|15),(13|12),0.020513,0.034109,-0.013596
(5|15),(13|13),0.041025,0.039366,+0.001660
(5|15),(15|12),0.020845,0.030758,-0.009913
(5|15),(15|13),0.041691,0.020405,+0.021285
(5|15),(17|12),0.020707,0.016401,+0.004305
(5|15),(17|13),0.041413,0.023609,+0.017805
(5|15),(19|12),0.020806,0.020732,+0.000074
(5|15),(19|13),0.041612,0.035635,+0.005977
(5|15),(21|12),0.020805,0.059029,-0.038223
(5|15),(21|13),0.041611,0.034270,+0.007341
(5|15),(23|12),0.021162,0.020464,+0.000698
(5|15),(23|13),0.042324,0.028320,+0.014004
(5|15),(25|12),0.020720,0.009650,+0.011070
(5|15),(25|13),0.041440,0.091160,-0.049720
(5|15),(27|12),0.020580,0.022987,-0.002407
(5|15),(27|13),0.041160,0.027215,+0.013945
(5|15),(29|12),0.020861,0.019189,+0.001672
(5|15),(29|13),0.041721,0.035527,+0.006194
(5|15),(31|12),0.020963,0.027599,-0.006636
(5|15),(31|13),0.041927,0.022410,+0.019517
(5|16),(1|13),0.020899,0.025379,-0.004480
(5|16),(1|14),0.041799,0.030623,+0.011176
(5|16),(3|13),0.020979,0.025106,-0.004127
(5|16),(3|14),0.041957,0.041009,+0.000948
(5|16),(5|13),0.021035,0.015830,+0.005205
(5|16),(5|14),0.042071,0.043981,-0.001911
(5|16),(7|13),0.020870,0.020477,+0.000393
(5|16),(7|14),0.041740,0.047773,-0.006033
(5|16),(9|13),0.020786,0.025912,-0.005126
(5|16),(9|14),0.041572,0.028779,+0.012793
(5|16),(11|13),0.020802,0.023158,-0.002356
(5|16),(11|14),0.041604,0.038246,+0.003358
(5|16),(13|13),0.020513,0.028452,-0.007939
(5|16),(13|14),0.041025,0.042843,-0.001818
(5|16),(15|13),0.020845,0.020555,+0.000291
(5|16),(15|14),0.041691,0.041464,+0.000226
(5|16),(17|13),0.020707,0.032926,-0.012219
(5|16),(17|14),0.041413,0.032311,+0.009102
(5|16),(19|13),0.020806,0.017091,+0.003715
(5|16),(19|14),0.041612,0.052356,-0.010744
(5|16),(21|13),0.020805,0.041970,-0.021164
(5|16),(21|14),0.041611,0.034109,+0.007502
(5|16),(23|13),0.021162,0.021561,-0.000399
(5|16),(23|14),0.042324,0.037040,+0.005284
(5|16),(25|13),0.020720,0.022484,-0.001764
(5|16),(25|14),0.041440,0.033608,+0.007832
(5|16),(27|13),0.020580,0.025102,-0.004522
(5|16),(27|14),0.041160,0.028442,+0.012718
(5|16),(29|13),0.020861,0.023613,-0.002753
(5|16),(29|14),0.041721,0.033294,+0.008427
(5|16),(31|13),0.020963,0.029544,-0.008581
(5|16),(31|14),0.041927,0.034960,+0.006966
(5|17),(1|14),0.020899,0.026761,-0.005862
(5|17),(1|15),0.041799,0.048685,-0.006887
(5|17),(3|14),0.020979,0.027581,-0.006603
(5|17),(3|15),0.041957,0.040309,+0.001649
(5|17),(5|14),0.021035,0.024394,-0.003358
(5|17),(5|15),0.042071,0.040790,+0.001280
(5|17),(7|14),0.020870,0.023374,-0.002504
(5|17),(7|15),0.041740,0.035564,+0.006176
(5|17),(9|14),0.020786,0.027711,-0.006925
(5|17),(9|15),0.041572,0.031204,+0.010368
(5|17),(11|14),0.020802,0.028216,-0.007414
(5|17),(11|15),0.041604,0.034040,+0.007564
(5|17),(13|14),0.020513,0.030926,-0.010414
(5|17),(13|15),0.041025,0.029574,+0.011452
(5|17),(15|14),0.020845,0.018787,+0.002058
(5|17),(15|15),0.041691,0.047277,-0.005586
(5|17),(17|14),0.020707,0.027785,-0.007078
(5|17),(17|15),0.041413,0.030185,+0.011228
(5|17),(19|14),0.020806,0.023759,-0.002953
(5|17),(19|15),0.041612,0.041170,+0.000442
(5|17),(21|14),0.020805,0.020678,+0.000128
(5|17),(21|15),0.041611,0.039197,+0.002414
(5|17),(23|14),0.021162,0.022290,-0.001128
(5|17),(23|15),0.042324,0.030574,+0.011750
(5|17),(25|14),0.020720,0.020599,+0.000121
(5|17),(25|15),0.041440,0.039711,+0.001729
(5|17),(27|14),0.020580,0.028008,-0.007428
(5|17),(27|15),0.041160,0.039132,+0.002028
(5|17),(29|14),0.020861,0.018783,+0.002078
(5|17),(29|15),0.041721,0.037672,+0.004049
(5|17),(31|14),0.020963,0.027447,-0.006484
(5|17),(31|15),0.041927,0.037816,+0.004111
(5|18),(1|15),0.020899,0.023447,-0.002547
(5|18),(1|16),0.041799,0.034283,+0.007515
(5|18),(3|15),0.020979,0.026808,-0.005830
(5|18),(3|16),0.041957,0.042032,-0.000075
(5|18),(5|15),0.021035,0.027454,-0.006418
(5|18),(5|16),0.042071,0.041712,+0.000359
(5|18),(7|15),0.020870,0.021357,-0.000487
(5|18),(7|16),0.041740,0.039158,+0.002582
(5|18),(9|15),0.020786,0.019468,+0.001318
(5|18),(9|16),0.041572,0.036730,+0.004842
(5|18),(11|15),0.020802,0.024334,-0.003532
(5|18),(11|16),0.041604,0.040616,+0.000988
(5|18),(13|15),0.020513,0.023939,-0.003426
(5|18),(13|16),0.041025,0.038169,+0.002856
(5|18),(15|15),0.020845,0.028851,-0.008006
(5|18),(15|16),0.041691,0.043430,-0.001739
(5|18),(17|15),0.020707,0.029877,-0.009170
(5|18),(17|16),0.041413,0.035124,+0.006290
(5|18),(19|15),0.020806,0.023516,-0.002710
(5|18),(19|16),0.041612,0.034576,+0.007036
(5|18),(21|15),0.020805,0.026061,-0.005255
(5|18),(21|16),0.041611,0.033150,+0.008460
(5|18),(23|15),0.021162,0.021562,-0.000400
(5|18),(23|16),0.042324,0.038211,+0.004113
(5|18),(25|15),0.020720,0.020350,+0.000370
(5|18),(25|16),0.041440,0.037032,+0.004408
(5|18),(27|15),0.020580,0.027500,-0.006920
(5|18),(27|16),0.041160,0.040974,+0.000186
(5|18),(29|15),0.020861,0.025717,-0.004856
(5|18),(29|16),0.041721,0.033322,+0.008399
(5|18),(31|15),0.020963,0.025118,-0.004155
(5|18),(31|16),0.041927,0.036122,+0.005805
(5|19),(1|16),0.020899,0.023214,-0.002315
(5|19),(1|17),0.041799,0.034026,+0.007772
(5|19),(3|16),0.020979,0.024939,-0.003960
(5|19),(3|17),0.041957,0.036644,+0.005314
(5|19),(5|16),0.021035,0.027538,-0.006503
(5|19),(5|17),0.042071,0.036866,+0.005205
(5|19),(7|16),0.020870,0.025592,-0.004722
(5|19),(7|17),0.041740,0.035262,+0.006478
(5|19),(9|16),0.020786,0.027423,-0.006637
(5|19),(9|17),0.041572,0.036159,+0.005413
(5|19),(11|16),0.020802,0.028654,-0.007852
(5|19),(11|17),0.041604,0.032355,+0.009249
(5|19),(13|16),0.020513,0.021241,-0.000729
(5|19),(13|17),0.041025,0.045140,-0.004115
(5|19),(15|16),0.020845,0.027383,-0.006537
(5|19),(15|17),0.041691,0.037866,+0.003825
(5|19),(17|16),0.020707,0.022783,-0.002077
(5|19),(17|17),0.041413,0.046518,-0.005104
(5|19),(19|16),0.020806,0.024063,-0.003257
(5|19),(19|17),0.041612,0.035973,+0.005639
(5|19),(21|16),0.020805,0.027716,-0.006911
(5|19),(21|17),0.041611,0.036466,+0.005145
(5|19),(23|16),0.021162,0.023619,-0.002457
(5|19),(23|17),0.042324,0.035386,+0.006938
(5|19),(25|16),0.020720,0.032484,-0.011764
(5|19),(25|17),0.041440,0.032462,+0.008978
(5|19),(27|16),0.020580,0.022859,-0.002279
(5|19),(27|17),0.041160,0.038541,+0.002619
(5|19),(29|16),0.020861,0.027721,-0.006860
(5|19),(29|17),0.041721,0.032422,+0.009299
(5|19),(31|16),0.020963,0.025761,-0.004797
(5|19),(31|17),0.041927,0.034924,+0.007003
(5|20),(1|17),0.020899,0.025039,-0.004140
(5|20),(1|18),0.041799,0.035042,+0.006756
(5|20),(3|17),0.020979,0.024762,-0.003783
(5|20),(3|18),0.041957,0.034773,+0.007184
(5|20),(5|17),0.021035,0.029067,-0.008032
(5|20),(5|18),0.042071,0.037726,+0.004345
(5|20),(7|17),0.020870,0.031643,-0.010773
(5|20),(7|18),0.041740,0.037288,+0.004452
(5|20),(9|17),0.020786,0.024536,-0.003750
(5|20),(9|18),0.041572,0.034730,+0.006842
(5|20),(11|17),0.020802,0.022624,-0.001822
(5|20),(11|18),0.041604,0.033382,+0.008222
(5|20),(13|17),0.020513,0.023990,-0.003478
(5|20),(13|18),0.041025,0.037162,+0.003863
(5|20),(15|17),0.020845,0.028443,-0.007598
(5|20),(15|18),0.041691,0.032896,+0.008795
(5|20),(17|17),0.020707,0.025842,-0.005135
(5|20),(17|18),0.041413,0.031656,+0.009757
(5|20),(19|17),0.020806,0.023279,-0.002473
(5|20),(19|18),0.041612,0.037128,+0.004484
(5|20),(21|17),0.020805,0.024602,-0.003796
(5|20),(21|18),0.041611,0.034062,+0.007548
(5|20),(23|17),0.021162,0.022577,-0.001415
(5|20),(23|18),0.042324,0.035203,+0.007121
(5|20),(25|17),0.020720,0.026366,-0.005646
(5|20),(25|18),0.041440,0.044937,-0.003497
(5|20),(27|17),0.020580,0.043562,-0.022982
(5|20),(27|18),0.041160,0.033568,+0.007592
(5|20),(29|17),0.020861,0.027650,-0.006789
(5|20),(29|18),0.041721,0.040505,+0.001216
(5|20),(31|17),0.020963,0.023244,-0.002281
(5|20),(31|18),0.041927,0.032714,+0.009213
(5|21),(1|18),0.020899,0.025269,-0.004369
(5|21),(1|19),0.041799,0.034434,+0.007364
(5|21),(3|18),0.020979,0.025013,-0.004035
(5|21),(3|19),0.041957,0.035550,+0.006407
(5|21),(5|18),0.021035,0.026152,-0.005116
(5|21),(5|19),0.042071,0.045903,-0.003833
(5|21),(7|18),0.020870,0.027008,-0.006138
(5|21),(7|19),0.041740,0.034197,+0.007543
(5|21),(9|18),0.020786,0.027720,-0.006934
(5|21),(9|19),0.041572,0.036671,+0.004901
(5|21),(11|18),0.020802,0.026179,-0.005377
(5|21),(11|19),0.041604,0.037491,+0.004113
(5|21),(13|18),0.020513,0.024597,-0.004084
(5|21),(13|19),0.041025,0.034134,+0.006891
(5|21),(15|18),0.020845,0.027402,-0.006557
(5|21),(15|19),0.041691,0.035783,+0.005907
(5|21),(17|18),0.020707,0.024193,-0.003486
(5|21),(17|19),0.041413,0.038221,+0.003192
(5|21),(19|18),0.020806,0.027147,-0.006341
(5|21),(19|19),0.041612,0.036290,+0.005322
(5|21),(21|18),0.020805,0.025058,-0.004253
(5|21),(21|19),0.041611,0.037146,+0.004465
(5|21),(23|18),0.021162,0.024641,-0.003479
(5|21),(23|19),0.042324,0.036805,+0.005519
(5|21),(25|18),0.020720,0.027487,-0.006767
(5|21),(25|19),0.041440,0.034062,+0.007378
(5|21),(27|18),0.020580,0.024144,-0.003564
(5|21),(27|19),0.041160,0.036021,+0.005139
(5|21),(29|18),0.020861,0.026515,-0.005654
(5|21),(29|19),0.041721,0.036222,+0.005499
(5|21),(31|18),0.020963,0.026407,-0.005444
(5|21),(31|19),0.041927,0.036137,+0.005789
(5|22),(1|19),0.020899,0.026177,-0.005277
(5|22),(1|20),0.041799,0.035084,+0.006715
(5|22),(3|19),0.020979,0.024299,-0.003320
(5|22),(3|20),0.041957,0.035009,+0.006949
(5|22),(5|19),0.021035,0.025353,-0.004318
(5|22),(5|20),0.042071,0.036178,+0.005893
(5|22),(7|19),0.020870,0.025348,-0.004478
(5|22),(7|20),0.041740,0.035026,+0.006714
(5|22),(9|19),0.020786,0.025543,-0.004757
(5|22),(9|20),0.041572,0.035655,+0.005917
(5|22),(11|19),0.020802,0.026575,-0.005773
(5|22),(11|20),0.041604,0.036709,+0.004895
(5|22),(13|19),0.020513,0.028095,-0.007582
(5|22),(13|20),0.041025,0.037046,+0.003979
(5|22),(15|19),0.020845,0.026761,-0.005916
(5|22),(15|20),0.041691,0.036094,+0.005597
(5|22),(17|19),0.020707,0.028697,-0.007990
(5|22),(17|20),0.041413,0.037250,+0.004164
(5|22),(19|19),0.020806,0.025862,-0.005056
(5|22),(19|20),0.041612,0.036554,+0.005058
(5|22),(21|19),0.020805,0.025503,-0.004698
(5|22),(21|20),0.041611,0.036284,+0.005326
(5|22),(23|19),0.021162,0.028808,-0.007646
(5|22),(23|20),0.042324,0.036373,+0.005951
(5|22),(25|19),0.020720,0.027036,-0.006316
(5|22),(25|20),0.041440,0.035527,+0.005913
(5|22),(27|19),0.020580,0.025973,-0.005393
(5|22),(27|20),0.041160,0.036510,+0.004650
(5|22),(29|19),0.020861,0.026416,-0.005555
(5|22),(29|20),0.041721,0.034442,+0.007280
(5|22),(31|19),0.020963,0.024724,-0.003761
(5|22),(31|20),0.041927,0.039088,+0.002839
(5|23),(1|20),0.020899,0.024909,-0.004010
(5|23),(1|21),0.041799,0.036533,+0.005266
(5|23),(3|20),0.020979,0.026264,-0.005286
(5|23),(3|21),0.041957,0.034206,+0.007751
(5|23),(5|20),0.021035,0.025471,-0.004436
(5|23),(5|21),0.042071,0.036479,+0.005591
(5|23),(7|20),0.020870,0.025573,-0.004703
(5|23),(7|21),0.041740,0.035998,+0.005742
(5|23),(9|20),0.020786,0.024281,-0.003495
(5|23),(9|21),0.041572,0.035878,+0.005694
(5|23),(11|20),0.020802,0.026812,-0.006010
(5|23),(11|21),0.041604,0.035748,+0.005856
(5|23),(13|20),0.020513,0.025426,-0.004914
(5|23),(13|21),0.041025,0.039256,+0.001769
(5|23),(15|20),0.020845,0.024513,-0.003667
(5|23),(15|21),0.041691,0.037268,+0.004423
(5|23),(17|20),0.020707,0.027815,-0.007108
(5|23),(17|21),0.041413,0.035949,+0.005464
(5|23),(19|20),0.020806,0.026081,-0.005275
(5|23),(19|21),0.041612,0.037897,+0.003715
(5|23),(21|20),0.020805,0.026055,-0.005249
(5|23),(21|21),0.041611,0.039011,+0.002600
(5|23),(23|20),0.021162,0.025056,-0.003894
(5|23),(23|21),0.042324,0.037005,+0.005319
(5|23),(25|20),0.020720,0.026946,-0.006226
(5|23),(25|21),0.041440,0.036822,+0.004618
(5|23),(27|20),0.020580,0.024513,-0.003933
(5|23),(27|21),0.041160,0.037005,+0.004155
(5|23),(29|20),0.020861,0.024450,-0.003590
(5|23),(29|21),0.041721,0.037331,+0.004391
(5|23),(31|20),0.020963,0.027837,-0.006874
(5|23),(31|21),0.041927,0.035610,+0.006316
(5|24),(1|21),0.020899,0.025779,-0.004880
(5|24),(1|22),0.041799,0.035981,+0.005818
(5|24),(3|21),0.020979,0.025895,-0.004916
(5|24),(3|22),0.041957,0.036398,+0.005559
(5|24),(5|21),0.021035,0.025291,-0.004256
(5|24),(5|22),0.042071,0.038152,+0.003919
(5|24),(7|21),0.020870,0.027533,-0.006663
(5|24),(7|22),0.041740,0.035905,+0.005835
(5|24),(9|21),0.020786,0.025673,-0.004887
(5|24),(9|22),0.041572,0.036372,+0.005200
(5|24),(11|21),0.020802,0.024878,-0.004076
(5|24),(11|22),0.041604,0.036469,+0.005135
(5|24),(13|21),0.020513,0.026183,-0.005671
(5|24),(13|22),0.041025,0.035839,+0.005186
(5|24),(15|21),0.020845,0.027324,-0.006479
(5|24),(15|22),0.041691,0.035564,+0.006127
(5|24),(17|21),0.020707,0.026077,-0.005370
(5|24),(17|22),0.041413,0.035879,+0.005534
(5|24),(19|21),0.020806,0.025513,-0.004707
(5|24),(19|22),0.041612,0.037730,+0.003882
(5|24),(21|21),0.020805,0.026703,-0.005897
(5|24),(21|22),0.041611,0.037038,+0.004573
(5|24),(23|21),0.021162,0.025802,-0.004640
(5|24),(23|22),0.042324,0.037224,+0.005100
(5|24),(25|21),0.020720,0.025526,-0.004806
(5|24),(25|22),0.041440,0.037331,+0.004109
(5|24),(27|21),0.020580,0.025886,-0.005306
(5|24),(27|22),0.041160,0.036305,+0.004855
(5|24),(29|21),0.020861,0.024714,-0.003853
(5|24),(29|22),0.041721,0.036052,+0.005669
(5|24),(31|21),0.020963,0.026263,-0.005300
(5|24),(31|22),0.041927,0.036722,+0.005204
(5|25),(1|22),0.020899,0.026379,-0.005480
(5|25),(1|23),0.041799,0.036672,+0.005127
(5|25),(3|22),0.020979,0.025592,-0.004614
(5|25),(3|23),0.041957,0.036330,+0.005628
(5|25),(5|22),0.021035,0.026206,-0.005170
(5|25),(5|23),0.042071,0.036121,+0.005950
(5|25),(7|22),0.020870,0.026201,-0.005331
(5|25),(7|23),0.041740,0.036054,+0.005686
(5|25),(9|22),0.020786,0.026010,-0.005224
(5|25),(9|23),0.041572,0.037881,+0.003691
(5|25),(11|22),0.020802,0.025583,-0.004781
(5|25),(11|23),0.041604,0.036850,+0.004754
(5|25),(13|22),0.020513,0.025957,-0.005444
(5|25),(13|23),0.041025,0.036125,+0.004900
(5|25),(15|22),0.020845,0.025032,-0.004187
(5|25),(15|23),0.041691,0.037330,+0.004361
(5|25),(17|22),0.020707,0.026495,-0.005788
(5|25),(17|23),0.041413,0.037023,+0.004390
(5|25),(19|22),0.020806,0.025410,-0.004604
(5|25),(19|23),0.041612,0.035485,+0.006127
(5|25),(21|22),0.020805,0.025463,-0.004658
(5|25),(21|23),0.041611,0.036370,+0.005241
(5|25),(23|22),0.021162,0.025779,-0.004617
(5|25),(23|23),0.042324,0.037054,+0.005270
(5|25),(25|22),0.020720,0.026370,-0.005650
(5|25),(25|23),0.041440,0.036730,+0.004710
(5|25),(27|22),0.020580,0.027242,-0.006662
(5|25),(27|23),0.041160,0.035818,+0.005342
(5|25),(29|22),0.020861,0.026415,-0.005554
(5|25),(29|23),0.041721,0.035810,+0.005912
(5|25),(31|22),0.020963,0.026024,-0.005060
(5|25),(31|23),0.041927,0.036187,+0.005739
(5|26),(1|23),0.020899,0.025746,-0.004847
(5|26),(1|24),0.041799,0.036862,+0.004937
(5|26),(3|23),0.020979,0.028174,-0.007195
(5|26),(3|24),0.041957,0.037888,+0.004069
(5|26),(5|23),0.021035,0.025043,-0.004008
(5|26),(5|24),0.042071,0.036548,+0.005522
(5|26),(7|23),0.020870,0.025733,-0.004863
(5|26),(7|24),0.041740,0.036358,+0.005382
(5|26),(9|23),0.020786,0.025760,-0.004974
(5|26),(9|24),0.041572,0.037079,+0.004493
(5|26),(11|23),0.020802,0.025459,-0.004657
(5|26),(11|24),0.041604,0.036102,+0.005502
(5|26),(13|23),0.020513,0.026790,-0.006277
(5|26),(13|24),0.041025,0.036102,+0.004924
(5|26),(15|23),0.020845,0.025176,-0.004331
(5|26),(15|24),0.041691,0.036274,+0.005417
(5|26),(17|23),0.020707,0.025822,-0.005115
(5|26),(17|24),0.041413,0.036420,+0.004993
(5|26),(19|23),0.020806,0.025508,-0.004702
(5|26),(19|24),0.041612,0.037287,+0.004325
(5|26),(21|23),0.020805,0.025786,-0.004981
(5|26),(21|24),0.041611,0.035912,+0.005699
(5|26),(23|23),0.021162,0.025525,-0.004363
(5|26),(23|24),0.042324,0.037096,+0.005228
(5|26),(25|23),0.020720,0.025972,-0.005252
(5|26),(25|24),0.041440,0.036889,+0.004551
(5|26),(27|23),0.020580,0.026498,-0.005918
(5|26),(27|24),0.041160,0.036261,+0.004899
(5|26),(29|23),0.020861,0.025503,-0.004643
(5|26),(29|24),0.041721,0.035770,+0.005951
(5|26),(31|23),0.020963,0.025968,-0.005004
(5|26),(31|24),0.041927,0.036690,+0.005237
(5|27),(1|24),0.020899,0.026079,-0.005180
(5|27),(1|25),0.041799,0.036436,+0.005363
(5|27),(3|24),0.020979,0.025280,-0.004301
(5|27),(3|25),0.041957,0.036023,+0.005934
(5|27),(5|24),0.021035,0.026137,-0.005102
(5|27),(5|25),0.042071,0.036889,+0.005182
(5|27),(7|24),0.020870,0.026088,-0.005218
(5|27),(7|25),0.041740,0.036512,+0.005228
(5|27),(9|24),0.020786,0.025657,-0.004871
(5|27),(9|25),0.041572,0.036010,+0.005562
(5|27),(11|24),0.020802,0.026514,-0.005712
(5|27),(11|25),0.041604,0.038062,+0.003542
(5|27),(13|24),0.020513,0.025777,-0.005264
(5|27),(13|25),0.041025,0.036867,+0.004158
(5|27),(15|24),0.020845,0.025586,-0.004741
(5|27),(15|25),0.041691,0.036263,+0.005428
(5|27),(17|24),0.020707,0.025710,-0.005004
(5|27),(17|25),0.041413,0.036529,+0.004884
(5|27),(19|24),0.020806,0.025666,-0.004860
(5|27),(19|25),0.041612,0.035885,+0.005727
(5|27),(21|24),0.020805,0.026092,-0.005287
(5|27),(21|25),0.041611,0.036436,+0.005175
(5|27),(23|24),0.021162,0.025195,-0.004033
(5|27),(23|25),0.042324,0.036991,+0.005333
(5|27),(25|24),0.020720,0.025977,-0.005257
(5|27),(25|25),0.041440,0.036432,+0.005008
(5|27),(27|24),0.020580,0.025573,-0.004993
(5|27),(27|25),0.041160,0.036725,+0.004435
(5|27),(29|24),0.020861,0.026661,-0.005800
(5|27),(29|25),0.041721,0.037005,+0.004717
(5|27),(31|24),0.020963,0.026150,-0.005187
(5|27),(31|25),0.041927,0.036791,+0.005135
(5|28),(1|25),0.020899,0.026009,-0.005109
(5|28),(1|26),0.041799,0.036550,+0.005249
(5|28),(3|25),0.020979,0.026102,-0.005123
(5|28),(3|26),0.041957,0.036621,+0.005336
(5|28),(5|25),0.021035,0.025884,-0.004849
(5|28),(5|26),0.042071,0.037275,+0.004796
(5|28),(7|25),0.020870,0.025440,-0.004570
(5|28),(7|26),0.041740,0.036177,+0.005563
(5|28),(9|25),0.020786,0.025502,-0.004716
(5|28),(9|26),0.041572,0.036714,+0.004858
(5|28),(11|25),0.020802,0.025995,-0.005193
(5|28),(11|26),0.041604,0.035701,+0.005903
(5|28),(13|25),0.020513,0.026582,-0.006070
(5|28),(13|26),0.041025,0.036297,+0.004729
(5|28),(15|25),0.020845,0.026044,-0.005199
(5|28),(15|26),0.041691,0.036043,+0.005648
(5|28),(17|25),0.020707,0.026244,-0.005538
(5|28),(17|26),0.041413,0.035928,+0.005486
(5|28),(19|25),0.020806,0.025813,-0.005007
(5|28),(19|26),0.041612,0.036363,+0.005249
(5|28),(21|25),0.020805,0.025800,-0.004994
(5|28),(21|26),0.041611,0.036301,+0.005310
(5|28),(23|25),0.021162,0.026209,-0.005047
(5|28),(23|26),0.042324,0.037292,+0.005032
(5|28),(25|25),0.020720,0.025720,-0.005000
(5|28),(25|26),0.041440,0.035914,+0.005526
(5|28),(27|25),0.020580,0.025448,-0.004868
(5|28),(27|26),0.041160,0.037279,+0.003881
(5|28),(29|25),0.020861,0.025795,-0.004935
(5|28),(29|26),0.041721,0.037257,+0.004464
(5|28),(31|25),0.020963,0.026716,-0.005752
(5|28),(31|26),0.041927,0.036986,+0.004941
(5|29),(1|26),0.020899,0.025742,-0.004843
(5|29),(1|27),0.041799,0.036252,+0.005547
(5|29),(3|26),0.020979,0.026344,-0.005365
(5|29),(3|27),0.041957,0.036031,+0.005927
(5|29),(5|26),0.021035,0.026247,-0.005211
(5|29),(5|27),0.042071,0.036743,+0.005328
(5|29),(7|26),0.020870,0.025853,-0.004983
(5|29),(7|27),0.041740,0.036101,+0.005639
(5|29),(9|26),0.020786,0.026185,-0.005399
(5|29),(9|27),0.041572,0.036004,+0.005568
(5|29),(11|26),0.020802,0.025888,-0.005086
(5|29),(11|27),0.041604,0.036650,+0.004954
(5|29),(13|26),0.020513,0.025543,-0.005031
(5|29),(13|27),0.041025,0.037035,+0.003991
(5|29),(15|26),0.020845,0.026229,-0.005384
(5|29),(15|27),0.041691,0.036544,+0.005147
(5|29),(17|26),0.020707,0.026530,-0.005823
(5|29),(17|27),0.041413,0.037141,+0.004273
(5|29),(19|26),0.020806,0.026543,-0.005737
(5|29),(19|27),0.041612,0.036035,+0.005577
(5|29),(21|26),0.020805,0.025804,-0.004999
(5|29),(21|27),0.041611,0.036840,+0.004771
(5|29),(23|26),0.021162,0.025720,-0.004558
(5|29),(23|27),0.042324,0.036530,+0.005794
(5|29),(25|26),0.020720,0.025897,-0.005177
(5|29),(25|27),0.041440,0.036557,+0.004883
(5|29),(27|26),0.020580,0.026348,-0.005768
(5|29),(27|27),0.041160,0.035699,+0.005461
(5|29),(29|26),0.020861,0.025831,-0.004970
(5|29),(29|27),0.041721,0.037052,+0.004669
(5|29),(31|26),0.020963,0.025897,-0.004934
(5|29),(31|27),0.041927,0.036185,+0.005741
(5|30),(1|27),0.020899,0.025655,-0.004756
(5|30),(1|28),0.041799,0.036192,+0.005607
(5|30),(3|27),0.020979,0.026057,-0.005079
(5|30),(3|28),0.041957,0.036484,+0.005474
(5|30),(5|27),0.021035,0.025987,-0.004951
(5|30),(5|28),0.042071,0.036059,+0.006011
(5|30),(7|27),0.020870,0.026385,-0.005515
(5|30),(7|28),0.041740,0.037443,+0.004297
(5|30),(9|27),0.020786,0.025761,-0.004975
(5|30),(9|28),0.041572,0.036895,+0.004677
(5|30),(11|27),0.020802,0.025889,-0.005087
(5|30),(11|28),0.041604,0.036815,+0.004789
(5|30),(13|27),0.020513,0.025841,-0.005328
(5|30),(13|28),0.041025,0.036245,+0.004780
(5|30),(15|27),0.020845,0.026062,-0.005216
(5|30),(15|28),0.041691,0.036338,+0.005353
(5|30),(17|27),0.020707,0.025730,-0.005023
(5|30),(17|28),0.041413,0.036594,+0.004819
(5|30),(19|27),0.020806,0.025788,-0.004982
(5|30),(19|28),0.041612,0.036201,+0.005411
(5|30),(21|27),0.020805,0.025845,-0.005040
(5|30),(21|28),0.041611,0.036201,+0.005410
(5|30),(23|27),0.021162,0.025978,-0.004816
(5|30),(23|28),0.042324,0.035913,+0.006411
(5|30),(25|27),0.020720,0.025518,-0.004798
(5|30),(25|28),0.041440,0.036670,+0.004770
(5|30),(27|27),0.020580,0.026765,-0.006185
(5|30),(27|28),0.041160,0.036241,+0.004919
(5|30),(29|27),0.020861,0.026265,-0.005405
(5|30),(29|28),0.041721,0.036572,+0.005149
(5|30),(31|27),0.020963,0.026747,-0.005784
(5|30),(31|28),0.041927,0.036864,+0.005063
(5|31),(1|28),0.020899,0.025961,-0.005062
(5|31),(1|29),0.041799,0.036701,+0.005098
(5|31),(3|28),0.020979,0.026023,-0.005045
(5|31),(3|29),0.041957,0.036248,+0.005709
(5|31),(5|28),0.021035,0.026210,-0.005175
(5|31),(5|29),0.042071,0.036381,+0.005690
(5|31),(7|28),0.020870,0.025410,-0.004540
(5|31),(7|29),0.041740,0.035870,+0.005870
(5|31),(9|28),0.020786,0.026414,-0.005628
(5|31),(9|29),0.041572,0.035964,+0.005608
(5|31),(11|28),0.020802,0.026818,-0.006016
(5|31),(11|29),0.041604,0.036248,+0.005356
(5|31),(13|28),0.020513,0.026126,-0.005613
(5|31),(13|29),0.041025,0.036026,+0.005000
(5|31),(15|28),0.020845,0.026343,-0.005498
(5|31),(15|29),0.041691,0.036541,+0.005150
(5|31),(17|28),0.020707,0.025779,-0.005072
(5|31),(17|29),0.041413,0.035626,+0.005787
(5|31),(19|28),0.020806,0.026219,-0.005413
(5|31),(19|29),0.041612,0.036568,+0.005044
(5|31),(21|28),0.020805,0.026259,-0.005453
(5|31),(21|29),0.041611,0.036888,+0.004723
(5|31),(23|28),0.021162,0.026303,-0.005141
(5|31),(23|29),0.042324,0.036585,+0.005739
(5|31),(25|28),0.020720,0.025850,-0.005130
(5|31),(25|29),0.041440,0.036421,+0.005019
(5|31),(27|28),0.020580,0.026054,-0.005474
(5|31),(27|29),0.041160,0.036235,+0.004925
(5|31),(29|28),0.020861,0.025935,-0.005074
(5|31),(29|29),0.041721,0.037234,+0.004487
(5|31),(31|28),0.020963,0.026268,-0.005304
(5|31),(31|29),0.041927,0.036492,+0.005434
(5|32),(1|29),0.020899,0.030813,-0.009914
(5|32),(1|30),0.041799,0.032401,+0.009398
(5|32),(3|29),0.020979,0.030829,-0.009850
(5|32),(3|30),0.041957,0.032645,+0.009312
(5|32),(5|29),0.021035,0.030432,-0.009396
(5|32),(5|30),0.042071,0.032172,+0.009899
(5|32),(7|29),0.020870,0.030325,-0.009455
(5|32),(7|30),0.041740,0.032508,+0.009232
(5|32),(9|29),0.020786,0.030210,-0.009424
(5|32),(9|30),0.041572,0.031813,+0.009759
(5|32),(11|29),0.020802,0.029981,-0.009179
(5|32),(11|30),0.041604,0.031050,+0.010554
(5|32),(13|29),0.020513,0.031035,-0.010522
(5|32),(13|30),0.041025,0.031889,+0.009136
(5|32),(15|29),0.020845,0.030393,-0.009548
(5|32),(15|30),0.041691,0.031920,+0.009771
(5|32),(17|29),0.020707,0.029310,-0.008603
(5|32),(17|30),0.041413,0.031340,+0.010073
(5|32),(19|29),0.020806,0.029989,-0.009183
(5|32),(19|30),0.041612,0.031935,+0.009677
(5|32),(21|29),0.020805,0.030073,-0.009268
(5|32),(21|30),0.041611,0.032195,+0.009416
(5|32),(23|29),0.021162,0.030462,-0.009300
(5|32),(23|30),0.042324,0.032576,+0.009748
(5|32),(25|29),0.020720,0.029989,-0.009269
(5|32),(25|30),0.041440,0.032546,+0.008894
(5|32),(27|29),0.020580,0.030561,-0.009981
(5|32),(27|30),0.041160,0.032737,+0.008423
(5|32),(29|29),0.020861,0.030829,-0.009968
(5|32),(29|30),0.041721,0.031821,+0.009901
(5|32),(31|29),0.020963,0.031233,-0.010270
(5|32),(31|30),0.041927,0.031989,+0.009938
(5|33),(1|30),0.020899,0.032304,-0.011405
(5|33),(1|31),0.041799,0.029387,+0.012411
(5|33),(3|30),0.020979,0.031519,-0.010541
(5|33),(3|31),0.041957,0.031416,+0.010542
(5|33),(5|30),0.021035,0.031490,-0.010454
(5|33),(5|31),0.042071,0.030971,+0.011099
(5|33),(7|30),0.020870,0.031830,-0.010960
(5|33),(7|31),0.041740,0.031445,+0.010295
(5|33),(9|30),0.020786,0.031401,-0.010615
(5|33),(9|31),0.041572,0.031830,+0.009742
(5|33),(11|30),0.020802,0.031875,-0.011073
(5|33),(11|31),0.041604,0.031060,+0.010544
(5|33),(13|30),0.020513,0.031430,-0.010918
(5|33),(13|31),0.041025,0.031164,+0.009861
(5|33),(15|30),0.020845,0.031712,-0.010866
(5|33),(15|31),0.041691,0.030009,+0.011681
(5|33),(17|30),0.020707,0.031075,-0.010368
(5|33),(17|31),0.041413,0.032274,+0.009139
(5|33),(19|30),0.020806,0.032259,-0.011453
(5|33),(19|31),0.041612,0.031845,+0.009767
(5|33),(21|30),0.020805,0.031223,-0.010418
(5|33),(21|31),0.041611,0.031667,+0.009943
(5|33),(23|30),0.021162,0.031519,-0.010357
(5|33),(23|31),0.042324,0.031430,+0.010894
(5|33),(25|30),0.020720,0.032526,-0.011806
(5|33),(25|31),0.041440,0.030809,+0.010631
(5|33),(27|30),0.020580,0.029935,-0.009355
(5|33),(27|31),0.041160,0.030320,+0.010840
(5|33),(29|30),0.020861,0.031001,-0.010140
(5|33),(29|31),0.041721,0.030379,+0.011342
(5|33),(31|30),0.020963,0.030720,-0.009756
(5|33),(31|31),0.041927,0.030172,+0.011755
(5|34),(1|31),0.020899,0.030624,-0.009725
(5|34),(1|32),0.041799,0.031815,+0.009984
(5|34),(3|31),0.020979,0.032053,-0.011074
(5|34),(3|32),0.041957,0.031190,+0.010768
(5|34),(5|31),0.021035,0.032410,-0.011374
(5|34),(5|32),0.042071,0.030803,+0.011268
(5|34),(7|31),0.020870,0.030654,-0.009784
(5|34),(7|32),0.041740,0.032172,+0.009568
(5|34),(9|31),0.020786,0.031368,-0.010582
(5|34),(9|32),0.041572,0.030832,+0.010740
(5|34),(11|31),0.020802,0.032797,-0.011995
(5|34),(11|32),0.041604,0.029701,+0.011903
(5|34),(13|31),0.020513,0.030981,-0.010469
(5|34),(13|32),0.041025,0.031785,+0.009241
(5|34),(15|31),0.020845,0.032648,-0.011803
(5|34),(15|32),0.041691,0.030029,+0.011662
(5|34),(17|31),0.020707,0.031160,-0.010453
(5|34),(17|32),0.041413,0.030773,+0.010640
(5|34),(19|31),0.020806,0.030684,-0.009878
(5|34),(19|32),0.041612,0.030297,+0.011315
(5|34),(21|31),0.020805,0.030654,-0.009849
(5|34),(21|32),0.041611,0.031041,+0.010570
(5|34),(23|31),0.021162,0.030684,-0.009522
(5|34),(23|32),0.042324,0.031338,+0.010986
(5|34),(25|31),0.020720,0.030981,-0.010261
(5|34),(25|32),0.041440,0.030743,+0.010697
(5|34),(27|31),0.020580,0.030684,-0.010104
(5|34),(27|32),0.041160,0.032678,+0.008482
(5|34),(29|31),0.020861,0.031785,-0.010924
(5|34),(29|32),0.041721,0.031636,+0.010085
(5|34),(31|31),0.020963,0.031219,-0.010256
(5|34),(31|32),0.041927,0.031785,+0.010142
(5|35),(1|32),0.020899,0.031783,-0.010883
(5|35),(1|33),0.041799,0.031842,+0.009957
(5|35),(3|32),0.020979,0.031132,-0.010153
(5|35),(3|33),0.041957,0.030836,+0.011122
(5|35),(5|32),0.021035,0.031191,-0.010155
(5|35),(5|33),0.042071,0.031783,+0.010288
(5|35),(7|32),0.020870,0.028350,-0.007480
(5|35),(7|33),0.041740,0.032079,+0.009661
(5|35),(9|32),0.020786,0.032079,-0.011293
(5|35),(9|33),0.041572,0.032375,+0.009197
(5|35),(11|32),0.020802,0.030895,-0.010093
(5|35),(11|33),0.041604,0.032966,+0.008638
(5|35),(13|32),0.020513,0.031368,-0.010856
(5|35),(13|33),0.041025,0.030303,+0.010722
(5|35),(15|32),0.020845,0.032079,-0.011233
(5|35),(15|33),0.041691,0.033973,+0.007718
(5|35),(17|32),0.020707,0.030836,-0.010129
(5|35),(17|33),0.041413,0.030777,+0.010637
(5|35),(19|32),0.020806,0.032789,-0.011983
(5|35),(19|33),0.041612,0.031783,+0.009829
(5|35),(21|32),0.020805,0.031072,-0.010267
(5|35),(21|33),0.041611,0.030362,+0.011248
(5|35),(23|32),0.021162,0.032966,-0.011804
(5|35),(23|33),0.042324,0.030836,+0.011488
(5|35),(25|32),0.020720,0.029119,-0.008399
(5|35),(25|33),0.041440,0.032552,+0.008888
(5|35),(27|32),0.020580,0.031132,-0.010552
(5|35),(27|33),0.041160,0.031250,+0.009910
(5|35),(29|32),0.020861,0.030481,-0.009620
(5|35),(29|33),0.041721,0.027817,+0.013904
(5|35),(31|32),0.020963,0.030481,-0.009517
(5|35),(31|33),0.041927,0.030717,+0.011209
(5|36),(1|33),0.020899,0.029919,-0.009019
(5|36),(1|34),0.041799,0.029679,+0.012119
(5|36),(3|33),0.020979,0.029799,-0.008820
(5|36),(3|34),0.041957,0.032671,+0.009286
(5|36),(5|33),0.021035,0.027166,-0.006131
(5|36),(5|34),0.042071,0.035902,+0.006168
(5|36),(7|33),0.020870,0.030876,-0.010006
(5|36),(7|34),0.041740,0.033748,+0.007992
(5|36),(9|33),0.020786,0.033389,-0.012603
(5|36),(9|34),0.041572,0.032910,+0.008662
(5|36),(11|33),0.020802,0.027046,-0.006244
(5|36),(11|34),0.041604,0.030637,+0.010967
(5|36),(13|33),0.020513,0.030637,-0.010124
(5|36),(13|34),0.041025,0.032312,+0.008713
(5|36),(15|33),0.020845,0.031355,-0.010509
(5|36),(15|34),0.041691,0.030397,+0.011293
(5|36),(17|33),0.020707,0.031474,-0.010768
(5|36),(17|34),0.041413,0.033389,+0.008024
(5|36),(19|33),0.020806,0.032551,-0.011745
(5|36),(19|34),0.041612,0.035184,+0.006428
(5|36),(21|33),0.020805,0.029799,-0.008994
(5|36),(21|34),0.041611,0.031235,+0.010376
(5|36),(23|33),0.021162,0.030756,-0.009594
(5|36),(23|34),0.042324,0.033629,+0.008695
(5|36),(25|33),0.020720,0.033509,-0.012789
(5|36),(25|34),0.041440,0.031714,+0.009726
(5|36),(27|33),0.020580,0.028363,-0.007783
(5|36),(27|34),0.041160,0.030397,+0.010763
(5|36),(29|33),0.020861,0.027525,-0.006664
(5|36),(29|34),0.041721,0.033389,+0.008332
(5|36),(31|33),0.020963,0.028602,-0.007639
(5|36),(31|34),0.041927,0.030038,+0.011888
(5|37),(1|34),0.020899,0.030769,-0.009870
(5|37),(1|35),0.041799,0.026746,+0.015053
(5|37),(3|34),0.020979,0.031243,-0.010264
(5|37),(3|35),0.041957,0.027219,+0.014738
(5|37),(5|34),0.021035,0.033136,-0.012101
(5|37),(5|35),0.042071,0.032899,+0.009171
(5|37),(7|34),0.020870,0.033136,-0.012266
(5|37),(7|35),0.041740,0.029822,+0.011918
(5|37),(9|34),0.020786,0.034320,-0.013534
(5|37),(9|35),0.041572,0.031479,+0.010093
(5|37),(11|34),0.020802,0.036450,-0.015648
(5|37),(11|35),0.041604,0.024142,+0.017462
(5|37),(13|34),0.020513,0.030059,-0.009547
(5|37),(13|35),0.041025,0.028166,+0.012860
(5|37),(15|34),0.020845,0.032426,-0.011581
(5|37),(15|35),0.041691,0.033609,+0.008081
(5|37),(17|34),0.020707,0.031716,-0.011009
(5|37),(17|35),0.041413,0.032899,+0.008514
(5|37),(19|34),0.020806,0.035976,-0.015170
(5|37),(19|35),0.041612,0.034083,+0.007529
(5|37),(21|34),0.020805,0.035266,-0.014461
(5|37),(21|35),0.041611,0.035030,+0.006581
(5|37),(23|34),0.021162,0.029112,-0.007950
(5|37),(23|35),0.042324,0.030533,+0.011791
(5|37),(25|34),0.020720,0.029349,-0.008629
(5|37),(25|35),0.041440,0.031716,+0.009724
(5|37),(27|34),0.020580,0.034556,-0.013976
(5|37),(27|35),0.041160,0.025799,+0.015361
(5|37),(29|34),0.020861,0.030059,-0.009199
(5|37),(29|35),0.041721,0.028876,+0.012846
(5|37),(31|34),0.020963,0.029349,-0.008386
(5|37),(31|35),0.041927,0.030059,+0.011867
(5|38),(1|35),0.020899,0.027892,-0.006993
(5|38),(1|36),0.041799,0.032007,+0.009791
(5|38),(3|35),0.020979,0.030636,-0.009657
(5|38),(3|36),0.041957,0.031550,+0.010407
(5|38),(5|35),0.021035,0.028807,-0.007771
(5|38),(5|36),0.042071,0.027435,+0.014636
(5|38),(7|35),0.020870,0.030178,-0.009308
(5|38),(7|36),0.041740,0.028349,+0.013391
(5|38),(9|35),0.020786,0.032922,-0.012136
(5|38),(9|36),0.041572,0.032007,+0.009565
(5|38),(11|35),0.020802,0.034751,-0.013949
(5|38),(11|36),0.041604,0.030636,+0.010968
(5|38),(13|35),0.020513,0.032465,-0.011952
(5|38),(13|36),0.041025,0.022862,+0.018163
(5|38),(15|35),0.020845,0.034294,-0.013448
(5|38),(15|36),0.041691,0.024691,+0.016999
(5|38),(17|35),0.020707,0.034751,-0.014044
(5|38),(17|36),0.041413,0.033379,+0.008034
(5|38),(19|35),0.020806,0.037952,-0.017146
(5|38),(19|36),0.041612,0.040238,+0.001374
(5|38),(21|35),0.020805,0.028349,-0.007544
(5|38),(21|36),0.041611,0.031093,+0.010518
(5|38),(23|35),0.021162,0.032465,-0.011303
(5|38),(23|36),0.042324,0.030178,+0.012146
(5|38),(25|35),0.020720,0.028349,-0.007629
(5|38),(25|36),0.041440,0.030636,+0.010804
(5|38),(27|35),0.020580,0.035665,-0.015085
(5|38),(27|36),0.041160,0.032465,+0.008695
(5|38),(29|35),0.020861,0.027435,-0.006574
(5|38),(29|36),0.041721,0.035208,+0.006513
(5|38),(31|35),0.020963,0.032465,-0.011501
(5|38),(31|36),0.041927,0.027892,+0.014035
(5|39),(1|36),0.020899,0.021596,-0.000697
(5|39),(1|37),0.041799,0.031925,+0.009874
(5|39),(3|36),0.020979,0.030986,-0.010007
(5|39),(3|37),0.041957,0.030047,+0.011910
(5|39),(5|36),0.021035,0.029108,-0.008073
(5|39),(5|37),0.042071,0.027230,+0.014841
(5|39),(7|36),0.020870,0.029108,-0.008238
(5|39),(7|37),0.041740,0.031925,+0.009815
(5|39),(9|36),0.020786,0.035681,-0.014895
(5|39),(9|37),0.041572,0.028169,+0.013403
(5|39),(11|36),0.020802,0.038498,-0.017696
(5|39),(11|37),0.041604,0.034742,+0.006862
(5|39),(13|36),0.020513,0.040376,-0.019863
(5|39),(13|37),0.041025,0.033803,+0.007223
(5|39),(15|36),0.020845,0.040376,-0.019530
(5|39),(15|37),0.041691,0.040376,+0.001315
(5|39),(17|36),0.020707,0.033803,-0.013096
(5|39),(17|37),0.041413,0.030986,+0.010427
(5|39),(19|36),0.020806,0.029108,-0.008302
(5|39),(19|37),0.041612,0.017840,+0.023772
(5|39),(21|36),0.020805,0.033803,-0.012997
(5|39),(21|37),0.041611,0.028169,+0.013442
(5|39),(23|36),0.021162,0.031925,-0.010763
(5|39),(23|37),0.042324,0.026291,+0.016033
(5|39),(25|36),0.020720,0.017840,+0.002880
(5|39),(25|37),0.041440,0.025352,+0.016088
(5|39),(27|36),0.020580,0.030986,-0.010406
(5|39),(27|37),0.041160,0.037559,+0.003601
(5|39),(29|36),0.020861,0.031925,-0.011064
(5|39),(29|37),0.041721,0.036620,+0.005102
(5|39),(31|36),0.020963,0.027230,-0.006267
(5|39),(31|37),0.041927,0.036620,+0.005307
(5|40),(1|37),0.020899,0.035461,-0.014562
(5|40),(1|38),0.041799,0.021277,+0.020522
(5|40),(3|37),0.020979,0.026596,-0.005617
(5|40),(3|38),0.041957,0.033688,+0.008269
(5|40),(5|37),0.021035,0.024823,-0.003787
(5|40),(5|38),0.042071,0.037234,+0.004837
(5|40),(7|37),0.020870,0.023050,-0.002180
(5|40),(7|38),0.041740,0.026596,+0.015144
(5|40),(9|37),0.020786,0.024823,-0.004037
(5|40),(9|38),0.041572,0.056738,-0.015166
(5|40),(11|37),0.020802,0.030142,-0.009340
(5|40),(11|38),0.041604,0.044326,-0.002722
(5|40),(13|37),0.020513,0.026596,-0.006083
(5|40),(13|38),0.041025,0.028369,+0.012657
(5|40),(15|37),0.020845,0.024823,-0.003977
(5|40),(15|38),0.041691,0.040780,+0.000911
(5|40),(17|37),0.020707,0.047872,-0.027166
(5|40),(17|38),0.041413,0.023050,+0.018364
(5|40),(19|37),0.020806,0.023050,-0.002244
(5|40),(19|38),0.041612,0.026596,+0.015016
(5|40),(21|37),0.020805,0.019504,+0.001302
(5|40),(21|38),0.041611,0.039007,+0.002604
(5|40),(23|37),0.021162,0.031915,-0.010753
(5|40),(23|38),0.042324,0.028369,+0.013955
(5|40),(25|37),0.020720,0.028369,-0.007649
(5|40),(25|38),0.041440,0.028369,+0.013071
(5|40),(27|37),0.020580,0.033688,-0.013108
(5|40),(27|38),0.041160,0.026596,+0.014564
(5|40),(29|37),0.020861,0.042553,-0.021693
(5|40),(29|38),0.041721,0.030142,+0.011579
(5|40),(31|37),0.020963,0.033688,-0.012725
(5|40),(31|38),0.041927,0.031915,+0.010012
(5|41),(1|38),0.020899,0.021583,-0.000683
(5|41),(1|39),0.041799,0.039568,+0.002230
(5|41),(3|38),0.020979,0.035971,-0.014993
(5|41),(3|39),0.041957,0.028777,+0.013180
(5|41),(5|38),0.021035,0.021583,-0.000547
(5|41),(5|39),0.042071,0.057554,-0.015483
(5|41),(7|38),0.020870,0.050360,-0.029490
(5|41),(7|39),0.041740,0.028777,+0.012963
(5|41),(9|38),0.020786,0.053957,-0.033171
(5|41),(9|39),0.041572,0.032374,+0.009198
(5|41),(11|38),0.020802,0.046763,-0.025961
(5|41),(11|39),0.041604,0.021583,+0.020021
(5|41),(13|38),0.020513,0.039568,-0.019056
(5|41),(13|39),0.041025,0.032374,+0.008651
(5|41),(15|38),0.020845,0.017986,+0.002860
(5|41),(15|39),0.041691,0.021583,+0.020108
(5|41),(17|38),0.020707,0.021583,-0.000876
(5|41),(17|39),0.041413,0.032374,+0.009039
(5|41),(19|38),0.020806,0.025180,-0.004374
(5|41),(19|39),0.041612,0.043165,-0.001553
(5|41),(21|38),0.020805,0.046763,-0.025957
(5|41),(21|39),0.041611,0.032374,+0.009237
(5|41),(23|38),0.021162,0.039568,-0.018406
(5|41),(23|39),0.042324,0.017986,+0.024338
(5|41),(25|38),0.020720,0.028777,-0.008057
(5|41),(25|39),0.041440,0.035971,+0.005469
(5|41),(27|38),0.020580,0.039568,-0.018988
(5|41),(27|39),0.041160,0.007194,+0.033966
(5|41),(29|38),0.020861,0.017986,+0.002875
(5|41),(29|39),0.041721,0.010791,+0.030930
(5|41),(31|38),0.020963,0.021583,-0.000619
(5|41),(31|39),0.041927,0.028777,+0.013150
(5|42),(1|39),0.020899,0.007692,+0.013207
(5|42),(1|40),0.041799,0.030769,+0.011029
(5|42),(3|39),0.020979,0.038462,-0.017483
(5|42),(3|40),0.041957,0.007692,+0.034265
(5|42),(5|39),0.021035,0.015385,+0.005651
(5|42),(5|40),0.042071,0.053846,-0.011775
(5|42),(7|39),0.020870,0.038462,-0.017592
(5|42),(7|40),0.041740,0.015385,+0.026355
(5|42),(9|39),0.020786,0.030769,-0.009983
(5|42),(9|40),0.041572,0.023077,+0.018495
(5|42),(11|39),0.020802,0.023077,-0.002275
(5|42),(11|40),0.041604,0.023077,+0.018527
(5|42),(13|39),0.020513,0.023077,-0.002564
(5|42),(13|40),0.041025,0.030769,+0.010256
(5|42),(15|39),0.020845,0.030769,-0.009924
(5|42),(15|40),0.041691,0.046154,-0.004463
(5|42),(17|39),0.020707,0.023077,-0.002370
(5|42),(17|40),0.041413,0.023077,+0.018336
(5|42),(19|39),0.020806,0.038462,-0.017656
(5|42),(19|40),0.041612,0.069231,-0.027619
(5|42),(21|39),0.020805,0.038462,-0.017656
(5|42),(21|40),0.041611,0.046154,-0.004543
(5|42),(23|39),0.021162,0.030769,-0.009607
(5|42),(23|40),0.042324,0.007692,+0.034632
(5|42),(25|39),0.020720,0.053846,-0.033126
(5|42),(25|40),0.041440,0.030769,+0.010671
(5|42),(27|39),0.020580,0.053846,-0.033266
(5|42),(27|40),0.041160,0.030769,+0.010391
(5|42),(29|39),0.020861,0.015385,+0.005476
(5|42),(29|40),0.041721,0.023077,+0.018644
(5|42),(31|39),0.020963,0.038462,-0.017498
(5|42),(31|40),0.041927,0.038462,+0.003465
(5|43),(1|40),0.020899,0.015152,+0.005748
(5|43),(1|41),0.041799,0.015152,+0.026647
(5|43),(3|40),0.020979,0.030303,-0.009324
(5|43),(3|41),0.041957,0.015152,+0.026806
(5|43),(5|40),0.021035,0.015152,+0.005884
(5|43),(5|41),0.042071,0.060606,-0.018535
(5|43),(7|40),0.020870,0.015152,+0.005718
(5|43),(7|41),0.041740,0.045455,-0.003715
(5|43),(9|40),0.020786,0.045455,-0.024669
(5|43),(9|41),0.041572,0.000000,+0.041572
(5|43),(11|40),0.020802,0.090909,-0.070107
(5|43),(11|41),0.041604,0.090909,-0.049305
(5|43),(13|40),0.020513,0.045455,-0.024942
(5|43),(13|41),0.041025,0.030303,+0.010722
(5|43),(15|40),0.020845,0.060606,-0.039761
(5|43),(15|41),0.041691,0.015152,+0.026539
(5|43),(17|40),0.020707,0.060606,-0.039899
(5|43),(17|41),0.041413,0.045455,-0.004041
(5|43),(19|40),0.020806,0.045455,-0.024649
(5|43),(19|41),0.041612,0.000000,+0.041612
(5|43),(21|40),0.020805,0.015152,+0.005654
(5|43),(21|41),0.041611,0.015152,+0.026459
(5|43),(23|40),0.021162,0.030303,-0.009141
(5|43),(23|41),0.042324,0.015152,+0.027172
(5|43),(25|40),0.020720,0.030303,-0.009583
(5|43),(25|41),0.041440,0.000000,+0.041440
(5|43),(27|40),0.020580,0.000000,+0.020580
(5|43),(27|41),0.041160,0.045455,-0.004295
(5|43),(29|40),0.020861,0.045455,-0.024594
(5|43),(29|41),0.041721,0.030303,+0.011418
(5|43),(31|40),0.020963,0.030303,-0.009340
(5|43),(31|41),0.041927,0.000000,+0.041927
(7|2),(11|3),0.333041,1.000000,-0.666959
(7|6),(11|6),0.166521,0.390592,-0.224072
(7|6),(11|7),0.333041,0.000000,+0.333041
(7|6),(27|6),0.166813,0.000000,+0.166813
(7|6),(27|7),0.333625,0.609408,-0.275782
(7|7),(11|7),0.166521,0.000000,+0.166521
(7|7),(11|8),0.333041,0.067059,+0.265982
(7|7),(27|7),0.166813,0.932941,-0.766128
(7|7),(27|8),0.333625,0.000000,+0.333625
(7|8),(11|8),0.166521,0.866299,-0.699779
(7|8),(11|9),0.333041,0.037750,+0.295291
(7|8),(27|8),0.166813,0.005054,+0.161758
(7|8),(27|9),0.333625,0.090896,+0.242729
(7|9),(11|9),0.166521,0.397163,-0.230642
(7|9),(11|10),0.333041,0.199012,+0.134030
(7|9),(27|9),0.166813,0.141283,+0.025530
(7|9),(27|10),0.333625,0.262543,+0.071083
(7|10),(11|10),0.166521,0.187651,-0.021130
(7|10),(11|11),0.333041,0.220966,+0.112075
(7|10),(27|10),0.166813,0.372133,-0.205320
(7|10),(27|11),0.333625,0.219250,+0.114375
(7|11),(11|11),0.166521,0.314705,-0.148185
(7|11),(11|12),0.333041,0.187215,+0.145827
(7|11),(27|11),0.166813,0.095443,+0.071370
(7|11),(27|12),0.333625,0.402637,-0.069012
(7|12),(11|12),0.166521,0.212741,-0.046221
(7|12),(11|13),0.333041,0.393666,-0.060624
(7|12),(27|12),0.166813,0.198145,-0.031332
(7|12),(27|13),0.333625,0.195448,+0.138177
(7|13),(11|13),0.166521,0.151377,+0.015144
(7|13),(11|14),0.333041,0.259594,+0.073448
(7|13),(27|13),0.166813,0.337728,-0.170915
(7|13),(27|14),0.333625,0.251302,+0.082324
(7|14),(11|14),0.166521,0.181081,-0.014561
(7|14),(11|15),0.333041,0.327608,+0.005433
(7|14),(27|14),0.166813,0.143453,+0.023360
(7|14),(27|15),0.333625,0.347857,-0.014232
(7|15),(11|15),0.166521,0.232649,-0.066128
(7|15),(11|16),0.333041,0.336074,-0.003033
(7|15),(27|15),0.166813,0.174844,-0.008031
(7|15),(27|16),0.333625,0.256433,+0.077192
(7|16),(11|16),0.166521,0.194778,-0.028257
(7|16),(11|17),0.333041,0.270507,+0.062535
(7|16),(27|16),0.166813,0.200644,-0.033831
(7|16),(27|17),0.333625,0.334072,-0.000447
(7|17),(11|17),0.166521,0.203132,-0.036611
(7|17),(11|18),0.333041,0.278310,+0.054732
(7|17),(27|17),0.166813,0.210904,-0.044092
(7|17),(27|18),0.333625,0.307654,+0.025971
(7|18),(11|18),0.166521,0.202237,-0.035716
(7|18),(11|19),0.333041,0.302302,+0.030740
(7|18),(27|18),0.166813,0.213871,-0.047058
(7|18),(27|19),0.333625,0.281590,+0.052035
(7|19),(11|19),0.166521,0.201314,-0.034793
(7|19),(11|20),0.333041,0.282254,+0.050787
(7|19),(27|19),0.166813,0.211865,-0.045052
(7|19),(27|20),0.333625,0.304567,+0.029058
(7|20),(11|20),0.166521,0.210970,-0.044449
(7|20),(11|21),0.333041,0.289867,+0.043174
(7|20),(27|20),0.166813,0.212536,-0.045723
(7|20),(27|21),0.333625,0.286627,+0.046999
(7|21),(11|21),0.166521,0.201296,-0.034775
(7|21),(11|22),0.333041,0.291844,+0.041197
(7|21),(27|21),0.166813,0.205878,-0.039066
(7|21),(27|22),0.333625,0.300982,+0.032644
(7|22),(11|22),0.166521,0.205712,-0.039191
(7|22),(11|23),0.333041,0.289861,+0.043181
(7|22),(27|22),0.166813,0.213711,-0.046899
(7|22),(27|23),0.333625,0.290716,+0.042909
(7|23),(11|23),0.166521,0.210075,-0.043555
(7|23),(11|24),0.333041,0.295917,+0.037124
(7|23),(27|23),0.166813,0.203910,-0.037097
(7|23),(27|24),0.333625,0.290098,+0.043527
(7|24),(11|24),0.166521,0.206539,-0.040018
(7|24),(11|25),0.333041,0.293160,+0.039882
(7|24),(27|24),0.166813,0.205016,-0.038203
(7|24),(27|25),0.333625,0.295285,+0.038340
(7|25),(11|25),0.166521,0.207684,-0.041163
(7|25),(11|26),0.333041,0.292367,+0.040674
(7|25),(27|25),0.166813,0.206685,-0.039872
(7|25),(27|26),0.333625,0.293264,+0.040361
(7|26),(11|26),0.166521,0.206568,-0.040047
(7|26),(11|27),0.333041,0.294985,+0.038056
(7|26),(27|26),0.166813,0.207290,-0.040477
(7|26),(27|27),0.333625,0.291157,+0.042468
(7|27),(11|27),0.166521,0.208057,-0.041536
(7|27),(11|28),0.333041,0.291433,+0.041609
(7|27),(27|27),0.166813,0.206329,-0.039516
(7|27),(27|28),0.333625,0.294182,+0.039444
(7|28),(11|28),0.166521,0.210561,-0.044040
(7|28),(11|29),0.333041,0.290770,+0.042271
(7|28),(27|28),0.166813,0.208146,-0.041333
(7|28),(27|29),0.333625,0.290523,+0.043103
(7|29),(11|29),0.166521,0.208836,-0.042316
(7|29),(11|30),0.333041,0.292039,+0.041002
(7|29),(27|29),0.166813,0.206019,-0.039207
(7|29),(27|30),0.333625,0.293105,+0.040520
(7|30),(11|30),0.166521,0.207958,-0.041438
(7|30),(11|31),0.333041,0.293333,+0.039709
(7|30),(27|30),0.166813,0.207303,-0.040490
(7|30),(27|31),0.333625,0.291406,+0.042219
(7|31),(11|31),0.166521,0.209746,-0.043225
(7|31),(11|32),0.333041,0.291678,+0.041363
(7|31),(27|31),0.166813,0.207884,-0.041071
(7|31),(27|32),0.333625,0.290692,+0.042933
(7|32),(11|32),0.166521,0.241536,-0.075015
(7|32),(11|33),0.333041,0.257285,+0.075756
(7|32),(27|32),0.166813,0.242429,-0.075616
(7|32),(27|33),0.333625,0.258751,+0.074875
(7|33),(11|33),0.166521,0.251330,-0.084810
(7|33),(11|34),0.333041,0.248138,+0.084904
(7|33),(27|33),0.166813,0.250769,-0.083956
(7|33),(27|34),0.333625,0.249763,+0.083862
(7|34),(11|34),0.166521,0.250536,-0.084015
(7|34),(11|35),0.333041,0.248274,+0.084768
(7|34),(27|34),0.166813,0.249821,-0.083009
(7|34),(27|35),0.333625,0.251369,+0.082256
(7|35),(11|35),0.166521,0.252648,-0.086128
(7|35),(11|36),0.333041,0.250991,+0.082050
(7|35),(27|35),0.166813,0.250281,-0.083468
(7|35),(27|36),0.333625,0.246079,+0.087546
(7|36),(11|36),0.166521,0.259570,-0.093049
(7|36),(11|37),0.333041,0.248517,+0.084525
(7|36),(27|36),0.166813,0.247004,-0.080191
(7|36),(27|37),0.333625,0.244910,+0.088716
(7|37),(11|37),0.166521,0.249587,-0.083067
(7|37),(11|38),0.333041,0.257844,+0.075198
(7|37),(27|37),0.166813,0.246049,-0.079236
(7|37),(27|38),0.333625,0.246520,+0.087105
(7|38),(11|38),0.166521,0.253391,-0.086871
(7|38),(11|39),0.333041,0.251938,+0.081103
(7|38),(27|38),0.166813,0.247093,-0.080280
(7|38),(27|39),0.333625,0.247578,+0.086048
(7|39),(11|39),0.166521,0.251894,-0.085373
(7|39),(11|40),0.333041,0.247159,+0.085882
(7|39),(27|39),0.166813,0.262311,-0.095498
(7|39),(27|40),0.333625,0.238636,+0.094989
(7|40),(11|40),0.166521,0.274953,-0.108432
(7|40),(11|41),0.333041,0.254237,+0.078804
(7|40),(27|40),0.166813,0.214689,-0.047877
(7|40),(27|41),0.333625,0.256121,+0.077505
(7|41),(11|41),0.166521,0.227451,-0.060930
(7|41),(11|42),0.333041,0.270588,+0.062453
(7|41),(27|41),0.166813,0.223529,-0.056717
(7|41),(27|42),0.333625,0.278431,+0.055194
(7|42),(11|42),0.166521,0.246269,-0.079748
(7|42),(11|43),0.333041,0.253731,+0.079310
(7|42),(27|42),0.166813,0.313433,-0.146620
(7|42),(27|43),0.333625,0.186567,+0.147058
(7|43),(11|43),0.166521,0.314815,-0.148294
(7|43),(27|43),0.166813,0.203704,-0.036891
(9|5),(15|5),0.166747,0.000000,+0.166747
(9|5),(23|4),0.083460,0.000000,+0.083460
(9|5),(23|5),0.166920,0.000000,+0.166920
(9|5),(31|4),0.083521,1.000000,-0.916479
(9|6),(7|6),0.165957,0.000000,+0.165957
(9|6),(15|5),0.083373,0.000000,+0.083373
(9|6),(15|6),0.166747,0.000000,+0.166747
(9|6),(23|5),0.083460,1.000000,-0.916540
(9|6),(23|6),0.166920,0.000000,+0.166920
(9|6),(31|6),0.167043,0.000000,+0.167043
(9|7),(7|6),0.082979,0.470255,-0.387276
(9|7),(7|7),0.165957,0.000000,+0.165957
(9|7),(15|6),0.083373,0.000000,+0.083373
(9|7),(15|7),0.166747,0.495950,-0.329203
(9|7),(23|6),0.083460,0.000000,+0.083460
(9|7),(23|7),0.166920,0.000000,+0.166920
(9|7),(31|6),0.083521,0.033795,+0.049726
(9|7),(31|7),0.167043,0.000000,+0.167043
(9|8),(7|7),0.082979,0.046056,+0.036923
(9|8),(7|8),0.165957,0.000000,+0.165957
(9|8),(15|7),0.083373,0.000000,+0.083373
(9|8),(15|8),0.166747,0.084763,+0.081983
(9|8),(23|7),0.083460,0.023823,+0.059637
(9|8),(23|8),0.166920,0.005489,+0.161431
(9|8),(31|7),0.083521,0.000000,+0.083521
(9|8),(31|8),0.167043,0.839869,-0.672827
(9|9),(7|8),0.082979,0.123165,-0.040186
(9|9),(7|9),0.165957,0.028470,+0.137487
(9|9),(15|8),0.083373,0.039441,+0.043932
(9|9),(15|9),0.166747,0.113127,+0.053620
(9|9),(23|8),0.083460,0.000000,+0.083460
(9|9),(23|9),0.166920,0.202331,-0.035411
(9|9),(31|8),0.083521,0.089222,-0.005701
(9|9),(31|9),0.167043,0.404244,-0.237202
(9|10),(7|9),0.082979,0.123688,-0.040709
(9|10),(7|10),0.165957,0.133935,+0.032023
(9|10),(15|9),0.083373,0.096931,-0.013557
(9|10),(15|10),0.166747,0.053249,+0.113497
(9|10),(23|9),0.083460,0.293405,-0.209945
(9|10),(23|10),0.166920,0.165991,+0.000929
(9|10),(31|9),0.083521,0.046952,+0.036569
(9|10),(31|10),0.167043,0.085849,+0.081193
(9|11),(7|10),0.082979,0.035395,+0.047583
(9|11),(7|11),0.165957,0.169752,-0.003794
(9|11),(15|10),0.083373,0.228504,-0.145131
(9|11),(15|11),0.166747,0.094797,+0.071950
(9|11),(23|10),0.083460,0.127161,-0.043701
(9|11),(23|11),0.166920,0.109295,+0.057625
(9|11),(31|10),0.083521,0.066492,+0.017029
(9|11),(31|11),0.167043,0.168603,-0.001560
(9|12),(7|11),0.082979,0.065456,+0.017522
(9|12),(7|12),0.165957,0.206214,-0.040256
(9|12),(15|11),0.083373,0.100922,-0.017549
(9|12),(15|12),0.166747,0.124644,+0.042102
(9|12),(23|11),0.083460,0.095932,-0.012472
(9|12),(23|12),0.166920,0.098932,+0.067988
(9|12),(31|11),0.083521,0.080577,+0.002944
(9|12),(31|12),0.167043,0.227323,-0.060281
(9|13),(7|12),0.082979,0.152355,-0.069376
(9|13),(7|13),0.165957,0.129240,+0.036718
(9|13),(15|12),0.083373,0.131074,-0.047701
(9|13),(15|13),0.166747,0.141739,+0.025008
(9|13),(23|12),0.083460,0.102691,-0.019231
(9|13),(23|13),0.166920,0.124084,+0.042836
(9|13),(31|12),0.083521,0.064371,+0.019150
(9|13),(31|13),0.167043,0.154445,+0.012598
(9|14),(7|13),0.082979,0.132671,-0.049693
(9|14),(7|14),0.165957,0.175659,-0.009701
(9|14),(15|13),0.083373,0.162920,-0.079547
(9|14),(15|14),0.166747,0.138594,+0.028152
(9|14),(23|13),0.083460,0.130413,-0.046953
(9|14),(23|14),0.166920,0.107521,+0.059399
(9|14),(31|13),0.083521,0.060411,+0.023110
(9|14),(31|14),0.167043,0.091811,+0.075232
(9|15),(7|14),0.082979,0.098205,-0.015226
(9|15),(7|15),0.165957,0.129228,+0.036729
(9|15),(15|14),0.083373,0.081088,+0.002285
(9|15),(15|15),0.166747,0.123185,+0.043561
(9|15),(23|14),0.083460,0.089987,-0.006527
(9|15),(23|15),0.166920,0.255213,-0.088293
(9|15),(31|14),0.083521,0.096016,-0.012494
(9|15),(31|15),0.167043,0.127077,+0.039966
(9|16),(7|15),0.082979,0.099841,-0.016863
(9|16),(7|16),0.165957,0.146234,+0.019724
(9|16),(15|15),0.083373,0.101528,-0.018154
(9|16),(15|16),0.166747,0.160940,+0.005807
(9|16),(23|15),0.083460,0.113704,-0.030244
(9|16),(23|16),0.166920,0.131113,+0.035807
(9|16),(31|15),0.083521,0.106992,-0.023470
(9|16),(31|16),0.167043,0.139649,+0.027394
(9|17),(7|16),0.082979,0.092005,-0.009026
(9|17),(7|17),0.165957,0.134681,+0.031276
(9|17),(15|16),0.083373,0.095831,-0.012458
(9|17),(15|17),0.166747,0.149681,+0.017066
(9|17),(23|16),0.083460,0.091740,-0.008280
(9|17),(23|17),0.166920,0.200645,-0.033725
(9|17),(31|16),0.083521,0.100115,-0.016593
(9|17),(31|17),0.167043,0.135302,+0.031741
(9|18),(7|17),0.082979,0.108797,-0.025818
(9|18),(7|18),0.165957,0.140976,+0.024982
(9|18),(15|17),0.083373,0.102721,-0.019348
(9|18),(15|18),0.166747,0.141730,+0.025017
(9|18),(23|17),0.083460,0.108012,-0.024552
(9|18),(23|18),0.166920,0.148923,+0.017997
(9|18),(31|17),0.083521,0.108838,-0.025317
(9|18),(31|18),0.167043,0.140004,+0.027039
(9|19),(7|18),0.082979,0.104256,-0.021277
(9|19),(7|19),0.165957,0.140478,+0.025480
(9|19),(15|18),0.083373,0.101888,-0.018515
(9|19),(15|19),0.166747,0.159074,+0.007672
(9|19),(23|18),0.083460,0.099744,-0.016284
(9|19),(23|19),0.166920,0.140353,+0.026567
(9|19),(31|18),0.083521,0.102067,-0.018545
(9|19),(31|19),0.167043,0.152141,+0.014901
(9|20),(7|19),0.082979,0.106292,-0.023313
(9|20),(7|20),0.165957,0.148094,+0.017863
(9|20),(15|19),0.083373,0.100832,-0.017459
(9|20),(15|20),0.166747,0.140624,+0.026123
(9|20),(23|19),0.083460,0.106197,-0.022737
(9|20),(23|20),0.166920,0.141627,+0.025293
(9|20),(31|19),0.083521,0.113007,-0.029486
(9|20),(31|20),0.167043,0.143326,+0.023716
(9|21),(7|20),0.082979,0.105681,-0.022702
(9|21),(7|21),0.165957,0.143668,+0.022290
(9|21),(15|20),0.083373,0.105249,-0.021876
(9|21),(15|21),0.166747,0.144607,+0.022140
(9|21),(23|20),0.083460,0.106714,-0.023254
(9|21),(23|21),0.166920,0.146161,+0.020759
(9|21),(31|20),0.083521,0.105654,-0.022132
(9|21),(31|21),0.167043,0.142266,+0.024777
(9|22),(7|21),0.082979,0.105122,-0.022143
(9|22),(7|22),0.165957,0.147163,+0.018795
(9|22),(15|21),0.083373,0.101286,-0.017913
(9|22),(15|22),0.166747,0.149987,+0.016760
(9|22),(23|21),0.083460,0.105486,-0.022026
(9|22),(23|22),0.166920,0.142792,+0.024128
(9|22),(31|21),0.083521,0.103903,-0.020382
(9|22),(31|22),0.167043,0.144262,+0.022781
(9|23),(7|22),0.082979,0.105693,-0.022714
(9|23),(7|23),0.165957,0.143016,+0.022941
(9|23),(15|22),0.083373,0.104249,-0.020876
(9|23),(15|23),0.166747,0.147891,+0.018856
(9|23),(23|22),0.083460,0.105369,-0.021909
(9|23),(23|23),0.166920,0.145510,+0.021410
(9|23),(31|22),0.083521,0.103120,-0.019599
(9|23),(31|23),0.167043,0.145151,+0.021891
(9|24),(7|23),0.082979,0.106609,-0.023631
(9|24),(7|24),0.165957,0.145091,+0.020866
(9|24),(15|23),0.083373,0.104109,-0.020736
(9|24),(15|24),0.166747,0.147793,+0.018954
(9|24),(23|23),0.083460,0.101380,-0.017920
(9|24),(23|24),0.166920,0.146323,+0.020597
(9|24),(31|23),0.083521,0.101918,-0.018396
(9|24),(31|24),0.167043,0.146776,+0.020267
(9|25),(7|24),0.082979,0.103058,-0.020080
(9|25),(7|25),0.165957,0.145895,+0.020062
(9|25),(15|24),0.083373,0.103098,-0.019725
(9|25),(15|25),0.166747,0.148472,+0.018275
(9|25),(23|24),0.083460,0.105333,-0.021873
(9|25),(23|25),0.166920,0.145483,+0.021437
(9|25),(31|24),0.083521,0.103453,-0.019932
(9|25),(31|25),0.167043,0.145208,+0.021835
(9|26),(7|25),0.082979,0.105176,-0.022197
(9|26),(7|26),0.165957,0.145159,+0.020799
(9|26),(15|25),0.083373,0.104542,-0.021169
(9|26),(15|26),0.166747,0.146283,+0.020463
(9|26),(23|25),0.083460,0.104454,-0.020994
(9|26),(23|26),0.166920,0.146837,+0.020083
(9|26),(31|25),0.083521,0.101412,-0.017891
(9|26),(31|26),0.167043,0.146137,+0.020906
(9|27),(7|26),0.082979,0.104509,-0.021530
(9|27),(7|27),0.165957,0.146946,+0.019012
(9|27),(15|26),0.083373,0.103668,-0.020294
(9|27),(15|27),0.166747,0.145874,+0.020873
(9|27),(23|26),0.083460,0.103397,-0.019937
(9|27),(23|27),0.166920,0.144634,+0.022286
(9|27),(31|26),0.083521,0.104536,-0.021014
(9|27),(31|27),0.167043,0.146437,+0.020606
(9|28),(7|27),0.082979,0.103283,-0.020304
(9|28),(7|28),0.165957,0.147214,+0.018743
(9|28),(15|27),0.083373,0.103318,-0.019945
(9|28),(15|28),0.166747,0.148539,+0.018208
(9|28),(23|27),0.083460,0.103296,-0.019836
(9|28),(23|28),0.166920,0.145863,+0.021057
(9|28),(31|27),0.083521,0.102669,-0.019148
(9|28),(31|28),0.167043,0.145818,+0.021224
(9|29),(7|28),0.082979,0.103623,-0.020644
(9|29),(7|29),0.165957,0.146012,+0.019945
(9|29),(15|28),0.083373,0.103699,-0.020325
(9|29),(15|29),0.166747,0.146853,+0.019894
(9|29),(23|28),0.083460,0.103903,-0.020443
(9|29),(23|29),0.166920,0.146648,+0.020272
(9|29),(31|28),0.083521,0.102636,-0.019114
(9|29),(31|29),0.167043,0.146626,+0.020417
(9|30),(7|29),0.082979,0.103545,-0.020566
(9|30),(7|30),0.165957,0.145877,+0.020081
(9|30),(15|29),0.083373,0.105035,-0.021662
(9|30),(15|30),0.166747,0.144471,+0.022276
(9|30),(23|29),0.083460,0.103771,-0.020311
(9|30),(23|30),0.166920,0.146005,+0.020915
(9|30),(31|29),0.083521,0.104766,-0.021244
(9|30),(31|30),0.167043,0.146531,+0.020511
(9|31),(7|30),0.082979,0.105222,-0.022243
(9|31),(7|31),0.165957,0.145366,+0.020591
(9|31),(15|30),0.083373,0.104596,-0.021223
(9|31),(15|31),0.166747,0.144266,+0.022481
(9|31),(23|30),0.083460,0.104361,-0.020901
(9|31),(23|31),0.166920,0.146724,+0.020196
(9|31),(31|30),0.083521,0.104188,-0.020666
(9|31),(31|31),0.167043,0.145278,+0.021765
(9|32),(7|31),0.082979,0.122630,-0.039652
(9|32),(7|32),0.165957,0.130141,+0.035816
(9|32),(15|31),0.083373,0.119948,-0.036575
(9|32),(15|32),0.166747,0.128132,+0.038615
(9|32),(23|31),0.083460,0.119979,-0.036519
(9|32),(23|32),0.166920,0.126833,+0.040087
(9|32),(31|31),0.083521,0.122623,-0.039101
(9|32),(31|32),0.167043,0.129714,+0.037329
(9|33),(7|32),0.082979,0.125423,-0.042444
(9|33),(7|33),0.165957,0.125616,+0.040341
(9|33),(15|32),0.083373,0.124800,-0.041426
(9|33),(15|33),0.166747,0.124428,+0.042318
(9|33),(23|32),0.083460,0.126165,-0.042705
(9|33),(23|33),0.166920,0.123419,+0.043501
(9|33),(31|32),0.083521,0.124696,-0.041174
(9|33),(31|33),0.167043,0.125453,+0.041590
(9|34),(7|33),0.082979,0.127270,-0.044291
(9|34),(7|34),0.165957,0.124174,+0.041783
(9|34),(15|33),0.083373,0.123043,-0.039669
(9|34),(15|34),0.166747,0.123519,+0.043228
(9|34),(23|33),0.083460,0.127657,-0.044197
(9|34),(23|34),0.166920,0.125960,+0.040960
(9|34),(31|33),0.083521,0.125097,-0.041575
(9|34),(31|34),0.167043,0.123281,+0.043762
(9|35),(7|34),0.082979,0.127805,-0.044826
(9|35),(7|35),0.165957,0.125830,+0.040127
(9|35),(15|34),0.083373,0.126788,-0.043414
(9|35),(15|35),0.166747,0.122719,+0.044028
(9|35),(23|34),0.083460,0.123497,-0.040037
(9|35),(23|35),0.166920,0.123018,+0.043902
(9|35),(31|34),0.083521,0.123497,-0.039975
(9|35),(31|35),0.167043,0.126847,+0.040195
(9|36),(7|35),0.082979,0.125378,-0.042400
(9|36),(7|36),0.165957,0.127590,+0.038367
(9|36),(15|35),0.083373,0.127823,-0.044450
(9|36),(15|36),0.166747,0.127357,+0.039389
(9|36),(23|35),0.083460,0.128522,-0.045062
(9|36),(23|36),0.166920,0.122002,+0.044918
(9|36),(31|35),0.083521,0.122468,-0.038947
(9|36),(31|36),0.167043,0.118859,+0.048184
(9|37),(7|36),0.082979,0.130526,-0.047547
(9|37),(7|37),0.165957,0.129130,+0.036828
(9|37),(15|36),0.083373,0.125407,-0.042034
(9|37),(15|37),0.166747,0.125407,+0.041340
(9|37),(23|36),0.083460,0.121219,-0.037759
(9|37),(23|37),0.166920,0.120987,+0.045933
(9|37),(31|36),0.083521,0.119358,-0.035837
(9|37),(31|37),0.167043,0.127966,+0.039076
(9|38),(7|37),0.082979,0.132583,-0.049605
(9|38),(7|38),0.165957,0.120841,+0.045116
(9|38),(15|37),0.083373,0.131115,-0.047742
(9|38),(15|38),0.166747,0.119863,+0.046884
(9|38),(23|37),0.083460,0.113992,-0.030532
(9|38),(23|38),0.166920,0.127202,+0.039718
(9|38),(31|37),0.083521,0.137476,-0.053954
(9|38),(31|38),0.167043,0.116928,+0.050115
(9|39),(7|38),0.082979,0.129647,-0.046669
(9|39),(7|39),0.165957,0.134414,+0.031544
(9|39),(15|38),0.083373,0.129647,-0.046274
(9|39),(15|39),0.166747,0.115348,+0.051399
(9|39),(23|38),0.083460,0.144900,-0.061440
(9|39),(23|39),0.166920,0.123928,+0.042992
(9|39),(31|38),0.083521,0.117255,-0.033733
(9|39),(31|39),0.167043,0.104862,+0.062181
(9|40),(7|39),0.082979,0.107861,-0.024882
(9|40),(7|40),0.165957,0.120658,+0.045299
(9|40),(15|39),0.083373,0.133455,-0.050082
(9|40),(15|40),0.166747,0.138940,+0.027807
(9|40),(23|39),0.083460,0.115174,-0.031714
(9|40),(23|40),0.166920,0.126143,+0.040777
(9|40),(31|39),0.083521,0.133455,-0.049934
(9|40),(31|40),0.167043,0.124314,+0.042728
(9|41),(7|40),0.082979,0.122951,-0.039972
(9|41),(7|41),0.165957,0.114754,+0.051203
(9|41),(15|40),0.083373,0.081967,+0.001406
(9|41),(15|41),0.166747,0.159836,+0.006911
(9|41),(23|40),0.083460,0.098361,-0.014901
(9|41),(23|41),0.166920,0.127049,+0.039871
(9|41),(31|40),0.083521,0.139344,-0.055823
(9|41),(31|41),0.167043,0.155738,+0.011305
(9|42),(7|41),0.082979,0.157480,-0.074502
(9|42),(7|42),0.165957,0.125984,+0.039973
(9|42),(15|41),0.083373,0.188976,-0.105603
(9|42),(15|42),0.166747,0.094488,+0.072258
(9|42),(23|41),0.083460,0.141732,-0.058272
(9|42),(23|42),0.166920,0.133858,+0.033062
(9|42),(31|41),0.083521,0.094488,-0.010967
(9|42),(31|42),0.167043,0.062992,+0.104051
(9|43),(7|42),0.082979,0.060606,+0.022373
(9|43),(7|43),0.165957,0.090909,+0.075048
(9|43),(15|42),0.083373,0.151515,-0.068142
(9|43),(15|43),0.166747,0.106061,+0.060686
(9|43),(23|42),0.083460,0.136364,-0.052904
(9|43),(23|43),0.166920,0.166667,+0.000253
(9|43),(31|42),0.083521,0.121212,-0.037691
(9|43),(31|43),0.167043,0.166667,+0.000376
(11|3),(17|4),0.333499,1.000000,-0.666501
(11|5),(1|6),0.333168,1.000000,-0.666832
(11|5),(17|5),0.166749,0.000000,+0.166749
(11|5),(17|6),0.333499,0.000000,+0.333499
(11|6),(1|6),0.166584,0.000000,+0.166584
(11|6),(1|7),0.333168,1.000000,-0.666832
(11|6),(17|6),0.166749,0.000000,+0.166749
(11|6),(17|7),0.333499,0.000000,+0.333499
(11|7),(1|7),0.166584,0.000000,+0.166584
(11|7),(1|8),0.333168,0.386327,-0.053159
(11|7),(17|7),0.166749,0.276001,-0.109252
(11|7),(17|8),0.333499,0.337672,-0.004173
(11|8),(1|8),0.166584,0.088299,+0.078285
(11|8),(1|9),0.333168,0.080522,+0.252646
(11|8),(17|8),0.166749,0.016410,+0.150339
(11|8),(17|9),0.333499,0.814769,-0.481270
(11|9),(1|9),0.166584,0.012587,+0.153997
(11|9),(1|10),0.333168,0.269489,+0.063679
(11|9),(17|9),0.166749,0.324329,-0.157579
(11|9),(17|10),0.333499,0.393595,-0.060096
(11|10),(1|10),0.166584,0.194219,-0.027635
(11|10),(1|11),0.333168,0.422447,-0.089279
(11|10),(17|10),0.166749,0.200190,-0.033441
(11|10),(17|11),0.333499,0.183144,+0.150354
(11|11),(1|11),0.166584,0.088278,+0.078306
(11|11),(1|12),0.333168,0.401023,-0.067855
(11|11),(17|11),0.166749,0.135486,+0.031263
(11|11),(17|12),0.333499,0.375212,-0.041714
(11|12),(1|12),0.166584,0.201764,-0.035180
(11|12),(1|13),0.333168,0.299875,+0.033293
(11|12),(17|12),0.166749,0.118283,+0.048466
(11|12),(17|13),0.333499,0.380078,-0.046579
(11|13),(1|13),0.166584,0.341418,-0.174834
(11|13),(1|14),0.333168,0.231015,+0.102153
(11|13),(17|13),0.166749,0.173439,-0.006690
(11|13),(17|14),0.333499,0.254128,+0.079371
(11|14),(1|14),0.166584,0.224654,-0.058070
(11|14),(1|15),0.333168,0.261555,+0.071613
(11|14),(17|14),0.166749,0.231332,-0.064583
(11|14),(17|15),0.333499,0.282458,+0.051041
(11|15),(1|15),0.166584,0.203705,-0.037121
(11|15),(1|16),0.333168,0.296949,+0.036219
(11|15),(17|15),0.166749,0.241068,-0.074318
(11|15),(17|16),0.333499,0.258278,+0.075221
(11|16),(1|16),0.166584,0.183423,-0.016839
(11|16),(1|17),0.333168,0.279507,+0.053661
(11|16),(17|16),0.166749,0.272043,-0.105294
(11|16),(17|17),0.333499,0.265027,+0.068472
(11|17),(1|17),0.166584,0.205015,-0.038431
(11|17),(1|18),0.333168,0.297989,+0.035179
(11|17),(17|17),0.166749,0.197522,-0.030772
(11|17),(17|18),0.333499,0.299474,+0.034025
(11|18),(1|18),0.166584,0.204951,-0.038367
(11|18),(1|19),0.333168,0.300780,+0.032388
(11|18),(17|18),0.166749,0.213131,-0.046382
(11|18),(17|19),0.333499,0.281138,+0.052361
(11|19),(1|19),0.166584,0.200878,-0.034294
(11|19),(1|20),0.333168,0.301314,+0.031854
(11|19),(17|19),0.166749,0.205590,-0.038840
(11|19),(17|20),0.333499,0.292218,+0.041281
(11|20),(1|20),0.166584,0.208053,-0.041469
(11|20),(1|21),0.333168,0.296350,+0.036818
(11|20),(17|20),0.166749,0.204636,-0.037887
(11|20),(17|21),0.333499,0.290960,+0.042539
(11|21),(1|21),0.166584,0.205899,-0.039315
(11|21),(1|22),0.333168,0.290935,+0.042233
(11|21),(17|21),0.166749,0.207694,-0.040945
(11|21),(17|22),0.333499,0.295472,+0.038027
(11|22),(1|22),0.166584,0.209848,-0.043264
(11|22),(1|23),0.333168,0.294350,+0.038818
(11|22),(17|22),0.166749,0.204361,-0.037612
(11|22),(17|23),0.333499,0.291441,+0.042057
(11|23),(1|23),0.166584,0.203381,-0.036797
(11|23),(1|24),0.333168,0.295878,+0.037290
(11|23),(17|23),0.166749,0.207275,-0.040525
(11|23),(17|24),0.333499,0.293466,+0.040032
(11|24),(1|24),0.166584,0.206883,-0.040299
(11|24),(1|25),0.333168,0.294414,+0.038754
(11|24),(17|24),0.166749,0.208518,-0.041768
(11|24),(17|25),0.333499,0.290185,+0.043313
(11|25),(1|25),0.166584,0.202523,-0.035939
(11|25),(1|26),0.333168,0.293890,+0.039278
(11|25),(17|25),0.166749,0.210058,-0.043309
(11|25),(17|26),0.333499,0.293528,+0.039970
(11|26),(1|26),0.166584,0.208299,-0.041715
(11|26),(1|27),0.333168,0.293126,+0.040042
(11|26),(17|26),0.166749,0.206290,-0.039541
(11|26),(17|27),0.333499,0.292286,+0.041213
(11|27),(1|27),0.166584,0.208142,-0.041558
(11|27),(1|28),0.333168,0.292721,+0.040447
(11|27),(17|27),0.166749,0.208089,-0.041339
(11|27),(17|28),0.333499,0.291048,+0.042451
(11|28),(1|28),0.166584,0.207091,-0.040507
(11|28),(1|29),0.333168,0.294602,+0.038566
(11|28),(17|28),0.166749,0.206803,-0.040054
(11|28),(17|29),0.333499,0.291504,+0.041995
(11|29),(1|29),0.166584,0.208730,-0.042146
(11|29),(1|30),0.333168,0.292615,+0.040553
(11|29),(17|29),0.166749,0.206316,-0.039566
(11|29),(17|30),0.333499,0.292340,+0.041159
(11|30),(1|30),0.166584,0.207685,-0.041101
(11|30),(1|31),0.333168,0.292020,+0.041148
(11|30),(17|30),0.166749,0.208084,-0.041335
(11|30),(17|31),0.333499,0.292211,+0.041288
(11|31),(1|31),0.166584,0.208367,-0.041783
(11|31),(1|32),0.333168,0.291827,+0.041341
(11|31),(17|31),0.166749,0.209174,-0.042425
(11|31),(17|32),0.333499,0.290632,+0.042867
(11|32),(1|32),0.166584,0.242240,-0.075656
(11|32),(1|33),0.333168,0.254583,+0.078585
(11|32),(17|32),0.166749,0.243632,-0.076883
(11|32),(17|33),0.333499,0.259545,+0.073954
(11|33),(1|33),0.166584,0.249933,-0.083349
(11|33),(1|34),0.333168,0.250541,+0.082627
(11|33),(17|33),0.166749,0.251726,-0.084976
(11|33),(17|34),0.333499,0.247800,+0.085698
(11|34),(1|34),0.166584,0.250335,-0.083751
(11|34),(1|35),0.333168,0.248042,+0.085126
(11|34),(17|34),0.166749,0.251317,-0.084568
(11|34),(17|35),0.333499,0.250305,+0.083193
(11|35),(1|35),0.166584,0.251858,-0.085274
(11|35),(1|36),0.333168,0.249063,+0.084105
(11|35),(17|35),0.166749,0.244603,-0.077854
(11|35),(17|36),0.333499,0.254475,+0.079023
(11|36),(1|36),0.166584,0.244359,-0.077775
(11|36),(1|37),0.333168,0.253780,+0.079388
(11|36),(17|36),0.166749,0.240172,-0.073423
(11|36),(17|37),0.333499,0.261689,+0.071810
(11|37),(1|37),0.166584,0.249824,-0.083240
(11|37),(1|38),0.333168,0.250529,+0.082639
(11|37),(17|37),0.166749,0.247239,-0.080489
(11|37),(17|38),0.333499,0.252409,+0.081090
(11|38),(1|38),0.166584,0.263231,-0.096647
(11|38),(1|39),0.333168,0.224234,+0.108934
(11|38),(17|38),0.166749,0.260446,-0.093696
(11|38),(17|39),0.333499,0.252089,+0.081410
(11|39),(1|39),0.166584,0.236917,-0.070333
(11|39),(1|40),0.333168,0.250238,+0.082930
(11|39),(17|39),0.166749,0.263559,-0.096809
(11|39),(17|40),0.333499,0.249286,+0.084212
(11|40),(1|40),0.166584,0.250951,-0.084367
(11|40),(1|41),0.333168,0.262357,+0.070811
(11|40),(17|40),0.166749,0.262357,-0.095608
(11|40),(17|41),0.333499,0.224335,+0.109164
(11|41),(1|41),0.166584,0.273764,-0.107180
(11|41),(1|42),0.333168,0.228137,+0.105031
(11|41),(17|41),0.166749,0.228137,-0.061388
(11|41),(17|42),0.333499,0.269962,+0.063537
(11|42),(1|42),0.166584,0.268116,-0.101532
(11|42),(1|43),0.333168,0.239130,+0.094038
(11|42),(17|42),0.166749,0.224638,-0.057888
(11|42),(17|43),0.333499,0.268116,+0.065383
(11|43),(1|43),0.166584,0.253731,-0.087147
(11|43),(17|43),0.166749,0.268657,-0.101907
(13|3),(5|2),0.082561,1.000000,-0.917439
(13|6),(5|5),0.082561,0.000000,+0.082561
(13|6),(9|5),0.083149,0.477707,-0.394558
(13|6),(17|4),0.041805,0.000000,+0.041805
(13|6),(17|5),0.083609,0.000000,+0.083609
(13|6),(21|5),0.083667,0.000000,+0.083667
(13|6),(25|4),0.042045,0.000000,+0.042045
(13|6),(29|4),0.041908,0.522293,-0.480385
(13|6),(29|5),0.083816,0.000000,+0.083816
(13|7),(1|6),0.082871,0.593808,-0.510937
(13|7),(5|5),0.041281,0.000000,+0.041281
(13|7),(5|6),0.082561,0.000000,+0.082561
(13|7),(9|5),0.041575,0.000000,+0.041575
(13|7),(9|6),0.083149,0.000000,+0.083149
(13|7),(13|6),0.082904,0.406192,-0.323288
(13|7),(17|5),0.041805,0.000000,+0.041805
(13|7),(17|6),0.083609,0.000000,+0.083609
(13|7),(21|5),0.041833,0.000000,+0.041833
(13|7),(21|6),0.083667,0.000000,+0.083667
(13|7),(25|6),0.084089,0.000000,+0.084089
(13|7),(29|5),0.041908,0.000000,+0.041908
(13|7),(29|6),0.083816,0.000000,+0.083816
(13|8),(1|6),0.041435,0.000000,+0.041435
(13|8),(1|7),0.082871,0.000000,+0.082871
(13|8),(5|6),0.041281,0.416473,-0.375192
(13|8),(5|7),0.082561,0.000000,+0.082561
(13|8),(9|6),0.041575,0.000000,+0.041575
(13|8),(9|7),0.083149,0.135108,-0.051958
(13|8),(13|6),0.041452,0.000000,+0.041452
(13|8),(13|7),0.082904,0.278062,-0.195158
(13|8),(17|6),0.041805,0.072325,-0.030520
(13|8),(17|7),0.083609,0.000000,+0.083609
(13|8),(21|6),0.041833,0.000000,+0.041833
(13|8),(21|7),0.083667,0.072064,+0.011603
(13|8),(25|6),0.042045,0.000000,+0.042045
(13|8),(25|7),0.084089,0.025969,+0.058121
(13|8),(29|6),0.041908,0.000000,+0.041908
(13|8),(29|7),0.083816,0.000000,+0.083816
(13|9),(1|7),0.041435,0.000000,+0.041435
(13|9),(1|8),0.082871,0.148683,-0.065812
(13|9),(5|7),0.041281,0.000000,+0.041281
(13|9),(5|8),0.082561,0.017645,+0.064916
(13|9),(9|7),0.041575,0.000000,+0.041575
(13|9),(9|8),0.083149,0.040745,+0.042404
(13|9),(13|7),0.041452,0.000000,+0.041452
(13|9),(13|8),0.082904,0.059441,+0.023463
(13|9),(17|7),0.041805,0.284810,-0.243005
(13|9),(17|8),0.083609,0.000000,+0.083609
(13|9),(21|7),0.041833,0.083081,-0.041248
(13|9),(21|8),0.083667,0.000000,+0.083667
(13|9),(25|7),0.042045,0.000000,+0.042045
(13|9),(25|8),0.084089,0.225430,-0.141341
(13|9),(29|7),0.041908,0.087458,-0.045550
(13|9),(29|8),0.083816,0.052707,+0.031109
(13|10),(1|8),0.041435,0.000000,+0.041435
(13|10),(1|9),0.082871,0.173785,-0.090914
(13|10),(5|8),0.041281,0.073281,-0.032000
(13|10),(5|9),0.082561,0.088273,-0.005712
(13|10),(9|8),0.041575,0.114390,-0.072815
(13|10),(9|9),0.083149,0.037280,+0.045870
(13|10),(13|8),0.041452,0.024183,+0.017269
(13|10),(13|9),0.082904,0.060381,+0.022523
(13|10),(17|8),0.041805,0.059921,-0.018116
(13|10),(17|9),0.083609,0.060333,+0.023277
(13|10),(21|8),0.041833,0.035173,+0.006660
(13|10),(21|9),0.083667,0.122374,-0.038708
(13|10),(25|8),0.042045,0.018233,+0.023812
(13|10),(25|9),0.084089,0.022196,+0.061893
(13|10),(29|8),0.041908,0.009444,+0.032464
(13|10),(29|9),0.083816,0.100752,-0.016936
(13|11),(1|9),0.041435,0.026586,+0.014850
(13|11),(1|10),0.082871,0.053578,+0.029292
(13|11),(5|9),0.041281,0.030815,+0.010466
(13|11),(5|10),0.082561,0.085442,-0.002881
(13|11),(9|9),0.041575,0.019984,+0.021591
(13|11),(9|10),0.083149,0.051997,+0.031153
(13|11),(13|9),0.041452,0.001438,+0.040014
(13|11),(13|10),0.082904,0.085694,-0.002790
(13|11),(17|9),0.041805,0.033165,+0.008640
(13|11),(17|10),0.083609,0.134619,-0.051010
(13|11),(21|9),0.041833,0.078004,-0.036170
(13|11),(21|10),0.083667,0.079780,+0.003887
(13|11),(25|9),0.042045,0.028551,+0.013493
(13|11),(25|10),0.084089,0.119106,-0.035016
(13|11),(29|9),0.041908,0.075173,-0.033265
(13|11),(29|10),0.083816,0.096067,-0.012251
(13|12),(1|10),0.041435,0.063241,-0.021805
(13|12),(1|11),0.082871,0.042066,+0.040805
(13|12),(5|10),0.041281,0.027873,+0.013407
(13|12),(5|11),0.082561,0.071564,+0.010997
(13|12),(9|10),0.041575,0.021890,+0.019684
(13|12),(9|11),0.083149,0.129272,-0.046122
(13|12),(13|10),0.041452,0.036286,+0.005166
(13|12),(13|11),0.082904,0.037840,+0.045064
(13|12),(17|10),0.041805,0.050384,-0.008580
(13|12),(17|11),0.083609,0.049716,+0.033893
(13|12),(21|10),0.041833,0.039550,+0.002283
(13|12),(21|11),0.083667,0.040664,+0.043003
(13|12),(25|10),0.042045,0.116690,-0.074645
(13|12),(25|11),0.084089,0.090702,-0.006613
(13|12),(29|10),0.041908,0.133194,-0.091286
(13|12),(29|11),0.083816,0.049067,+0.034749
(13|13),(1|11),0.041435,0.043845,-0.002410
(13|13),(1|12),0.082871,0.095492,-0.012621
(13|13),(5|11),0.041281,0.037139,+0.004141
(13|13),(5|12),0.082561,0.078957,+0.003604
(13|13),(9|11),0.041575,0.035557,+0.006017
(13|13),(9|12),0.083149,0.082510,+0.000639
(13|13),(13|11),0.041452,0.055215,-0.013763
(13|13),(13|12),0.082904,0.100550,-0.017646
(13|13),(17|11),0.041805,0.028672,+0.013132
(13|13),(17|12),0.083609,0.048555,+0.035054
(13|13),(21|11),0.041833,0.103386,-0.061552
(13|13),(21|12),0.083667,0.044193,+0.039473
(13|13),(25|11),0.042045,0.067009,-0.024965
(13|13),(25|12),0.084089,0.063083,+0.021006
(13|13),(29|11),0.041908,0.045227,-0.003319
(13|13),(29|12),0.083816,0.070608,+0.013208
(13|14),(1|12),0.041435,0.054459,-0.013023
(13|14),(1|13),0.082871,0.054266,+0.028605
(13|14),(5|12),0.041281,0.059099,-0.017818
(13|14),(5|13),0.082561,0.149747,-0.067185
(13|14),(9|12),0.041575,0.044275,-0.002700
(13|14),(9|13),0.083149,0.090088,-0.006939
(13|14),(13|12),0.041452,0.038481,+0.002971
(13|14),(13|13),0.082904,0.053466,+0.029438
(13|14),(17|12),0.041805,0.046246,-0.004442
(13|14),(17|13),0.083609,0.066944,+0.016666
(13|14),(21|12),0.041833,0.038590,+0.003244
(13|14),(21|13),0.083667,0.057461,+0.026206
(13|14),(25|12),0.042045,0.044468,-0.002423
(13|14),(25|13),0.084089,0.052595,+0.031494
(13|14),(29|12),0.041908,0.057814,-0.015906
(13|14),(29|13),0.083816,0.092003,-0.008187
(13|15),(1|13),0.041435,0.031788,+0.009648
(13|15),(1|14),0.082871,0.067409,+0.015461
(13|15),(5|13),0.041281,0.047182,-0.005901
(13|15),(5|14),0.082561,0.072387,+0.010174
(13|15),(9|13),0.041575,0.058476,-0.016901
(13|15),(9|14),0.083149,0.068562,+0.014587
(13|15),(13|13),0.041452,0.039993,+0.001459
(13|15),(13|14),0.082904,0.070416,+0.012488
(13|15),(17|13),0.041805,0.047033,-0.005228
(13|15),(17|14),0.083609,0.104844,-0.021235
(13|15),(21|13),0.041833,0.079435,-0.037602
(13|15),(21|14),0.083667,0.069263,+0.014404
(13|15),(25|13),0.042045,0.052042,-0.009998
(13|15),(25|14),0.084089,0.073811,+0.010278
(13|15),(29|13),0.041908,0.031259,+0.010649
(13|15),(29|14),0.083816,0.086099,-0.002283
(13|16),(1|14),0.041435,0.040939,+0.000496
(13|16),(1|15),0.082871,0.066612,+0.016258
(13|16),(5|14),0.041281,0.048587,-0.007306
(13|16),(5|15),0.082561,0.058027,+0.024535
(13|16),(9|14),0.041575,0.048222,-0.006647
(13|16),(9|15),0.083149,0.058853,+0.024297
(13|16),(13|14),0.041452,0.044805,-0.003353
(13|16),(13|15),0.082904,0.072335,+0.010569
(13|16),(17|14),0.041805,0.129888,-0.088084
(13|16),(17|15),0.083609,0.050119,+0.033491
(13|16),(21|14),0.041833,0.038425,+0.003408
(13|16),(21|15),0.083667,0.069596,+0.014071
(13|16),(25|14),0.042045,0.076040,-0.033996
(13|16),(25|15),0.084089,0.087056,-0.002967
(13|16),(29|14),0.041908,0.046313,-0.004405
(13|16),(29|15),0.083816,0.064182,+0.019634
(13|17),(1|15),0.041435,0.046387,-0.004951
(13|17),(1|16),0.082871,0.069160,+0.013711
(13|17),(5|15),0.041281,0.049505,-0.008225
(13|17),(5|16),0.082561,0.072706,+0.009856
(13|17),(9|15),0.041575,0.049937,-0.008363
(13|17),(9|16),0.083149,0.070517,+0.012633
(13|17),(13|15),0.041452,0.052759,-0.011307
(13|17),(13|16),0.082904,0.075048,+0.007856
(13|17),(17|15),0.041805,0.055547,-0.013742
(13|17),(17|16),0.083609,0.069271,+0.014338
(13|17),(21|15),0.041833,0.045341,-0.003508
(13|17),(21|16),0.083667,0.090905,-0.007239
(13|17),(25|15),0.042045,0.058470,-0.016426
(13|17),(25|16),0.084089,0.070461,+0.013628
(13|17),(29|15),0.041908,0.054501,-0.012593
(13|17),(29|16),0.083816,0.069485,+0.014331
(13|18),(1|16),0.041435,0.048220,-0.006784
(13|18),(1|17),0.082871,0.109784,-0.026913
(13|18),(5|16),0.041281,0.058071,-0.016791
(13|18),(5|17),0.082561,0.068458,+0.014104
(13|18),(9|16),0.041575,0.053636,-0.012062
(13|18),(9|17),0.083149,0.070320,+0.012829
(13|18),(13|16),0.041452,0.047282,-0.005830
(13|18),(13|17),0.082904,0.067805,+0.015099
(13|18),(17|16),0.041805,0.044617,-0.002813
(13|18),(17|17),0.083609,0.066293,+0.017317
(13|18),(21|16),0.041833,0.043219,-0.001386
(13|18),(21|17),0.083667,0.083590,+0.000077
(13|18),(25|16),0.042045,0.053474,-0.011429
(13|18),(25|17),0.084089,0.070522,+0.013568
(13|18),(29|16),0.041908,0.043644,-0.001736
(13|18),(29|17),0.083816,0.071065,+0.012751
(13|19),(1|17),0.041435,0.062178,-0.020742
(13|19),(1|18),0.082871,0.077149,+0.005722
(13|19),(5|17),0.041281,0.049220,-0.007939
(13|19),(5|18),0.082561,0.066979,+0.015582
(13|19),(9|17),0.041575,0.047792,-0.006217
(13|19),(9|18),0.083149,0.071118,+0.012031
(13|19),(13|17),0.041452,0.054922,-0.013470
(13|19),(13|18),0.082904,0.068267,+0.014637
(13|19),(17|17),0.041805,0.048549,-0.006744
(13|19),(17|18),0.083609,0.073812,+0.009798
(13|19),(21|17),0.041833,0.048873,-0.007040
(13|19),(21|18),0.083667,0.077581,+0.006085
(13|19),(25|17),0.042045,0.051922,-0.009877
(13|19),(25|18),0.084089,0.074496,+0.009593
(13|19),(29|17),0.041908,0.057129,-0.015221
(13|19),(29|18),0.083816,0.070015,+0.013801
(13|20),(1|18),0.041435,0.055796,-0.014361
(13|20),(1|19),0.082871,0.072641,+0.010230
(13|20),(5|18),0.041281,0.056199,-0.014918
(13|20),(5|19),0.082561,0.074179,+0.008382
(13|20),(9|18),0.041575,0.053087,-0.011512
(13|20),(9|19),0.083149,0.070398,+0.012752
(13|20),(13|18),0.041452,0.048274,-0.006822
(13|20),(13|19),0.082904,0.072867,+0.010037
(13|20),(17|18),0.041805,0.050911,-0.009106
(13|20),(17|19),0.083609,0.070606,+0.013004
(13|20),(21|18),0.041833,0.050902,-0.009068
(13|20),(21|19),0.083667,0.079268,+0.004399
(13|20),(25|18),0.042045,0.048531,-0.006487
(13|20),(25|19),0.084089,0.071370,+0.012719
(13|20),(29|18),0.041908,0.050391,-0.008483
(13|20),(29|19),0.083816,0.074582,+0.009234
(13|21),(1|19),0.041435,0.053908,-0.012472
(13|21),(1|20),0.082871,0.072142,+0.010729
(13|21),(5|19),0.041281,0.053145,-0.011864
(13|21),(5|20),0.082561,0.072343,+0.010219
(13|21),(9|19),0.041575,0.050673,-0.009099
(13|21),(9|20),0.083149,0.072137,+0.011012
(13|21),(13|19),0.041452,0.051829,-0.010377
(13|21),(13|20),0.082904,0.075564,+0.007340
(13|21),(17|19),0.041805,0.050593,-0.008788
(13|21),(17|20),0.083609,0.073926,+0.009683
(13|21),(21|19),0.041833,0.053515,-0.011682
(13|21),(21|20),0.083667,0.074346,+0.009321
(13|21),(25|19),0.042045,0.049357,-0.007312
(13|21),(25|20),0.084089,0.072164,+0.011925
(13|21),(29|19),0.041908,0.050414,-0.008506
(13|21),(29|20),0.083816,0.073944,+0.009872
(13|22),(1|20),0.041435,0.053773,-0.012337
(13|22),(1|21),0.082871,0.073181,+0.009690
(13|22),(5|20),0.041281,0.049317,-0.008036
(13|22),(5|21),0.082561,0.074249,+0.008312
(13|22),(9|20),0.041575,0.050488,-0.008913
(13|22),(9|21),0.083149,0.074605,+0.008544
(13|22),(13|20),0.041452,0.051089,-0.009637
(13|22),(13|21),0.082904,0.077111,+0.005793
(13|22),(17|20),0.041805,0.053292,-0.011487
(13|22),(17|21),0.083609,0.071694,+0.011915
(13|22),(21|20),0.041833,0.051716,-0.009883
(13|22),(21|21),0.083667,0.069713,+0.013953
(13|22),(25|20),0.042045,0.051044,-0.008999
(13|22),(25|21),0.084089,0.072571,+0.011518
(13|22),(29|20),0.041908,0.052210,-0.010302
(13|22),(29|21),0.083816,0.073946,+0.009870
(13|23),(1|21),0.041435,0.052891,-0.011455
(13|23),(1|22),0.082871,0.074821,+0.008050
(13|23),(5|21),0.041281,0.050511,-0.009230
(13|23),(5|22),0.082561,0.075782,+0.006780
(13|23),(9|21),0.041575,0.050965,-0.009390
(13|23),(9|22),0.083149,0.074111,+0.009038
(13|23),(13|21),0.041452,0.051670,-0.010218
(13|23),(13|22),0.082904,0.071291,+0.011613
(13|23),(17|21),0.041805,0.051679,-0.009874
(13|23),(17|22),0.083609,0.071317,+0.012292
(13|23),(21|21),0.041833,0.050890,-0.009056
(13|23),(21|22),0.083667,0.074323,+0.009344
(13|23),(25|21),0.042045,0.052349,-0.010304
(13|23),(25|22),0.084089,0.073415,+0.010674
(13|23),(29|21),0.041908,0.052106,-0.010198
(13|23),(29|22),0.083816,0.071881,+0.011935
(13|24),(1|22),0.041435,0.052953,-0.011517
(13|24),(1|23),0.082871,0.072266,+0.010605
(13|24),(5|22),0.041281,0.051690,-0.010409
(13|24),(5|23),0.082561,0.072761,+0.009800
(13|24),(9|22),0.041575,0.050526,-0.008951
(13|24),(9|23),0.083149,0.072418,+0.010732
(13|24),(13|22),0.041452,0.052007,-0.010555
(13|24),(13|23),0.082904,0.072900,+0.010004
(13|24),(17|22),0.041805,0.052274,-0.010470
(13|24),(17|23),0.083609,0.071521,+0.012088
(13|24),(21|22),0.041833,0.051177,-0.009344
(13|24),(21|23),0.083667,0.074653,+0.009014
(13|24),(25|22),0.042045,0.052506,-0.010462
(13|24),(25|23),0.084089,0.073167,+0.010922
(13|24),(29|22),0.041908,0.051837,-0.009929
(13|24),(29|23),0.083816,0.075344,+0.008472
(13|25),(1|23),0.041435,0.051719,-0.010284
(13|25),(1|24),0.082871,0.074522,+0.008349
(13|25),(5|23),0.041281,0.052488,-0.011207
(13|25),(5|24),0.082561,0.074032,+0.008530
(13|25),(9|23),0.041575,0.052285,-0.010710
(13|25),(9|24),0.083149,0.071823,+0.011326
(13|25),(13|23),0.041452,0.051896,-0.010444
(13|25),(13|24),0.082904,0.073643,+0.009261
(13|25),(17|23),0.041805,0.050672,-0.008868
(13|25),(17|24),0.083609,0.071054,+0.012555
(13|25),(21|23),0.041833,0.051163,-0.009329
(13|25),(21|24),0.083667,0.073921,+0.009745
(13|25),(25|23),0.042045,0.051163,-0.009118
(13|25),(25|24),0.084089,0.072782,+0.011308
(13|25),(29|23),0.041908,0.053128,-0.011220
(13|25),(29|24),0.083816,0.073709,+0.010107
(13|26),(1|24),0.041435,0.052219,-0.010784
(13|26),(1|25),0.082871,0.072673,+0.010198
(13|26),(5|24),0.041281,0.051483,-0.010203
(13|26),(5|25),0.082561,0.073679,+0.008882
(13|26),(9|24),0.041575,0.052654,-0.011079
(13|26),(9|25),0.083149,0.072415,+0.010734
(13|26),(13|24),0.041452,0.052228,-0.010776
(13|26),(13|25),0.082904,0.073874,+0.009030
(13|26),(17|24),0.041805,0.051492,-0.009687
(13|26),(17|25),0.083609,0.073852,+0.009757
(13|26),(21|24),0.041833,0.050867,-0.009033
(13|26),(21|25),0.083667,0.071936,+0.011730
(13|26),(25|24),0.042045,0.051816,-0.009771
(13|26),(25|25),0.084089,0.073338,+0.010752
(13|26),(29|24),0.041908,0.051563,-0.009655
(13|26),(29|25),0.083816,0.073910,+0.009906
(13|27),(1|25),0.041435,0.051700,-0.010265
(13|27),(1|26),0.082871,0.073311,+0.009560
(13|27),(5|25),0.041281,0.051174,-0.009894
(13|27),(5|26),0.082561,0.073655,+0.008906
(13|27),(9|25),0.041575,0.052327,-0.010752
(13|27),(9|26),0.083149,0.074591,+0.008558
(13|27),(13|25),0.041452,0.050530,-0.009078
(13|27),(13|26),0.082904,0.073041,+0.009863
(13|27),(17|25),0.041805,0.052177,-0.010372
(13|27),(17|26),0.083609,0.072034,+0.011575
(13|27),(21|25),0.041833,0.051355,-0.009522
(13|27),(21|26),0.083667,0.074070,+0.009597
(13|27),(25|25),0.042045,0.052230,-0.010185
(13|27),(25|26),0.084089,0.073125,+0.010964
(13|27),(29|25),0.041908,0.052985,-0.011077
(13|27),(29|26),0.083816,0.071694,+0.012122
(13|28),(1|26),0.041435,0.051760,-0.010325
(13|28),(1|27),0.082871,0.073362,+0.009509
(13|28),(5|26),0.041281,0.052626,-0.011345
(13|28),(5|27),0.082561,0.072133,+0.010429
(13|28),(9|26),0.041575,0.051863,-0.010288
(13|28),(9|27),0.083149,0.072963,+0.010187
(13|28),(13|26),0.041452,0.052453,-0.011001
(13|28),(13|27),0.082904,0.072958,+0.009946
(13|28),(17|26),0.041805,0.051987,-0.010182
(13|28),(17|27),0.083609,0.072927,+0.010682
(13|28),(21|26),0.041833,0.052395,-0.010562
(13|28),(21|27),0.083667,0.072071,+0.011596
(13|28),(25|26),0.042045,0.050997,-0.008952
(13|28),(25|27),0.084089,0.073034,+0.011056
(13|28),(29|26),0.041908,0.052875,-0.010967
(13|28),(29|27),0.083816,0.073597,+0.010219
(13|29),(1|27),0.041435,0.051609,-0.010173
(13|29),(1|28),0.082871,0.073698,+0.009173
(13|29),(5|27),0.041281,0.052304,-0.011023
(13|29),(5|28),0.082561,0.073193,+0.009368
(13|29),(9|27),0.041575,0.052414,-0.010840
(13|29),(9|28),0.083149,0.072330,+0.010819
(13|29),(13|27),0.041452,0.051622,-0.010170
(13|29),(13|28),0.082904,0.072972,+0.009932
(13|29),(17|27),0.041805,0.051865,-0.010061
(13|29),(17|28),0.083609,0.072405,+0.011204
(13|29),(21|27),0.041833,0.052304,-0.010470
(13|29),(21|28),0.083667,0.073291,+0.010376
(13|29),(25|27),0.042045,0.051281,-0.009236
(13|29),(25|28),0.084089,0.073220,+0.010869
(13|29),(29|27),0.041908,0.052313,-0.010405
(13|29),(29|28),0.083816,0.073180,+0.010636
(13|30),(1|28),0.041435,0.053061,-0.011625
(13|30),(1|29),0.082871,0.073152,+0.009718
(13|30),(5|28),0.041281,0.051423,-0.010142
(13|30),(5|29),0.082561,0.072815,+0.009746
(13|30),(9|28),0.041575,0.052750,-0.011175
(13|30),(9|29),0.083149,0.071758,+0.011391
(13|30),(13|28),0.041452,0.051374,-0.009922
(13|30),(13|29),0.082904,0.072335,+0.010569
(13|30),(17|28),0.041805,0.052297,-0.010493
(13|30),(17|29),0.083609,0.072828,+0.010781
(13|30),(21|28),0.041833,0.052355,-0.010522
(13|30),(21|29),0.083667,0.072189,+0.011478
(13|30),(25|28),0.042045,0.051196,-0.009152
(13|30),(25|29),0.084089,0.074875,+0.009215
(13|30),(29|28),0.041908,0.052812,-0.010904
(13|30),(29|29),0.083816,0.072779,+0.011037
(13|31),(1|29),0.041435,0.052012,-0.010576
(13|31),(1|30),0.082871,0.072536,+0.010334
(13|31),(5|29),0.041281,0.052211,-0.010930
(13|31),(5|30),0.082561,0.073824,+0.008737
(13|31),(9|29),0.041575,0.052308,-0.010733
(13|31),(9|30),0.083149,0.072488,+0.010662
(13|31),(13|29),0.041452,0.052308,-0.010856
(13|31),(13|30),0.082904,0.072550,+0.010354
(13|31),(17|29),0.041805,0.053012,-0.011207
(13|31),(17|30),0.083609,0.073054,+0.010555
(13|31),(21|29),0.041833,0.051228,-0.009395
(13|31),(21|30),0.083667,0.072337,+0.011329
(13|31),(25|29),0.042045,0.052104,-0.010060
(13|31),(25|30),0.084089,0.072877,+0.011212
(13|31),(29|29),0.041908,0.052038,-0.010130
(13|31),(29|30),0.083816,0.073112,+0.010704
(13|32),(1|30),0.041435,0.061335,-0.019900
(13|32),(1|31),0.082871,0.064752,+0.018118
(13|32),(5|30),0.041281,0.060497,-0.019216
(13|32),(5|31),0.082561,0.063021,+0.019540
(13|32),(9|30),0.041575,0.061366,-0.019791
(13|32),(9|31),0.083149,0.065439,+0.017711
(13|32),(13|30),0.041452,0.060085,-0.018633
(13|32),(13|31),0.082904,0.064203,+0.018701
(13|32),(17|30),0.041805,0.060756,-0.018951
(13|32),(17|31),0.083609,0.063532,+0.020077
(13|32),(21|30),0.041833,0.061152,-0.019319
(13|32),(21|31),0.083667,0.063776,+0.019891
(13|32),(25|30),0.042045,0.061084,-0.019039
(13|32),(25|31),0.084089,0.064035,+0.020054
(13|32),(29|30),0.041908,0.059955,-0.018047
(13|32),(29|31),0.083816,0.065012,+0.018804
(13|33),(1|31),0.041435,0.064510,-0.023075
(13|33),(1|32),0.082871,0.062836,+0.020035
(13|33),(5|31),0.041281,0.061503,-0.020222
(13|33),(5|32),0.082561,0.062569,+0.019992
(13|33),(9|31),0.041575,0.062332,-0.020758
(13|33),(9|32),0.083149,0.062406,+0.020743
(13|33),(13|31),0.041452,0.060318,-0.018866
(13|33),(13|32),0.082904,0.063162,+0.019742
(13|33),(17|31),0.041805,0.063118,-0.021313
(13|33),(17|32),0.083609,0.063132,+0.020477
(13|33),(21|31),0.041833,0.062895,-0.021062
(13|33),(21|32),0.083667,0.062895,+0.020771
(13|33),(25|31),0.042045,0.062229,-0.020184
(13|33),(25|32),0.084089,0.061014,+0.023075
(13|33),(29|31),0.041908,0.061992,-0.020084
(13|33),(29|32),0.083816,0.063088,+0.020728
(13|34),(1|32),0.041435,0.064694,-0.023258
(13|34),(1|33),0.082871,0.063747,+0.019124
(13|34),(5|32),0.041281,0.062208,-0.020927
(13|34),(5|33),0.082561,0.063214,+0.019347
(13|34),(9|32),0.041575,0.061379,-0.019804
(13|34),(9|33),0.083149,0.060136,+0.023013
(13|34),(13|32),0.041452,0.062829,-0.021377
(13|34),(13|33),0.082904,0.064605,+0.018299
(13|34),(17|32),0.041805,0.061912,-0.020107
(13|34),(17|33),0.083609,0.062237,+0.021372
(13|34),(21|32),0.041833,0.062267,-0.020434
(13|34),(21|33),0.083667,0.061793,+0.021873
(13|34),(25|32),0.042045,0.061409,-0.019364
(13|34),(25|33),0.084089,0.062237,+0.021852
(13|34),(29|32),0.041908,0.062740,-0.020832
(13|34),(29|33),0.083816,0.062592,+0.021224
(13|35),(1|33),0.041435,0.059423,-0.017987
(13|35),(1|34),0.082871,0.062238,+0.020633
(13|35),(5|33),0.041281,0.061879,-0.020598
(13|35),(5|34),0.082561,0.061459,+0.021102
(13|35),(9|33),0.041575,0.060920,-0.019345
(13|35),(9|34),0.083149,0.063975,+0.019174
(13|35),(13|33),0.041452,0.063735,-0.022283
(13|35),(13|34),0.082904,0.061160,+0.021744
(13|35),(17|33),0.041805,0.062178,-0.020373
(13|35),(17|34),0.083609,0.063915,+0.019694
(13|35),(21|33),0.041833,0.059602,-0.017769
(13|35),(21|34),0.083667,0.064035,+0.019632
(13|35),(25|33),0.042045,0.064574,-0.022529
(13|35),(25|34),0.084089,0.066551,+0.017538
(13|35),(29|33),0.041908,0.062418,-0.020510
(13|35),(29|34),0.083816,0.061938,+0.021878
(13|36),(1|34),0.041435,0.056962,-0.015527
(13|36),(1|35),0.082871,0.065918,+0.016952
(13|36),(5|34),0.041281,0.062216,-0.020936
(13|36),(5|35),0.082561,0.063769,+0.018793
(13|36),(9|34),0.041575,0.060067,-0.018492
(13|36),(9|35),0.083149,0.062694,+0.020455
(13|36),(13|34),0.041452,0.064127,-0.022675
(13|36),(13|35),0.082904,0.060664,+0.022240
(13|36),(17|34),0.041805,0.067710,-0.025905
(13|36),(17|35),0.083609,0.065799,+0.017810
(13|36),(21|34),0.041833,0.062216,-0.020383
(13|36),(21|35),0.083667,0.057679,+0.025988
(13|36),(25|34),0.042045,0.066038,-0.023993
(13|36),(25|35),0.084089,0.061739,+0.022351
(13|36),(29|34),0.041908,0.061739,-0.019831
(13|36),(29|35),0.083816,0.060664,+0.023152
(13|37),(1|35),0.041435,0.061932,-0.020497
(13|37),(1|36),0.082871,0.066714,+0.016156
(13|37),(5|35),0.041281,0.061454,-0.020173
(13|37),(5|36),0.082561,0.064323,+0.018238
(13|37),(9|35),0.041575,0.059302,-0.017727
(13|37),(9|36),0.083149,0.066714,+0.016435
(13|37),(13|35),0.041452,0.059063,-0.017611
(13|37),(13|36),0.082904,0.065758,+0.017146
(13|37),(17|35),0.041805,0.061693,-0.019888
(13|37),(17|36),0.083609,0.056432,+0.027177
(13|37),(21|35),0.041833,0.063606,-0.021773
(13|37),(21|36),0.083667,0.067910,+0.015757
(13|37),(25|35),0.042045,0.057150,-0.015105
(13|37),(25|36),0.084089,0.063606,+0.020483
(13|37),(29|35),0.041908,0.063367,-0.021459
(13|37),(29|36),0.083816,0.060976,+0.022840
(13|38),(1|36),0.041435,0.066795,-0.025359
(13|38),(1|37),0.082871,0.067275,+0.015595
(13|38),(5|36),0.041281,0.059587,-0.018306
(13|38),(5|37),0.082561,0.064873,+0.017689
(13|38),(9|36),0.041575,0.054301,-0.012726
(13|38),(9|37),0.083149,0.064873,+0.018277
(13|38),(13|36),0.041452,0.071600,-0.030148
(13|38),(13|37),0.082904,0.068717,+0.014187
(13|38),(17|36),0.041805,0.065353,-0.023549
(13|38),(17|37),0.083609,0.054301,+0.029309
(13|38),(21|36),0.041833,0.060548,-0.018714
(13|38),(21|37),0.083667,0.052859,+0.030807
(13|38),(25|36),0.042045,0.070159,-0.028114
(13|38),(25|37),0.084089,0.064873,+0.019217
(13|38),(29|36),0.041908,0.061028,-0.019120
(13|38),(29|37),0.083816,0.052859,+0.030957
(13|39),(1|37),0.041435,0.064762,-0.023327
(13|39),(1|38),0.082871,0.072381,+0.010490
(13|39),(5|37),0.041281,0.050476,-0.009196
(13|39),(5|38),0.082561,0.072381,+0.010180
(13|39),(9|37),0.041575,0.058095,-0.016521
(13|39),(9|38),0.083149,0.060000,+0.023149
(13|39),(13|37),0.041452,0.046667,-0.005215
(13|39),(13|38),0.082904,0.066667,+0.016237
(13|39),(17|37),0.041805,0.051429,-0.009624
(13|39),(17|38),0.083609,0.072381,+0.011228
(13|39),(21|37),0.041833,0.060000,-0.018167
(13|39),(21|38),0.083667,0.070476,+0.013190
(13|39),(25|37),0.042045,0.071429,-0.029384
(13|39),(25|38),0.084089,0.060000,+0.024089
(13|39),(29|37),0.041908,0.060952,-0.019044
(13|39),(29|38),0.083816,0.061905,+0.021911
(13|40),(1|38),0.041435,0.066667,-0.025231
(13|40),(1|39),0.082871,0.066667,+0.016204
(13|40),(5|38),0.041281,0.078095,-0.036815
(13|40),(5|39),0.082561,0.062857,+0.019704
(13|40),(9|38),0.041575,0.053333,-0.011759
(13|40),(9|39),0.083149,0.041905,+0.041245
(13|40),(13|38),0.041452,0.055238,-0.013786
(13|40),(13|39),0.082904,0.055238,+0.027666
(13|40),(17|38),0.041805,0.066667,-0.024862
(13|40),(17|39),0.083609,0.062857,+0.020752
(13|40),(21|38),0.041833,0.066667,-0.024833
(13|40),(21|39),0.083667,0.060952,+0.022714
(13|40),(25|38),0.042045,0.062857,-0.020812
(13|40),(25|39),0.084089,0.068571,+0.015518
(13|40),(29|38),0.041908,0.076190,-0.034282
(13|40),(29|39),0.083816,0.055238,+0.028578
(13|41),(1|39),0.041435,0.068000,-0.026565
(13|41),(1|40),0.082871,0.072000,+0.010871
(13|41),(5|39),0.041281,0.068000,-0.026719
(13|41),(5|40),0.082561,0.068000,+0.014561
(13|41),(9|39),0.041575,0.076000,-0.034425
(13|41),(9|40),0.083149,0.080000,+0.003149
(13|41),(13|39),0.041452,0.064000,-0.022548
(13|41),(13|40),0.082904,0.044000,+0.038904
(13|41),(17|39),0.041805,0.060000,-0.018195
(13|41),(17|40),0.083609,0.048000,+0.035609
(13|41),(21|39),0.041833,0.084000,-0.042167
(13|41),(21|40),0.083667,0.040000,+0.043667
(13|41),(25|39),0.042045,0.052000,-0.009955
(13|41),(25|40),0.084089,0.068000,+0.016089
(13|41),(29|39),0.041908,0.052000,-0.010092
(13|41),(29|40),0.083816,0.056000,+0.027816
(13|42),(1|40),0.041435,0.038760,+0.002676
(13|42),(1|41),0.082871,0.069767,+0.013103
(13|42),(5|40),0.041281,0.062016,-0.020735
(13|42),(5|41),0.082561,0.054264,+0.028298
(13|42),(9|40),0.041575,0.116279,-0.074704
(13|42),(9|41),0.083149,0.046512,+0.036638
(13|42),(13|40),0.041452,0.046512,-0.005060
(13|42),(13|41),0.082904,0.046512,+0.036392
(13|42),(17|40),0.041805,0.062016,-0.020211
(13|42),(17|41),0.083609,0.077519,+0.006090
(13|42),(21|40),0.041833,0.069767,-0.027934
(13|42),(21|41),0.083667,0.069767,+0.013899
(13|42),(25|40),0.042045,0.077519,-0.035475
(13|42),(25|41),0.084089,0.054264,+0.029826
(13|42),(29|40),0.041908,0.062016,-0.020108
(13|42),(29|41),0.083816,0.046512,+0.037304
(13|43),(1|41),0.041435,0.043478,-0.002043
(13|43),(1|42),0.082871,0.043478,+0.039392
(13|43),(5|41),0.041281,0.057971,-0.016690
(13|43),(5|42),0.082561,0.043478,+0.039083
(13|43),(9|41),0.041575,0.072464,-0.030889
(13|43),(9|42),0.083149,0.043478,+0.039671
(13|43),(13|41),0.041452,0.014493,+0.026959
(13|43),(13|42),0.082904,0.028986,+0.053918
(13|43),(17|41),0.041805,0.072464,-0.030659
(13|43),(17|42),0.083609,0.014493,+0.069117
(13|43),(21|41),0.041833,0.159420,-0.117587
(13|43),(21|42),0.083667,0.043478,+0.040188
(13|43),(25|41),0.042045,0.086957,-0.044912
(13|43),(25|42),0.084089,0.057971,+0.026118
(13|43),(29|41),0.041908,0.144928,-0.103020
(13|43),(29|42),0.083816,0.072464,+0.011352
(15|5),(7|6),0.333013,1.000000,-0.666987
(15|5),(23|5),0.166827,0.000000,+0.166827
(15|5),(23|6),0.333653,0.000000,+0.333653
(15|6),(7|6),0.166507,0.000000,+0.166507
(15|6),(7|7),0.333013,0.000000,+0.333013
(15|6),(23|6),0.166827,1.000000,-0.833173
(15|6),(23|7),0.333653,0.000000,+0.333653
(15|7),(7|7),0.166507,0.000000,+0.166507
(15|7),(7|8),0.333013,0.821519,-0.488506
(15|7),(23|7),0.166827,0.178481,-0.011654
(15|7),(23|8),0.333653,0.000000,+0.333653
(15|8),(7|8),0.166507,0.000000,+0.166507
(15|8),(7|9),0.333013,0.424415,-0.091402
(15|8),(23|8),0.166827,0.519051,-0.352225
(15|8),(23|9),0.333653,0.056534,+0.277120
(15|9),(7|9),0.166507,0.025572,+0.140935
(15|9),(7|10),0.333013,0.020060,+0.312954
(15|9),(23|9),0.166827,0.010812,+0.156015
(15|9),(23|10),0.333653,0.943557,-0.609903
(15|10),(7|10),0.166507,0.091975,+0.074532
(15|10),(7|11),0.333013,0.336070,-0.003056
(15|10),(23|10),0.166827,0.197423,-0.030597
(15|10),(23|11),0.333653,0.374532,-0.040879
(15|11),(7|11),0.166507,0.199519,-0.033013
(15|11),(7|12),0.333013,0.470279,-0.137266
(15|11),(23|11),0.166827,0.106924,+0.059903
(15|11),(23|12),0.333653,0.223278,+0.110376
(15|12),(7|12),0.166507,0.104181,+0.062326
(15|12),(7|13),0.333013,0.356451,-0.023437
(15|12),(23|12),0.166827,0.193379,-0.026553
(15|12),(23|13),0.333653,0.345989,-0.012335
(15|13),(7|13),0.166507,0.248698,-0.082191
(15|13),(7|14),0.333013,0.230688,+0.102326
(15|13),(23|13),0.166827,0.147842,+0.018985
(15|13),(23|14),0.333653,0.372773,-0.039119
(15|14),(7|14),0.166507,0.262056,-0.095549
(15|14),(7|15),0.333013,0.288173,+0.044841
(15|14),(23|14),0.166827,0.170834,-0.004007
(15|14),(23|15),0.333653,0.278937,+0.054716
(15|15),(7|15),0.166507,0.229004,-0.062497
(15|15),(7|16),0.333013,0.279609,+0.053404
(15|15),(23|15),0.166827,0.219693,-0.052867
(15|15),(23|16),0.333653,0.271694,+0.061960
(15|16),(7|16),0.166507,0.247390,-0.080884
(15|16),(7|17),0.333013,0.279739,+0.053274
(15|16),(23|16),0.166827,0.181890,-0.015064
(15|16),(23|17),0.333653,0.290980,+0.042673
(15|17),(7|17),0.166507,0.191049,-0.024542
(15|17),(7|18),0.333013,0.305348,+0.027665
(15|17),(23|17),0.166827,0.195788,-0.028962
(15|17),(23|18),0.333653,0.307815,+0.025838
(15|18),(7|18),0.166507,0.218094,-0.051587
(15|18),(7|19),0.333013,0.295526,+0.037487
(15|18),(23|18),0.166827,0.205297,-0.038471
(15|18),(23|19),0.333653,0.281083,+0.052570
(15|19),(7|19),0.166507,0.203405,-0.036898
(15|19),(7|20),0.333013,0.291787,+0.041226
(15|19),(23|19),0.166827,0.213645,-0.046818
(15|19),(23|20),0.333653,0.291163,+0.042490
(15|20),(7|20),0.166507,0.201489,-0.034983
(15|20),(7|21),0.333013,0.289552,+0.043461
(15|20),(23|20),0.166827,0.209503,-0.042677
(15|20),(23|21),0.333653,0.299455,+0.034199
(15|21),(7|21),0.166507,0.205727,-0.039220
(15|21),(7|22),0.333013,0.295306,+0.037707
(15|21),(23|21),0.166827,0.207287,-0.040461
(15|21),(23|22),0.333653,0.291679,+0.041974
(15|22),(7|22),0.166507,0.207854,-0.041347
(15|22),(7|23),0.333013,0.293056,+0.039957
(15|22),(23|22),0.166827,0.208726,-0.041899
(15|22),(23|23),0.333653,0.290364,+0.043289
(15|23),(7|23),0.166507,0.209074,-0.042567
(15|23),(7|24),0.333013,0.291199,+0.041814
(15|23),(23|23),0.166827,0.200893,-0.034067
(15|23),(23|24),0.333653,0.298834,+0.034820
(15|24),(7|24),0.166507,0.206963,-0.040456
(15|24),(7|25),0.333013,0.292021,+0.040992
(15|24),(23|24),0.166827,0.207136,-0.040310
(15|24),(23|25),0.333653,0.293880,+0.039774
(15|25),(7|25),0.166507,0.207604,-0.041098
(15|25),(7|26),0.333013,0.293397,+0.039616
(15|25),(23|25),0.166827,0.206404,-0.039577
(15|25),(23|26),0.333653,0.292595,+0.041058
(15|26),(7|26),0.166507,0.208465,-0.041958
(15|26),(7|27),0.333013,0.291537,+0.041476
(15|26),(23|26),0.166827,0.208172,-0.041345
(15|26),(23|27),0.333653,0.291826,+0.041827
(15|27),(7|27),0.166507,0.207207,-0.040700
(15|27),(7|28),0.333013,0.293719,+0.039294
(15|27),(23|27),0.166827,0.207150,-0.040323
(15|27),(23|28),0.333653,0.291924,+0.041729
(15|28),(7|28),0.166507,0.207294,-0.040787
(15|28),(7|29),0.333013,0.293640,+0.039374
(15|28),(23|28),0.166827,0.208146,-0.041319
(15|28),(23|29),0.333653,0.290920,+0.042733
(15|29),(7|29),0.166507,0.208805,-0.042298
(15|29),(7|30),0.333013,0.291499,+0.041515
(15|29),(23|29),0.166827,0.207643,-0.040817
(15|29),(23|30),0.333653,0.292053,+0.041600
(15|30),(7|30),0.166507,0.207048,-0.040541
(15|30),(7|31),0.333013,0.292912,+0.040101
(15|30),(23|30),0.166827,0.208081,-0.041254
(15|30),(23|31),0.333653,0.291959,+0.041694
(15|31),(7|31),0.166507,0.209524,-0.043017
(15|31),(7|32),0.333013,0.290181,+0.042833
(15|31),(23|31),0.166827,0.207747,-0.040920
(15|31),(23|32),0.333653,0.292548,+0.041105
(15|32),(7|32),0.166507,0.243084,-0.076577
(15|32),(7|33),0.333013,0.257680,+0.075333
(15|32),(23|32),0.166827,0.242694,-0.075867
(15|32),(23|33),0.333653,0.256542,+0.077111
(15|33),(7|33),0.166507,0.249472,-0.082965
(15|33),(7|34),0.333013,0.247434,+0.085579
(15|33),(23|33),0.166827,0.253341,-0.086514
(15|33),(23|34),0.333653,0.249753,+0.083901
(15|34),(7|34),0.166507,0.251045,-0.084538
(15|34),(7|35),0.333013,0.253194,+0.079820
(15|34),(23|34),0.166827,0.252328,-0.085501
(15|34),(23|35),0.333653,0.243434,+0.090220
(15|35),(7|35),0.166507,0.250015,-0.083508
(15|35),(7|36),0.333013,0.253825,+0.079189
(15|35),(23|35),0.166827,0.244003,-0.077176
(15|35),(23|36),0.333653,0.252158,+0.081495
(15|36),(7|36),0.166507,0.248946,-0.082439
(15|36),(7|37),0.333013,0.246368,+0.086645
(15|36),(23|36),0.166827,0.255272,-0.088445
(15|36),(23|37),0.333653,0.249414,+0.084239
(15|37),(7|37),0.166507,0.253663,-0.087157
(15|37),(7|38),0.333013,0.250300,+0.082713
(15|37),(23|37),0.166827,0.256546,-0.089719
(15|37),(23|38),0.333653,0.239491,+0.094163
(15|38),(7|38),0.166507,0.233932,-0.067425
(15|38),(7|39),0.333013,0.260870,+0.072144
(15|38),(23|38),0.166827,0.259924,-0.093098
(15|38),(23|39),0.333653,0.245274,+0.088379
(15|39),(7|39),0.166507,0.231569,-0.065062
(15|39),(7|40),0.333013,0.245747,+0.087267
(15|39),(23|39),0.166827,0.260870,-0.094043
(15|39),(23|40),0.333653,0.261815,+0.071839
(15|40),(7|40),0.166507,0.272031,-0.105524
(15|40),(7|41),0.333013,0.226054,+0.106960
(15|40),(23|40),0.166827,0.249042,-0.082215
(15|40),(23|41),0.333653,0.252874,+0.080780
(15|41),(7|41),0.166507,0.249123,-0.082616
(15|41),(7|42),0.333013,0.256140,+0.076873
(15|41),(23|41),0.166827,0.231579,-0.064752
(15|41),(23|42),0.333653,0.263158,+0.070495
(15|42),(7|42),0.166507,0.206107,-0.039600
(15|42),(7|43),0.333013,0.213740,+0.119273
(15|42),(23|42),0.166827,0.251908,-0.085082
(15|42),(23|43),0.333653,0.328244,+0.005409
(15|43),(7|43),0.166507,0.232143,-0.065636
(15|43),(23|43),0.166827,0.410714,-0.243888
(17|4),(13|3),0.083051,1.000000,-0.916949
(17|4),(29|4),0.166907,0.000000,+0.166907
(17|5),(5|5),0.166760,1.000000,-0.833240
(17|5),(21|5),0.166897,0.000000,+0.166897
(17|5),(29|4),0.083453,0.000000,+0.083453
(17|5),(29|5),0.166907,0.000000,+0.166907
(17|6),(5|5),0.083380,0.000000,+0.083380
(17|6),(5|6),0.166760,0.000000,+0.166760
(17|6),(13|6),0.166103,0.000000,+0.166103
(17|6),(21|5),0.083449,0.000000,+0.083449
(17|6),(21|6),0.166897,1.000000,-0.833103
(17|6),(29|5),0.083453,0.000000,+0.083453
(17|6),(29|6),0.166907,0.000000,+0.166907
(17|7),(5|6),0.083380,0.000000,+0.083380
(17|7),(5|7),0.166760,0.000000,+0.166760
(17|7),(13|6),0.083051,0.461669,-0.378618
(17|7),(13|7),0.166103,0.000000,+0.166103
(17|7),(21|6),0.083449,0.000000,+0.083449
(17|7),(21|7),0.166897,0.031551,+0.135346
(17|7),(29|6),0.083453,0.000000,+0.083453
(17|7),(29|7),0.166907,0.506780,-0.339873
(17|8),(5|7),0.083380,0.036002,+0.047378
(17|8),(5|8),0.166760,0.846378,-0.679618
(17|8),(13|7),0.083051,0.000000,+0.083051
(17|8),(13|8),0.166103,0.007110,+0.158993
(17|8),(21|7),0.083449,0.000000,+0.083449
(17|8),(21|8),0.166897,0.028278,+0.138620
(17|8),(29|7),0.083453,0.082232,+0.001222
(17|8),(29|8),0.166907,0.000000,+0.166907
(17|9),(5|8),0.083380,0.000000,+0.083380
(17|9),(5|9),0.166760,0.030751,+0.136009
(17|9),(13|8),0.083051,0.010926,+0.072125
(17|9),(13|9),0.166103,0.041446,+0.124657
(17|9),(21|8),0.083449,0.011303,+0.072146
(17|9),(21|9),0.166897,0.094010,+0.072887
(17|9),(29|8),0.083453,0.777386,-0.693932
(17|9),(29|9),0.166907,0.034178,+0.132729
(17|10),(5|9),0.083380,0.230730,-0.147350
(17|10),(5|10),0.166760,0.263149,-0.096389
(17|10),(13|9),0.083051,0.051852,+0.031200
(17|10),(13|10),0.166103,0.144341,+0.021761
(17|10),(21|9),0.083449,0.008439,+0.075010
(17|10),(21|10),0.166897,0.197064,-0.030167
(17|10),(29|9),0.083453,0.029274,+0.054180
(17|10),(29|10),0.166907,0.075150,+0.091757
(17|11),(5|10),0.083380,0.111752,-0.028372
(17|11),(5|11),0.166760,0.104269,+0.062491
(17|11),(13|10),0.083051,0.210489,-0.127438
(17|11),(13|11),0.166103,0.094477,+0.071625
(17|11),(21|10),0.083449,0.018527,+0.064922
(17|11),(21|11),0.166897,0.223623,-0.056725
(17|11),(29|10),0.083453,0.051634,+0.031819
(17|11),(29|11),0.166907,0.185229,-0.018322
(17|12),(5|11),0.083380,0.166696,-0.083316
(17|12),(5|12),0.166760,0.128081,+0.038679
(17|12),(13|11),0.083051,0.062087,+0.020964
(17|12),(13|12),0.166103,0.158949,+0.007154
(17|12),(21|11),0.083449,0.209889,-0.126441
(17|12),(21|12),0.166897,0.097627,+0.069270
(17|12),(29|11),0.083453,0.063322,+0.020131
(17|12),(29|12),0.166907,0.113347,+0.053559
(17|13),(5|12),0.083380,0.061979,+0.021401
(17|13),(5|13),0.166760,0.143369,+0.023391
(17|13),(13|12),0.083051,0.099095,-0.016043
(17|13),(13|13),0.166103,0.154860,+0.011243
(17|13),(21|12),0.083449,0.251086,-0.167637
(17|13),(21|13),0.166897,0.099327,+0.067570
(17|13),(29|12),0.083453,0.073249,+0.010204
(17|13),(29|13),0.166907,0.117035,+0.049872
(17|14),(5|13),0.083380,0.103614,-0.020234
(17|14),(5|14),0.166760,0.117400,+0.049360
(17|14),(13|13),0.083051,0.070731,+0.012320
(17|14),(13|14),0.166103,0.101123,+0.064980
(17|14),(21|13),0.083449,0.088432,-0.004983
(17|14),(21|14),0.166897,0.199543,-0.032645
(17|14),(29|13),0.083453,0.109887,-0.026434
(17|14),(29|14),0.166907,0.209270,-0.042363
(17|15),(5|14),0.083380,0.078595,+0.004785
(17|15),(5|15),0.166760,0.186659,-0.019899
(17|15),(13|14),0.083051,0.088809,-0.005757
(17|15),(13|15),0.166103,0.159054,+0.007049
(17|15),(21|14),0.083449,0.109853,-0.026405
(17|15),(21|15),0.166897,0.138391,+0.028506
(17|15),(29|14),0.083453,0.079802,+0.003651
(17|15),(29|15),0.166907,0.158836,+0.008070
(17|16),(5|15),0.083380,0.094612,-0.011232
(17|16),(5|16),0.166760,0.138608,+0.028152
(17|16),(13|15),0.083051,0.105203,-0.022152
(17|16),(13|16),0.166103,0.173759,-0.007656
(17|16),(21|15),0.083449,0.097064,-0.013616
(17|16),(21|16),0.166897,0.131430,+0.035467
(17|16),(29|15),0.083453,0.080831,+0.002622
(17|16),(29|16),0.166907,0.178493,-0.011586
(17|17),(5|16),0.083380,0.099617,-0.016237
(17|17),(5|17),0.166760,0.138876,+0.027884
(17|17),(13|16),0.083051,0.117885,-0.034833
(17|17),(13|17),0.166103,0.144010,+0.022093
(17|17),(21|16),0.083449,0.113102,-0.029653
(17|17),(21|17),0.166897,0.142440,+0.024457
(17|17),(29|16),0.083453,0.094215,-0.010762
(17|17),(29|17),0.166907,0.149855,+0.017052
(17|18),(5|17),0.083380,0.103893,-0.020513
(17|18),(5|18),0.166760,0.148023,+0.018737
(17|18),(13|17),0.083051,0.098879,-0.015828
(17|18),(13|18),0.166103,0.146932,+0.019171
(17|18),(21|17),0.083449,0.111695,-0.028246
(17|18),(21|18),0.166897,0.144860,+0.022038
(17|18),(29|17),0.083453,0.098237,-0.014783
(17|18),(29|18),0.166907,0.147482,+0.019425
(17|19),(5|18),0.083380,0.101772,-0.018392
(17|19),(5|19),0.166760,0.146855,+0.019905
(17|19),(13|18),0.083051,0.106607,-0.023556
(17|19),(13|19),0.166103,0.149912,+0.016191
(17|19),(21|18),0.083449,0.104335,-0.020886
(17|19),(21|19),0.166897,0.149159,+0.017739
(17|19),(29|18),0.083453,0.100058,-0.016604
(17|19),(29|19),0.166907,0.141303,+0.025604
(17|20),(5|19),0.083380,0.108004,-0.024624
(17|20),(5|20),0.166760,0.150621,+0.016139
(17|20),(13|19),0.083051,0.106670,-0.023619
(17|20),(13|20),0.166103,0.142410,+0.023693
(17|20),(21|19),0.083449,0.099944,-0.016496
(17|20),(21|20),0.166897,0.142102,+0.024795
(17|20),(29|19),0.083453,0.104712,-0.021259
(17|20),(29|20),0.166907,0.145536,+0.021370
(17|21),(5|20),0.083380,0.117680,-0.034300
(17|21),(5|21),0.166760,0.143747,+0.023013
(17|21),(13|20),0.083051,0.099171,-0.016119
(17|21),(13|21),0.166103,0.142789,+0.023314
(17|21),(21|20),0.083449,0.100754,-0.017305
(17|21),(21|21),0.166897,0.146073,+0.020825
(17|21),(29|20),0.083453,0.102216,-0.018762
(17|21),(29|21),0.166907,0.147571,+0.019336
(17|22),(5|21),0.083380,0.099744,-0.016364
(17|22),(5|22),0.166760,0.147777,+0.018983
(17|22),(13|21),0.083051,0.099946,-0.016894
(17|22),(13|22),0.166103,0.147719,+0.018384
(17|22),(21|21),0.083449,0.108093,-0.024644
(17|22),(21|22),0.166897,0.148693,+0.018204
(17|22),(29|21),0.083453,0.103317,-0.019863
(17|22),(29|22),0.166907,0.144712,+0.022195
(17|23),(5|22),0.083380,0.100431,-0.017051
(17|23),(5|23),0.166760,0.146866,+0.019894
(17|23),(13|22),0.083051,0.102848,-0.019796
(17|23),(13|23),0.166103,0.145714,+0.020389
(17|23),(21|22),0.083449,0.105269,-0.021820
(17|23),(21|23),0.166897,0.148664,+0.018233
(17|23),(29|22),0.083453,0.104259,-0.020805
(17|23),(29|23),0.166907,0.145950,+0.020957
(17|24),(5|23),0.083380,0.106502,-0.023122
(17|24),(5|24),0.166760,0.147747,+0.019013
(17|24),(13|23),0.083051,0.105690,-0.022638
(17|24),(13|24),0.166103,0.145545,+0.020557
(17|24),(21|23),0.083449,0.105295,-0.021846
(17|24),(21|24),0.166897,0.143521,+0.023376
(17|24),(29|23),0.083453,0.100771,-0.017318
(17|24),(29|24),0.166907,0.144928,+0.021978
(17|25),(5|24),0.083380,0.103704,-0.020324
(17|25),(5|25),0.166760,0.146235,+0.020525
(17|25),(13|24),0.083051,0.101489,-0.018438
(17|25),(13|25),0.166103,0.147769,+0.018334
(17|25),(21|24),0.083449,0.103430,-0.019981
(17|25),(21|25),0.166897,0.146540,+0.020357
(17|25),(29|24),0.083453,0.104862,-0.021409
(17|25),(29|25),0.166907,0.145970,+0.020937
(17|26),(5|25),0.083380,0.104040,-0.020660
(17|26),(5|26),0.166760,0.148931,+0.017829
(17|26),(13|25),0.083051,0.104302,-0.021251
(17|26),(13|26),0.166103,0.146107,+0.019996
(17|26),(21|25),0.083449,0.103189,-0.019740
(17|26),(21|26),0.166897,0.144085,+0.022812
(17|26),(29|25),0.083453,0.103579,-0.020126
(17|26),(29|26),0.166907,0.145766,+0.021141
(17|27),(5|26),0.083380,0.104797,-0.021417
(17|27),(5|27),0.166760,0.145008,+0.021752
(17|27),(13|26),0.083051,0.104974,-0.021923
(17|27),(13|27),0.166103,0.145659,+0.020444
(17|27),(21|26),0.083449,0.102307,-0.018859
(17|27),(21|27),0.166897,0.148260,+0.018638
(17|27),(29|26),0.083453,0.102879,-0.019426
(17|27),(29|27),0.166907,0.146115,+0.020791
(17|28),(5|27),0.083380,0.103367,-0.019987
(17|28),(5|28),0.166760,0.146564,+0.020196
(17|28),(13|27),0.083051,0.104881,-0.021829
(17|28),(13|28),0.166103,0.146830,+0.019273
(17|28),(21|27),0.083449,0.103594,-0.020145
(17|28),(21|28),0.166897,0.145344,+0.021554
(17|28),(29|27),0.083453,0.103407,-0.019954
(17|28),(29|28),0.166907,0.146014,+0.020893
(17|29),(5|28),0.083380,0.104049,-0.020669
(17|29),(5|29),0.166760,0.146463,+0.020297
(17|29),(13|28),0.083051,0.104444,-0.021393
(17|29),(13|29),0.166103,0.146707,+0.019396
(17|29),(21|28),0.083449,0.103552,-0.020104
(17|29),(21|29),0.166897,0.144613,+0.022284
(17|29),(29|28),0.083453,0.103672,-0.020219
(17|29),(29|29),0.166907,0.146499,+0.020408
(17|30),(5|29),0.083380,0.105211,-0.021831
(17|30),(5|30),0.166760,0.145307,+0.021453
(17|30),(13|29),0.083051,0.103611,-0.020559
(17|30),(13|30),0.166103,0.145072,+0.021031
(17|30),(21|29),0.083449,0.104289,-0.020840
(17|30),(21|30),0.166897,0.146818,+0.020079
(17|30),(29|29),0.083453,0.103828,-0.020375
(17|30),(29|30),0.166907,0.145865,+0.021041
(17|31),(5|30),0.083380,0.103980,-0.020600
(17|31),(5|31),0.166760,0.144476,+0.022284
(17|31),(13|30),0.083051,0.105055,-0.022004
(17|31),(13|31),0.166103,0.146139,+0.019963
(17|31),(21|30),0.083449,0.104436,-0.020987
(17|31),(21|31),0.166897,0.145294,+0.021603
(17|31),(29|30),0.083453,0.104197,-0.020744
(17|31),(29|31),0.166907,0.146422,+0.020484
(17|32),(5|31),0.083380,0.120578,-0.037198
(17|32),(5|32),0.166760,0.127720,+0.039040
(17|32),(13|31),0.083051,0.121155,-0.038103
(17|32),(13|32),0.166103,0.127576,+0.038527
(17|32),(21|31),0.083449,0.120563,-0.037114
(17|32),(21|32),0.166897,0.127454,+0.039443
(17|32),(29|31),0.083453,0.122787,-0.039333
(17|32),(29|32),0.166907,0.132168,+0.034739
(17|33),(5|32),0.083380,0.125449,-0.042069
(17|33),(5|33),0.166760,0.126333,+0.040427
(17|33),(13|32),0.083051,0.124757,-0.041706
(17|33),(13|33),0.166103,0.121354,+0.044749
(17|33),(21|32),0.083449,0.126466,-0.043017
(17|33),(21|33),0.166897,0.123313,+0.043584
(17|33),(29|32),0.083453,0.126687,-0.043233
(17|33),(29|33),0.166907,0.125641,+0.041266
(17|34),(5|33),0.083380,0.123362,-0.039982
(17|34),(5|34),0.166760,0.126690,+0.040070
(17|34),(13|33),0.083051,0.124283,-0.041232
(17|34),(13|34),0.166103,0.125383,+0.040720
(17|34),(21|33),0.083449,0.124937,-0.041488
(17|34),(21|34),0.166897,0.122262,+0.044635
(17|34),(29|33),0.083453,0.126215,-0.042761
(17|34),(29|34),0.166907,0.126869,+0.040038
(17|35),(5|34),0.083380,0.121167,-0.037787
(17|35),(5|35),0.166760,0.127013,+0.039747
(17|35),(13|34),0.083051,0.127371,-0.044320
(17|35),(13|35),0.166103,0.121048,+0.045055
(17|35),(21|34),0.083449,0.130832,-0.047383
(17|35),(21|35),0.166897,0.122718,+0.044179
(17|35),(29|34),0.083453,0.125403,-0.041949
(17|35),(29|35),0.166907,0.124448,+0.042459
(17|36),(5|35),0.083380,0.127189,-0.043809
(17|36),(5|36),0.166760,0.118197,+0.048563
(17|36),(13|35),0.083051,0.122338,-0.039287
(17|36),(13|36),0.166103,0.129555,+0.036548
(17|36),(21|35),0.083449,0.129673,-0.046225
(17|36),(21|36),0.166897,0.122929,+0.043968
(17|36),(29|35),0.083453,0.127780,-0.044327
(17|36),(29|36),0.166907,0.122338,+0.044569
(17|37),(5|36),0.083380,0.125779,-0.042399
(17|37),(5|37),0.166760,0.124394,+0.042366
(17|37),(13|36),0.083051,0.120471,-0.037419
(17|37),(13|37),0.166103,0.118163,+0.047940
(17|37),(21|36),0.083449,0.128779,-0.045330
(17|37),(21|37),0.166897,0.126933,+0.039964
(17|37),(29|36),0.083453,0.135010,-0.051557
(17|37),(29|37),0.166907,0.120471,+0.046436
(17|38),(5|37),0.083380,0.120128,-0.036748
(17|38),(5|38),0.166760,0.134342,+0.032418
(17|38),(13|37),0.083051,0.119670,-0.036619
(17|38),(13|38),0.166103,0.116002,+0.050101
(17|38),(21|37),0.083449,0.120128,-0.036680
(17|38),(21|38),0.166897,0.132508,+0.034389
(17|38),(29|37),0.083453,0.135718,-0.052264
(17|38),(29|38),0.166907,0.121504,+0.045403
(17|39),(5|38),0.083380,0.136364,-0.052984
(17|39),(5|39),0.166760,0.125232,+0.041528
(17|39),(13|38),0.083051,0.118738,-0.035687
(17|39),(13|39),0.166103,0.135436,+0.030667
(17|39),(21|38),0.083449,0.116883,-0.033434
(17|39),(21|39),0.166897,0.128942,+0.037955
(17|39),(29|38),0.083453,0.109462,-0.026009
(17|39),(29|39),0.166907,0.128942,+0.037964
(17|40),(5|39),0.083380,0.145719,-0.062339
(17|40),(5|40),0.166760,0.134791,+0.031969
(17|40),(13|39),0.083051,0.122040,-0.038989
(17|40),(13|40),0.166103,0.138434,+0.027669
(17|40),(21|39),0.083449,0.094718,-0.011269
(17|40),(21|40),0.166897,0.142077,+0.024821
(17|40),(29|39),0.083453,0.112933,-0.029479
(17|40),(29|40),0.166907,0.109290,+0.057617
(17|41),(5|40),0.083380,0.153846,-0.070466
(17|41),(5|41),0.166760,0.137652,+0.029108
(17|41),(13|40),0.083051,0.097166,-0.014115
(17|41),(13|41),0.166103,0.145749,+0.020354
(17|41),(21|40),0.083449,0.117409,-0.033960
(17|41),(21|41),0.166897,0.109312,+0.057586
(17|41),(29|40),0.083453,0.137652,-0.054198
(17|41),(29|41),0.166907,0.101215,+0.065692
(17|42),(5|41),0.083380,0.132353,-0.048973
(17|42),(5|42),0.166760,0.117647,+0.049113
(17|42),(13|41),0.083051,0.095588,-0.012537
(17|42),(13|42),0.166103,0.125000,+0.041103
(17|42),(21|41),0.083449,0.088235,-0.004787
(17|42),(21|42),0.166897,0.132353,+0.034544
(17|42),(29|41),0.083453,0.169118,-0.085664
(17|42),(29|42),0.166907,0.139706,+0.027201
(17|43),(5|42),0.083380,0.118421,-0.035041
(17|43),(5|43),0.166760,0.197368,-0.030608
(17|43),(13|42),0.083051,0.078947,+0.004104
(17|43),(13|43),0.166103,0.105263,+0.060840
(17|43),(21|42),0.083449,0.171053,-0.087604
(17|43),(21|43),0.166897,0.065789,+0.101108
(17|43),(29|42),0.083453,0.144737,-0.061284
(17|43),(29|43),0.166907,0.118421,+0.048486
(19|4),(29|4),0.166257,1.000000,-0.833743
(19|4),(29|5),0.332513,0.000000,+0.332513
(19|6),(13|6),0.167077,0.000000,+0.167077
(19|6),(13|7),0.334153,0.091812,+0.242341
(19|6),(29|6),0.166257,0.908188,-0.741931
(19|6),(29|7),0.332513,0.000000,+0.332513
(19|7),(13|7),0.167077,0.000000,+0.167077
(19|7),(13|8),0.334153,0.612168,-0.278015
(19|7),(29|7),0.166257,0.000000,+0.166257
(19|7),(29|8),0.332513,0.387832,-0.055318
(19|8),(13|8),0.167077,0.290868,-0.123791
(19|8),(13|9),0.334153,0.508321,-0.174168
(19|8),(29|8),0.166257,0.085021,+0.081236
(19|8),(29|9),0.332513,0.115790,+0.216723
(19|9),(13|9),0.167077,0.051168,+0.115909
(19|9),(13|10),0.334153,0.570637,-0.236483
(19|9),(29|9),0.166257,0.271254,-0.104998
(19|9),(29|10),0.332513,0.106941,+0.225572
(19|10),(13|10),0.167077,0.043297,+0.123779
(19|10),(13|11),0.334153,0.067955,+0.266198
(19|10),(29|10),0.166257,0.115964,+0.050293
(19|10),(29|11),0.332513,0.772784,-0.440271
(19|11),(13|11),0.167077,0.207357,-0.040280
(19|11),(13|12),0.334153,0.416888,-0.082735
(19|11),(29|11),0.166257,0.123804,+0.042453
(19|11),(29|12),0.332513,0.251951,+0.080563
(19|12),(13|12),0.167077,0.136996,+0.030080
(19|12),(13|13),0.334153,0.254436,+0.079718
(19|12),(29|12),0.166257,0.296243,-0.129987
(19|12),(29|13),0.332513,0.312325,+0.020189
(19|13),(13|13),0.167077,0.178891,-0.011814
(19|13),(13|14),0.334153,0.307364,+0.026789
(19|13),(29|13),0.166257,0.173289,-0.007032
(19|13),(29|14),0.332513,0.340455,-0.007942
(19|14),(13|14),0.167077,0.250727,-0.083651
(19|14),(13|15),0.334153,0.274175,+0.059978
(19|14),(29|14),0.166257,0.192418,-0.026161
(19|14),(29|15),0.332513,0.282680,+0.049833
(19|15),(13|15),0.167077,0.227269,-0.060193
(19|15),(13|16),0.334153,0.358024,-0.023870
(19|15),(29|15),0.166257,0.164373,+0.001883
(19|15),(29|16),0.332513,0.250334,+0.082180
(19|16),(13|16),0.167077,0.227960,-0.060883
(19|16),(13|17),0.334153,0.272667,+0.061487
(19|16),(29|16),0.166257,0.223759,-0.057503
(19|16),(29|17),0.332513,0.275614,+0.056899
(19|17),(13|17),0.167077,0.219443,-0.052366
(19|17),(13|18),0.334153,0.289084,+0.045069
(19|17),(29|17),0.166257,0.190710,-0.024453
(19|17),(29|18),0.332513,0.300763,+0.031750
(19|18),(13|18),0.167077,0.249016,-0.081939
(19|18),(13|19),0.334153,0.279154,+0.055000
(19|18),(29|18),0.166257,0.191345,-0.025088
(19|18),(29|19),0.332513,0.280486,+0.052027
(19|19),(13|19),0.167077,0.204100,-0.037023
(19|19),(13|20),0.334153,0.289172,+0.044982
(19|19),(29|19),0.166257,0.210538,-0.044281
(19|19),(29|20),0.332513,0.296191,+0.036322
(19|20),(13|20),0.167077,0.209634,-0.042558
(19|20),(13|21),0.334153,0.285359,+0.048794
(19|20),(29|20),0.166257,0.202974,-0.036717
(19|20),(29|21),0.332513,0.302032,+0.030481
(19|21),(13|21),0.167077,0.209202,-0.042125
(19|21),(13|22),0.334153,0.288628,+0.045525
(19|21),(29|21),0.166257,0.210704,-0.044448
(19|21),(29|22),0.332513,0.291465,+0.041048
(19|22),(13|22),0.167077,0.210478,-0.043402
(19|22),(13|23),0.334153,0.293857,+0.040296
(19|22),(29|22),0.166257,0.205870,-0.039614
(19|22),(29|23),0.332513,0.289795,+0.042719
(19|23),(13|23),0.167077,0.211776,-0.044699
(19|23),(13|24),0.334153,0.291241,+0.042913
(19|23),(29|23),0.166257,0.203088,-0.036832
(19|23),(29|24),0.332513,0.293895,+0.038618
(19|24),(13|24),0.167077,0.207531,-0.040454
(19|24),(13|25),0.334153,0.294643,+0.039510
(19|24),(29|24),0.166257,0.205990,-0.039734
(19|24),(29|25),0.332513,0.291836,+0.040678
(19|25),(13|25),0.167077,0.208304,-0.041228
(19|25),(13|26),0.334153,0.291831,+0.042322
(19|25),(29|25),0.166257,0.206419,-0.040162
(19|25),(29|26),0.332513,0.293445,+0.039068
(19|26),(13|26),0.167077,0.206920,-0.039843
(19|26),(13|27),0.334153,0.294001,+0.040152
(19|26),(29|26),0.166257,0.206533,-0.040277
(19|26),(29|27),0.332513,0.292546,+0.039968
(19|27),(13|27),0.167077,0.208892,-0.041816
(19|27),(13|28),0.334153,0.291498,+0.042656
(19|27),(29|27),0.166257,0.207311,-0.041054
(19|27),(29|28),0.332513,0.292299,+0.040214
(19|28),(13|28),0.167077,0.207131,-0.040055
(19|28),(13|29),0.334153,0.292709,+0.041444
(19|28),(29|28),0.166257,0.207566,-0.041309
(19|28),(29|29),0.332513,0.292594,+0.039919
(19|29),(13|29),0.167077,0.208838,-0.041761
(19|29),(13|30),0.334153,0.292513,+0.041641
(19|29),(29|29),0.166257,0.207902,-0.041645
(19|29),(29|30),0.332513,0.290747,+0.041766
(19|30),(13|30),0.167077,0.207336,-0.040259
(19|30),(13|31),0.334153,0.293500,+0.040653
(19|30),(29|30),0.166257,0.207154,-0.040897
(19|30),(29|31),0.332513,0.292010,+0.040503
(19|31),(13|31),0.167077,0.208430,-0.041354
(19|31),(13|32),0.334153,0.290115,+0.044039
(19|31),(29|31),0.166257,0.208979,-0.042723
(19|31),(29|32),0.332513,0.292476,+0.040038
(19|32),(13|32),0.167077,0.242989,-0.075912
(19|32),(13|33),0.334153,0.257924,+0.076230
(19|32),(29|32),0.166257,0.242508,-0.076251
(19|32),(29|33),0.332513,0.256580,+0.075934
(19|33),(13|33),0.167077,0.252369,-0.085292
(19|33),(13|34),0.334153,0.248840,+0.085314
(19|33),(29|33),0.166257,0.251850,-0.085593
(19|33),(29|34),0.332513,0.246942,+0.085571
(19|34),(13|34),0.167077,0.251523,-0.084446
(19|34),(13|35),0.334153,0.246021,+0.088133
(19|34),(29|34),0.166257,0.255406,-0.089149
(19|34),(29|35),0.332513,0.247051,+0.085463
(19|35),(13|35),0.167077,0.252638,-0.085562
(19|35),(13|36),0.334153,0.247658,+0.086495
(19|35),(29|35),0.166257,0.255544,-0.089287
(19|35),(29|36),0.332513,0.244160,+0.088353
(19|36),(13|36),0.167077,0.241301,-0.074225
(19|36),(13|37),0.334153,0.239633,+0.094520
(19|36),(29|36),0.166257,0.257745,-0.091489
(19|36),(29|37),0.332513,0.261320,+0.071193
(19|37),(13|37),0.167077,0.264761,-0.097684
(19|37),(13|38),0.334153,0.245235,+0.088919
(19|37),(29|37),0.166257,0.244305,-0.078048
(19|37),(29|38),0.332513,0.245700,+0.086814
(19|38),(13|38),0.167077,0.256346,-0.089270
(19|38),(13|39),0.334153,0.237432,+0.096722
(19|38),(29|38),0.166257,0.252862,-0.086605
(19|38),(29|39),0.332513,0.253360,+0.079153
(19|39),(13|39),0.167077,0.262742,-0.095665
(19|39),(13|40),0.334153,0.244288,+0.089865
(19|39),(29|39),0.166257,0.237258,-0.071002
(19|39),(29|40),0.332513,0.255712,+0.076802
(19|40),(13|40),0.167077,0.221416,-0.054339
(19|40),(13|41),0.334153,0.250454,+0.083700
(19|40),(29|40),0.166257,0.254083,-0.087827
(19|40),(29|41),0.332513,0.274047,+0.058466
(19|41),(13|41),0.167077,0.202532,-0.035455
(19|41),(13|42),0.334153,0.274262,+0.059892
(19|41),(29|41),0.166257,0.257384,-0.091127
(19|41),(29|42),0.332513,0.265823,+0.066691
(19|42),(13|42),0.167077,0.209459,-0.042383
(19|42),(13|43),0.334153,0.270270,+0.063883
(19|42),(29|42),0.166257,0.236486,-0.070230
(19|42),(29|43),0.332513,0.283784,+0.048730
(19|43),(13|43),0.167077,0.191781,-0.024704
(19|43),(29|43),0.166257,0.356164,-0.189908
(21|5),(1|0),0.010385,0.000000,+0.010385
(21|5),(5|2),0.020885,1.000000,-0.979115
(21|5),(7|2),0.020620,0.000000,+0.020620
(21|6),(1|0),0.005240,1.000000,-0.994760
(21|6),(5|2),0.020732,0.000000,+0.020732
(21|6),(7|2),0.020614,0.000000,+0.020614
(21|6),(11|3),0.021033,0.000000,+0.021033
(21|6),(13|3),0.020620,0.000000,+0.020620
(21|7),(1|0),0.002565,0.000000,+0.002565
(21|7),(5|2),0.010479,0.000000,+0.010479
(21|7),(7|2),0.010281,0.254172,-0.243890
(21|7),(11|3),0.021058,0.000000,+0.021058
(21|7),(13|3),0.020735,0.000000,+0.020735
(21|7),(17|4),0.020644,0.291685,-0.271041
(21|7),(19|4),0.020917,0.000000,+0.020917
(21|7),(23|4),0.020591,0.454144,-0.433553
(21|7),(25|4),0.020592,0.000000,+0.020592
(21|7),(29|4),0.020743,0.000000,+0.020743
(21|7),(31|4),0.020695,0.000000,+0.020695
(21|8),(1|0),0.001289,0.496114,-0.494825
(21|8),(3|5),0.021079,0.186218,-0.165139
(21|8),(5|2),0.005289,0.000000,+0.005289
(21|8),(5|5),0.020885,0.000000,+0.020885
(21|8),(7|2),0.005159,0.000000,+0.005159
(21|8),(9|5),0.020885,0.083553,-0.062667
(21|8),(11|3),0.010500,0.173583,-0.163083
(21|8),(11|5),0.021033,0.000000,+0.021033
(21|8),(13|3),0.010390,0.060533,-0.050143
(21|8),(15|5),0.021011,0.000000,+0.021011
(21|8),(17|4),0.020783,0.000000,+0.020783
(21|8),(17|5),0.020644,0.000000,+0.020644
(21|8),(19|4),0.020883,0.000000,+0.020883
(21|8),(21|5),0.021056,0.000000,+0.021056
(21|8),(23|4),0.020545,0.000000,+0.020545
(21|8),(23|5),0.020591,0.000000,+0.020591
(21|8),(25|4),0.020771,0.000000,+0.020771
(21|8),(27|5),0.020860,0.000000,+0.020860
(21|8),(29|4),0.020927,0.000000,+0.020927
(21|8),(29|5),0.020743,0.000000,+0.020743
(21|8),(31|4),0.020894,0.000000,+0.020894
(21|9),(1|0),0.000659,0.000000,+0.000659
(21|9),(1|6),0.021073,0.000000,+0.021073
(21|9),(3|5),0.020950,0.000000,+0.020950
(21|9),(3|6),0.021079,0.000000,+0.021079
(21|9),(5|2),0.002528,0.033372,-0.030844
(21|9),(5|5),0.020732,0.000000,+0.020732
(21|9),(5|6),0.020885,0.000000,+0.020885
(21|9),(7|2),0.002533,0.000000,+0.002533
(21|9),(7|6),0.020620,0.050928,-0.030308
(21|9),(9|5),0.020931,0.000000,+0.020931
(21|9),(9|6),0.020885,0.000000,+0.020885
(21|9),(11|3),0.005227,0.000000,+0.005227
(21|9),(11|5),0.021058,0.342374,-0.321316
(21|9),(11|6),0.021033,0.000000,+0.021033
(21|9),(13|3),0.005165,0.000000,+0.005165
(21|9),(13|6),0.020620,0.051754,-0.031134
(21|9),(15|5),0.021032,0.000000,+0.021032
(21|9),(15|6),0.021011,0.000000,+0.021011
(21|9),(17|4),0.010471,0.011249,-0.000778
(21|9),(17|5),0.020783,0.000000,+0.020783
(21|9),(17|6),0.020644,0.000000,+0.020644
(21|9),(19|4),0.010384,0.000000,+0.010384
(21|9),(19|6),0.020917,0.000000,+0.020917
(21|9),(21|5),0.020933,0.005022,+0.015911
(21|9),(21|6),0.021056,0.000000,+0.021056
(21|9),(23|4),0.010327,0.000000,+0.010327
(21|9),(23|5),0.020545,0.000000,+0.020545
(21|9),(23|6),0.020591,0.000000,+0.020591
(21|9),(25|4),0.010455,0.151232,-0.140778
(21|9),(25|6),0.020592,0.013013,+0.007579
(21|9),(27|5),0.020821,0.081750,-0.060930
(21|9),(27|6),0.020860,0.000000,+0.020860
(21|9),(29|4),0.010451,0.000000,+0.010451
(21|9),(29|5),0.020927,0.000000,+0.020927
(21|9),(29|6),0.020743,0.000000,+0.020743
(21|9),(31|4),0.010532,0.224983,-0.214451
(21|9),(31|6),0.020695,0.034324,-0.013629
(21|10),(1|0),0.000328,0.000000,+0.000328
(21|10),(1|6),0.020821,0.000000,+0.020821
(21|10),(1|7),0.021073,0.011251,+0.009822
(21|10),(3|5),0.010455,0.022253,-0.011799
(21|10),(3|6),0.020950,0.004184,+0.016766
(21|10),(3|7),0.021079,0.160389,-0.139311
(21|10),(5|2),0.001277,0.000000,+0.001277
(21|10),(5|5),0.010479,0.000000,+0.010479
(21|10),(5|6),0.020732,0.000000,+0.020732
(21|10),(5|7),0.020885,0.000000,+0.020885
(21|10),(7|2),0.001234,0.000000,+0.001234
(21|10),(7|6),0.020614,0.000000,+0.020614
(21|10),(7|7),0.020620,0.075049,-0.054429
(21|10),(9|5),0.010483,0.000000,+0.010483
(21|10),(9|6),0.020931,0.000000,+0.020931
(21|10),(9|7),0.020885,0.000000,+0.020885
(21|10),(11|3),0.002595,0.010832,-0.008236
(21|10),(11|5),0.010500,0.000000,+0.010500
(21|10),(11|6),0.021058,0.035031,-0.013973
(21|10),(11|7),0.021033,0.000000,+0.021033
(21|10),(13|3),0.002597,0.084969,-0.082371
(21|10),(13|6),0.020735,0.000000,+0.020735
(21|10),(13|7),0.020620,0.000000,+0.020620
(21|10),(15|5),0.010459,0.006988,+0.003471
(21|10),(15|6),0.021032,0.034830,-0.013798
(21|10),(15|7),0.021011,0.022411,-0.001401
(21|10),(17|4),0.005224,0.000000,+0.005224
(21|10),(17|5),0.010471,0.015229,-0.004758
(21|10),(17|6),0.020783,0.111157,-0.090374
(21|10),(17|7),0.020644,0.000000,+0.020644
(21|10),(19|4),0.005130,0.011038,-0.005908
(21|10),(19|6),0.020883,0.000000,+0.020883
(21|10),(19|7),0.020917,0.015247,+0.005670
(21|10),(21|5),0.010420,0.000000,+0.010420
(21|10),(21|6),0.020933,0.011884,+0.009049
(21|10),(21|7),0.021056,0.025252,-0.004196
(21|10),(23|4),0.005176,0.000000,+0.005176
(21|10),(23|5),0.010327,0.000000,+0.010327
(21|10),(23|6),0.020545,0.000000,+0.020545
(21|10),(23|7),0.020591,0.000000,+0.020591
(21|10),(25|4),0.005210,0.000000,+0.005210
(21|10),(25|6),0.020771,0.000000,+0.020771
(21|10),(25|7),0.020592,0.055162,-0.034570
(21|10),(27|5),0.010391,0.000000,+0.010391
(21|10),(27|6),0.020821,0.000000,+0.020821
(21|10),(27|7),0.020860,0.000000,+0.020860
(21|10),(29|4),0.005277,0.042031,-0.036754
(21|10),(29|5),0.010451,0.026608,-0.016157
(21|10),(29|6),0.020927,0.218203,-0.197275
(21|10),(29|7),0.020743,0.000000,+0.020743
(21|10),(31|4),0.005209,0.000000,+0.005209
(21|10),(31|6),0.020894,0.000000,+0.020894
(21|10),(31|7),0.020695,0.000000,+0.020695
(21|11),(1|0),0.000167,0.000000,+0.000167
(21|11),(1|6),0.010385,0.128632,-0.118247
(21|11),(1|7),0.020821,0.000000,+0.020821
(21|11),(1|8),0.021073,0.003802,+0.017271
(21|11),(3|5),0.005343,0.000000,+0.005343
(21|11),(3|6),0.010455,0.000000,+0.010455
(21|11),(3|7),0.020950,0.000000,+0.020950
(21|11),(3|8),0.021079,0.004382,+0.016696
(21|11),(5|2),0.000658,0.009371,-0.008713
(21|11),(5|5),0.005289,0.001355,+0.003934
(21|11),(5|6),0.010479,0.000000,+0.010479
(21|11),(5|7),0.020732,0.126830,-0.106098
(21|11),(5|8),0.020885,0.019070,+0.001816
(21|11),(7|2),0.000636,0.021887,-0.021251
(21|11),(7|6),0.010281,0.036221,-0.025940
(21|11),(7|7),0.020614,0.000000,+0.020614
(21|11),(7|8),0.020620,0.015104,+0.005516
(21|11),(9|5),0.005223,0.000000,+0.005223
(21|11),(9|6),0.010483,0.000000,+0.010483
(21|11),(9|7),0.020931,0.008214,+0.012716
(21|11),(9|8),0.020885,0.039877,-0.018991
(21|11),(11|3),0.001349,0.000000,+0.001349
(21|11),(11|5),0.005227,0.000000,+0.005227
(21|11),(11|6),0.010500,0.000000,+0.010500
(21|11),(11|7),0.021058,0.020971,+0.000087
(21|11),(11|8),0.021033,0.000000,+0.021033
(21|11),(13|3),0.001313,0.000000,+0.001313
(21|11),(13|6),0.010390,0.000000,+0.010390
(21|11),(13|7),0.020735,0.000000,+0.020735
(21|11),(13|8),0.020620,0.057716,-0.037096
(21|11),(15|5),0.005055,0.000000,+0.005055
(21|11),(15|6),0.010459,0.000000,+0.010459
(21|11),(15|7),0.021032,0.022622,-0.001590
(21|11),(15|8),0.021011,0.000000,+0.021011
(21|11),(17|4),0.002615,0.000000,+0.002615
(21|11),(17|5),0.005224,0.000000,+0.005224
(21|11),(17|6),0.010471,0.000000,+0.010471
(21|11),(17|7),0.020783,0.000000,+0.020783
(21|11),(17|8),0.020644,0.015926,+0.004718
(21|11),(19|4),0.002557,0.000000,+0.002557
(21|11),(19|6),0.010384,0.006752,+0.003632
(21|11),(19|7),0.020883,0.000000,+0.020883
(21|11),(19|8),0.020917,0.023112,-0.002195
(21|11),(21|5),0.005218,0.030407,-0.025189
(21|11),(21|6),0.010420,0.000000,+0.010420
(21|11),(21|7),0.020933,0.000000,+0.020933
(21|11),(21|8),0.021056,0.011105,+0.009951
(21|11),(23|4),0.002553,0.008537,-0.005984
(21|11),(23|5),0.005176,0.000000,+0.005176
(21|11),(23|6),0.010327,0.000000,+0.010327
(21|11),(23|7),0.020545,0.012167,+0.008378
(21|11),(23|8),0.020591,0.001811,+0.018780
(21|11),(25|4),0.002601,0.000000,+0.002601
(21|11),(25|6),0.010455,0.116530,-0.106075
(21|11),(25|7),0.020771,0.000000,+0.020771
(21|11),(25|8),0.020592,0.003200,+0.017392
(21|11),(27|5),0.005199,0.000000,+0.005199
(21|11),(27|6),0.010391,0.000000,+0.010391
(21|11),(27|7),0.020821,0.035748,-0.014927
(21|11),(27|8),0.020860,0.013423,+0.007437
(21|11),(29|4),0.002624,0.000000,+0.002624
(21|11),(29|5),0.005277,0.000000,+0.005277
(21|11),(29|6),0.010451,0.000000,+0.010451
(21|11),(29|7),0.020927,0.168298,-0.147371
(21|11),(29|8),0.020743,0.000000,+0.020743
(21|11),(31|4),0.002539,0.016055,-0.013515
(21|11),(31|6),0.010532,0.000000,+0.010532
(21|11),(31|7),0.020894,0.000000,+0.020894
(21|11),(31|8),0.020695,0.020876,-0.000181
(21|12),(1|0),0.000075,0.000458,-0.000383
(21|12),(1|6),0.005240,0.000000,+0.005240
(21|12),(1|7),0.010385,0.015248,-0.004864
(21|12),(1|8),0.020821,0.016044,+0.004776
(21|12),(1|9),0.021073,0.005511,+0.015563
(21|12),(3|5),0.002749,0.000000,+0.002749
(21|12),(3|6),0.005343,0.010752,-0.005408
(21|12),(3|7),0.010455,0.000000,+0.010455
(21|12),(3|8),0.020950,0.038134,-0.017184
(21|12),(3|9),0.021079,0.025046,-0.003967
(21|12),(5|2),0.000318,0.000000,+0.000318
(21|12),(5|5),0.002528,0.000000,+0.002528
(21|12),(5|6),0.005289,0.001699,+0.003590
(21|12),(5|7),0.010479,0.000779,+0.009701
(21|12),(5|8),0.020732,0.001288,+0.019444
(21|12),(5|9),0.020885,0.001647,+0.019238
(21|12),(7|2),0.000333,0.000000,+0.000333
(21|12),(7|6),0.005159,0.000000,+0.005159
(21|12),(7|7),0.010281,0.000000,+0.010281
(21|12),(7|8),0.020614,0.068648,-0.048034
(21|12),(7|9),0.020620,0.003102,+0.017518
(21|12),(9|5),0.002611,0.007594,-0.004983
(21|12),(9|6),0.005223,0.002221,+0.003003
(21|12),(9|7),0.010483,0.007551,+0.002931
(21|12),(9|8),0.020931,0.013683,+0.007248
(21|12),(9|9),0.020885,0.016027,+0.004858
(21|12),(11|3),0.000683,0.000000,+0.000683
(21|12),(11|5),0.002595,0.000000,+0.002595
(21|12),(11|6),0.005227,0.006935,-0.001709
(21|12),(11|7),0.010500,0.000000,+0.010500
(21|12),(11|8),0.021058,0.027228,-0.006170
(21|12),(11|9),0.021033,0.007252,+0.013781
(21|12),(13|3),0.000656,0.000000,+0.000656
(21|12),(13|6),0.005165,0.000000,+0.005165
(21|12),(13|7),0.010390,0.243624,-0.233234
(21|12),(13|8),0.020735,0.026394,-0.005658
(21|12),(13|9),0.020620,0.020524,+0.000096
(21|12),(15|5),0.002563,0.007004,-0.004441
(21|12),(15|6),0.005055,0.000000,+0.005055
(21|12),(15|7),0.010459,0.113940,-0.103480
(21|12),(15|8),0.021032,0.008155,+0.012877
(21|12),(15|9),0.021011,0.008236,+0.012775
(21|12),(17|4),0.001305,0.000000,+0.001305
(21|12),(17|5),0.002615,0.001686,+0.000930
(21|12),(17|6),0.005224,0.000000,+0.005224
(21|12),(17|7),0.010471,0.006713,+0.003758
(21|12),(17|8),0.020783,0.019061,+0.001723
(21|12),(17|9),0.020644,0.005079,+0.015565
(21|12),(19|4),0.001271,0.006863,-0.005592
(21|12),(19|6),0.005130,0.000000,+0.005130
(21|12),(19|7),0.010384,0.004082,+0.006302
(21|12),(19|8),0.020883,0.009276,+0.011607
(21|12),(19|9),0.020917,0.007791,+0.013126
(21|12),(21|5),0.002654,0.000000,+0.002654
(21|12),(21|6),0.005218,0.015073,-0.009855
(21|12),(21|7),0.010420,0.000000,+0.010420
(21|12),(21|8),0.020933,0.015432,+0.005501
(21|12),(21|9),0.021056,0.008921,+0.012135
(21|12),(23|4),0.001310,0.000000,+0.001310
(21|12),(23|5),0.002553,0.026830,-0.024278
(21|12),(23|6),0.005176,0.003761,+0.001415
(21|12),(23|7),0.010327,0.003667,+0.006661
(21|12),(23|8),0.020545,0.021782,-0.001237
(21|12),(23|9),0.020591,0.018885,+0.001706
(21|12),(25|4),0.001299,0.000000,+0.001299
(21|12),(25|6),0.005210,0.000000,+0.005210
(21|12),(25|7),0.010455,0.000000,+0.010455
(21|12),(25|8),0.020771,0.010653,+0.010117
(21|12),(25|9),0.020592,0.024948,-0.004356
(21|12),(27|5),0.002629,0.000000,+0.002629
(21|12),(27|6),0.005199,0.001553,+0.003646
(21|12),(27|7),0.010391,0.001313,+0.009078
(21|12),(27|8),0.020821,0.005699,+0.015122
(21|12),(27|9),0.020860,0.002665,+0.018195
(21|12),(29|4),0.001293,0.008103,-0.006811
(21|12),(29|5),0.002624,0.000000,+0.002624
(21|12),(29|6),0.005277,0.001472,+0.003806
(21|12),(29|7),0.010451,0.000000,+0.010451
(21|12),(29|8),0.020927,0.027566,-0.006639
(21|12),(29|9),0.020743,0.001061,+0.019682
(21|12),(31|4),0.001290,0.000000,+0.001290
(21|12),(31|6),0.005209,0.000000,+0.005209
(21|12),(31|7),0.010532,0.007633,+0.002899
(21|12),(31|8),0.020894,0.019771,+0.001123
(21|12),(31|9),0.020695,0.007941,+0.012754
(21|13),(1|0),0.000049,0.000000,+0.000049
(21|13),(1|6),0.002565,0.000741,+0.001825
(21|13),(1|7),0.005240,0.000000,+0.005240
(21|13),(1|8),0.010385,0.007293,+0.003091
(21|13),(1|9),0.020821,0.048279,-0.027459
(21|13),(1|10),0.021073,0.017341,+0.003732
(21|13),(3|5),0.001328,0.000000,+0.001328
(21|13),(3|6),0.002749,0.000000,+0.002749
(21|13),(3|7),0.005343,0.003749,+0.001595
(21|13),(3|8),0.010455,0.006398,+0.004056
(21|13),(3|9),0.020950,0.018410,+0.002540
(21|13),(3|10),0.021079,0.002814,+0.018265
(21|13),(5|2),0.000154,0.000000,+0.000154
(21|13),(5|5),0.001277,0.014154,-0.012878
(21|13),(5|6),0.002528,0.000000,+0.002528
(21|13),(5|7),0.005289,0.006657,-0.001368
(21|13),(5|8),0.010479,0.014895,-0.004416
(21|13),(5|9),0.020732,0.019717,+0.001015
(21|13),(5|10),0.020885,0.015203,+0.005682
(21|13),(7|2),0.000171,0.010520,-0.010349
(21|13),(7|6),0.002533,0.001501,+0.001032
(21|13),(7|7),0.005159,0.000000,+0.005159
(21|13),(7|8),0.010281,0.004201,+0.006080
(21|13),(7|9),0.020614,0.021303,-0.000689
(21|13),(7|10),0.020620,0.022154,-0.001534
(21|13),(9|5),0.001287,0.000000,+0.001287
(21|13),(9|6),0.002611,0.000000,+0.002611
(21|13),(9|7),0.005223,0.003286,+0.001937
(21|13),(9|8),0.010483,0.003709,+0.006774
(21|13),(9|9),0.020931,0.008104,+0.012827
(21|13),(9|10),0.020885,0.017346,+0.003539
(21|13),(11|3),0.000353,0.000000,+0.000353
(21|13),(11|5),0.001349,0.001084,+0.000265
(21|13),(11|6),0.002595,0.000000,+0.002595
(21|13),(11|7),0.005227,0.003102,+0.002124
(21|13),(11|8),0.010500,0.030237,-0.019737
(21|13),(11|9),0.021058,0.014945,+0.006113
(21|13),(11|10),0.021033,0.020985,+0.000048
(21|13),(13|3),0.000315,0.000000,+0.000315
(21|13),(13|6),0.002597,0.008487,-0.005889
(21|13),(13|7),0.005165,0.000000,+0.005165
(21|13),(13|8),0.010390,0.014438,-0.004048
(21|13),(13|9),0.020735,0.020732,+0.000004
(21|13),(13|10),0.020620,0.024749,-0.004129
(21|13),(15|5),0.001281,0.000000,+0.001281
(21|13),(15|6),0.002563,0.000000,+0.002563
(21|13),(15|7),0.005055,0.003565,+0.001491
(21|13),(15|8),0.010459,0.010376,+0.000084
(21|13),(15|9),0.021032,0.039241,-0.018209
(21|13),(15|10),0.021011,0.044232,-0.023222
(21|13),(17|4),0.000661,0.007383,-0.006722
(21|13),(17|5),0.001305,0.000000,+0.001305
(21|13),(17|6),0.002615,0.000000,+0.002615
(21|13),(17|7),0.005224,0.001690,+0.003534
(21|13),(17|8),0.010471,0.007641,+0.002829
(21|13),(17|9),0.020783,0.034115,-0.013332
(21|13),(17|10),0.020644,0.014910,+0.005734
(21|13),(19|4),0.000619,0.000000,+0.000619
(21|13),(19|6),0.002557,0.010242,-0.007684
(21|13),(19|7),0.005130,0.000000,+0.005130
(21|13),(19|8),0.010384,0.004146,+0.006238
(21|13),(19|9),0.020883,0.045172,-0.024289
(21|13),(19|10),0.020917,0.033369,-0.012452
(21|13),(21|5),0.001312,0.000000,+0.001312
(21|13),(21|6),0.002654,0.000000,+0.002654
(21|13),(21|7),0.005218,0.004937,+0.000281
(21|13),(21|8),0.010420,0.001153,+0.009267
(21|13),(21|9),0.020933,0.006060,+0.014873
(21|13),(21|10),0.021056,0.009804,+0.011252
(21|13),(23|4),0.000648,0.000502,+0.000146
(21|13),(23|5),0.001310,0.000000,+0.001310
(21|13),(23|6),0.002553,0.000000,+0.002553
(21|13),(23|7),0.005176,0.015730,-0.010554
(21|13),(23|8),0.010327,0.001700,+0.008627
(21|13),(23|9),0.020545,0.028726,-0.008181
(21|13),(23|10),0.020591,0.009486,+0.011105
(21|13),(25|4),0.000659,0.014860,-0.014201
(21|13),(25|6),0.002601,0.006095,-0.003495
(21|13),(25|7),0.005210,0.000000,+0.005210
(21|13),(25|8),0.010455,0.008541,+0.001913
(21|13),(25|9),0.020771,0.009913,+0.010857
(21|13),(25|10),0.020592,0.034632,-0.014040
(21|13),(27|5),0.001309,0.002948,-0.001639
(21|13),(27|6),0.002629,0.000000,+0.002629
(21|13),(27|7),0.005199,0.003947,+0.001252
(21|13),(27|8),0.010391,0.003336,+0.007055
(21|13),(27|9),0.020821,0.012588,+0.008233
(21|13),(27|10),0.020860,0.033882,-0.013022
(21|13),(29|4),0.000644,0.000000,+0.000644
(21|13),(29|5),0.001293,0.000000,+0.001293
(21|13),(29|6),0.002624,0.000000,+0.002624
(21|13),(29|7),0.005277,0.001849,+0.003428
(21|13),(29|8),0.010451,0.000915,+0.009537
(21|13),(29|9),0.020927,0.005827,+0.015101
(21|13),(29|10),0.020743,0.052968,-0.032225
(21|13),(31|4),0.000655,0.000000,+0.000655
(21|13),(31|6),0.002539,0.029059,-0.026520
(21|13),(31|7),0.005209,0.000000,+0.005209
(21|13),(31|8),0.010532,0.020702,-0.010170
(21|13),(31|9),0.020894,0.003923,+0.016971
(21|13),(31|10),0.020695,0.013299,+0.007396
(21|14),(1|0),0.000027,0.002867,-0.002839
(21|14),(1|6),0.001289,0.000000,+0.001289
(21|14),(1|7),0.002565,0.006346,-0.003780
(21|14),(1|8),0.005240,0.002729,+0.002511
(21|14),(1|9),0.010385,0.048123,-0.037738
(21|14),(1|10),0.020821,0.009433,+0.011388
(21|14),(1|11),0.021073,0.017433,+0.003641
(21|14),(3|5),0.000621,0.000258,+0.000362
(21|14),(3|6),0.001328,0.000000,+0.001328
(21|14),(3|7),0.002749,0.001642,+0.001107
(21|14),(3|8),0.005343,0.011074,-0.005731
(21|14),(3|9),0.010455,0.021753,-0.011299
(21|14),(3|10),0.020950,0.027040,-0.006090
(21|14),(3|11),0.021079,0.020107,+0.000971
(21|14),(5|2),0.000079,0.000000,+0.000079
(21|14),(5|5),0.000658,0.000000,+0.000658
(21|14),(5|6),0.001277,0.001417,-0.000140
(21|14),(5|7),0.002528,0.004154,-0.001626
(21|14),(5|8),0.005289,0.006525,-0.001236
(21|14),(5|9),0.010479,0.005325,+0.005155
(21|14),(5|10),0.020732,0.015716,+0.005016
(21|14),(5|11),0.020885,0.023857,-0.002972
(21|14),(7|2),0.000101,0.000000,+0.000101
(21|14),(7|6),0.001234,0.000000,+0.001234
(21|14),(7|7),0.002533,0.000533,+0.002000
(21|14),(7|8),0.005159,0.000000,+0.005159
(21|14),(7|9),0.010281,0.009054,+0.001228
(21|14),(7|10),0.020614,0.019037,+0.001577
(21|14),(7|11),0.020620,0.017141,+0.003479
(21|14),(9|5),0.000659,0.002479,-0.001820
(21|14),(9|6),0.001287,0.000654,+0.000633
(21|14),(9|7),0.002611,0.003542,-0.000930
(21|14),(9|8),0.005223,0.001808,+0.003415
(21|14),(9|9),0.010483,0.036498,-0.026016
(21|14),(9|10),0.020931,0.021870,-0.000939
(21|14),(9|11),0.020885,0.089233,-0.068348
(21|14),(11|3),0.000166,0.001450,-0.001284
(21|14),(11|5),0.000683,0.000000,+0.000683
(21|14),(11|6),0.001349,0.000000,+0.001349
(21|14),(11|7),0.002595,0.000958,+0.001637
(21|14),(11|8),0.005227,0.001979,+0.003248
(21|14),(11|9),0.010500,0.009962,+0.000538
(21|14),(11|10),0.021058,0.014674,+0.006384
(21|14),(11|11),0.021033,0.017095,+0.003938
(21|14),(13|3),0.000163,0.005416,-0.005254
(21|14),(13|6),0.001313,0.000000,+0.001313
(21|14),(13|7),0.002597,0.000400,+0.002197
(21|14),(13|8),0.005165,0.003242,+0.001923
(21|14),(13|9),0.010390,0.010766,-0.000376
(21|14),(13|10),0.020735,0.019099,+0.001636
(21|14),(13|11),0.020620,0.008212,+0.012408
(21|14),(15|5),0.000663,0.000000,+0.000663
(21|14),(15|6),0.001281,0.001083,+0.000197
(21|14),(15|7),0.002563,0.000000,+0.002563
(21|14),(15|8),0.005055,0.011241,-0.006186
(21|14),(15|9),0.010459,0.020078,-0.009619
(21|14),(15|10),0.021032,0.019045,+0.001987
(21|14),(15|11),0.021011,0.023761,-0.002751
(21|14),(17|4),0.000318,0.000000,+0.000318
(21|14),(17|5),0.000661,0.000000,+0.000661
(21|14),(17|6),0.001305,0.000496,+0.000809
(21|14),(17|7),0.002615,0.000000,+0.002615
(21|14),(17|8),0.005224,0.002471,+0.002753
(21|14),(17|9),0.010471,0.008095,+0.002375
(21|14),(17|10),0.020783,0.012741,+0.008042
(21|14),(17|11),0.020644,0.011370,+0.009274
(21|14),(19|4),0.000329,0.000000,+0.000329
(21|14),(19|6),0.001271,0.000000,+0.001271
(21|14),(19|7),0.002557,0.000321,+0.002237
(21|14),(19|8),0.005130,0.021620,-0.016490
(21|14),(19|9),0.010384,0.006375,+0.004009
(21|14),(19|10),0.020883,0.015791,+0.005092
(21|14),(19|11),0.020917,0.010520,+0.010397
(21|14),(21|5),0.000644,0.000000,+0.000644
(21|14),(21|6),0.001312,0.000000,+0.001312
(21|14),(21|7),0.002654,0.002721,-0.000067
(21|14),(21|8),0.005218,0.000287,+0.004931
(21|14),(21|9),0.010420,0.036432,-0.026012
(21|14),(21|10),0.020933,0.022107,-0.001174
(21|14),(21|11),0.021056,0.012729,+0.008327
(21|14),(23|4),0.000305,0.000000,+0.000305
(21|14),(23|5),0.000648,0.001596,-0.000948
(21|14),(23|6),0.001310,0.000925,+0.000385
(21|14),(23|7),0.002553,0.005654,-0.003101
(21|14),(23|8),0.005176,0.002800,+0.002376
(21|14),(23|9),0.010327,0.004208,+0.006119
(21|14),(23|10),0.020545,0.013624,+0.006920
(21|14),(23|11),0.020591,0.004658,+0.015933
(21|14),(25|4),0.000347,0.000000,+0.000347
(21|14),(25|6),0.001299,0.000000,+0.001299
(21|14),(25|7),0.002601,0.002754,-0.000153
(21|14),(25|8),0.005210,0.000000,+0.005210
(21|14),(25|9),0.010455,0.008812,+0.001643
(21|14),(25|10),0.020771,0.021682,-0.000912
(21|14),(25|11),0.020592,0.010033,+0.010559
(21|14),(27|5),0.000651,0.000000,+0.000651
(21|14),(27|6),0.001309,0.000917,+0.000393
(21|14),(27|7),0.002629,0.005496,-0.002867
(21|14),(27|8),0.005199,0.003687,+0.001512
(21|14),(27|9),0.010391,0.005596,+0.004796
(21|14),(27|10),0.020821,0.038827,-0.018007
(21|14),(27|11),0.020860,0.022724,-0.001864
(21|14),(29|4),0.000311,0.000000,+0.000311
(21|14),(29|5),0.000644,0.001096,-0.000452
(21|14),(29|6),0.001293,0.000000,+0.001293
(21|14),(29|7),0.002624,0.000792,+0.001832
(21|14),(29|8),0.005277,0.003225,+0.002052
(21|14),(29|9),0.010451,0.007729,+0.002723
(21|14),(29|10),0.020927,0.025832,-0.004905
(21|14),(29|11),0.020743,0.012945,+0.007797
(21|14),(31|4),0.000304,0.000000,+0.000304
(21|14),(31|6),0.001290,0.000000,+0.001290
(21|14),(31|7),0.002539,0.000550,+0.001989
(21|14),(31|8),0.005209,0.001262,+0.003947
(21|14),(31|9),0.010532,0.006896,+0.003636
(21|14),(31|10),0.020894,0.005654,+0.015240
(21|14),(31|11),0.020695,0.019841,+0.000854
(21|15),(1|0),0.000011,0.000000,+0.000011
(21|15),(1|6),0.000659,0.000244,+0.000414
(21|15),(1|7),0.001289,0.000000,+0.001289
(21|15),(1|8),0.002565,0.004681,-0.002116
(21|15),(1|9),0.005240,0.002273,+0.002967
(21|15),(1|10),0.010385,0.010527,-0.000143
(21|15),(1|11),0.020821,0.013616,+0.007205
(21|15),(1|12),0.021073,0.011595,+0.009478
(21|15),(3|5),0.000303,0.000000,+0.000303
(21|15),(3|6),0.000621,0.000000,+0.000621
(21|15),(3|7),0.001328,0.002660,-0.001332
(21|15),(3|8),0.002749,0.001365,+0.001384
(21|15),(3|9),0.005343,0.003072,+0.002271
(21|15),(3|10),0.010455,0.008934,+0.001520
(21|15),(3|11),0.020950,0.016529,+0.004421
(21|15),(3|12),0.021079,0.012679,+0.008400
(21|15),(5|2),0.000046,0.000436,-0.000390
(21|15),(5|5),0.000318,0.000000,+0.000318
(21|15),(5|6),0.000658,0.000000,+0.000658
(21|15),(5|7),0.001277,0.000786,+0.000490
(21|15),(5|8),0.002528,0.001511,+0.001017
(21|15),(5|9),0.005289,0.004771,+0.000518
(21|15),(5|10),0.010479,0.008026,+0.002453
(21|15),(5|11),0.020732,0.019095,+0.001637
(21|15),(5|12),0.020885,0.032874,-0.011988
(21|15),(7|2),0.000047,0.000000,+0.000047
(21|15),(7|6),0.000636,0.000224,+0.000412
(21|15),(7|7),0.001234,0.000000,+0.001234
(21|15),(7|8),0.002533,0.003650,-0.001117
(21|15),(7|9),0.005159,0.007199,-0.002040
(21|15),(7|10),0.010281,0.011302,-0.001020
(21|15),(7|11),0.020614,0.016329,+0.004285
(21|15),(7|12),0.020620,0.015217,+0.005403
(21|15),(9|5),0.000334,0.000000,+0.000334
(21|15),(9|6),0.000659,0.000000,+0.000659
(21|15),(9|7),0.001287,0.001218,+0.000069
(21|15),(9|8),0.002611,0.000139,+0.002473
(21|15),(9|9),0.005223,0.004090,+0.001133
(21|15),(9|10),0.010483,0.004616,+0.005867
(21|15),(9|11),0.020931,0.014581,+0.006350
(21|15),(9|12),0.020885,0.015469,+0.005416
(21|15),(11|3),0.000081,0.000000,+0.000081
(21|15),(11|5),0.000353,0.000489,-0.000136
(21|15),(11|6),0.000683,0.000000,+0.000683
(21|15),(11|7),0.001349,0.000261,+0.001088
(21|15),(11|8),0.002595,0.002648,-0.000053
(21|15),(11|9),0.005227,0.002921,+0.002306
(21|15),(11|10),0.010500,0.002322,+0.008178
(21|15),(11|11),0.021058,0.057571,-0.036513
(21|15),(11|12),0.021033,0.012014,+0.009019
(21|15),(13|3),0.000085,0.000000,+0.000085
(21|15),(13|6),0.000656,0.002049,-0.001393
(21|15),(13|7),0.001313,0.000000,+0.001313
(21|15),(13|8),0.002597,0.001129,+0.001469
(21|15),(13|9),0.005165,0.002013,+0.003152
(21|15),(13|10),0.010390,0.007174,+0.003216
(21|15),(13|11),0.020735,0.027423,-0.006687
(21|15),(13|12),0.020620,0.014659,+0.005961
(21|15),(15|5),0.000353,0.000000,+0.000353
(21|15),(15|6),0.000663,0.000000,+0.000663
(21|15),(15|7),0.001281,0.000521,+0.000759
(21|15),(15|8),0.002563,0.011583,-0.009019
(21|15),(15|9),0.005055,0.001446,+0.003609
(21|15),(15|10),0.010459,0.006824,+0.003635
(21|15),(15|11),0.021032,0.018077,+0.002955
(21|15),(15|12),0.021011,0.020171,+0.000840
(21|15),(17|4),0.000152,0.002563,-0.002411
(21|15),(17|5),0.000318,0.000000,+0.000318
(21|15),(17|6),0.000661,0.000000,+0.000661
(21|15),(17|7),0.001305,0.007256,-0.005951
(21|15),(17|8),0.002615,0.001071,+0.001544
(21|15),(17|9),0.005224,0.016512,-0.011288
(21|15),(17|10),0.010471,0.005084,+0.005386
(21|15),(17|11),0.020783,0.015616,+0.005167
(21|15),(17|12),0.020644,0.012915,+0.007729
(21|15),(19|4),0.000175,0.000000,+0.000175
(21|15),(19|6),0.000619,0.000990,-0.000371
(21|15),(19|7),0.001271,0.000000,+0.001271
(21|15),(19|8),0.002557,0.010719,-0.008162
(21|15),(19|9),0.005130,0.001173,+0.003957
(21|15),(19|10),0.010384,0.009207,+0.001177
(21|15),(19|11),0.020883,0.022232,-0.001350
(21|15),(19|12),0.020917,0.016679,+0.004238
(21|15),(21|5),0.000331,0.000558,-0.000227
(21|15),(21|6),0.000644,0.000000,+0.000644
(21|15),(21|7),0.001312,0.002286,-0.000974
(21|15),(21|8),0.002654,0.000615,+0.002039
(21|15),(21|9),0.005218,0.005027,+0.000191
(21|15),(21|10),0.010420,0.011387,-0.000967
(21|15),(21|11),0.020933,0.016920,+0.004014
(21|15),(21|12),0.021056,0.011412,+0.009644
(21|15),(23|4),0.000151,0.000000,+0.000151
(21|15),(23|5),0.000305,0.000000,+0.000305
(21|15),(23|6),0.000648,0.000000,+0.000648
(21|15),(23|7),0.001310,0.000057,+0.001253
(21|15),(23|8),0.002553,0.000876,+0.001677
(21|15),(23|9),0.005176,0.004881,+0.000295
(21|15),(23|10),0.010327,0.014936,-0.004608
(21|15),(23|11),0.020545,0.051044,-0.030500
(21|15),(23|12),0.020591,0.013815,+0.006775
(21|15),(25|4),0.000167,0.001076,-0.000908
(21|15),(25|6),0.000659,0.000224,+0.000435
(21|15),(25|7),0.001299,0.000000,+0.001299
(21|15),(25|8),0.002601,0.006201,-0.003600
(21|15),(25|9),0.005210,0.002277,+0.002933
(21|15),(25|10),0.010455,0.013180,-0.002725
(21|15),(25|11),0.020771,0.008564,+0.012207
(21|15),(25|12),0.020592,0.020831,-0.000239
(21|15),(27|5),0.000328,0.004966,-0.004638
(21|15),(27|6),0.000651,0.000000,+0.000651
(21|15),(27|7),0.001309,0.000297,+0.001012
(21|15),(27|8),0.002629,0.000790,+0.001838
(21|15),(27|9),0.005199,0.002836,+0.002364
(21|15),(27|10),0.010391,0.011530,-0.001138
(21|15),(27|11),0.020821,0.018342,+0.002479
(21|15),(27|12),0.020860,0.008983,+0.011877
(21|15),(29|4),0.000176,0.000000,+0.000176
(21|15),(29|5),0.000311,0.000000,+0.000311
(21|15),(29|6),0.000644,0.000000,+0.000644
(21|15),(29|7),0.001293,0.000155,+0.001138
(21|15),(29|8),0.002624,0.008046,-0.005422
(21|15),(29|9),0.005277,0.002554,+0.002723
(21|15),(29|10),0.010451,0.004954,+0.005497
(21|15),(29|11),0.020927,0.014072,+0.006855
(21|15),(29|12),0.020743,0.011061,+0.009682
(21|15),(31|4),0.000147,0.000257,-0.000109
(21|15),(31|6),0.000655,0.001210,-0.000555
(21|15),(31|7),0.001290,0.000000,+0.001290
(21|15),(31|8),0.002539,0.000354,+0.002185
(21|15),(31|9),0.005209,0.005985,-0.000775
(21|15),(31|10),0.010532,0.011831,-0.001299
(21|15),(31|11),0.020894,0.029843,-0.008949
(21|15),(31|12),0.020695,0.112746,-0.092052
(21|16),(1|0),0.000008,0.000000,+0.000008
(21|16),(1|6),0.000328,0.000000,+0.000328
(21|16),(1|7),0.000659,0.000164,+0.000494
(21|16),(1|8),0.001289,0.000075,+0.001214
(21|16),(1|9),0.002565,0.002267,+0.000298
(21|16),(1|10),0.005240,0.004557,+0.000683
(21|16),(1|11),0.010385,0.008298,+0.002087
(21|16),(1|12),0.020821,0.014221,+0.006599
(21|16),(1|13),0.021073,0.025781,-0.004708
(21|16),(3|5),0.000158,0.000605,-0.000447
(21|16),(3|6),0.000303,0.000666,-0.000364
(21|16),(3|7),0.000621,0.000460,+0.000161
(21|16),(3|8),0.001328,0.000361,+0.000967
(21|16),(3|9),0.002749,0.001258,+0.001491
(21|16),(3|10),0.005343,0.004374,+0.000969
(21|16),(3|11),0.010455,0.005562,+0.004893
(21|16),(3|12),0.020950,0.034849,-0.013899
(21|16),(3|13),0.021079,0.014508,+0.006571
(21|16),(5|2),0.000025,0.000000,+0.000025
(21|16),(5|5),0.000154,0.000000,+0.000154
(21|16),(5|6),0.000318,0.000000,+0.000318
(21|16),(5|7),0.000658,0.000000,+0.000658
(21|16),(5|8),0.001277,0.001028,+0.000249
(21|16),(5|9),0.002528,0.002089,+0.000439
(21|16),(5|10),0.005289,0.005069,+0.000220
(21|16),(5|11),0.010479,0.007397,+0.003082
(21|16),(5|12),0.020732,0.017953,+0.002779
(21|16),(5|13),0.020885,0.013865,+0.007021
(21|16),(7|2),0.000021,0.000000,+0.000021
(21|16),(7|6),0.000333,0.000000,+0.000333
(21|16),(7|7),0.000636,0.001112,-0.000476
(21|16),(7|8),0.001234,0.001089,+0.000145
(21|16),(7|9),0.002533,0.002243,+0.000290
(21|16),(7|10),0.005159,0.002267,+0.002892
(21|16),(7|11),0.010281,0.011490,-0.001208
(21|16),(7|12),0.020614,0.016197,+0.004417
(21|16),(7|13),0.020620,0.014892,+0.005728
(21|16),(9|5),0.000159,0.000000,+0.000159
(21|16),(9|6),0.000334,0.000000,+0.000334
(21|16),(9|7),0.000659,0.000000,+0.000659
(21|16),(9|8),0.001287,0.001366,-0.000079
(21|16),(9|9),0.002611,0.008444,-0.005832
(21|16),(9|10),0.005223,0.003403,+0.001821
(21|16),(9|11),0.010483,0.006824,+0.003658
(21|16),(9|12),0.020931,0.018891,+0.002039
(21|16),(9|13),0.020885,0.023679,-0.002793
(21|16),(11|3),0.000045,0.005524,-0.005479
(21|16),(11|5),0.000166,0.000000,+0.000166
(21|16),(11|6),0.000353,0.000310,+0.000044
(21|16),(11|7),0.000683,0.000127,+0.000556
(21|16),(11|8),0.001349,0.000793,+0.000555
(21|16),(11|9),0.002595,0.001976,+0.000619
(21|16),(11|10),0.005227,0.005421,-0.000194
(21|16),(11|11),0.010500,0.021670,-0.011170
(21|16),(11|12),0.021058,0.016892,+0.004166
(21|16),(11|13),0.021033,0.012165,+0.008868
(21|16),(13|3),0.000037,0.000122,-0.000085
(21|16),(13|6),0.000315,0.000000,+0.000315
(21|16),(13|7),0.000656,0.000192,+0.000464
(21|16),(13|8),0.001313,0.001952,-0.000639
(21|16),(13|9),0.002597,0.005787,-0.003190
(21|16),(13|10),0.005165,0.008190,-0.003025
(21|16),(13|11),0.010390,0.010255,+0.000135
(21|16),(13|12),0.020735,0.014310,+0.006425
(21|16),(13|13),0.020620,0.033530,-0.012910
(21|16),(15|5),0.000153,0.000197,-0.000044
(21|16),(15|6),0.000353,0.000169,+0.000184
(21|16),(15|7),0.000663,0.000094,+0.000569
(21|16),(15|8),0.001281,0.001178,+0.000103
(21|16),(15|9),0.002563,0.000812,+0.001751
(21|16),(15|10),0.005055,0.008528,-0.003473
(21|16),(15|11),0.010459,0.009040,+0.001420
(21|16),(15|12),0.021032,0.013602,+0.007430
(21|16),(15|13),0.021011,0.016099,+0.004912
(21|16),(17|4),0.000080,0.000000,+0.000080
(21|16),(17|5),0.000152,0.001741,-0.001589
(21|16),(17|6),0.000318,0.000549,-0.000231
(21|16),(17|7),0.000661,0.000160,+0.000502
(21|16),(17|8),0.001305,0.000469,+0.000835
(21|16),(17|9),0.002615,0.000174,+0.002442
(21|16),(17|10),0.005224,0.005172,+0.000052
(21|16),(17|11),0.010471,0.015348,-0.004877
(21|16),(17|12),0.020783,0.025270,-0.004486
(21|16),(17|13),0.020644,0.027363,-0.006719
(21|16),(19|4),0.000073,0.000272,-0.000200
(21|16),(19|6),0.000329,0.000000,+0.000329
(21|16),(19|7),0.000619,0.000399,+0.000220
(21|16),(19|8),0.001271,0.001990,-0.000719
(21|16),(19|9),0.002557,0.004130,-0.001573
(21|16),(19|10),0.005130,0.003304,+0.001826
(21|16),(19|11),0.010384,0.010326,+0.000058
(21|16),(19|12),0.020883,0.018389,+0.002494
(21|16),(19|13),0.020917,0.021219,-0.000302
(21|16),(21|5),0.000156,0.000000,+0.000156
(21|16),(21|6),0.000331,0.000052,+0.000279
(21|16),(21|7),0.000644,0.000160,+0.000484
(21|16),(21|8),0.001312,0.000591,+0.000721
(21|16),(21|9),0.002654,0.001469,+0.001185
(21|16),(21|10),0.005218,0.003398,+0.001820
(21|16),(21|11),0.010420,0.010283,+0.000137
(21|16),(21|12),0.020933,0.019858,+0.001075
(21|16),(21|13),0.021056,0.014174,+0.006882
(21|16),(23|4),0.000075,0.000000,+0.000075
(21|16),(23|5),0.000151,0.000000,+0.000151
(21|16),(23|6),0.000305,0.000000,+0.000305
(21|16),(23|7),0.000648,0.000000,+0.000648
(21|16),(23|8),0.001310,0.008331,-0.007021
(21|16),(23|9),0.002553,0.002713,-0.000160
(21|16),(23|10),0.005176,0.003285,+0.001891
(21|16),(23|11),0.010327,0.008570,+0.001757
(21|16),(23|12),0.020545,0.019966,+0.000579
(21|16),(23|13),0.020591,0.022271,-0.001680
(21|16),(25|4),0.000076,0.000000,+0.000076
(21|16),(25|6),0.000347,0.000000,+0.000347
(21|16),(25|7),0.000659,0.000512,+0.000148
(21|16),(25|8),0.001299,0.000901,+0.000398
(21|16),(25|9),0.002601,0.007378,-0.004777
(21|16),(25|10),0.005210,0.003393,+0.001817
(21|16),(25|11),0.010455,0.021482,-0.011027
(21|16),(25|12),0.020771,0.015775,+0.004996
(21|16),(25|13),0.020592,0.033586,-0.012994
(21|16),(27|5),0.000143,0.000000,+0.000143
(21|16),(27|6),0.000328,0.000000,+0.000328
(21|16),(27|7),0.000651,0.000000,+0.000651
(21|16),(27|8),0.001309,0.000591,+0.000718
(21|16),(27|9),0.002629,0.003112,-0.000483
(21|16),(27|10),0.005199,0.008692,-0.003493
(21|16),(27|11),0.010391,0.009673,+0.000718
(21|16),(27|12),0.020821,0.045273,-0.024453
(21|16),(27|13),0.020860,0.017830,+0.003030
(21|16),(29|4),0.000102,0.000094,+0.000008
(21|16),(29|5),0.000176,0.000610,-0.000434
(21|16),(29|6),0.000311,0.000432,-0.000121
(21|16),(29|7),0.000644,0.000634,+0.000010
(21|16),(29|8),0.001293,0.000798,+0.000495
(21|16),(29|9),0.002624,0.001141,+0.001483
(21|16),(29|10),0.005277,0.009040,-0.003762
(21|16),(29|11),0.010451,0.010739,-0.000287
(21|16),(29|12),0.020927,0.017544,+0.003383
(21|16),(29|13),0.020743,0.015221,+0.005522
(21|16),(31|4),0.000075,0.000000,+0.000075
(21|16),(31|6),0.000304,0.000000,+0.000304
(21|16),(31|7),0.000655,0.000404,+0.000252
(21|16),(31|8),0.001290,0.001126,+0.000164
(21|16),(31|9),0.002539,0.002807,-0.000267
(21|16),(31|10),0.005209,0.003905,+0.001304
(21|16),(31|11),0.010532,0.006613,+0.003919
(21|16),(31|12),0.020894,0.030953,-0.010059
(21|16),(31|13),0.020695,0.012104,+0.008590
(21|17),(1|0),0.000004,0.000000,+0.000004
(21|17),(1|6),0.000167,0.001556,-0.001388
(21|17),(1|7),0.000328,0.000000,+0.000328
(21|17),(1|8),0.000659,0.000876,-0.000217
(21|17),(1|9),0.001289,0.001058,+0.000231
(21|17),(1|10),0.002565,0.002089,+0.000476
(21|17),(1|11),0.005240,0.005684,-0.000444
(21|17),(1|12),0.010385,0.009124,+0.001260
(21|17),(1|13),0.020821,0.021492,-0.000672
(21|17),(1|14),0.021073,0.019850,+0.001223
(21|17),(3|5),0.000093,0.000000,+0.000093
(21|17),(3|6),0.000158,0.000000,+0.000158
(21|17),(3|7),0.000303,0.000000,+0.000303
(21|17),(3|8),0.000621,0.000169,+0.000452
(21|17),(3|9),0.001328,0.001337,-0.000009
(21|17),(3|10),0.002749,0.001597,+0.001152
(21|17),(3|11),0.005343,0.007131,-0.001787
(21|17),(3|12),0.010455,0.010283,+0.000172
(21|17),(3|13),0.020950,0.020785,+0.000165
(21|17),(3|14),0.021079,0.018112,+0.002967
(21|17),(5|2),0.000015,0.000046,-0.000030
(21|17),(5|5),0.000079,0.000055,+0.000025
(21|17),(5|6),0.000154,0.000000,+0.000154
(21|17),(5|7),0.000318,0.000151,+0.000167
(21|17),(5|8),0.000658,0.000246,+0.000412
(21|17),(5|9),0.001277,0.009115,-0.007839
(21|17),(5|10),0.002528,0.001177,+0.001351
(21|17),(5|11),0.005289,0.005703,-0.000414
(21|17),(5|12),0.010479,0.008901,+0.001579
(21|17),(5|13),0.020732,0.021757,-0.001025
(21|17),(5|14),0.020885,0.015037,+0.005848
(21|17),(7|2),0.000014,0.000096,-0.000082
(21|17),(7|6),0.000171,0.001547,-0.001375
(21|17),(7|7),0.000333,0.000000,+0.000333
(21|17),(7|8),0.000636,0.000447,+0.000189
(21|17),(7|9),0.001234,0.000260,+0.000974
(21|17),(7|10),0.002533,0.002044,+0.000489
(21|17),(7|11),0.005159,0.004653,+0.000506
(21|17),(7|12),0.010281,0.015794,-0.005513
(21|17),(7|13),0.020614,0.019663,+0.000951
(21|17),(7|14),0.020620,0.016036,+0.004584
(21|17),(9|5),0.000083,0.000000,+0.000083
(21|17),(9|6),0.000159,0.000000,+0.000159
(21|17),(9|7),0.000334,0.000374,-0.000040
(21|17),(9|8),0.000659,0.000744,-0.000085
(21|17),(9|9),0.001287,0.002537,-0.001250
(21|17),(9|10),0.002611,0.001255,+0.001357
(21|17),(9|11),0.005223,0.004982,+0.000241
(21|17),(9|12),0.010483,0.015365,-0.004883
(21|17),(9|13),0.020931,0.018504,+0.002427
(21|17),(9|14),0.020885,0.017446,+0.003440
(21|17),(11|3),0.000026,0.000000,+0.000026
(21|17),(11|5),0.000081,0.000000,+0.000081
(21|17),(11|6),0.000166,0.000000,+0.000166
(21|17),(11|7),0.000353,0.001122,-0.000769
(21|17),(11|8),0.000683,0.000000,+0.000683
(21|17),(11|9),0.001349,0.010452,-0.009103
(21|17),(11|10),0.002595,0.004206,-0.001611
(21|17),(11|11),0.005227,0.003207,+0.002019
(21|17),(11|12),0.010500,0.012094,-0.001594
(21|17),(11|13),0.021058,0.021324,-0.000266
(21|17),(11|14),0.021033,0.021219,-0.000185
(21|17),(13|3),0.000021,0.000000,+0.000021
(21|17),(13|6),0.000163,0.000000,+0.000163
(21|17),(13|7),0.000315,0.000000,+0.000315
(21|17),(13|8),0.000656,0.000849,-0.000193
(21|17),(13|9),0.001313,0.001036,+0.000278
(21|17),(13|10),0.002597,0.001811,+0.000786
(21|17),(13|11),0.005165,0.003212,+0.001953
(21|17),(13|12),0.010390,0.008458,+0.001932
(21|17),(13|13),0.020735,0.027040,-0.006305
(21|17),(13|14),0.020620,0.015671,+0.004949
(21|17),(15|5),0.000070,0.000000,+0.000070
(21|17),(15|6),0.000153,0.000000,+0.000153
(21|17),(15|7),0.000353,0.000196,+0.000156
(21|17),(15|8),0.000663,0.000000,+0.000663
(21|17),(15|9),0.001281,0.000903,+0.000377
(21|17),(15|10),0.002563,0.002172,+0.000392
(21|17),(15|11),0.005055,0.011113,-0.006058
(21|17),(15|12),0.010459,0.006747,+0.003712
(21|17),(15|13),0.021032,0.019576,+0.001456
(21|17),(15|14),0.021011,0.016976,+0.004035
(21|17),(17|4),0.000035,0.000000,+0.000035
(21|17),(17|5),0.000080,0.000000,+0.000080
(21|17),(17|6),0.000152,0.000000,+0.000152
(21|17),(17|7),0.000318,0.000000,+0.000318
(21|17),(17|8),0.000661,0.000493,+0.000169
(21|17),(17|9),0.001305,0.001391,-0.000087
(21|17),(17|10),0.002615,0.001373,+0.001242
(21|17),(17|11),0.005224,0.005616,-0.000392
(21|17),(17|12),0.010471,0.008755,+0.001716
(21|17),(17|13),0.020783,0.025311,-0.004528
(21|17),(17|14),0.020644,0.017710,+0.002934
(21|17),(19|4),0.000032,0.000000,+0.000032
(21|17),(19|6),0.000175,0.000506,-0.000332
(21|17),(19|7),0.000329,0.000000,+0.000329
(21|17),(19|8),0.000619,0.001565,-0.000945
(21|17),(19|9),0.001271,0.001245,+0.000025
(21|17),(19|10),0.002557,0.003686,-0.001129
(21|17),(19|11),0.005130,0.006282,-0.001152
(21|17),(19|12),0.010384,0.010881,-0.000497
(21|17),(19|13),0.020883,0.016939,+0.003943
(21|17),(19|14),0.020917,0.019613,+0.001305
(21|17),(21|5),0.000075,0.000078,-0.000003
(21|17),(21|6),0.000156,0.000000,+0.000156
(21|17),(21|7),0.000331,0.000000,+0.000331
(21|17),(21|8),0.000644,0.000488,+0.000156
(21|17),(21|9),0.001312,0.000479,+0.000833
(21|17),(21|10),0.002654,0.006040,-0.003386
(21|17),(21|11),0.005218,0.006643,-0.001425
(21|17),(21|12),0.010420,0.012500,-0.002080
(21|17),(21|13),0.020933,0.023112,-0.002179
(21|17),(21|14),0.021056,0.020667,+0.000389
(21|17),(23|4),0.000041,0.001711,-0.001669
(21|17),(23|5),0.000075,0.000000,+0.000075
(21|17),(23|6),0.000151,0.000000,+0.000151
(21|17),(23|7),0.000305,0.000684,-0.000379
(21|17),(23|8),0.000648,0.000821,-0.000173
(21|17),(23|9),0.001310,0.000812,+0.000498
(21|17),(23|10),0.002553,0.004179,-0.001626
(21|17),(23|11),0.005176,0.005721,-0.000545
(21|17),(23|12),0.010327,0.009649,+0.000678
(21|17),(23|13),0.020545,0.029942,-0.009397
(21|17),(23|14),0.020591,0.017268,+0.003323
(21|17),(25|4),0.000035,0.000000,+0.000035
(21|17),(25|6),0.000167,0.000260,-0.000093
(21|17),(25|7),0.000347,0.000000,+0.000347
(21|17),(25|8),0.000659,0.000315,+0.000345
(21|17),(25|9),0.001299,0.000529,+0.000770
(21|17),(25|10),0.002601,0.003317,-0.000716
(21|17),(25|11),0.005210,0.006314,-0.001104
(21|17),(25|12),0.010455,0.010415,+0.000039
(21|17),(25|13),0.020771,0.022473,-0.001703
(21|17),(25|14),0.020592,0.015511,+0.005081
(21|17),(27|5),0.000079,0.000000,+0.000079
(21|17),(27|6),0.000143,0.000000,+0.000143
(21|17),(27|7),0.000328,0.000201,+0.000127
(21|17),(27|8),0.000651,0.000178,+0.000473
(21|17),(27|9),0.001309,0.000771,+0.000538
(21|17),(27|10),0.002629,0.000630,+0.001999
(21|17),(27|11),0.005199,0.004918,+0.000281
(21|17),(27|12),0.010391,0.009526,+0.000866
(21|17),(27|13),0.020821,0.019918,+0.000902
(21|17),(27|14),0.020860,0.018810,+0.002050
(21|17),(29|4),0.000042,0.000000,+0.000042
(21|17),(29|5),0.000102,0.000000,+0.000102
(21|17),(29|6),0.000176,0.000000,+0.000176
(21|17),(29|7),0.000311,0.002454,-0.002144
(21|17),(29|8),0.000644,0.000000,+0.000644
(21|17),(29|9),0.001293,0.000894,+0.000398
(21|17),(29|10),0.002624,0.001168,+0.001456
(21|17),(29|11),0.005277,0.004444,+0.000834
(21|17),(29|12),0.010451,0.008308,+0.002144
(21|17),(29|13),0.020927,0.025658,-0.004730
(21|17),(29|14),0.020743,0.018728,+0.002015
(21|17),(31|4),0.000053,0.000224,-0.000170
(21|17),(31|6),0.000147,0.000000,+0.000147
(21|17),(31|7),0.000304,0.000000,+0.000304
(21|17),(31|8),0.000655,0.001515,-0.000859
(21|17),(31|9),0.001290,0.000242,+0.001048
(21|17),(31|10),0.002539,0.003558,-0.001019
(21|17),(31|11),0.005209,0.013404,-0.008194
(21|17),(31|12),0.010532,0.009462,+0.001070
(21|17),(31|13),0.020894,0.021036,-0.000142
(21|17),(31|14),0.020695,0.018198,+0.002496
(21|18),(1|0),0.000001,0.000226,-0.000225
(21|18),(1|6),0.000075,0.000000,+0.000075
(21|18),(1|7),0.000167,0.000052,+0.000115
(21|18),(1|8),0.000328,0.000377,-0.000049
(21|18),(1|9),0.000659,0.000581,+0.000077
(21|18),(1|10),0.001289,0.000469,+0.000821
(21|18),(1|11),0.002565,0.002959,-0.000394
(21|18),(1|12),0.005240,0.005328,-0.000088
(21|18),(1|13),0.010385,0.012765,-0.002380
(21|18),(1|14),0.020821,0.020509,+0.000311
(21|18),(1|15),0.021073,0.020852,+0.000221
(21|18),(3|5),0.000043,0.000000,+0.000043
(21|18),(3|6),0.000093,0.000048,+0.000046
(21|18),(3|7),0.000158,0.000000,+0.000158
(21|18),(3|8),0.000303,0.001258,-0.000956
(21|18),(3|9),0.000621,0.000668,-0.000048
(21|18),(3|10),0.001328,0.000681,+0.000647
(21|18),(3|11),0.002749,0.001705,+0.001044
(21|18),(3|12),0.005343,0.004872,+0.000471
(21|18),(3|13),0.010455,0.007879,+0.002575
(21|18),(3|14),0.020950,0.017837,+0.003113
(21|18),(3|15),0.021079,0.015637,+0.005442
(21|18),(5|2),0.000009,0.000000,+0.000009
(21|18),(5|5),0.000046,0.000000,+0.000046
(21|18),(5|6),0.000079,0.000056,+0.000023
(21|18),(5|7),0.000154,0.000165,-0.000011
(21|18),(5|8),0.000318,0.000039,+0.000279
(21|18),(5|9),0.000658,0.000356,+0.000302
(21|18),(5|10),0.001277,0.002260,-0.000984
(21|18),(5|11),0.002528,0.003970,-0.001442
(21|18),(5|12),0.005289,0.006118,-0.000829
(21|18),(5|13),0.010479,0.010331,+0.000149
(21|18),(5|14),0.020732,0.020935,-0.000203
(21|18),(5|15),0.020885,0.014179,+0.006706
(21|18),(7|2),0.000004,0.000000,+0.000004
(21|18),(7|6),0.000101,0.000000,+0.000101
(21|18),(7|7),0.000171,0.000000,+0.000171
(21|18),(7|8),0.000333,0.000755,-0.000422
(21|18),(7|9),0.000636,0.000338,+0.000298
(21|18),(7|10),0.001234,0.001119,+0.000115
(21|18),(7|11),0.002533,0.002820,-0.000287
(21|18),(7|12),0.005159,0.004677,+0.000482
(21|18),(7|13),0.010281,0.009658,+0.000623
(21|18),(7|14),0.020614,0.017685,+0.002929
(21|18),(7|15),0.020620,0.017025,+0.003595
(21|18),(9|5),0.000041,0.000000,+0.000041
(21|18),(9|6),0.000083,0.000126,-0.000043
(21|18),(9|7),0.000159,0.000126,+0.000033
(21|18),(9|8),0.000334,0.000056,+0.000278
(21|18),(9|9),0.000659,0.000121,+0.000537
(21|18),(9|10),0.001287,0.001028,+0.000258
(21|18),(9|11),0.002611,0.002933,-0.000322
(21|18),(9|12),0.005223,0.004586,+0.000637
(21|18),(9|13),0.010483,0.008704,+0.001779
(21|18),(9|14),0.020931,0.018796,+0.002135
(21|18),(9|15),0.020885,0.017694,+0.003192
(21|18),(11|3),0.000013,0.000000,+0.000013
(21|18),(11|5),0.000045,0.000000,+0.000045
(21|18),(11|6),0.000081,0.000165,-0.000084
(21|18),(11|7),0.000166,0.000000,+0.000166
(21|18),(11|8),0.000353,0.001384,-0.001031
(21|18),(11|9),0.000683,0.000204,+0.000479
(21|18),(11|10),0.001349,0.003081,-0.001732
(21|18),(11|11),0.002595,0.002117,+0.000478
(21|18),(11|12),0.005227,0.005484,-0.000258
(21|18),(11|13),0.010500,0.010404,+0.000096
(21|18),(11|14),0.021058,0.019451,+0.001607
(21|18),(11|15),0.021033,0.017889,+0.003145
(21|18),(13|3),0.000013,0.000000,+0.000013
(21|18),(13|6),0.000085,0.000000,+0.000085
(21|18),(13|7),0.000163,0.000182,-0.000020
(21|18),(13|8),0.000315,0.000022,+0.000294
(21|18),(13|9),0.000656,0.000885,-0.000229
(21|18),(13|10),0.001313,0.000633,+0.000680
(21|18),(13|11),0.002597,0.002655,-0.000058
(21|18),(13|12),0.005165,0.006933,-0.001769
(21|18),(13|13),0.010390,0.021590,-0.011200
(21|18),(13|14),0.020735,0.025460,-0.004725
(21|18),(13|15),0.020620,0.019681,+0.000939
(21|18),(15|5),0.000039,0.000061,-0.000022
(21|18),(15|6),0.000070,0.000000,+0.000070
(21|18),(15|7),0.000153,0.000069,+0.000083
(21|18),(15|8),0.000353,0.000360,-0.000007
(21|18),(15|9),0.000663,0.001480,-0.000817
(21|18),(15|10),0.001281,0.001193,+0.000088
(21|18),(15|11),0.002563,0.001440,+0.001123
(21|18),(15|12),0.005055,0.005701,-0.000646
(21|18),(15|13),0.010459,0.010062,+0.000398
(21|18),(15|14),0.021032,0.021503,-0.000471
(21|18),(15|15),0.021011,0.014999,+0.006012
(21|18),(17|4),0.000011,0.000000,+0.000011
(21|18),(17|5),0.000035,0.000256,-0.000221
(21|18),(17|6),0.000080,0.000000,+0.000080
(21|18),(17|7),0.000152,0.000030,+0.000122
(21|18),(17|8),0.000318,0.000152,+0.000166
(21|18),(17|9),0.000661,0.000911,-0.000250
(21|18),(17|10),0.001305,0.001215,+0.000090
(21|18),(17|11),0.002615,0.002234,+0.000381
(21|18),(17|12),0.005224,0.004590,+0.000634
(21|18),(17|13),0.010471,0.008213,+0.002257
(21|18),(17|14),0.020783,0.023143,-0.002360
(21|18),(17|15),0.020644,0.017772,+0.002872
(21|18),(19|4),0.000023,0.000247,-0.000224
(21|18),(19|6),0.000073,0.000000,+0.000073
(21|18),(19|7),0.000175,0.000082,+0.000092
(21|18),(19|8),0.000329,0.000095,+0.000233
(21|18),(19|9),0.000619,0.000308,+0.000311
(21|18),(19|10),0.001271,0.002972,-0.001701
(21|18),(19|11),0.002557,0.002799,-0.000241
(21|18),(19|12),0.005130,0.003948,+0.001182
(21|18),(19|13),0.010384,0.010279,+0.000105
(21|18),(19|14),0.020883,0.018396,+0.002486
(21|18),(19|15),0.020917,0.018717,+0.002200
(21|18),(21|5),0.000038,0.000000,+0.000038
(21|18),(21|6),0.000075,0.000074,+0.000001
(21|18),(21|7),0.000156,0.000000,+0.000156
(21|18),(21|8),0.000331,0.000620,-0.000290
(21|18),(21|9),0.000644,0.000117,+0.000527
(21|18),(21|10),0.001312,0.001584,-0.000272
(21|18),(21|11),0.002654,0.002178,+0.000476
(21|18),(21|12),0.005218,0.003901,+0.001317
(21|18),(21|13),0.010420,0.012621,-0.002201
(21|18),(21|14),0.020933,0.031708,-0.010774
(21|18),(21|15),0.021056,0.037795,-0.016739
(21|18),(23|4),0.000015,0.000000,+0.000015
(21|18),(23|5),0.000041,0.000004,+0.000037
(21|18),(23|6),0.000075,0.000048,+0.000028
(21|18),(23|7),0.000151,0.000035,+0.000117
(21|18),(23|8),0.000305,0.000104,+0.000201
(21|18),(23|9),0.000648,0.001276,-0.000628
(21|18),(23|10),0.001310,0.001067,+0.000243
(21|18),(23|11),0.002553,0.002182,+0.000370
(21|18),(23|12),0.005176,0.005584,-0.000408
(21|18),(23|13),0.010327,0.007771,+0.002557
(21|18),(23|14),0.020545,0.024171,-0.003627
(21|18),(23|15),0.020591,0.023985,-0.003394
(21|18),(25|4),0.000020,0.000000,+0.000020
(21|18),(25|6),0.000076,0.000000,+0.000076
(21|18),(25|7),0.000167,0.000000,+0.000167
(21|18),(25|8),0.000347,0.000243,+0.000104
(21|18),(25|9),0.000659,0.000473,+0.000186
(21|18),(25|10),0.001299,0.001835,-0.000536
(21|18),(25|11),0.002601,0.001662,+0.000939
(21|18),(25|12),0.005210,0.005224,-0.000014
(21|18),(25|13),0.010455,0.009953,+0.000502
(21|18),(25|14),0.020771,0.023703,-0.002932
(21|18),(25|15),0.020592,0.016162,+0.004430
(21|18),(27|5),0.000039,0.000000,+0.000039
(21|18),(27|6),0.000079,0.000078,+0.000001
(21|18),(27|7),0.000143,0.000217,-0.000074
(21|18),(27|8),0.000328,0.000104,+0.000224
(21|18),(27|9),0.000651,0.000239,+0.000412
(21|18),(27|10),0.001309,0.001670,-0.000361
(21|18),(27|11),0.002629,0.001744,+0.000884
(21|18),(27|12),0.005199,0.003853,+0.001347
(21|18),(27|13),0.010391,0.010404,-0.000013
(21|18),(27|14),0.020821,0.020318,+0.000502
(21|18),(27|15),0.020860,0.022891,-0.002031
(21|18),(29|4),0.000016,0.000443,-0.000427
(21|18),(29|5),0.000042,0.000000,+0.000042
(21|18),(29|6),0.000102,0.001722,-0.001620
(21|18),(29|7),0.000176,0.000000,+0.000176
(21|18),(29|8),0.000311,0.000234,+0.000076
(21|18),(29|9),0.000644,0.000547,+0.000097
(21|18),(29|10),0.001293,0.012491,-0.011199
(21|18),(29|11),0.002624,0.002560,+0.000064
(21|18),(29|12),0.005277,0.007306,-0.002029
(21|18),(29|13),0.010451,0.011060,-0.000608
(21|18),(29|14),0.020927,0.019156,+0.001772
(21|18),(29|15),0.020743,0.016405,+0.004338
(21|18),(31|4),0.000029,0.000000,+0.000029
(21|18),(31|6),0.000075,0.000000,+0.000075
(21|18),(31|7),0.000147,0.000412,-0.000265
(21|18),(31|8),0.000304,0.000013,+0.000291
(21|18),(31|9),0.000655,0.000165,+0.000490
(21|18),(31|10),0.001290,0.000738,+0.000552
(21|18),(31|11),0.002539,0.001488,+0.001051
(21|18),(31|12),0.005209,0.005059,+0.000150
(21|18),(31|13),0.010532,0.014444,-0.003912
(21|18),(31|14),0.020894,0.018197,+0.002697
(21|18),(31|15),0.020695,0.017151,+0.003544
(21|19),(1|0),0.000001,0.000000,+0.000001
(21|19),(1|6),0.000049,0.000013,+0.000036
(21|19),(1|7),0.000075,0.000000,+0.000075
(21|19),(1|8),0.000167,0.000217,-0.000049
(21|19),(1|9),0.000328,0.000031,+0.000297
(21|19),(1|10),0.000659,0.000517,+0.000141
(21|19),(1|11),0.001289,0.001393,-0.000104
(21|19),(1|12),0.002565,0.007703,-0.005138
(21|19),(1|13),0.005240,0.004838,+0.000402
(21|19),(1|14),0.010385,0.011647,-0.001263
(21|19),(1|15),0.020821,0.018121,+0.002700
(21|19),(1|16),0.021073,0.017458,+0.003616
(21|19),(3|5),0.000010,0.000000,+0.000010
(21|19),(3|6),0.000043,0.000000,+0.000043
(21|19),(3|7),0.000093,0.000155,-0.000061
(21|19),(3|8),0.000158,0.000009,+0.000149
(21|19),(3|9),0.000303,0.000177,+0.000126
(21|19),(3|10),0.000621,0.000314,+0.000307
(21|19),(3|11),0.001328,0.000986,+0.000342
(21|19),(3|12),0.002749,0.002366,+0.000383
(21|19),(3|13),0.005343,0.004581,+0.000762
(21|19),(3|14),0.010455,0.013367,-0.002913
(21|19),(3|15),0.020950,0.021579,-0.000629
(21|19),(3|16),0.021079,0.016688,+0.004390
(21|19),(5|2),0.000002,0.000000,+0.000002
(21|19),(5|5),0.000025,0.000084,-0.000059
(21|19),(5|6),0.000046,0.000000,+0.000046
(21|19),(5|7),0.000079,0.000623,-0.000544
(21|19),(5|8),0.000154,0.000177,-0.000023
(21|19),(5|9),0.000318,0.000818,-0.000500
(21|19),(5|10),0.000658,0.000778,-0.000120
(21|19),(5|11),0.001277,0.001587,-0.000311
(21|19),(5|12),0.002528,0.002127,+0.000401
(21|19),(5|13),0.005289,0.004594,+0.000694
(21|19),(5|14),0.010479,0.008839,+0.001640
(21|19),(5|15),0.020732,0.020526,+0.000206
(21|19),(5|16),0.020885,0.015919,+0.004967
(21|19),(7|2),0.000000,0.000133,-0.000133
(21|19),(7|6),0.000047,0.000155,-0.000107
(21|19),(7|7),0.000101,0.000000,+0.000101
(21|19),(7|8),0.000171,0.000111,+0.000061
(21|19),(7|9),0.000333,0.000221,+0.000112
(21|19),(7|10),0.000636,0.001296,-0.000660
(21|19),(7|11),0.001234,0.002158,-0.000924
(21|19),(7|12),0.002533,0.002582,-0.000049
(21|19),(7|13),0.005159,0.004409,+0.000751
(21|19),(7|14),0.010281,0.010312,-0.000030
(21|19),(7|15),0.020614,0.017378,+0.003236
(21|19),(7|16),0.020620,0.017329,+0.003291
(21|19),(9|5),0.000021,0.000000,+0.000021
(21|19),(9|6),0.000041,0.000000,+0.000041
(21|19),(9|7),0.000083,0.000283,-0.000200
(21|19),(9|8),0.000159,0.000035,+0.000123
(21|19),(9|9),0.000334,0.000845,-0.000511
(21|19),(9|10),0.000659,0.000354,+0.000305
(21|19),(9|11),0.001287,0.001176,+0.000110
(21|19),(9|12),0.002611,0.002052,+0.000560
(21|19),(9|13),0.005223,0.006195,-0.000972
(21|19),(9|14),0.010483,0.011568,-0.001085
(21|19),(9|15),0.020931,0.018523,+0.002407
(21|19),(9|16),0.020885,0.015839,+0.005046
(21|19),(11|3),0.000004,0.000000,+0.000004
(21|19),(11|5),0.000026,0.000040,-0.000014
(21|19),(11|6),0.000045,0.000000,+0.000045
(21|19),(11|7),0.000081,0.000318,-0.000237
(21|19),(11|8),0.000166,0.000128,+0.000038
(21|19),(11|9),0.000353,0.000128,+0.000225
(21|19),(11|10),0.000683,0.000442,+0.000240
(21|19),(11|11),0.001349,0.001083,+0.000265
(21|19),(11|12),0.002595,0.003613,-0.001017
(21|19),(11|13),0.005227,0.005377,-0.000150
(21|19),(11|14),0.010500,0.012655,-0.002155
(21|19),(11|15),0.021058,0.022441,-0.001383
(21|19),(11|16),0.021033,0.016684,+0.004350
(21|19),(13|3),0.000006,0.000000,+0.000006
(21|19),(13|6),0.000037,0.000044,-0.000008
(21|19),(13|7),0.000085,0.000000,+0.000085
(21|19),(13|8),0.000163,0.001145,-0.000983
(21|19),(13|9),0.000315,0.000203,+0.000112
(21|19),(13|10),0.000656,0.001915,-0.001259
(21|19),(13|11),0.001313,0.000694,+0.000619
(21|19),(13|12),0.002597,0.002397,+0.000201
(21|19),(13|13),0.005165,0.006774,-0.001610
(21|19),(13|14),0.010390,0.011523,-0.001133
(21|19),(13|15),0.020735,0.024683,-0.003948
(21|19),(13|16),0.020620,0.020168,+0.000452
(21|19),(15|5),0.000017,0.000000,+0.000017
(21|19),(15|6),0.000039,0.000000,+0.000039
(21|19),(15|7),0.000070,0.000000,+0.000070
(21|19),(15|8),0.000153,0.000080,+0.000073
(21|19),(15|9),0.000353,0.000097,+0.000255
(21|19),(15|10),0.000663,0.000495,+0.000167
(21|19),(15|11),0.001281,0.001937,-0.000656
(21|19),(15|12),0.002563,0.002980,-0.000417
(21|19),(15|13),0.005055,0.007473,-0.002418
(21|19),(15|14),0.010459,0.014566,-0.004106
(21|19),(15|15),0.021032,0.020588,+0.000444
(21|19),(15|16),0.021011,0.019699,+0.001311
(21|19),(17|4),0.000005,0.000009,-0.000004
(21|19),(17|5),0.000011,0.000000,+0.000011
(21|19),(17|6),0.000035,0.000000,+0.000035
(21|19),(17|7),0.000080,0.000128,-0.000048
(21|19),(17|8),0.000152,0.000027,+0.000125
(21|19),(17|9),0.000318,0.000164,+0.000154
(21|19),(17|10),0.000661,0.000336,+0.000325
(21|19),(17|11),0.001305,0.001048,+0.000257
(21|19),(17|12),0.002615,0.001879,+0.000736
(21|19),(17|13),0.005224,0.006522,-0.001298
(21|19),(17|14),0.010471,0.009993,+0.000477
(21|19),(17|15),0.020783,0.023171,-0.002387
(21|19),(17|16),0.020644,0.017321,+0.003323
(21|19),(19|4),0.000015,0.000000,+0.000015
(21|19),(19|6),0.000032,0.000044,-0.000012
(21|19),(19|7),0.000073,0.000000,+0.000073
(21|19),(19|8),0.000175,0.000159,+0.000015
(21|19),(19|9),0.000329,0.000195,+0.000134
(21|19),(19|10),0.000619,0.000212,+0.000407
(21|19),(19|11),0.001271,0.001021,+0.000249
(21|19),(19|12),0.002557,0.003268,-0.000710
(21|19),(19|13),0.005130,0.004811,+0.000319
(21|19),(19|14),0.010384,0.009878,+0.000506
(21|19),(19|15),0.020883,0.021106,-0.000223
(21|19),(19|16),0.020917,0.019629,+0.001289
(21|19),(21|5),0.000017,0.000000,+0.000017
(21|19),(21|6),0.000038,0.000000,+0.000038
(21|19),(21|7),0.000075,0.000044,+0.000030
(21|19),(21|8),0.000156,0.000031,+0.000125
(21|19),(21|9),0.000331,0.000531,-0.000200
(21|19),(21|10),0.000644,0.000363,+0.000281
(21|19),(21|11),0.001312,0.000654,+0.000658
(21|19),(21|12),0.002654,0.002211,+0.000443
(21|19),(21|13),0.005218,0.005832,-0.000614
(21|19),(21|14),0.010420,0.011400,-0.000980
(21|19),(21|15),0.020933,0.020495,+0.000438
(21|19),(21|16),0.021056,0.016104,+0.004952
(21|19),(23|4),0.000006,0.000111,-0.000105
(21|19),(23|5),0.000015,0.000000,+0.000015
(21|19),(23|6),0.000041,0.000000,+0.000041
(21|19),(23|7),0.000075,0.000097,-0.000022
(21|19),(23|8),0.000151,0.002737,-0.002586
(21|19),(23|9),0.000305,0.000190,+0.000115
(21|19),(23|10),0.000648,0.000623,+0.000025
(21|19),(23|11),0.001310,0.001654,-0.000344
(21|19),(23|12),0.002553,0.002357,+0.000196
(21|19),(23|13),0.005176,0.005974,-0.000798
(21|19),(23|14),0.010327,0.015914,-0.005587
(21|19),(23|15),0.020545,0.027486,-0.006942
(21|19),(23|16),0.020591,0.019248,+0.001342
(21|19),(25|4),0.000014,0.000035,-0.000021
(21|19),(25|6),0.000035,0.000004,+0.000030
(21|19),(25|7),0.000076,0.000000,+0.000076
(21|19),(25|8),0.000167,0.000172,-0.000005
(21|19),(25|9),0.000347,0.000150,+0.000197
(21|19),(25|10),0.000659,0.000951,-0.000291
(21|19),(25|11),0.001299,0.000694,+0.000605
(21|19),(25|12),0.002601,0.002848,-0.000247
(21|19),(25|13),0.005210,0.004603,+0.000607
(21|19),(25|14),0.010455,0.010387,+0.000068
(21|19),(25|15),0.020771,0.019602,+0.001168
(21|19),(25|16),0.020592,0.017413,+0.003179
(21|19),(27|5),0.000019,0.000040,-0.000020
(21|19),(27|6),0.000039,0.000000,+0.000039
(21|19),(27|7),0.000079,0.000199,-0.000120
(21|19),(27|8),0.000143,0.000093,+0.000050
(21|19),(27|9),0.000328,0.000332,-0.000004
(21|19),(27|10),0.000651,0.000593,+0.000058
(21|19),(27|11),0.001309,0.001318,-0.000008
(21|19),(27|12),0.002629,0.002352,+0.000276
(21|19),(27|13),0.005199,0.005925,-0.000726
(21|19),(27|14),0.010391,0.011665,-0.001274
(21|19),(27|15),0.020821,0.019629,+0.001192
(21|19),(27|16),0.020860,0.016790,+0.004070
(21|19),(29|4),0.000007,0.000000,+0.000007
(21|19),(29|5),0.000016,0.000000,+0.000016
(21|19),(29|6),0.000042,0.000000,+0.000042
(21|19),(29|7),0.000102,0.000102,+0.000000
(21|19),(29|8),0.000176,0.000062,+0.000114
(21|19),(29|9),0.000311,0.001857,-0.001547
(21|19),(29|10),0.000644,0.000234,+0.000410
(21|19),(29|11),0.001293,0.003002,-0.001710
(21|19),(29|12),0.002624,0.002556,+0.000068
(21|19),(29|13),0.005277,0.004727,+0.000550
(21|19),(29|14),0.010451,0.012620,-0.002169
(21|19),(29|15),0.020927,0.019753,+0.001175
(21|19),(29|16),0.020743,0.023608,-0.002866
(21|19),(31|4),0.000011,0.000000,+0.000011
(21|19),(31|6),0.000053,0.000027,+0.000027
(21|19),(31|7),0.000075,0.000000,+0.000075
(21|19),(31|8),0.000147,0.000159,-0.000012
(21|19),(31|9),0.000304,0.000124,+0.000180
(21|19),(31|10),0.000655,0.001464,-0.000808
(21|19),(31|11),0.001290,0.000876,+0.000414
(21|19),(31|12),0.002539,0.001610,+0.000930
(21|19),(31|13),0.005209,0.005585,-0.000376
(21|19),(31|14),0.010532,0.009282,+0.001250
(21|19),(31|15),0.020894,0.026399,-0.005505
(21|19),(31|16),0.020695,0.023622,-0.002927
(21|20),(1|0),0.000001,0.000005,-0.000004
(21|20),(1|6),0.000027,0.000000,+0.000027
(21|20),(1|7),0.000049,0.000023,+0.000027
(21|20),(1|8),0.000075,0.000063,+0.000012
(21|20),(1|9),0.000167,0.000122,+0.000046
(21|20),(1|10),0.000328,0.000176,+0.000152
(21|20),(1|11),0.000659,0.000595,+0.000063
(21|20),(1|12),0.001289,0.001393,-0.000104
(21|20),(1|13),0.002565,0.002016,+0.000550
(21|20),(1|14),0.005240,0.004252,+0.000988
(21|20),(1|15),0.010385,0.009416,+0.000969
(21|20),(1|16),0.020821,0.023643,-0.002823
(21|20),(1|17),0.021073,0.019977,+0.001096
(21|20),(3|5),0.000006,0.000023,-0.000017
(21|20),(3|6),0.000010,0.000000,+0.000010
(21|20),(3|7),0.000043,0.000014,+0.000030
(21|20),(3|8),0.000093,0.000005,+0.000089
(21|20),(3|9),0.000158,0.000167,-0.000009
(21|20),(3|10),0.000303,0.000487,-0.000184
(21|20),(3|11),0.000621,0.000492,+0.000129
(21|20),(3|12),0.001328,0.001736,-0.000408
(21|20),(3|13),0.002749,0.002458,+0.000291
(21|20),(3|14),0.005343,0.010778,-0.005434
(21|20),(3|15),0.010455,0.011184,-0.000729
(21|20),(3|16),0.020950,0.021925,-0.000975
(21|20),(3|17),0.021079,0.017177,+0.003902
(21|20),(5|5),0.000015,0.000000,+0.000015
(21|20),(5|6),0.000025,0.000005,+0.000020
(21|20),(5|7),0.000046,0.000054,-0.000008
(21|20),(5|8),0.000079,0.000171,-0.000092
(21|20),(5|9),0.000154,0.000090,+0.000064
(21|20),(5|10),0.000318,0.000361,-0.000043
(21|20),(5|11),0.000658,0.000419,+0.000239
(21|20),(5|12),0.001277,0.001213,+0.000064
(21|20),(5|13),0.002528,0.003932,-0.001404
(21|20),(5|14),0.005289,0.005547,-0.000258
(21|20),(5|15),0.010479,0.013262,-0.002783
(21|20),(5|16),0.020732,0.023265,-0.002533
(21|20),(5|17),0.020885,0.017032,+0.003853
(21|20),(7|6),0.000021,0.000000,+0.000021
(21|20),(7|7),0.000047,0.000041,+0.000007
(21|20),(7|8),0.000101,0.000000,+0.000101
(21|20),(7|9),0.000171,0.000325,-0.000153
(21|20),(7|10),0.000333,0.000293,+0.000040
(21|20),(7|11),0.000636,0.000523,+0.000113
(21|20),(7|12),0.001234,0.001538,-0.000304
(21|20),(7|13),0.002533,0.002868,-0.000335
(21|20),(7|14),0.005159,0.005533,-0.000374
(21|20),(7|15),0.010281,0.011982,-0.001700
(21|20),(7|16),0.020614,0.019675,+0.000939
(21|20),(7|17),0.020620,0.022331,-0.001711
(21|20),(9|5),0.000015,0.000018,-0.000003
(21|20),(9|6),0.000021,0.000023,-0.000001
(21|20),(9|7),0.000041,0.000068,-0.000027
(21|20),(9|8),0.000083,0.000099,-0.000017
(21|20),(9|9),0.000159,0.000063,+0.000096
(21|20),(9|10),0.000334,0.000180,+0.000154
(21|20),(9|11),0.000659,0.000451,+0.000208
(21|20),(9|12),0.001287,0.001655,-0.000368
(21|20),(9|13),0.002611,0.003260,-0.000649
(21|20),(9|14),0.005223,0.004933,+0.000290
(21|20),(9|15),0.010483,0.010169,+0.000314
(21|20),(9|16),0.020931,0.020473,+0.000458
(21|20),(9|17),0.020885,0.019377,+0.001508
(21|20),(11|3),0.000001,0.000005,-0.000004
(21|20),(11|5),0.000013,0.000000,+0.000013
(21|20),(11|6),0.000026,0.000000,+0.000026
(21|20),(11|7),0.000045,0.000050,-0.000004
(21|20),(11|8),0.000081,0.000090,-0.000009
(21|20),(11|9),0.000166,0.000149,+0.000017
(21|20),(11|10),0.000353,0.000257,+0.000096
(21|20),(11|11),0.000683,0.000636,+0.000047
(21|20),(11|12),0.001349,0.001042,+0.000307
(21|20),(11|13),0.002595,0.002692,-0.000097
(21|20),(11|14),0.005227,0.004798,+0.000429
(21|20),(11|15),0.010500,0.012320,-0.001820
(21|20),(11|16),0.021058,0.024649,-0.003591
(21|20),(11|17),0.021033,0.018728,+0.002305
(21|20),(13|3),0.000001,0.000050,-0.000048
(21|20),(13|6),0.000021,0.000000,+0.000021
(21|20),(13|7),0.000037,0.000027,+0.000010
(21|20),(13|8),0.000085,0.000063,+0.000022
(21|20),(13|9),0.000163,0.000117,+0.000045
(21|20),(13|10),0.000315,0.000284,+0.000031
(21|20),(13|11),0.000656,0.002232,-0.001576
(21|20),(13|12),0.001313,0.001700,-0.000387
(21|20),(13|13),0.002597,0.002566,+0.000031
(21|20),(13|14),0.005165,0.006183,-0.001018
(21|20),(13|15),0.010390,0.010007,+0.000383
(21|20),(13|16),0.020735,0.021844,-0.001109
(21|20),(13|17),0.020620,0.017479,+0.003141
(21|20),(15|5),0.000009,0.000000,+0.000009
(21|20),(15|6),0.000017,0.000032,-0.000015
(21|20),(15|7),0.000039,0.000000,+0.000039
(21|20),(15|8),0.000070,0.000018,+0.000052
(21|20),(15|9),0.000153,0.000108,+0.000044
(21|20),(15|10),0.000353,0.000266,+0.000087
(21|20),(15|11),0.000663,0.000582,+0.000081
(21|20),(15|12),0.001281,0.001136,+0.000144
(21|20),(15|13),0.002563,0.002543,+0.000020
(21|20),(15|14),0.005055,0.004978,+0.000077
(21|20),(15|15),0.010459,0.010543,-0.000084
(21|20),(15|16),0.021032,0.024252,-0.003220
(21|20),(15|17),0.021011,0.018466,+0.002544
(21|20),(17|4),0.000001,0.000000,+0.000001
(21|20),(17|5),0.000005,0.000000,+0.000005
(21|20),(17|6),0.000011,0.000045,-0.000034
(21|20),(17|7),0.000035,0.000000,+0.000035
(21|20),(17|8),0.000080,0.000036,+0.000044
(21|20),(17|9),0.000152,0.000284,-0.000132
(21|20),(17|10),0.000318,0.000473,-0.000155
(21|20),(17|11),0.000661,0.000546,+0.000116
(21|20),(17|12),0.001305,0.001096,+0.000209
(21|20),(17|13),0.002615,0.002065,+0.000550
(21|20),(17|14),0.005224,0.007102,-0.001878
(21|20),(17|15),0.010471,0.009177,+0.001294
(21|20),(17|16),0.020783,0.022575,-0.001791
(21|20),(17|17),0.020644,0.018061,+0.002583
(21|20),(19|4),0.000008,0.000000,+0.000008
(21|20),(19|6),0.000023,0.000000,+0.000023
(21|20),(19|7),0.000032,0.000014,+0.000018
(21|20),(19|8),0.000073,0.000068,+0.000005
(21|20),(19|9),0.000175,0.000257,-0.000082
(21|20),(19|10),0.000329,0.000789,-0.000460
(21|20),(19|11),0.000619,0.000879,-0.000260
(21|20),(19|12),0.001271,0.001222,+0.000049
(21|20),(19|13),0.002557,0.002494,+0.000064
(21|20),(19|14),0.005130,0.004482,+0.000648
(21|20),(19|15),0.010384,0.010525,-0.000141
(21|20),(19|16),0.020883,0.021447,-0.000565
(21|20),(19|17),0.020917,0.016568,+0.004349
(21|20),(21|5),0.000009,0.000000,+0.000009
(21|20),(21|6),0.000017,0.000000,+0.000017
(21|20),(21|7),0.000038,0.000005,+0.000033
(21|20),(21|8),0.000075,0.000014,+0.000061
(21|20),(21|9),0.000156,0.000153,+0.000003
(21|20),(21|10),0.000331,0.000370,-0.000039
(21|20),(21|11),0.000644,0.000735,-0.000091
(21|20),(21|12),0.001312,0.001240,+0.000072
(21|20),(21|13),0.002654,0.002688,-0.000034
(21|20),(21|14),0.005218,0.004622,+0.000596
(21|20),(21|15),0.010420,0.012627,-0.002207
(21|20),(21|16),0.020933,0.020658,+0.000275
(21|20),(21|17),0.021056,0.019210,+0.001846
(21|20),(23|4),0.000005,0.000000,+0.000005
(21|20),(23|5),0.000006,0.000077,-0.000071
(21|20),(23|6),0.000015,0.000329,-0.000314
(21|20),(23|7),0.000041,0.000041,+0.000001
(21|20),(23|8),0.000075,0.000054,+0.000021
(21|20),(23|9),0.000151,0.000086,+0.000066
(21|20),(23|10),0.000305,0.000262,+0.000044
(21|20),(23|11),0.000648,0.000546,+0.000102
(21|20),(23|12),0.001310,0.001393,-0.000083
(21|20),(23|13),0.002553,0.003824,-0.001271
(21|20),(23|14),0.005176,0.006151,-0.000975
(21|20),(23|15),0.010327,0.009199,+0.001128
(21|20),(23|16),0.020545,0.020694,-0.000149
(21|20),(23|17),0.020591,0.018665,+0.001926
(21|20),(25|4),0.000008,0.000000,+0.000008
(21|20),(25|6),0.000020,0.000000,+0.000020
(21|20),(25|7),0.000035,0.000014,+0.000021
(21|20),(25|8),0.000076,0.000000,+0.000076
(21|20),(25|9),0.000167,0.000041,+0.000127
(21|20),(25|10),0.000347,0.000230,+0.000117
(21|20),(25|11),0.000659,0.000699,-0.000040
(21|20),(25|12),0.001299,0.000893,+0.000406
(21|20),(25|13),0.002601,0.002656,-0.000055
(21|20),(25|14),0.005210,0.005389,-0.000179
(21|20),(25|15),0.010455,0.010512,-0.000057
(21|20),(25|16),0.020771,0.021817,-0.001046
(21|20),(25|17),0.020592,0.016135,+0.004457
(21|20),(27|5),0.000009,0.000000,+0.000009
(21|20),(27|6),0.000019,0.000005,+0.000015
(21|20),(27|7),0.000039,0.000027,+0.000012
(21|20),(27|8),0.000079,0.000032,+0.000047
(21|20),(27|9),0.000143,0.000090,+0.000053
(21|20),(27|10),0.000328,0.000253,+0.000075
(21|20),(27|11),0.000651,0.000713,-0.000062
(21|20),(27|12),0.001309,0.002156,-0.000846
(21|20),(27|13),0.002629,0.002458,+0.000171
(21|20),(27|14),0.005199,0.005502,-0.000302
(21|20),(27|15),0.010391,0.009614,+0.000777
(21|20),(27|16),0.020821,0.019747,+0.001074
(21|20),(27|17),0.020860,0.017114,+0.003746
(21|20),(29|4),0.000003,0.000000,+0.000003
(21|20),(29|5),0.000007,0.000009,-0.000002
(21|20),(29|6),0.000016,0.000000,+0.000016
(21|20),(29|7),0.000042,0.000023,+0.000019
(21|20),(29|8),0.000102,0.000090,+0.000012
(21|20),(29|9),0.000176,0.000104,+0.000072
(21|20),(29|10),0.000311,0.000356,-0.000046
(21|20),(29|11),0.000644,0.000577,+0.000067
(21|20),(29|12),0.001293,0.000816,+0.000476
(21|20),(29|13),0.002624,0.002543,+0.000081
(21|20),(29|14),0.005277,0.005127,+0.000150
(21|20),(29|15),0.010451,0.011576,-0.001125
(21|20),(29|16),0.020927,0.021510,-0.000583
(21|20),(29|17),0.020743,0.019274,+0.001469
(21|20),(31|4),0.000003,0.000000,+0.000003
(21|20),(31|6),0.000029,0.000000,+0.000029
(21|20),(31|7),0.000053,0.000014,+0.000040
(21|20),(31|8),0.000075,0.000068,+0.000008
(21|20),(31|9),0.000147,0.000090,+0.000057
(21|20),(31|10),0.000304,0.000162,+0.000142
(21|20),(31|11),0.000655,0.000406,+0.000249
(21|20),(31|12),0.001290,0.002390,-0.001100
(21|20),(31|13),0.002539,0.003441,-0.000901
(21|20),(31|14),0.005209,0.005772,-0.000563
(21|20),(31|15),0.010532,0.011427,-0.000895
(21|20),(31|16),0.020894,0.023174,-0.002280
(21|20),(31|17),0.020695,0.020865,-0.000171
(21|21),(1|6),0.000011,0.000027,-0.000016
(21|21),(1|7),0.000027,0.000000,+0.000027
(21|21),(1|8),0.000049,0.000071,-0.000022
(21|21),(1|9),0.000075,0.000009,+0.000066
(21|21),(1|10),0.000167,0.000130,+0.000038
(21|21),(1|11),0.000328,0.000357,-0.000029
(21|21),(1|12),0.000659,0.000902,-0.000244
(21|21),(1|13),0.001289,0.001184,+0.000106
(21|21),(1|14),0.002565,0.002631,-0.000065
(21|21),(1|15),0.005240,0.006128,-0.000888
(21|21),(1|16),0.010385,0.011251,-0.000866
(21|21),(1|17),0.020821,0.021291,-0.000470
(21|21),(1|18),0.021073,0.017535,+0.003538
(21|21),(3|5),0.000011,0.000000,+0.000011
(21|21),(3|6),0.000006,0.000000,+0.000006
(21|21),(3|7),0.000010,0.000036,-0.000026
(21|21),(3|8),0.000043,0.000040,+0.000003
(21|21),(3|9),0.000093,0.000085,+0.000008
(21|21),(3|10),0.000158,0.000219,-0.000061
(21|21),(3|11),0.000303,0.001063,-0.000760
(21|21),(3|12),0.000621,0.000768,-0.000148
(21|21),(3|13),0.001328,0.000987,+0.000341
(21|21),(3|14),0.002749,0.002622,+0.000127
(21|21),(3|15),0.005343,0.005440,-0.000097
(21|21),(3|16),0.010455,0.012827,-0.002373
(21|21),(3|17),0.020950,0.021903,-0.000953
(21|21),(3|18),0.021079,0.018602,+0.002476
(21|21),(5|2),0.000001,0.000009,-0.000008
(21|21),(5|5),0.000009,0.000000,+0.000009
(21|21),(5|6),0.000015,0.000000,+0.000015
(21|21),(5|7),0.000025,0.000027,-0.000002
(21|21),(5|8),0.000046,0.000000,+0.000046
(21|21),(5|9),0.000079,0.000348,-0.000269
(21|21),(5|10),0.000154,0.000089,+0.000065
(21|21),(5|11),0.000318,0.000442,-0.000124
(21|21),(5|12),0.000658,0.000482,+0.000176
(21|21),(5|13),0.001277,0.001099,+0.000178
(21|21),(5|14),0.002528,0.002738,-0.000210
(21|21),(5|15),0.005289,0.005529,-0.000241
(21|21),(5|16),0.010479,0.009665,+0.000814
(21|21),(5|17),0.020732,0.021488,-0.000756
(21|21),(5|18),0.020885,0.018969,+0.001917
(21|21),(7|6),0.000014,0.000004,+0.000010
(21|21),(7|7),0.000021,0.000000,+0.000021
(21|21),(7|8),0.000047,0.000013,+0.000034
(21|21),(7|9),0.000101,0.000076,+0.000025
(21|21),(7|10),0.000171,0.000121,+0.000051
(21|21),(7|11),0.000333,0.000201,+0.000132
(21|21),(7|12),0.000636,0.000692,-0.000056
(21|21),(7|13),0.001234,0.002555,-0.001321
(21|21),(7|14),0.002533,0.002358,+0.000175
(21|21),(7|15),0.005159,0.005168,-0.000008
(21|21),(7|16),0.010281,0.010876,-0.000594
(21|21),(7|17),0.020614,0.020813,-0.000199
(21|21),(7|18),0.020620,0.017955,+0.002665
(21|21),(9|5),0.000006,0.000000,+0.000006
(21|21),(9|6),0.000015,0.000000,+0.000015
(21|21),(9|7),0.000021,0.000004,+0.000017
(21|21),(9|8),0.000041,0.000013,+0.000027
(21|21),(9|9),0.000083,0.000018,+0.000065
(21|21),(9|10),0.000159,0.000152,+0.000007
(21|21),(9|11),0.000334,0.000161,+0.000173
(21|21),(9|12),0.000659,0.000898,-0.000239
(21|21),(9|13),0.001287,0.000902,+0.000384
(21|21),(9|14),0.002611,0.003037,-0.000426
(21|21),(9|15),0.005223,0.005775,-0.000552
(21|21),(9|16),0.010483,0.013028,-0.002546
(21|21),(9|17),0.020931,0.020228,+0.000703
(21|21),(9|18),0.020885,0.017271,+0.003614
(21|21),(11|5),0.000004,0.000022,-0.000018
(21|21),(11|6),0.000013,0.000000,+0.000013
(21|21),(11|7),0.000026,0.000009,+0.000017
(21|21),(11|8),0.000045,0.000125,-0.000080
(21|21),(11|9),0.000081,0.000058,+0.000023
(21|21),(11|10),0.000166,0.001233,-0.001067
(21|21),(11|11),0.000353,0.000509,-0.000156
(21|21),(11|12),0.000683,0.000406,+0.000276
(21|21),(11|13),0.001349,0.001210,+0.000138
(21|21),(11|14),0.002595,0.002336,+0.000259
(21|21),(11|15),0.005227,0.004873,+0.000354
(21|21),(11|16),0.010500,0.010210,+0.000290
(21|21),(11|17),0.021058,0.023207,-0.002149
(21|21),(11|18),0.021033,0.018133,+0.002900
(21|21),(13|6),0.000013,0.000045,-0.000031
(21|21),(13|7),0.000021,0.000000,+0.000021
(21|21),(13|8),0.000037,0.000089,-0.000053
(21|21),(13|9),0.000085,0.000045,+0.000040
(21|21),(13|10),0.000163,0.000080,+0.000082
(21|21),(13|11),0.000315,0.000121,+0.000195
(21|21),(13|12),0.000656,0.000643,+0.000013
(21|21),(13|13),0.001313,0.001300,+0.000014
(21|21),(13|14),0.002597,0.002269,+0.000328
(21|21),(13|15),0.005165,0.005507,-0.000342
(21|21),(13|16),0.010390,0.011286,-0.000896
(21|21),(13|17),0.020735,0.022207,-0.001471
(21|21),(13|18),0.020620,0.019357,+0.001263
(21|21),(15|5),0.000003,0.000000,+0.000003
(21|21),(15|6),0.000009,0.000000,+0.000009
(21|21),(15|7),0.000017,0.000018,-0.000001
(21|21),(15|8),0.000039,0.000250,-0.000211
(21|21),(15|9),0.000070,0.000219,-0.000149
(21|21),(15|10),0.000153,0.000049,+0.000104
(21|21),(15|11),0.000353,0.000147,+0.000205
(21|21),(15|12),0.000663,0.000420,+0.000243
(21|21),(15|13),0.001281,0.001327,-0.000046
(21|21),(15|14),0.002563,0.003515,-0.000952
(21|21),(15|15),0.005055,0.004565,+0.000491
(21|21),(15|16),0.010459,0.010554,-0.000095
(21|21),(15|17),0.021032,0.021568,-0.000536
(21|21),(15|18),0.021011,0.019143,+0.001868
(21|21),(17|4),0.000000,0.000022,-0.000022
(21|21),(17|5),0.000001,0.000000,+0.000001
(21|21),(17|6),0.000005,0.000000,+0.000005
(21|21),(17|7),0.000011,0.000009,+0.000002
(21|21),(17|8),0.000035,0.000027,+0.000009
(21|21),(17|9),0.000080,0.000085,-0.000005
(21|21),(17|10),0.000152,0.000295,-0.000143
(21|21),(17|11),0.000318,0.000339,-0.000021
(21|21),(17|12),0.000661,0.001331,-0.000670
(21|21),(17|13),0.001305,0.001304,+0.000000
(21|21),(17|14),0.002615,0.002564,+0.000052
(21|21),(17|15),0.005224,0.005453,-0.000229
(21|21),(17|16),0.010471,0.009652,+0.000819
(21|21),(17|17),0.020783,0.022225,-0.001441
(21|21),(17|18),0.020644,0.019442,+0.001202
(21|21),(19|4),0.000003,0.000000,+0.000003
(21|21),(19|6),0.000015,0.000000,+0.000015
(21|21),(19|7),0.000023,0.000000,+0.000023
(21|21),(19|8),0.000032,0.000027,+0.000005
(21|21),(19|9),0.000073,0.000000,+0.000073
(21|21),(19|10),0.000175,0.000179,-0.000004
(21|21),(19|11),0.000329,0.000197,+0.000132
(21|21),(19|12),0.000619,0.000576,+0.000043
(21|21),(19|13),0.001271,0.001559,-0.000288
(21|21),(19|14),0.002557,0.003283,-0.000725
(21|21),(19|15),0.005130,0.005596,-0.000466
(21|21),(19|16),0.010384,0.010670,-0.000286
(21|21),(19|17),0.020883,0.026280,-0.005397
(21|21),(19|18),0.020917,0.017990,+0.002927
(21|21),(21|5),0.000005,0.000004,+0.000001
(21|21),(21|6),0.000009,0.000000,+0.000009
(21|21),(21|7),0.000017,0.000125,-0.000108
(21|21),(21|8),0.000038,0.000022,+0.000016
(21|21),(21|9),0.000075,0.000063,+0.000012
(21|21),(21|10),0.000156,0.000246,-0.000090
(21|21),(21|11),0.000331,0.000585,-0.000254
(21|21),(21|12),0.000644,0.000411,+0.000233
(21|21),(21|13),0.001312,0.002081,-0.000769
(21|21),(21|14),0.002654,0.002171,+0.000483
(21|21),(21|15),0.005218,0.005261,-0.000043
(21|21),(21|16),0.010420,0.010786,-0.000366
(21|21),(21|17),0.020933,0.022041,-0.001108
(21|21),(21|18),0.021056,0.018254,+0.002802
(21|21),(23|4),0.000001,0.000000,+0.000001
(21|21),(23|5),0.000005,0.000000,+0.000005
(21|21),(23|6),0.000006,0.000000,+0.000006
(21|21),(23|7),0.000015,0.000004,+0.000011
(21|21),(23|8),0.000041,0.000000,+0.000041
(21|21),(23|9),0.000075,0.000063,+0.000013
(21|21),(23|10),0.000151,0.000058,+0.000093
(21|21),(23|11),0.000305,0.000456,-0.000150
(21|21),(23|12),0.000648,0.000603,+0.000045
(21|21),(23|13),0.001310,0.002474,-0.001164
(21|21),(23|14),0.002553,0.001970,+0.000583
(21|21),(23|15),0.005176,0.005025,+0.000151
(21|21),(23|16),0.010327,0.010692,-0.000365
(21|21),(23|17),0.020545,0.022059,-0.001515
(21|21),(23|18),0.020591,0.016517,+0.004074
(21|21),(25|4),0.000005,0.000152,-0.000147
(21|21),(25|6),0.000014,0.000089,-0.000075
(21|21),(25|7),0.000020,0.000000,+0.000020
(21|21),(25|8),0.000035,0.000080,-0.000046
(21|21),(25|9),0.000076,0.000116,-0.000040
(21|21),(25|10),0.000167,0.000299,-0.000132
(21|21),(25|11),0.000347,0.000411,-0.000064
(21|21),(25|12),0.000659,0.001277,-0.000618
(21|21),(25|13),0.001299,0.001456,-0.000157
(21|21),(25|14),0.002601,0.002412,+0.000189
(21|21),(25|15),0.005210,0.004614,+0.000596
(21|21),(25|16),0.010455,0.014288,-0.003833
(21|21),(25|17),0.020771,0.020532,+0.000239
(21|21),(25|18),0.020592,0.017803,+0.002789
(21|21),(27|5),0.000004,0.000004,-0.000000
(21|21),(27|6),0.000009,0.000000,+0.000009
(21|21),(27|7),0.000019,0.000013,+0.000006
(21|21),(27|8),0.000039,0.000031,+0.000007
(21|21),(27|9),0.000079,0.000103,-0.000024
(21|21),(27|10),0.000143,0.000179,-0.000035
(21|21),(27|11),0.000328,0.000384,-0.000056
(21|21),(27|12),0.000651,0.000616,+0.000034
(21|21),(27|13),0.001309,0.001456,-0.000147
(21|21),(27|14),0.002629,0.001983,+0.000646
(21|21),(27|15),0.005199,0.004913,+0.000286
(21|21),(27|16),0.010391,0.011930,-0.001538
(21|21),(27|17),0.020821,0.019978,+0.000843
(21|21),(27|18),0.020860,0.017450,+0.003410
(21|21),(29|4),0.000002,0.000000,+0.000002
(21|21),(29|5),0.000003,0.000000,+0.000003
(21|21),(29|6),0.000007,0.000000,+0.000007
(21|21),(29|7),0.000016,0.000036,-0.000020
(21|21),(29|8),0.000042,0.000009,+0.000033
(21|21),(29|9),0.000102,0.000031,+0.000071
(21|21),(29|10),0.000176,0.000098,+0.000078
(21|21),(29|11),0.000311,0.000237,+0.000074
(21|21),(29|12),0.000644,0.000750,-0.000106
(21|21),(29|13),0.001293,0.000969,+0.000323
(21|21),(29|14),0.002624,0.003488,-0.000864
(21|21),(29|15),0.005277,0.005520,-0.000243
(21|21),(29|16),0.010451,0.012810,-0.002358
(21|21),(29|17),0.020927,0.022747,-0.001820
(21|21),(29|18),0.020743,0.021640,-0.000897
(21|21),(31|4),0.000001,0.000000,+0.000001
(21|21),(31|6),0.000011,0.000094,-0.000082
(21|21),(31|7),0.000029,0.000000,+0.000029
(21|21),(31|8),0.000053,0.000018,+0.000035
(21|21),(31|9),0.000075,0.000027,+0.000049
(21|21),(31|10),0.000147,0.000192,-0.000045
(21|21),(31|11),0.000304,0.000156,+0.000148
(21|21),(31|12),0.000655,0.000558,+0.000097
(21|21),(31|13),0.001290,0.000996,+0.000294
(21|21),(31|14),0.002539,0.003457,-0.000918
(21|21),(31|15),0.005209,0.005882,-0.000673
(21|21),(31|16),0.010532,0.010853,-0.000321
(21|21),(31|17),0.020894,0.021023,-0.000129
(21|21),(31|18),0.020695,0.018392,+0.002302
(21|22),(1|6),0.000008,0.000000,+0.000008
(21|22),(1|7),0.000011,0.000018,-0.000007
(21|22),(1|8),0.000027,0.000058,-0.000031
(21|22),(1|9),0.000049,0.000009,+0.000040
(21|22),(1|10),0.000075,0.000081,-0.000006
(21|22),(1|11),0.000167,0.000139,+0.000029
(21|22),(1|12),0.000328,0.000497,-0.000169
(21|22),(1|13),0.000659,0.001177,-0.000518
(21|22),(1|14),0.001289,0.001105,+0.000184
(21|22),(1|15),0.002565,0.002783,-0.000217
(21|22),(1|16),0.005240,0.005221,+0.000019
(21|22),(1|17),0.010385,0.011506,-0.001122
(21|22),(1|18),0.020821,0.023863,-0.003042
(21|22),(1|19),0.021073,0.019071,+0.002002
(21|22),(3|5),0.000004,0.000009,-0.000005
(21|22),(3|6),0.000011,0.000000,+0.000011
(21|22),(3|7),0.000006,0.000004,+0.000002
(21|22),(3|8),0.000010,0.000009,+0.000001
(21|22),(3|9),0.000043,0.000013,+0.000030
(21|22),(3|10),0.000093,0.000094,-0.000001
(21|22),(3|11),0.000158,0.000139,+0.000019
(21|22),(3|12),0.000303,0.000412,-0.000109
(21|22),(3|13),0.000621,0.000644,-0.000024
(21|22),(3|14),0.001328,0.001369,-0.000041
(21|22),(3|15),0.002749,0.002505,+0.000243
(21|22),(3|16),0.005343,0.007614,-0.002271
(21|22),(3|17),0.010455,0.010482,-0.000027
(21|22),(3|18),0.020950,0.022109,-0.001159
(21|22),(3|19),0.021079,0.017492,+0.003587
(21|22),(5|2),0.000002,0.000000,+0.000002
(21|22),(5|5),0.000002,0.000000,+0.000002
(21|22),(5|6),0.000009,0.000000,+0.000009
(21|22),(5|7),0.000015,0.000000,+0.000015
(21|22),(5|8),0.000025,0.000004,+0.000020
(21|22),(5|9),0.000046,0.000049,-0.000003
(21|22),(5|10),0.000079,0.000049,+0.000030
(21|22),(5|11),0.000154,0.000089,+0.000065
(21|22),(5|12),0.000318,0.000251,+0.000067
(21|22),(5|13),0.000658,0.000523,+0.000135
(21|22),(5|14),0.001277,0.001499,-0.000222
(21|22),(5|15),0.002528,0.002201,+0.000327
(21|22),(5|16),0.005289,0.005592,-0.000303
(21|22),(5|17),0.010479,0.011081,-0.000602
(21|22),(5|18),0.020732,0.020664,+0.000068
(21|22),(5|19),0.020885,0.018329,+0.002557
(21|22),(7|6),0.000004,0.000000,+0.000004
(21|22),(7|7),0.000014,0.000000,+0.000014
(21|22),(7|8),0.000021,0.000040,-0.000019
(21|22),(7|9),0.000047,0.000063,-0.000015
(21|22),(7|10),0.000101,0.000072,+0.000029
(21|22),(7|11),0.000171,0.000143,+0.000028
(21|22),(7|12),0.000333,0.000367,-0.000034
(21|22),(7|13),0.000636,0.000962,-0.000326
(21|22),(7|14),0.001234,0.001356,-0.000122
(21|22),(7|15),0.002533,0.002814,-0.000281
(21|22),(7|16),0.005159,0.005104,+0.000055
(21|22),(7|17),0.010281,0.010638,-0.000357
(21|22),(7|18),0.020614,0.021429,-0.000815
(21|22),(7|19),0.020620,0.018928,+0.001692
(21|22),(9|5),0.000002,0.000000,+0.000002
(21|22),(9|6),0.000006,0.000000,+0.000006
(21|22),(9|7),0.000015,0.000000,+0.000015
(21|22),(9|8),0.000021,0.000013,+0.000008
(21|22),(9|9),0.000041,0.000036,+0.000005
(21|22),(9|10),0.000083,0.000054,+0.000029
(21|22),(9|11),0.000159,0.000130,+0.000029
(21|22),(9|12),0.000334,0.000340,-0.000006
(21|22),(9|13),0.000659,0.000837,-0.000178
(21|22),(9|14),0.001287,0.001423,-0.000136
(21|22),(9|15),0.002611,0.002528,+0.000084
(21|22),(9|16),0.005223,0.005395,-0.000172
(21|22),(9|17),0.010483,0.011860,-0.001377
(21|22),(9|18),0.020931,0.020718,+0.000213
(21|22),(9|19),0.020885,0.018736,+0.002150
(21|22),(11|3),0.000000,0.000004,-0.000004
(21|22),(11|6),0.000004,0.000018,-0.000014
(21|22),(11|7),0.000013,0.000009,+0.000004
(21|22),(11|8),0.000026,0.000009,+0.000017
(21|22),(11|9),0.000045,0.000009,+0.000036
(21|22),(11|10),0.000081,0.000081,+0.000001
(21|22),(11|11),0.000166,0.000161,+0.000005
(21|22),(11|12),0.000353,0.000295,+0.000058
(21|22),(11|13),0.000683,0.000863,-0.000181
(21|22),(11|14),0.001349,0.001302,+0.000047
(21|22),(11|15),0.002595,0.002617,-0.000022
(21|22),(11|16),0.005227,0.005418,-0.000191
(21|22),(11|17),0.010500,0.011860,-0.001360
(21|22),(11|18),0.021058,0.023187,-0.002129
(21|22),(11|19),0.021033,0.019698,+0.001336
(21|22),(13|3),0.000000,0.000031,-0.000031
(21|22),(13|6),0.000006,0.000000,+0.000006
(21|22),(13|7),0.000013,0.000013,-0.000000
(21|22),(13|8),0.000021,0.000000,+0.000021
(21|22),(13|9),0.000037,0.000009,+0.000028
(21|22),(13|10),0.000085,0.000157,-0.000072
(21|22),(13|11),0.000163,0.000103,+0.000060
(21|22),(13|12),0.000315,0.000371,-0.000056
(21|22),(13|13),0.000656,0.001293,-0.000637
(21|22),(13|14),0.001313,0.001432,-0.000118
(21|22),(13|15),0.002597,0.003651,-0.001053
(21|22),(13|16),0.005165,0.004970,+0.000194
(21|22),(13|17),0.010390,0.010688,-0.000298
(21|22),(13|18),0.020735,0.023773,-0.003038
(21|22),(13|19),0.020620,0.019018,+0.001602
(21|22),(15|6),0.000003,0.000004,-0.000002
(21|22),(15|7),0.000009,0.000009,-0.000000
(21|22),(15|8),0.000017,0.000009,+0.000008
(21|22),(15|9),0.000039,0.000036,+0.000003
(21|22),(15|10),0.000070,0.000098,-0.000028
(21|22),(15|11),0.000153,0.000121,+0.000032
(21|22),(15|12),0.000353,0.000506,-0.000153
(21|22),(15|13),0.000663,0.001320,-0.000657
(21|22),(15|14),0.001281,0.001830,-0.000549
(21|22),(15|15),0.002563,0.003105,-0.000541
(21|22),(15|16),0.005055,0.005507,-0.000452
(21|22),(15|17),0.010459,0.010674,-0.000215
(21|22),(15|18),0.021032,0.020803,+0.000229
(21|22),(15|19),0.021011,0.017286,+0.003724
(21|22),(17|6),0.000001,0.000009,-0.000008
(21|22),(17|7),0.000005,0.000022,-0.000018
(21|22),(17|8),0.000011,0.000063,-0.000051
(21|22),(17|9),0.000035,0.000013,+0.000022
(21|22),(17|10),0.000080,0.000054,+0.000026
(21|22),(17|11),0.000152,0.000076,+0.000076
(21|22),(17|12),0.000318,0.000313,+0.000005
(21|22),(17|13),0.000661,0.000541,+0.000120
(21|22),(17|14),0.001305,0.001262,+0.000043
(21|22),(17|15),0.002615,0.002232,+0.000383
(21|22),(17|16),0.005224,0.005288,-0.000064
(21|22),(17|17),0.010471,0.011891,-0.001420
(21|22),(17|18),0.020783,0.019948,+0.000835
(21|22),(17|19),0.020644,0.018087,+0.002557
(21|22),(19|6),0.000008,0.000000,+0.000008
(21|22),(19|7),0.000015,0.000000,+0.000015
(21|22),(19|8),0.000023,0.000000,+0.000023
(21|22),(19|9),0.000032,0.000054,-0.000022
(21|22),(19|10),0.000073,0.000067,+0.000006
(21|22),(19|11),0.000175,0.000089,+0.000085
(21|22),(19|12),0.000329,0.000277,+0.000051
(21|22),(19|13),0.000619,0.000559,+0.000060
(21|22),(19|14),0.001271,0.001593,-0.000322
(21|22),(19|15),0.002557,0.003248,-0.000691
(21|22),(19|16),0.005130,0.005467,-0.000337
(21|22),(19|17),0.010384,0.011721,-0.001337
(21|22),(19|18),0.020883,0.022051,-0.001168
(21|22),(19|19),0.020917,0.018347,+0.002571
(21|22),(21|5),0.000004,0.000000,+0.000004
(21|22),(21|6),0.000005,0.000000,+0.000005
(21|22),(21|7),0.000009,0.000013,-0.000004
(21|22),(21|8),0.000017,0.000009,+0.000008
(21|22),(21|9),0.000038,0.000036,+0.000002
(21|22),(21|10),0.000075,0.000036,+0.000039
(21|22),(21|11),0.000156,0.000183,-0.000027
(21|22),(21|12),0.000331,0.000300,+0.000031
(21|22),(21|13),0.000644,0.000814,-0.000170
(21|22),(21|14),0.001312,0.001118,+0.000194
(21|22),(21|15),0.002654,0.002514,+0.000140
(21|22),(21|16),0.005218,0.006456,-0.001238
(21|22),(21|17),0.010420,0.011077,-0.000657
(21|22),(21|18),0.020933,0.022847,-0.001914
(21|22),(21|19),0.021056,0.017089,+0.003967
(21|22),(23|5),0.000001,0.000000,+0.000001
(21|22),(23|6),0.000005,0.000000,+0.000005
(21|22),(23|7),0.000006,0.000000,+0.000006
(21|22),(23|8),0.000015,0.000031,-0.000016
(21|22),(23|9),0.000041,0.000009,+0.000032
(21|22),(23|10),0.000075,0.000179,-0.000104
(21|22),(23|11),0.000151,0.000183,-0.000032
(21|22),(23|12),0.000305,0.000452,-0.000147
(21|22),(23|13),0.000648,0.000470,+0.000178
(21|22),(23|14),0.001310,0.001230,+0.000080
(21|22),(23|15),0.002553,0.003266,-0.000713
(21|22),(23|16),0.005176,0.005172,+0.000004
(21|22),(23|17),0.010327,0.010160,+0.000168
(21|22),(23|18),0.020545,0.023523,-0.002978
(21|22),(23|19),0.020591,0.017264,+0.003327
(21|22),(25|4),0.000003,0.000000,+0.000003
(21|22),(25|6),0.000008,0.000000,+0.000008
(21|22),(25|7),0.000014,0.000027,-0.000013
(21|22),(25|8),0.000020,0.000004,+0.000016
(21|22),(25|9),0.000035,0.000058,-0.000023
(21|22),(25|10),0.000076,0.000067,+0.000009
(21|22),(25|11),0.000167,0.000076,+0.000091
(21|22),(25|12),0.000347,0.000340,+0.000007
(21|22),(25|13),0.000659,0.000528,+0.000131
(21|22),(25|14),0.001299,0.001320,-0.000020
(21|22),(25|15),0.002601,0.002993,-0.000392
(21|22),(25|16),0.005210,0.004823,+0.000387
(21|22),(25|17),0.010455,0.011215,-0.000761
(21|22),(25|18),0.020771,0.021693,-0.000922
(21|22),(25|19),0.020592,0.018244,+0.002348
(21|22),(27|5),0.000003,0.000000,+0.000003
(21|22),(27|6),0.000004,0.000000,+0.000004
(21|22),(27|7),0.000009,0.000000,+0.000009
(21|22),(27|8),0.000019,0.000054,-0.000034
(21|22),(27|9),0.000039,0.000040,-0.000002
(21|22),(27|10),0.000079,0.000121,-0.000042
(21|22),(27|11),0.000143,0.000098,+0.000045
(21|22),(27|12),0.000328,0.000304,+0.000024
(21|22),(27|13),0.000651,0.000394,+0.000257
(21|22),(27|14),0.001309,0.001194,+0.000115
(21|22),(27|15),0.002629,0.003042,-0.000413
(21|22),(27|16),0.005199,0.005869,-0.000670
(21|22),(27|17),0.010391,0.010612,-0.000220
(21|22),(27|18),0.020821,0.022122,-0.001302
(21|22),(27|19),0.020860,0.018020,+0.002840
(21|22),(29|4),0.000002,0.000013,-0.000011
(21|22),(29|5),0.000002,0.000013,-0.000011
(21|22),(29|6),0.000003,0.000000,+0.000003
(21|22),(29|7),0.000007,0.000000,+0.000007
(21|22),(29|8),0.000016,0.000022,-0.000006
(21|22),(29|9),0.000042,0.000031,+0.000011
(21|22),(29|10),0.000102,0.000022,+0.000080
(21|22),(29|11),0.000176,0.000219,-0.000043
(21|22),(29|12),0.000311,0.000255,+0.000056
(21|22),(29|13),0.000644,0.000689,-0.000045
(21|22),(29|14),0.001293,0.001391,-0.000099
(21|22),(29|15),0.002624,0.002716,-0.000092
(21|22),(29|16),0.005277,0.005100,+0.000177
(21|22),(29|17),0.010451,0.010276,+0.000175
(21|22),(29|18),0.020927,0.022977,-0.002049
(21|22),(29|19),0.020743,0.020677,+0.000065
(21|22),(31|6),0.000003,0.000000,+0.000003
(21|22),(31|7),0.000011,0.000000,+0.000011
(21|22),(31|8),0.000029,0.000004,+0.000025
(21|22),(31|9),0.000053,0.000018,+0.000035
(21|22),(31|10),0.000075,0.000022,+0.000053
(21|22),(31|11),0.000147,0.000157,-0.000009
(21|22),(31|12),0.000304,0.000224,+0.000080
(21|22),(31|13),0.000655,0.000514,+0.000141
(21|22),(31|14),0.001290,0.001078,+0.000212
(21|22),(31|15),0.002539,0.003047,-0.000507
(21|22),(31|16),0.005209,0.005051,+0.000159
(21|22),(31|17),0.010532,0.010544,-0.000012
(21|22),(31|18),0.020894,0.022015,-0.001121
(21|22),(31|19),0.020695,0.016879,+0.003816
(21|23),(1|6),0.000004,0.000000,+0.000004
(21|23),(1|7),0.000008,0.000000,+0.000008
(21|23),(1|8),0.000011,0.000009,+0.000002
(21|23),(1|9),0.000027,0.000031,-0.000004
(21|23),(1|10),0.000049,0.000084,-0.000035
(21|23),(1|11),0.000075,0.000053,+0.000022
(21|23),(1|12),0.000167,0.000190,-0.000023
(21|23),(1|13),0.000328,0.000256,+0.000072
(21|23),(1|14),0.000659,0.000645,+0.000014
(21|23),(1|15),0.001289,0.001219,+0.000070
(21|23),(1|16),0.002565,0.002487,+0.000078
(21|23),(1|17),0.005240,0.006176,-0.000936
(21|23),(1|18),0.010385,0.011344,-0.000959
(21|23),(1|19),0.020821,0.022048,-0.001227
(21|23),(1|20),0.021073,0.023439,-0.002366
(21|23),(3|6),0.000004,0.000000,+0.000004
(21|23),(3|7),0.000011,0.000000,+0.000011
(21|23),(3|8),0.000006,0.000004,+0.000002
(21|23),(3|9),0.000010,0.000018,-0.000008
(21|23),(3|10),0.000043,0.000031,+0.000012
(21|23),(3|11),0.000093,0.000124,-0.000030
(21|23),(3|12),0.000158,0.000119,+0.000039
(21|23),(3|13),0.000303,0.000384,-0.000082
(21|23),(3|14),0.000621,0.001308,-0.000687
(21|23),(3|15),0.001328,0.001003,+0.000325
(21|23),(3|16),0.002749,0.002469,+0.000279
(21|23),(3|17),0.005343,0.005862,-0.000519
(21|23),(3|18),0.010455,0.011296,-0.000841
(21|23),(3|19),0.020950,0.021465,-0.000515
(21|23),(3|20),0.021079,0.017034,+0.004045
(21|23),(5|2),0.000002,0.000004,-0.000002
(21|23),(5|6),0.000002,0.000000,+0.000002
(21|23),(5|7),0.000009,0.000234,-0.000225
(21|23),(5|8),0.000015,0.000022,-0.000007
(21|23),(5|9),0.000025,0.000009,+0.000016
(21|23),(5|10),0.000046,0.000004,+0.000042
(21|23),(5|11),0.000079,0.000075,+0.000004
(21|23),(5|12),0.000154,0.000208,-0.000054
(21|23),(5|13),0.000318,0.000362,-0.000044
(21|23),(5|14),0.000658,0.000583,+0.000075
(21|23),(5|15),0.001277,0.001608,-0.000331
(21|23),(5|16),0.002528,0.002571,-0.000043
(21|23),(5|17),0.005289,0.006467,-0.001179
(21|23),(5|18),0.010479,0.010456,+0.000023
(21|23),(5|19),0.020732,0.020939,-0.000207
(21|23),(5|20),0.020885,0.021509,-0.000623
(21|23),(7|2),0.000000,0.000004,-0.000004
(21|23),(7|6),0.000000,0.000018,-0.000018
(21|23),(7|7),0.000004,0.000000,+0.000004
(21|23),(7|8),0.000014,0.000018,-0.000004
(21|23),(7|9),0.000021,0.000031,-0.000010
(21|23),(7|10),0.000047,0.000018,+0.000030
(21|23),(7|11),0.000101,0.000031,+0.000070
(21|23),(7|12),0.000171,0.000221,-0.000050
(21|23),(7|13),0.000333,0.000459,-0.000126
(21|23),(7|14),0.000636,0.000583,+0.000053
(21|23),(7|15),0.001234,0.001091,+0.000143
(21|23),(7|16),0.002533,0.002385,+0.000148
(21|23),(7|17),0.005159,0.005557,-0.000398
(21|23),(7|18),0.010281,0.011702,-0.001421
(21|23),(7|19),0.020614,0.021381,-0.000767
(21|23),(7|20),0.020620,0.017498,+0.003122
(21|23),(9|6),0.000002,0.000000,+0.000002
(21|23),(9|7),0.000006,0.000009,-0.000003
(21|23),(9|8),0.000015,0.000009,+0.000006
(21|23),(9|9),0.000021,0.000018,+0.000004
(21|23),(9|10),0.000041,0.000035,+0.000005
(21|23),(9|11),0.000083,0.000075,+0.000008
(21|23),(9|12),0.000159,0.000097,+0.000061
(21|23),(9|13),0.000334,0.000243,+0.000091
(21|23),(9|14),0.000659,0.000588,+0.000071
(21|23),(9|15),0.001287,0.001511,-0.000224
(21|23),(9|16),0.002611,0.003247,-0.000636
(21|23),(9|17),0.005223,0.005659,-0.000435
(21|23),(9|18),0.010483,0.010266,+0.000216
(21|23),(9|19),0.020931,0.023011,-0.002080
(21|23),(9|20),0.020885,0.017811,+0.003074
(21|23),(11|7),0.000004,0.000009,-0.000005
(21|23),(11|8),0.000013,0.000000,+0.000013
(21|23),(11|9),0.000026,0.000022,+0.000004
(21|23),(11|10),0.000045,0.000018,+0.000028
(21|23),(11|11),0.000081,0.000084,-0.000003
(21|23),(11|12),0.000166,0.000278,-0.000112
(21|23),(11|13),0.000353,0.000327,+0.000026
(21|23),(11|14),0.000683,0.000605,+0.000077
(21|23),(11|15),0.001349,0.001392,-0.000043
(21|23),(11|16),0.002595,0.003198,-0.000603
(21|23),(11|17),0.005227,0.005456,-0.000229
(21|23),(11|18),0.010500,0.010814,-0.000314
(21|23),(11|19),0.021058,0.022631,-0.001573
(21|23),(11|20),0.021033,0.017595,+0.003438
(21|23),(13|6),0.000001,0.000000,+0.000001
(21|23),(13|7),0.000006,0.000000,+0.000006
(21|23),(13|8),0.000013,0.000009,+0.000004
(21|23),(13|9),0.000021,0.000000,+0.000021
(21|23),(13|10),0.000037,0.000027,+0.000010
(21|23),(13|11),0.000085,0.000172,-0.000088
(21|23),(13|12),0.000163,0.000261,-0.000098
(21|23),(13|13),0.000315,0.000283,+0.000033
(21|23),(13|14),0.000656,0.000764,-0.000108
(21|23),(13|15),0.001313,0.001555,-0.000242
(21|23),(13|16),0.002597,0.002584,+0.000013
(21|23),(13|17),0.005165,0.005199,-0.000035
(21|23),(13|18),0.010390,0.010867,-0.000477
(21|23),(13|19),0.020735,0.021107,-0.000371
(21|23),(13|20),0.020620,0.018690,+0.001930
(21|23),(15|5),0.000004,0.000000,+0.000004
(21|23),(15|7),0.000003,0.000000,+0.000003
(21|23),(15|8),0.000009,0.000000,+0.000009
(21|23),(15|9),0.000017,0.000009,+0.000008
(21|23),(15|10),0.000039,0.000057,-0.000019
(21|23),(15|11),0.000070,0.000062,+0.000008
(21|23),(15|12),0.000153,0.000234,-0.000081
(21|23),(15|13),0.000353,0.000292,+0.000061
(21|23),(15|14),0.000663,0.000645,+0.000018
(21|23),(15|15),0.001281,0.001179,+0.000101
(21|23),(15|16),0.002563,0.002341,+0.000222
(21|23),(15|17),0.005055,0.005142,-0.000087
(21|23),(15|18),0.010459,0.011044,-0.000584
(21|23),(15|19),0.021032,0.024177,-0.003145
(21|23),(15|20),0.021011,0.018849,+0.002161
(21|23),(17|7),0.000001,0.000000,+0.000001
(21|23),(17|8),0.000005,0.000009,-0.000004
(21|23),(17|9),0.000011,0.000013,-0.000002
(21|23),(17|10),0.000035,0.000022,+0.000013
(21|23),(17|11),0.000080,0.000044,+0.000036
(21|23),(17|12),0.000152,0.000106,+0.000046
(21|23),(17|13),0.000318,0.000375,-0.000057
(21|23),(17|14),0.000661,0.000954,-0.000293
(21|23),(17|15),0.001305,0.001608,-0.000303
(21|23),(17|16),0.002615,0.002589,+0.000027
(21|23),(17|17),0.005224,0.005756,-0.000532
(21|23),(17|18),0.010471,0.011163,-0.000692
(21|23),(17|19),0.020783,0.022167,-0.001384
(21|23),(17|20),0.020644,0.018010,+0.002634
(21|23),(19|4),0.000001,0.000000,+0.000001
(21|23),(19|6),0.000003,0.000022,-0.000019
(21|23),(19|7),0.000008,0.000000,+0.000008
(21|23),(19|8),0.000015,0.000040,-0.000024
(21|23),(19|9),0.000023,0.000018,+0.000006
(21|23),(19|10),0.000032,0.000049,-0.000017
(21|23),(19|11),0.000073,0.000110,-0.000038
(21|23),(19|12),0.000175,0.000194,-0.000020
(21|23),(19|13),0.000329,0.000411,-0.000082
(21|23),(19|14),0.000619,0.001281,-0.000662
(21|23),(19|15),0.001271,0.001400,-0.000130
(21|23),(19|16),0.002557,0.002509,+0.000048
(21|23),(19|17),0.005130,0.005168,-0.000038
(21|23),(19|18),0.010384,0.010447,-0.000063
(21|23),(19|19),0.020883,0.022255,-0.001373
(21|23),(19|20),0.020917,0.018222,+0.002695
(21|23),(21|5),0.000001,0.000018,-0.000016
(21|23),(21|6),0.000004,0.000000,+0.000004
(21|23),(21|7),0.000005,0.000000,+0.000005
(21|23),(21|8),0.000009,0.000004,+0.000005
(21|23),(21|9),0.000017,0.000018,-0.000000
(21|23),(21|10),0.000038,0.000009,+0.000029
(21|23),(21|11),0.000075,0.000040,+0.000035
(21|23),(21|12),0.000156,0.000243,-0.000087
(21|23),(21|13),0.000331,0.000269,+0.000061
(21|23),(21|14),0.000644,0.000623,+0.000021
(21|23),(21|15),0.001312,0.001082,+0.000230
(21|23),(21|16),0.002654,0.002699,-0.000045
(21|23),(21|17),0.005218,0.005986,-0.000768
(21|23),(21|18),0.010420,0.010386,+0.000034
(21|23),(21|19),0.020933,0.021734,-0.000801
(21|23),(21|20),0.021056,0.018611,+0.002445
(21|23),(23|4),0.000000,0.000004,-0.000004
(21|23),(23|6),0.000001,0.000000,+0.000001
(21|23),(23|7),0.000005,0.000013,-0.000009
(21|23),(23|8),0.000006,0.000000,+0.000006
(21|23),(23|9),0.000015,0.000040,-0.000024
(21|23),(23|10),0.000041,0.000027,+0.000015
(21|23),(23|11),0.000075,0.000106,-0.000031
(21|23),(23|12),0.000151,0.000128,+0.000023
(21|23),(23|13),0.000305,0.000269,+0.000036
(21|23),(23|14),0.000648,0.000777,-0.000129
(21|23),(23|15),0.001310,0.001087,+0.000223
(21|23),(23|16),0.002553,0.003644,-0.001092
(21|23),(23|17),0.005176,0.005729,-0.000553
(21|23),(23|18),0.010327,0.010832,-0.000504
(21|23),(23|19),0.020545,0.022330,-0.001786
(21|23),(23|20),0.020591,0.017833,+0.002757
(21|23),(25|6),0.000005,0.000000,+0.000005
(21|23),(25|7),0.000008,0.000000,+0.000008
(21|23),(25|8),0.000014,0.000022,-0.000008
(21|23),(25|9),0.000020,0.000009,+0.000011
(21|23),(25|10),0.000035,0.000044,-0.000010
(21|23),(25|11),0.000076,0.000137,-0.000061
(21|23),(25|12),0.000167,0.000292,-0.000124
(21|23),(25|13),0.000347,0.000358,-0.000010
(21|23),(25|14),0.000659,0.000473,+0.000187
(21|23),(25|15),0.001299,0.001436,-0.000136
(21|23),(25|16),0.002601,0.002408,+0.000193
(21|23),(25|17),0.005210,0.005729,-0.000519
(21|23),(25|18),0.010455,0.010266,+0.000188
(21|23),(25|19),0.020771,0.022207,-0.001436
(21|23),(25|20),0.020592,0.018231,+0.002361
(21|23),(27|6),0.000003,0.000000,+0.000003
(21|23),(27|7),0.000004,0.000018,-0.000014
(21|23),(27|8),0.000009,0.000009,-0.000000
(21|23),(27|9),0.000019,0.000062,-0.000043
(21|23),(27|10),0.000039,0.000022,+0.000017
(21|23),(27|11),0.000079,0.000128,-0.000049
(21|23),(27|12),0.000143,0.000168,-0.000025
(21|23),(27|13),0.000328,0.000362,-0.000034
(21|23),(27|14),0.000651,0.000645,+0.000006
(21|23),(27|15),0.001309,0.001321,-0.000011
(21|23),(27|16),0.002629,0.002695,-0.000066
(21|23),(27|17),0.005199,0.005115,+0.000084
(21|23),(27|18),0.010391,0.010235,+0.000156
(21|23),(27|19),0.020821,0.023064,-0.002243
(21|23),(27|20),0.020860,0.017714,+0.003146
(21|23),(29|5),0.000002,0.000000,+0.000002
(21|23),(29|6),0.000002,0.000000,+0.000002
(21|23),(29|7),0.000003,0.000000,+0.000003
(21|23),(29|8),0.000007,0.000000,+0.000007
(21|23),(29|9),0.000016,0.000013,+0.000003
(21|23),(29|10),0.000042,0.000053,-0.000011
(21|23),(29|11),0.000102,0.000044,+0.000058
(21|23),(29|12),0.000176,0.000093,+0.000083
(21|23),(29|13),0.000311,0.000477,-0.000166
(21|23),(29|14),0.000644,0.000521,+0.000123
(21|23),(29|15),0.001293,0.001272,+0.000020
(21|23),(29|16),0.002624,0.002955,-0.000331
(21|23),(29|17),0.005277,0.005129,+0.000149
(21|23),(29|18),0.010451,0.010028,+0.000424
(21|23),(29|19),0.020927,0.020762,+0.000165
(21|23),(29|20),0.020743,0.017825,+0.002918
(21|23),(31|4),0.000000,0.000004,-0.000004
(21|23),(31|6),0.000001,0.000000,+0.000001
(21|23),(31|7),0.000003,0.000000,+0.000003
(21|23),(31|8),0.000011,0.000009,+0.000002
(21|23),(31|9),0.000029,0.000009,+0.000020
(21|23),(31|10),0.000053,0.000057,-0.000004
(21|23),(31|11),0.000075,0.000088,-0.000013
(21|23),(31|12),0.000147,0.000102,+0.000046
(21|23),(31|13),0.000304,0.000269,+0.000035
(21|23),(31|14),0.000655,0.001007,-0.000352
(21|23),(31|15),0.001290,0.001559,-0.000269
(21|23),(31|16),0.002539,0.002858,-0.000319
(21|23),(31|17),0.005209,0.005124,+0.000085
(21|23),(31|18),0.010532,0.010823,-0.000291
(21|23),(31|19),0.020894,0.022640,-0.001746
(21|23),(31|20),0.020695,0.017922,+0.002773
(21|24),(1|7),0.000004,0.000009,-0.000005
(21|24),(1|8),0.000008,0.000000,+0.000008
(21|24),(1|9),0.000011,0.000018,-0.000007
(21|24),(1|10),0.000027,0.000022,+0.000005
(21|24),(1|11),0.000049,0.000040,+0.000009
(21|24),(1|12),0.000075,0.000071,+0.000004
(21|24),(1|13),0.000167,0.000173,-0.000006
(21|24),(1|14),0.000328,0.000408,-0.000080
(21|24),(1|15),0.000659,0.000662,-0.000003
(21|24),(1|16),0.001289,0.001412,-0.000123
(21|24),(1|17),0.002565,0.002504,+0.000061
(21|24),(1|18),0.005240,0.005426,-0.000186
(21|24),(1|19),0.010385,0.010972,-0.000587
(21|24),(1|20),0.020821,0.021357,-0.000536
(21|24),(1|21),0.021073,0.018098,+0.002975
(21|24),(3|5),0.000001,0.000000,+0.000001
(21|24),(3|6),0.000000,0.000009,-0.000009
(21|24),(3|7),0.000004,0.000000,+0.000004
(21|24),(3|8),0.000011,0.000000,+0.000011
(21|24),(3|9),0.000006,0.000000,+0.000006
(21|24),(3|10),0.000010,0.000031,-0.000021
(21|24),(3|11),0.000043,0.000009,+0.000034
(21|24),(3|12),0.000093,0.000084,+0.000009
(21|24),(3|13),0.000158,0.000169,-0.000011
(21|24),(3|14),0.000303,0.000226,+0.000076
(21|24),(3|15),0.000621,0.000790,-0.000170
(21|24),(3|16),0.001328,0.001368,-0.000040
(21|24),(3|17),0.002749,0.002580,+0.000169
(21|24),(3|18),0.005343,0.005457,-0.000114
(21|24),(3|19),0.010455,0.011318,-0.000863
(21|24),(3|20),0.020950,0.022702,-0.001752
(21|24),(3|21),0.021079,0.017610,+0.003469
(21|24),(5|5),0.000001,0.000000,+0.000001
(21|24),(5|6),0.000000,0.000004,-0.000004
(21|24),(5|7),0.000002,0.000000,+0.000002
(21|24),(5|8),0.000009,0.000004,+0.000004
(21|24),(5|9),0.000015,0.000000,+0.000015
(21|24),(5|10),0.000025,0.000018,+0.000007
(21|24),(5|11),0.000046,0.000049,-0.000003
(21|24),(5|12),0.000079,0.000124,-0.000045
(21|24),(5|13),0.000154,0.000222,-0.000068
(21|24),(5|14),0.000318,0.000337,-0.000019
(21|24),(5|15),0.000658,0.000670,-0.000012
(21|24),(5|16),0.001277,0.002082,-0.000806
(21|24),(5|17),0.002528,0.002802,-0.000274
(21|24),(5|18),0.005289,0.005324,-0.000035
(21|24),(5|19),0.010479,0.011496,-0.001016
(21|24),(5|20),0.020732,0.022272,-0.001540
(21|24),(5|21),0.020885,0.018116,+0.002770
(21|24),(7|2),0.000001,0.000000,+0.000001
(21|24),(7|8),0.000004,0.000000,+0.000004
(21|24),(7|9),0.000014,0.000018,-0.000004
(21|24),(7|10),0.000021,0.000022,-0.000001
(21|24),(7|11),0.000047,0.000022,+0.000025
(21|24),(7|12),0.000101,0.000044,+0.000056
(21|24),(7|13),0.000171,0.000173,-0.000002
(21|24),(7|14),0.000333,0.000404,-0.000071
(21|24),(7|15),0.000636,0.000644,-0.000008
(21|24),(7|16),0.001234,0.001310,-0.000076
(21|24),(7|17),0.002533,0.002877,-0.000344
(21|24),(7|18),0.005159,0.005359,-0.000200
(21|24),(7|19),0.010281,0.011140,-0.000859
(21|24),(7|20),0.020614,0.021410,-0.000796
(21|24),(7|21),0.020620,0.018267,+0.002353
(21|24),(9|5),0.000000,0.000009,-0.000009
(21|24),(9|7),0.000002,0.000000,+0.000002
(21|24),(9|8),0.000006,0.000000,+0.000006
(21|24),(9|9),0.000015,0.000004,+0.000011
(21|24),(9|10),0.000021,0.000009,+0.000012
(21|24),(9|11),0.000041,0.000018,+0.000023
(21|24),(9|12),0.000083,0.000089,-0.000006
(21|24),(9|13),0.000159,0.000138,+0.000021
(21|24),(9|14),0.000334,0.000280,+0.000054
(21|24),(9|15),0.000659,0.000795,-0.000136
(21|24),(9|16),0.001287,0.001208,+0.000079
(21|24),(9|17),0.002611,0.002824,-0.000213
(21|24),(9|18),0.005223,0.005581,-0.000358
(21|24),(9|19),0.010483,0.011722,-0.001239
(21|24),(9|20),0.020931,0.022889,-0.001958
(21|24),(9|21),0.020885,0.018569,+0.002317
(21|24),(11|8),0.000004,0.000000,+0.000004
(21|24),(11|9),0.000013,0.000018,-0.000005
(21|24),(11|10),0.000026,0.000004,+0.000022
(21|24),(11|11),0.000045,0.000013,+0.000032
(21|24),(11|12),0.000081,0.000164,-0.000083
(21|24),(11|13),0.000166,0.000142,+0.000024
(21|24),(11|14),0.000353,0.000297,+0.000056
(21|24),(11|15),0.000683,0.001008,-0.000325
(21|24),(11|16),0.001349,0.001261,+0.000088
(21|24),(11|17),0.002595,0.002744,-0.000149
(21|24),(11|18),0.005227,0.005168,+0.000058
(21|24),(11|19),0.010500,0.011052,-0.000552
(21|24),(11|20),0.021058,0.021708,-0.000650
(21|24),(11|21),0.021033,0.018182,+0.002851
(21|24),(13|7),0.000001,0.000000,+0.000001
(21|24),(13|8),0.000006,0.000009,-0.000003
(21|24),(13|9),0.000013,0.000009,+0.000004
(21|24),(13|10),0.000021,0.000031,-0.000010
(21|24),(13|11),0.000037,0.000120,-0.000083
(21|24),(13|12),0.000085,0.000067,+0.000018
(21|24),(13|13),0.000163,0.000249,-0.000086
(21|24),(13|14),0.000315,0.000360,-0.000044
(21|24),(13|15),0.000656,0.000817,-0.000161
(21|24),(13|16),0.001313,0.001292,+0.000021
(21|24),(13|17),0.002597,0.002837,-0.000240
(21|24),(13|18),0.005165,0.005315,-0.000150
(21|24),(13|19),0.010390,0.011607,-0.001217
(21|24),(13|20),0.020735,0.022929,-0.002194
(21|24),(13|21),0.020620,0.019164,+0.001456
(21|24),(15|5),0.000002,0.000000,+0.000002
(21|24),(15|6),0.000004,0.000000,+0.000004
(21|24),(15|8),0.000003,0.000000,+0.000003
(21|24),(15|9),0.000009,0.000013,-0.000005
(21|24),(15|10),0.000017,0.000004,+0.000012
(21|24),(15|11),0.000039,0.000040,-0.000001
(21|24),(15|12),0.000070,0.000049,+0.000021
(21|24),(15|13),0.000153,0.000102,+0.000051
(21|24),(15|14),0.000353,0.000311,+0.000042
(21|24),(15|15),0.000663,0.000599,+0.000063
(21|24),(15|16),0.001281,0.001212,+0.000069
(21|24),(15|17),0.002563,0.002566,-0.000003
(21|24),(15|18),0.005055,0.005364,-0.000308
(21|24),(15|19),0.010459,0.012357,-0.001898
(21|24),(15|20),0.021032,0.021934,-0.000902
(21|24),(15|21),0.021011,0.018289,+0.002722
(21|24),(17|8),0.000001,0.000000,+0.000001
(21|24),(17|9),0.000005,0.000000,+0.000005
(21|24),(17|10),0.000011,0.000036,-0.000024
(21|24),(17|11),0.000035,0.000044,-0.000009
(21|24),(17|12),0.000080,0.000129,-0.000049
(21|24),(17|13),0.000152,0.000186,-0.000034
(21|24),(17|14),0.000318,0.000262,+0.000056
(21|24),(17|15),0.000661,0.000972,-0.000311
(21|24),(17|16),0.001305,0.001421,-0.000116
(21|24),(17|17),0.002615,0.002748,-0.000133
(21|24),(17|18),0.005224,0.005608,-0.000384
(21|24),(17|19),0.010471,0.010576,-0.000106
(21|24),(17|20),0.020783,0.022760,-0.001977
(21|24),(17|21),0.020644,0.018222,+0.002422
(21|24),(19|7),0.000003,0.000000,+0.000003
(21|24),(19|8),0.000008,0.000000,+0.000008
(21|24),(19|9),0.000015,0.000080,-0.000065
(21|24),(19|10),0.000023,0.000013,+0.000010
(21|24),(19|11),0.000032,0.000071,-0.000039
(21|24),(19|12),0.000073,0.000049,+0.000024
(21|24),(19|13),0.000175,0.000191,-0.000016
(21|24),(19|14),0.000329,0.000324,+0.000005
(21|24),(19|15),0.000619,0.000839,-0.000220
(21|24),(19|16),0.001271,0.001239,+0.000032
(21|24),(19|17),0.002557,0.002540,+0.000018
(21|24),(19|18),0.005130,0.006336,-0.001206
(21|24),(19|19),0.010384,0.010896,-0.000512
(21|24),(19|20),0.020883,0.021912,-0.001029
(21|24),(19|21),0.020917,0.018831,+0.002087
(21|24),(21|6),0.000001,0.000000,+0.000001
(21|24),(21|7),0.000004,0.000000,+0.000004
(21|24),(21|8),0.000005,0.000004,+0.000001
(21|24),(21|9),0.000009,0.000000,+0.000009
(21|24),(21|10),0.000017,0.000022,-0.000005
(21|24),(21|11),0.000038,0.000075,-0.000037
(21|24),(21|12),0.000075,0.000062,+0.000013
(21|24),(21|13),0.000156,0.000155,+0.000001
(21|24),(21|14),0.000331,0.000355,-0.000025
(21|24),(21|15),0.000644,0.000861,-0.000217
(21|24),(21|16),0.001312,0.001483,-0.000171
(21|24),(21|17),0.002654,0.002859,-0.000205
(21|24),(21|18),0.005218,0.005217,+0.000001
(21|24),(21|19),0.010420,0.011225,-0.000805
(21|24),(21|20),0.020933,0.021672,-0.000739
(21|24),(21|21),0.021056,0.017703,+0.003353
(21|24),(23|4),0.000001,0.000000,+0.000001
(21|24),(23|7),0.000001,0.000000,+0.000001
(21|24),(23|8),0.000005,0.000000,+0.000005
(21|24),(23|9),0.000006,0.000000,+0.000006
(21|24),(23|10),0.000015,0.000004,+0.000011
(21|24),(23|11),0.000041,0.000009,+0.000032
(21|24),(23|12),0.000075,0.000093,-0.000018
(21|24),(23|13),0.000151,0.000142,+0.000009
(21|24),(23|14),0.000305,0.000289,+0.000017
(21|24),(23|15),0.000648,0.000742,-0.000094
(21|24),(23|16),0.001310,0.001603,-0.000293
(21|24),(23|17),0.002553,0.002478,+0.000075
(21|24),(23|18),0.005176,0.005088,+0.000088
(21|24),(23|19),0.010327,0.010683,-0.000356
(21|24),(23|20),0.020545,0.020531,+0.000013
(21|24),(23|21),0.020591,0.018484,+0.002106
(21|24),(25|6),0.000003,0.000000,+0.000003
(21|24),(25|7),0.000005,0.000000,+0.000005
(21|24),(25|8),0.000008,0.000004,+0.000004
(21|24),(25|9),0.000014,0.000004,+0.000010
(21|24),(25|10),0.000020,0.000031,-0.000011
(21|24),(25|11),0.000035,0.000036,-0.000001
(21|24),(25|12),0.000076,0.000089,-0.000013
(21|24),(25|13),0.000167,0.000169,-0.000001
(21|24),(25|14),0.000347,0.000355,-0.000008
(21|24),(25|15),0.000659,0.000657,+0.000002
(21|24),(25|16),0.001299,0.001812,-0.000512
(21|24),(25|17),0.002601,0.002966,-0.000365
(21|24),(25|18),0.005210,0.005661,-0.000451
(21|24),(25|19),0.010455,0.013645,-0.003190
(21|24),(25|20),0.020771,0.021930,-0.001159
(21|24),(25|21),0.020592,0.017836,+0.002756
(21|24),(27|7),0.000003,0.000000,+0.000003
(21|24),(27|8),0.000004,0.000009,-0.000005
(21|24),(27|9),0.000009,0.000009,-0.000000
(21|24),(27|10),0.000019,0.000044,-0.000025
(21|24),(27|11),0.000039,0.000053,-0.000015
(21|24),(27|12),0.000079,0.000075,+0.000003
(21|24),(27|13),0.000143,0.000129,+0.000015
(21|24),(27|14),0.000328,0.000497,-0.000169
(21|24),(27|15),0.000651,0.000884,-0.000233
(21|24),(27|16),0.001309,0.001297,+0.000013
(21|24),(27|17),0.002629,0.002558,+0.000071
(21|24),(27|18),0.005199,0.005772,-0.000573
(21|24),(27|19),0.010391,0.010723,-0.000332
(21|24),(27|20),0.020821,0.021646,-0.000825
(21|24),(27|21),0.020860,0.018342,+0.002518
(21|24),(29|6),0.000002,0.000000,+0.000002
(21|24),(29|7),0.000002,0.000000,+0.000002
(21|24),(29|8),0.000003,0.000022,-0.000020
(21|24),(29|9),0.000007,0.000018,-0.000011
(21|24),(29|10),0.000016,0.000009,+0.000007
(21|24),(29|11),0.000042,0.000036,+0.000006
(21|24),(29|12),0.000102,0.000098,+0.000004
(21|24),(29|13),0.000176,0.000129,+0.000047
(21|24),(29|14),0.000311,0.000311,-0.000000
(21|24),(29|15),0.000644,0.000644,+0.000000
(21|24),(29|16),0.001293,0.001394,-0.000102
(21|24),(29|17),0.002624,0.002717,-0.000093
(21|24),(29|18),0.005277,0.005248,+0.000029
(21|24),(29|19),0.010451,0.010594,-0.000143
(21|24),(29|20),0.020927,0.020944,-0.000017
(21|24),(29|21),0.020743,0.017729,+0.003013
(21|24),(31|7),0.000001,0.000009,-0.000008
(21|24),(31|8),0.000003,0.000000,+0.000003
(21|24),(31|9),0.000011,0.000009,+0.000002
(21|24),(31|10),0.000029,0.000000,+0.000029
(21|24),(31|11),0.000053,0.000062,-0.000009
(21|24),(31|12),0.000075,0.000289,-0.000213
(21|24),(31|13),0.000147,0.000115,+0.000032
(21|24),(31|14),0.000304,0.000382,-0.000078
(21|24),(31|15),0.000655,0.000582,+0.000074
(21|24),(31|16),0.001290,0.001452,-0.000162
(21|24),(31|17),0.002539,0.002526,+0.000013
(21|24),(31|18),0.005209,0.005968,-0.000758
(21|24),(31|19),0.010532,0.010878,-0.000346
(21|24),(31|20),0.020894,0.022325,-0.001431
(21|24),(31|21),0.020695,0.017872,+0.002823
(21|25),(1|6),0.000001,0.000000,+0.000001
(21|25),(1|8),0.000004,0.000004,-0.000000
(21|25),(1|9),0.000008,0.000000,+0.000008
(21|25),(1|10),0.000011,0.000044,-0.000033
(21|25),(1|11),0.000027,0.000013,+0.000014
(21|25),(1|12),0.000049,0.000084,-0.000035
(21|25),(1|13),0.000075,0.000057,+0.000017
(21|25),(1|14),0.000167,0.000119,+0.000048
(21|25),(1|15),0.000328,0.000278,+0.000050
(21|25),(1|16),0.000659,0.000896,-0.000237
(21|25),(1|17),0.001289,0.001328,-0.000039
(21|25),(1|18),0.002565,0.002648,-0.000083
(21|25),(1|19),0.005240,0.005490,-0.000250
(21|25),(1|20),0.010385,0.010221,+0.000163
(21|25),(1|21),0.020821,0.021678,-0.000858
(21|25),(1|22),0.021073,0.018055,+0.003018
(21|25),(3|6),0.000001,0.000000,+0.000001
(21|25),(3|8),0.000004,0.000000,+0.000004
(21|25),(3|9),0.000011,0.000009,+0.000002
(21|25),(3|10),0.000006,0.000009,-0.000003
(21|25),(3|11),0.000010,0.000026,-0.000016
(21|25),(3|12),0.000043,0.000049,-0.000005
(21|25),(3|13),0.000093,0.000044,+0.000049
(21|25),(3|14),0.000158,0.000185,-0.000027
(21|25),(3|15),0.000303,0.000313,-0.000011
(21|25),(3|16),0.000621,0.000874,-0.000253
(21|25),(3|17),0.001328,0.001275,+0.000053
(21|25),(3|18),0.002749,0.002860,-0.000111
(21|25),(3|19),0.005343,0.005614,-0.000270
(21|25),(3|20),0.010455,0.011695,-0.001241
(21|25),(3|21),0.020950,0.021687,-0.000737
(21|25),(3|22),0.021079,0.018452,+0.002627
(21|25),(5|5),0.000002,0.000000,+0.000002
(21|25),(5|6),0.000001,0.000000,+0.000001
(21|25),(5|8),0.000002,0.000000,+0.000002
(21|25),(5|9),0.000009,0.000004,+0.000004
(21|25),(5|10),0.000015,0.000009,+0.000007
(21|25),(5|11),0.000025,0.000009,+0.000016
(21|25),(5|12),0.000046,0.000044,+0.000002
(21|25),(5|13),0.000079,0.000084,-0.000005
(21|25),(5|14),0.000154,0.000185,-0.000031
(21|25),(5|15),0.000318,0.000335,-0.000017
(21|25),(5|16),0.000658,0.000715,-0.000057
(21|25),(5|17),0.001277,0.001152,+0.000125
(21|25),(5|18),0.002528,0.002613,-0.000085
(21|25),(5|19),0.005289,0.008849,-0.003560
(21|25),(5|20),0.010479,0.011130,-0.000651
(21|25),(5|21),0.020732,0.023346,-0.002614
(21|25),(5|22),0.020885,0.018562,+0.002323
(21|25),(7|9),0.000004,0.000000,+0.000004
(21|25),(7|10),0.000014,0.000009,+0.000005
(21|25),(7|11),0.000021,0.000009,+0.000013
(21|25),(7|12),0.000047,0.000035,+0.000012
(21|25),(7|13),0.000101,0.000115,-0.000014
(21|25),(7|14),0.000171,0.000115,+0.000057
(21|25),(7|15),0.000333,0.000322,+0.000011
(21|25),(7|16),0.000636,0.000613,+0.000023
(21|25),(7|17),0.001234,0.001386,-0.000152
(21|25),(7|18),0.002533,0.002516,+0.000018
(21|25),(7|19),0.005159,0.005380,-0.000220
(21|25),(7|20),0.010281,0.010623,-0.000342
(21|25),(7|21),0.020614,0.022433,-0.001819
(21|25),(7|22),0.020620,0.017777,+0.002843
(21|25),(9|8),0.000002,0.000009,-0.000007
(21|25),(9|9),0.000006,0.000000,+0.000006
(21|25),(9|10),0.000015,0.000004,+0.000011
(21|25),(9|11),0.000021,0.000022,-0.000001
(21|25),(9|12),0.000041,0.000057,-0.000017
(21|25),(9|13),0.000083,0.000057,+0.000025
(21|25),(9|14),0.000159,0.000146,+0.000013
(21|25),(9|15),0.000334,0.000327,+0.000007
(21|25),(9|16),0.000659,0.000530,+0.000129
(21|25),(9|17),0.001287,0.001315,-0.000029
(21|25),(9|18),0.002611,0.002586,+0.000025
(21|25),(9|19),0.005223,0.005415,-0.000192
(21|25),(9|20),0.010483,0.011280,-0.000798
(21|25),(9|21),0.020931,0.021952,-0.001021
(21|25),(9|22),0.020885,0.017402,+0.003484
(21|25),(11|9),0.000004,0.000004,-0.000000
(21|25),(11|10),0.000013,0.000004,+0.000008
(21|25),(11|11),0.000026,0.000009,+0.000017
(21|25),(11|12),0.000045,0.000049,-0.000003
(21|25),(11|13),0.000081,0.000093,-0.000011
(21|25),(11|14),0.000166,0.000185,-0.000019
(21|25),(11|15),0.000353,0.000684,-0.000331
(21|25),(11|16),0.000683,0.000843,-0.000160
(21|25),(11|17),0.001349,0.001271,+0.000078
(21|25),(11|18),0.002595,0.002604,-0.000009
(21|25),(11|19),0.005227,0.005495,-0.000268
(21|25),(11|20),0.010500,0.011506,-0.001006
(21|25),(11|21),0.021058,0.022300,-0.001242
(21|25),(11|22),0.021033,0.017128,+0.003905
(21|25),(13|8),0.000001,0.000004,-0.000003
(21|25),(13|9),0.000006,0.000013,-0.000007
(21|25),(13|10),0.000013,0.000009,+0.000005
(21|25),(13|11),0.000021,0.000004,+0.000017
(21|25),(13|12),0.000037,0.000049,-0.000012
(21|25),(13|13),0.000085,0.000053,+0.000032
(21|25),(13|14),0.000163,0.000124,+0.000039
(21|25),(13|15),0.000315,0.000282,+0.000033
(21|25),(13|16),0.000656,0.000627,+0.000029
(21|25),(13|17),0.001313,0.001218,+0.000095
(21|25),(13|18),0.002597,0.002816,-0.000218
(21|25),(13|19),0.005165,0.005649,-0.000484
(21|25),(13|20),0.010390,0.010932,-0.000542
(21|25),(13|21),0.020735,0.021987,-0.001252
(21|25),(13|22),0.020620,0.017684,+0.002936
(21|25),(15|6),0.000002,0.000000,+0.000002
(21|25),(15|7),0.000004,0.000000,+0.000004
(21|25),(15|8),0.000000,0.000004,-0.000004
(21|25),(15|9),0.000003,0.000000,+0.000003
(21|25),(15|10),0.000009,0.000009,-0.000000
(21|25),(15|11),0.000017,0.000009,+0.000008
(21|25),(15|12),0.000039,0.000044,-0.000005
(21|25),(15|13),0.000070,0.000035,+0.000035
(21|25),(15|14),0.000153,0.000185,-0.000033
(21|25),(15|15),0.000353,0.000340,+0.000013
(21|25),(15|16),0.000663,0.000741,-0.000079
(21|25),(15|17),0.001281,0.001386,-0.000105
(21|25),(15|18),0.002563,0.002891,-0.000327
(21|25),(15|19),0.005055,0.005450,-0.000395
(21|25),(15|20),0.010459,0.010870,-0.000411
(21|25),(15|21),0.021032,0.021656,-0.000624
(21|25),(15|22),0.021011,0.018377,+0.002634
(21|25),(17|7),0.000000,0.000018,-0.000018
(21|25),(17|9),0.000001,0.000004,-0.000003
(21|25),(17|10),0.000005,0.000004,+0.000000
(21|25),(17|11),0.000011,0.000013,-0.000002
(21|25),(17|12),0.000035,0.000026,+0.000009
(21|25),(17|13),0.000080,0.000057,+0.000023
(21|25),(17|14),0.000152,0.000146,+0.000006
(21|25),(17|15),0.000318,0.000243,+0.000075
(21|25),(17|16),0.000661,0.000658,+0.000004
(21|25),(17|17),0.001305,0.001417,-0.000112
(21|25),(17|18),0.002615,0.002674,-0.000059
(21|25),(17|19),0.005224,0.005261,-0.000037
(21|25),(17|20),0.010471,0.011113,-0.000642
(21|25),(17|21),0.020783,0.022433,-0.001650
(21|25),(17|22),0.020644,0.018258,+0.002386
(21|25),(19|6),0.000001,0.000000,+0.000001
(21|25),(19|8),0.000003,0.000000,+0.000003
(21|25),(19|9),0.000008,0.000000,+0.000008
(21|25),(19|10),0.000015,0.000009,+0.000007
(21|25),(19|11),0.000023,0.000026,-0.000003
(21|25),(19|12),0.000032,0.000044,-0.000012
(21|25),(19|13),0.000073,0.000075,-0.000002
(21|25),(19|14),0.000175,0.000119,+0.000056
(21|25),(19|15),0.000329,0.000450,-0.000121
(21|25),(19|16),0.000619,0.000702,-0.000082
(21|25),(19|17),0.001271,0.001249,+0.000022
(21|25),(19|18),0.002557,0.002666,-0.000108
(21|25),(19|19),0.005130,0.005733,-0.000603
(21|25),(19|20),0.010384,0.011581,-0.001197
(21|25),(19|21),0.020883,0.021793,-0.000910
(21|25),(19|22),0.020917,0.018381,+0.002536
(21|25),(21|7),0.000001,0.000000,+0.000001
(21|25),(21|8),0.000004,0.000000,+0.000004
(21|25),(21|9),0.000005,0.000000,+0.000005
(21|25),(21|10),0.000009,0.000004,+0.000005
(21|25),(21|11),0.000017,0.000004,+0.000013
(21|25),(21|12),0.000038,0.000066,-0.000028
(21|25),(21|13),0.000075,0.000115,-0.000040
(21|25),(21|14),0.000156,0.000141,+0.000015
(21|25),(21|15),0.000331,0.000380,-0.000049
(21|25),(21|16),0.000644,0.000874,-0.000230
(21|25),(21|17),0.001312,0.001399,-0.000087
(21|25),(21|18),0.002654,0.002674,-0.000020
(21|25),(21|19),0.005218,0.005340,-0.000122
(21|25),(21|20),0.010420,0.011197,-0.000777
(21|25),(21|21),0.020933,0.021762,-0.000829
(21|25),(21|22),0.021056,0.018920,+0.002136
(21|25),(23|5),0.000001,0.000000,+0.000001
(21|25),(23|7),0.000000,0.000004,-0.000004
(21|25),(23|8),0.000001,0.000013,-0.000012
(21|25),(23|9),0.000005,0.000009,-0.000004
(21|25),(23|10),0.000006,0.000018,-0.000012
(21|25),(23|11),0.000015,0.000062,-0.000046
(21|25),(23|12),0.000041,0.000168,-0.000126
(21|25),(23|13),0.000075,0.000088,-0.000013
(21|25),(23|14),0.000151,0.000088,+0.000063
(21|25),(23|15),0.000305,0.000331,-0.000026
(21|25),(23|16),0.000648,0.000609,+0.000039
(21|25),(23|17),0.001310,0.001421,-0.000111
(21|25),(23|18),0.002553,0.002622,-0.000069
(21|25),(23|19),0.005176,0.005128,+0.000048
(21|25),(23|20),0.010327,0.011960,-0.001633
(21|25),(23|21),0.020545,0.022587,-0.002043
(21|25),(23|22),0.020591,0.017830,+0.002761
(21|25),(25|7),0.000003,0.000000,+0.000003
(21|25),(25|8),0.000005,0.000009,-0.000004
(21|25),(25|9),0.000008,0.000000,+0.000008
(21|25),(25|10),0.000014,0.000035,-0.000021
(21|25),(25|11),0.000020,0.000018,+0.000002
(21|25),(25|12),0.000035,0.000057,-0.000023
(21|25),(25|13),0.000076,0.000084,-0.000008
(21|25),(25|14),0.000167,0.000190,-0.000022
(21|25),(25|15),0.000347,0.000340,+0.000008
(21|25),(25|16),0.000659,0.000605,+0.000055
(21|25),(25|17),0.001299,0.001368,-0.000069
(21|25),(25|18),0.002601,0.002948,-0.000347
(21|25),(25|19),0.005210,0.005345,-0.000135
(21|25),(25|20),0.010455,0.011947,-0.001492
(21|25),(25|21),0.020771,0.021625,-0.000855
(21|25),(25|22),0.020592,0.017830,+0.002762
(21|25),(27|8),0.000003,0.000000,+0.000003
(21|25),(27|9),0.000004,0.000009,-0.000005
(21|25),(27|10),0.000009,0.000000,+0.000009
(21|25),(27|11),0.000019,0.000004,+0.000015
(21|25),(27|12),0.000039,0.000013,+0.000025
(21|25),(27|13),0.000079,0.000106,-0.000027
(21|25),(27|14),0.000143,0.000207,-0.000064
(21|25),(27|15),0.000328,0.000305,+0.000023
(21|25),(27|16),0.000651,0.000556,+0.000095
(21|25),(27|17),0.001309,0.001364,-0.000054
(21|25),(27|18),0.002629,0.002666,-0.000037
(21|25),(27|19),0.005199,0.005468,-0.000269
(21|25),(27|20),0.010391,0.011055,-0.000664
(21|25),(27|21),0.020821,0.021572,-0.000752
(21|25),(27|22),0.020860,0.018156,+0.002704
(21|25),(29|4),0.000001,0.000000,+0.000001
(21|25),(29|7),0.000002,0.000004,-0.000002
(21|25),(29|8),0.000002,0.000000,+0.000002
(21|25),(29|9),0.000003,0.000000,+0.000003
(21|25),(29|10),0.000007,0.000013,-0.000007
(21|25),(29|11),0.000016,0.000009,+0.000007
(21|25),(29|12),0.000042,0.000031,+0.000011
(21|25),(29|13),0.000102,0.000102,+0.000000
(21|25),(29|14),0.000176,0.000194,-0.000018
(21|25),(29|15),0.000311,0.000357,-0.000047
(21|25),(29|16),0.000644,0.000808,-0.000164
(21|25),(29|17),0.001293,0.001408,-0.000115
(21|25),(29|18),0.002624,0.002829,-0.000205
(21|25),(29|19),0.005277,0.005901,-0.000623
(21|25),(29|20),0.010451,0.012379,-0.001928
(21|25),(29|21),0.020927,0.023165,-0.002238
(21|25),(29|22),0.020743,0.017755,+0.002988
(21|25),(31|8),0.000001,0.000000,+0.000001
(21|25),(31|9),0.000003,0.000000,+0.000003
(21|25),(31|10),0.000011,0.000013,-0.000002
(21|25),(31|11),0.000029,0.000026,+0.000003
(21|25),(31|12),0.000053,0.000049,+0.000005
(21|25),(31|13),0.000075,0.000084,-0.000009
(21|25),(31|14),0.000147,0.000159,-0.000012
(21|25),(31|15),0.000304,0.000305,-0.000001
(21|25),(31|16),0.000655,0.000759,-0.000104
(21|25),(31|17),0.001290,0.001222,+0.000068
(21|25),(31|18),0.002539,0.002436,+0.000103
(21|25),(31|19),0.005209,0.005742,-0.000532
(21|25),(31|20),0.010532,0.011007,-0.000475
(21|25),(31|21),0.020894,0.021418,-0.000524
(21|25),(31|22),0.020695,0.017870,+0.002825
(21|26),(1|0),0.000000,0.000004,-0.000004
(21|26),(1|7),0.000001,0.000000,+0.000001
(21|26),(1|8),0.000001,0.000004,-0.000004
(21|26),(1|9),0.000004,0.000004,-0.000000
(21|26),(1|10),0.000008,0.000000,+0.000008
(21|26),(1|11),0.000011,0.000009,+0.000002
(21|26),(1|12),0.000027,0.000009,+0.000018
(21|26),(1|13),0.000049,0.000036,+0.000014
(21|26),(1|14),0.000075,0.000107,-0.000032
(21|26),(1|15),0.000167,0.000178,-0.000010
(21|26),(1|16),0.000328,0.000360,-0.000032
(21|26),(1|17),0.000659,0.000884,-0.000226
(21|26),(1|18),0.001289,0.001395,-0.000106
(21|26),(1|19),0.002565,0.002759,-0.000194
(21|26),(1|20),0.005240,0.005101,+0.000139
(21|26),(1|21),0.010385,0.011313,-0.000929
(21|26),(1|22),0.020821,0.022831,-0.002010
(21|26),(1|23),0.021073,0.018476,+0.002597
(21|26),(3|7),0.000001,0.000000,+0.000001
(21|26),(3|9),0.000004,0.000004,-0.000000
(21|26),(3|10),0.000011,0.000009,+0.000002
(21|26),(3|11),0.000006,0.000009,-0.000003
(21|26),(3|12),0.000010,0.000013,-0.000003
(21|26),(3|13),0.000043,0.000040,+0.000003
(21|26),(3|14),0.000093,0.000084,+0.000009
(21|26),(3|15),0.000158,0.000218,-0.000060
(21|26),(3|16),0.000303,0.000409,-0.000106
(21|26),(3|17),0.000621,0.000618,+0.000003
(21|26),(3|18),0.001328,0.001351,-0.000023
(21|26),(3|19),0.002749,0.002737,+0.000011
(21|26),(3|20),0.005343,0.005141,+0.000202
(21|26),(3|21),0.010455,0.011229,-0.000774
(21|26),(3|22),0.020950,0.021351,-0.000401
(21|26),(3|23),0.021079,0.018361,+0.002718
(21|26),(5|5),0.000002,0.000000,+0.000002
(21|26),(5|6),0.000002,0.000000,+0.000002
(21|26),(5|7),0.000001,0.000000,+0.000001
(21|26),(5|9),0.000002,0.000000,+0.000002
(21|26),(5|10),0.000009,0.000000,+0.000009
(21|26),(5|11),0.000015,0.000018,-0.000002
(21|26),(5|12),0.000025,0.000027,-0.000002
(21|26),(5|13),0.000046,0.000027,+0.000019
(21|26),(5|14),0.000079,0.000071,+0.000008
(21|26),(5|15),0.000154,0.000151,+0.000003
(21|26),(5|16),0.000318,0.000302,+0.000016
(21|26),(5|17),0.000658,0.000822,-0.000164
(21|26),(5|18),0.001277,0.001480,-0.000203
(21|26),(5|19),0.002528,0.002826,-0.000298
(21|26),(5|20),0.005289,0.005541,-0.000252
(21|26),(5|21),0.010479,0.011371,-0.000892
(21|26),(5|22),0.020732,0.023369,-0.002637
(21|26),(5|23),0.020885,0.018898,+0.001987
(21|26),(7|2),0.000001,0.000000,+0.000001
(21|26),(7|10),0.000004,0.000027,-0.000023
(21|26),(7|11),0.000014,0.000009,+0.000005
(21|26),(7|12),0.000021,0.000009,+0.000012
(21|26),(7|13),0.000047,0.000053,-0.000006
(21|26),(7|14),0.000101,0.000071,+0.000030
(21|26),(7|15),0.000171,0.000138,+0.000034
(21|26),(7|16),0.000333,0.000355,-0.000022
(21|26),(7|17),0.000636,0.000618,+0.000018
(21|26),(7|18),0.001234,0.001289,-0.000055
(21|26),(7|19),0.002533,0.002773,-0.000239
(21|26),(7|20),0.005159,0.005759,-0.000599
(21|26),(7|21),0.010281,0.010940,-0.000659
(21|26),(7|22),0.020614,0.022071,-0.001457
(21|26),(7|23),0.020620,0.018401,+0.002219
(21|26),(9|6),0.000000,0.000004,-0.000004
(21|26),(9|8),0.000001,0.000004,-0.000004
(21|26),(9|9),0.000002,0.000004,-0.000002
(21|26),(9|10),0.000006,0.000000,+0.000006
(21|26),(9|11),0.000015,0.000000,+0.000015
(21|26),(9|12),0.000021,0.000022,-0.000001
(21|26),(9|13),0.000041,0.000076,-0.000035
(21|26),(9|14),0.000083,0.000058,+0.000025
(21|26),(9|15),0.000159,0.000107,+0.000052
(21|26),(9|16),0.000334,0.000249,+0.000085
(21|26),(9|17),0.000659,0.000560,+0.000099
(21|26),(9|18),0.001287,0.001315,-0.000029
(21|26),(9|19),0.002611,0.002804,-0.000193
(21|26),(9|20),0.005223,0.005026,+0.000198
(21|26),(9|21),0.010483,0.011078,-0.000595
(21|26),(9|22),0.020931,0.021898,-0.000967
(21|26),(9|23),0.020885,0.018010,+0.002876
(21|26),(11|10),0.000004,0.000000,+0.000004
(21|26),(11|11),0.000013,0.000000,+0.000013
(21|26),(11|12),0.000026,0.000040,-0.000014
(21|26),(11|13),0.000045,0.000049,-0.000004
(21|26),(11|14),0.000081,0.000098,-0.000016
(21|26),(11|15),0.000166,0.000164,+0.000002
(21|26),(11|16),0.000353,0.000284,+0.000069
(21|26),(11|17),0.000683,0.000715,-0.000033
(21|26),(11|18),0.001349,0.001346,+0.000002
(21|26),(11|19),0.002595,0.002724,-0.000129
(21|26),(11|20),0.005227,0.005710,-0.000483
(21|26),(11|21),0.010500,0.010438,+0.000062
(21|26),(11|22),0.021058,0.021880,-0.000822
(21|26),(11|23),0.021033,0.018174,+0.002859
(21|26),(13|8),0.000000,0.000004,-0.000004
(21|26),(13|9),0.000001,0.000004,-0.000003
(21|26),(13|10),0.000006,0.000000,+0.000006
(21|26),(13|11),0.000013,0.000004,+0.000009
(21|26),(13|12),0.000021,0.000013,+0.000008
(21|26),(13|13),0.000037,0.000027,+0.000010
(21|26),(13|14),0.000085,0.000067,+0.000018
(21|26),(13|15),0.000163,0.000151,+0.000012
(21|26),(13|16),0.000315,0.000275,+0.000040
(21|26),(13|17),0.000656,0.000720,-0.000064
(21|26),(13|18),0.001313,0.001453,-0.000140
(21|26),(13|19),0.002597,0.002942,-0.000344
(21|26),(13|20),0.005165,0.005314,-0.000150
(21|26),(13|21),0.010390,0.010713,-0.000323
(21|26),(13|22),0.020735,0.023226,-0.002491
(21|26),(13|23),0.020620,0.018401,+0.002219
(21|26),(15|7),0.000002,0.000000,+0.000002
(21|26),(15|8),0.000004,0.000009,-0.000005
(21|26),(15|9),0.000000,0.000009,-0.000009
(21|26),(15|10),0.000003,0.000000,+0.000003
(21|26),(15|11),0.000009,0.000000,+0.000009
(21|26),(15|12),0.000017,0.000044,-0.000028
(21|26),(15|13),0.000039,0.000022,+0.000016
(21|26),(15|14),0.000070,0.000147,-0.000077
(21|26),(15|15),0.000153,0.000173,-0.000021
(21|26),(15|16),0.000353,0.000320,+0.000033
(21|26),(15|17),0.000663,0.000702,-0.000039
(21|26),(15|18),0.001281,0.001404,-0.000123
(21|26),(15|19),0.002563,0.002671,-0.000107
(21|26),(15|20),0.005055,0.005666,-0.000610
(21|26),(15|21),0.010459,0.010900,-0.000441
(21|26),(15|22),0.021032,0.022471,-0.001439
(21|26),(15|23),0.021011,0.018405,+0.002606
(21|26),(17|8),0.000000,0.000004,-0.000004
(21|26),(17|9),0.000000,0.000004,-0.000004
(21|26),(17|10),0.000001,0.000009,-0.000008
(21|26),(17|11),0.000005,0.000013,-0.000009
(21|26),(17|12),0.000011,0.000013,-0.000002
(21|26),(17|13),0.000035,0.000027,+0.000009
(21|26),(17|14),0.000080,0.000093,-0.000013
(21|26),(17|15),0.000152,0.000209,-0.000057
(21|26),(17|16),0.000318,0.000329,-0.000011
(21|26),(17|17),0.000661,0.000760,-0.000099
(21|26),(17|18),0.001305,0.001413,-0.000108
(21|26),(17|19),0.002615,0.002693,-0.000077
(21|26),(17|20),0.005224,0.005674,-0.000450
(21|26),(17|21),0.010471,0.011127,-0.000656
(21|26),(17|22),0.020783,0.022147,-0.001363
(21|26),(17|23),0.020644,0.018116,+0.002528
(21|26),(19|7),0.000001,0.000000,+0.000001
(21|26),(19|9),0.000003,0.000009,-0.000006
(21|26),(19|10),0.000008,0.000000,+0.000008
(21|26),(19|11),0.000015,0.000009,+0.000006
(21|26),(19|12),0.000023,0.000044,-0.000021
(21|26),(19|13),0.000032,0.000044,-0.000012
(21|26),(19|14),0.000073,0.000098,-0.000025
(21|26),(19|15),0.000175,0.000280,-0.000105
(21|26),(19|16),0.000329,0.000298,+0.000031
(21|26),(19|17),0.000619,0.000795,-0.000176
(21|26),(19|18),0.001271,0.001391,-0.000120
(21|26),(19|19),0.002557,0.002688,-0.000131
(21|26),(19|20),0.005130,0.005399,-0.000269
(21|26),(19|21),0.010384,0.011464,-0.001080
(21|26),(19|22),0.020883,0.021929,-0.001046
(21|26),(19|23),0.020917,0.018085,+0.002832
(21|26),(21|8),0.000001,0.000000,+0.000001
(21|26),(21|9),0.000004,0.000000,+0.000004
(21|26),(21|10),0.000005,0.000009,-0.000004
(21|26),(21|11),0.000009,0.000004,+0.000005
(21|26),(21|12),0.000017,0.000000,+0.000017
(21|26),(21|13),0.000038,0.000031,+0.000007
(21|26),(21|14),0.000075,0.000089,-0.000014
(21|26),(21|15),0.000156,0.000196,-0.000040
(21|26),(21|16),0.000331,0.000395,-0.000065
(21|26),(21|17),0.000644,0.000689,-0.000045
(21|26),(21|18),0.001312,0.001511,-0.000199
(21|26),(21|19),0.002654,0.002533,+0.000121
(21|26),(21|20),0.005218,0.005594,-0.000376
(21|26),(21|21),0.010420,0.010980,-0.000560
(21|26),(21|22),0.020933,0.022169,-0.001235
(21|26),(21|23),0.021056,0.017068,+0.003988
(21|26),(23|6),0.000001,0.000004,-0.000003
(21|26),(23|8),0.000000,0.000004,-0.000004
(21|26),(23|9),0.000001,0.000000,+0.000001
(21|26),(23|10),0.000005,0.000004,+0.000000
(21|26),(23|11),0.000006,0.000013,-0.000007
(21|26),(23|12),0.000015,0.000022,-0.000007
(21|26),(23|13),0.000041,0.000027,+0.000015
(21|26),(23|14),0.000075,0.000107,-0.000031
(21|26),(23|15),0.000151,0.000142,+0.000009
(21|26),(23|16),0.000305,0.000302,+0.000003
(21|26),(23|17),0.000648,0.000689,-0.000041
(21|26),(23|18),0.001310,0.001417,-0.000107
(21|26),(23|19),0.002553,0.002728,-0.000176
(21|26),(23|20),0.005176,0.005488,-0.000312
(21|26),(23|21),0.010327,0.011500,-0.001173
(21|26),(23|22),0.020545,0.022124,-0.001580
(21|26),(23|23),0.020591,0.018263,+0.002328
(21|26),(25|7),0.000001,0.000004,-0.000004
(21|26),(25|8),0.000003,0.000000,+0.000003
(21|26),(25|9),0.000005,0.000004,+0.000000
(21|26),(25|10),0.000008,0.000000,+0.000008
(21|26),(25|11),0.000014,0.000027,-0.000013
(21|26),(25|12),0.000020,0.000022,-0.000002
(21|26),(25|13),0.000035,0.000027,+0.000008
(21|26),(25|14),0.000076,0.000040,+0.000036
(21|26),(25|15),0.000167,0.000147,+0.000021
(21|26),(25|16),0.000347,0.000369,-0.000021
(21|26),(25|17),0.000659,0.000738,-0.000078
(21|26),(25|18),0.001299,0.001529,-0.000229
(21|26),(25|19),0.002601,0.002733,-0.000132
(21|26),(25|20),0.005210,0.005488,-0.000278
(21|26),(25|21),0.010455,0.010984,-0.000530
(21|26),(25|22),0.020771,0.023271,-0.002500
(21|26),(25|23),0.020592,0.017774,+0.002818
(21|26),(27|9),0.000003,0.000009,-0.000006
(21|26),(27|10),0.000004,0.000000,+0.000004
(21|26),(27|11),0.000009,0.000009,-0.000000
(21|26),(27|12),0.000019,0.000018,+0.000002
(21|26),(27|13),0.000039,0.000040,-0.000001
(21|26),(27|14),0.000079,0.000093,-0.000015
(21|26),(27|15),0.000143,0.000160,-0.000017
(21|26),(27|16),0.000328,0.000391,-0.000063
(21|26),(27|17),0.000651,0.000631,+0.000020
(21|26),(27|18),0.001309,0.001511,-0.000201
(21|26),(27|19),0.002629,0.003026,-0.000397
(21|26),(27|20),0.005199,0.005359,-0.000160
(21|26),(27|21),0.010391,0.010718,-0.000326
(21|26),(27|22),0.020821,0.021276,-0.000455
(21|26),(27|23),0.020860,0.017987,+0.002873
(21|26),(29|5),0.000001,0.000009,-0.000008
(21|26),(29|8),0.000002,0.000000,+0.000002
(21|26),(29|9),0.000002,0.000000,+0.000002
(21|26),(29|10),0.000003,0.000000,+0.000003
(21|26),(29|11),0.000007,0.000009,-0.000002
(21|26),(29|12),0.000016,0.000027,-0.000011
(21|26),(29|13),0.000042,0.000031,+0.000011
(21|26),(29|14),0.000102,0.000053,+0.000049
(21|26),(29|15),0.000176,0.000209,-0.000033
(21|26),(29|16),0.000311,0.000338,-0.000027
(21|26),(29|17),0.000644,0.000804,-0.000160
(21|26),(29|18),0.001293,0.001560,-0.000267
(21|26),(29|19),0.002624,0.002662,-0.000038
(21|26),(29|20),0.005277,0.005243,+0.000034
(21|26),(29|21),0.010451,0.011349,-0.000897
(21|26),(29|22),0.020927,0.022187,-0.001259
(21|26),(29|23),0.020743,0.018356,+0.002386
(21|26),(31|9),0.000001,0.000000,+0.000001
(21|26),(31|10),0.000003,0.000009,-0.000006
(21|26),(31|11),0.000011,0.000004,+0.000007
(21|26),(31|12),0.000029,0.000018,+0.000012
(21|26),(31|13),0.000053,0.000027,+0.000027
(21|26),(31|14),0.000075,0.000084,-0.000009
(21|26),(31|15),0.000147,0.000124,+0.000023
(21|26),(31|16),0.000304,0.000404,-0.000100
(21|26),(31|17),0.000655,0.000591,+0.000064
(21|26),(31|18),0.001290,0.001320,-0.000030
(21|26),(31|19),0.002539,0.002679,-0.000140
(21|26),(31|20),0.005209,0.005234,-0.000025
(21|26),(31|21),0.010532,0.010749,-0.000217
(21|26),(31|22),0.020894,0.022369,-0.001475
(21|26),(31|23),0.020695,0.018343,+0.002352
(21|27),(1|8),0.000001,0.000000,+0.000001
(21|27),(1|10),0.000004,0.000004,-0.000000
(21|27),(1|11),0.000008,0.000009,-0.000001
(21|27),(1|12),0.000011,0.000022,-0.000011
(21|27),(1|13),0.000027,0.000022,+0.000005
(21|27),(1|14),0.000049,0.000044,+0.000005
(21|27),(1|15),0.000075,0.000128,-0.000054
(21|27),(1|16),0.000167,0.000222,-0.000054
(21|27),(1|17),0.000328,0.000337,-0.000009
(21|27),(1|18),0.000659,0.000656,+0.000003
(21|27),(1|19),0.001289,0.001502,-0.000213
(21|27),(1|20),0.002565,0.002760,-0.000195
(21|27),(1|21),0.005240,0.005330,-0.000090
(21|27),(1|22),0.010385,0.011521,-0.001136
(21|27),(1|23),0.020821,0.023170,-0.002349
(21|27),(1|24),0.021073,0.018052,+0.003022
(21|27),(3|8),0.000001,0.000000,+0.000001
(21|27),(3|10),0.000004,0.000000,+0.000004
(21|27),(3|11),0.000011,0.000000,+0.000011
(21|27),(3|12),0.000006,0.000018,-0.000012
(21|27),(3|13),0.000010,0.000022,-0.000012
(21|27),(3|14),0.000043,0.000044,-0.000001
(21|27),(3|15),0.000093,0.000124,-0.000031
(21|27),(3|16),0.000158,0.000182,-0.000024
(21|27),(3|17),0.000303,0.000323,-0.000021
(21|27),(3|18),0.000621,0.000762,-0.000141
(21|27),(3|19),0.001328,0.001267,+0.000061
(21|27),(3|20),0.002749,0.003093,-0.000344
(21|27),(3|21),0.005343,0.005649,-0.000306
(21|27),(3|22),0.010455,0.011268,-0.000813
(21|27),(3|23),0.020950,0.022602,-0.001652
(21|27),(3|24),0.021079,0.018380,+0.002699
(21|27),(5|6),0.000002,0.000000,+0.000002
(21|27),(5|7),0.000002,0.000000,+0.000002
(21|27),(5|8),0.000001,0.000000,+0.000001
(21|27),(5|10),0.000002,0.000009,-0.000007
(21|27),(5|11),0.000009,0.000004,+0.000004
(21|27),(5|12),0.000015,0.000004,+0.000011
(21|27),(5|13),0.000025,0.000027,-0.000002
(21|27),(5|14),0.000046,0.000053,-0.000007
(21|27),(5|15),0.000079,0.000080,-0.000000
(21|27),(5|16),0.000154,0.000155,-0.000001
(21|27),(5|17),0.000318,0.000346,-0.000028
(21|27),(5|18),0.000658,0.000603,+0.000055
(21|27),(5|19),0.001277,0.001360,-0.000084
(21|27),(5|20),0.002528,0.002769,-0.000241
(21|27),(5|21),0.005289,0.005986,-0.000698
(21|27),(5|22),0.010479,0.011193,-0.000713
(21|27),(5|23),0.020732,0.021636,-0.000904
(21|27),(5|24),0.020885,0.017799,+0.003086
(21|27),(7|11),0.000004,0.000009,-0.000005
(21|27),(7|12),0.000014,0.000004,+0.000010
(21|27),(7|13),0.000021,0.000009,+0.000012
(21|27),(7|14),0.000047,0.000049,-0.000001
(21|27),(7|15),0.000101,0.000111,-0.000010
(21|27),(7|16),0.000171,0.000191,-0.000019
(21|27),(7|17),0.000333,0.000284,+0.000050
(21|27),(7|18),0.000636,0.000607,+0.000029
(21|27),(7|19),0.001234,0.001281,-0.000047
(21|27),(7|20),0.002533,0.002836,-0.000302
(21|27),(7|21),0.005159,0.005388,-0.000229
(21|27),(7|22),0.010281,0.012500,-0.002218
(21|27),(7|23),0.020614,0.021858,-0.001244
(21|27),(7|24),0.020620,0.017954,+0.002666
(21|27),(9|10),0.000002,0.000004,-0.000002
(21|27),(9|11),0.000006,0.000013,-0.000007
(21|27),(9|12),0.000015,0.000018,-0.000002
(21|27),(9|13),0.000021,0.000031,-0.000010
(21|27),(9|14),0.000041,0.000040,+0.000001
(21|27),(9|15),0.000083,0.000115,-0.000033
(21|27),(9|16),0.000159,0.000155,+0.000004
(21|27),(9|17),0.000334,0.000372,-0.000038
(21|27),(9|18),0.000659,0.000642,+0.000016
(21|27),(9|19),0.001287,0.001502,-0.000215
(21|27),(9|20),0.002611,0.002690,-0.000078
(21|27),(9|21),0.005223,0.005548,-0.000324
(21|27),(9|22),0.010483,0.010967,-0.000484
(21|27),(9|23),0.020931,0.022585,-0.001654
(21|27),(9|24),0.020885,0.017374,+0.003511
(21|27),(11|9),0.000000,0.000004,-0.000004
(21|27),(11|11),0.000004,0.000000,+0.000004
(21|27),(11|12),0.000013,0.000013,-0.000001
(21|27),(11|13),0.000026,0.000013,+0.000013
(21|27),(11|14),0.000045,0.000049,-0.000003
(21|27),(11|15),0.000081,0.000102,-0.000021
(21|27),(11|16),0.000166,0.000248,-0.000082
(21|27),(11|17),0.000353,0.000368,-0.000014
(21|27),(11|18),0.000683,0.000682,+0.000000
(21|27),(11|19),0.001349,0.001679,-0.000331
(21|27),(11|20),0.002595,0.002663,-0.000068
(21|27),(11|21),0.005227,0.005450,-0.000223
(21|27),(11|22),0.010500,0.010493,+0.000007
(21|27),(11|23),0.021058,0.022571,-0.001513
(21|27),(11|24),0.021033,0.018685,+0.002348
(21|27),(13|10),0.000001,0.000013,-0.000012
(21|27),(13|11),0.000006,0.000009,-0.000003
(21|27),(13|12),0.000013,0.000013,+0.000000
(21|27),(13|13),0.000021,0.000035,-0.000014
(21|27),(13|14),0.000037,0.000058,-0.000021
(21|27),(13|15),0.000085,0.000053,+0.000031
(21|27),(13|16),0.000163,0.000133,+0.000030
(21|27),(13|17),0.000315,0.000323,-0.000008
(21|27),(13|18),0.000656,0.000749,-0.000093
(21|27),(13|19),0.001313,0.001272,+0.000042
(21|27),(13|20),0.002597,0.002845,-0.000247
(21|27),(13|21),0.005165,0.005251,-0.000086
(21|27),(13|22),0.010390,0.010882,-0.000492
(21|27),(13|23),0.020735,0.022545,-0.001809
(21|27),(13|24),0.020620,0.018101,+0.002519
(21|27),(15|8),0.000002,0.000000,+0.000002
(21|27),(15|9),0.000004,0.000000,+0.000004
(21|27),(15|10),0.000000,0.000004,-0.000004
(21|27),(15|11),0.000003,0.000000,+0.000003
(21|27),(15|12),0.000009,0.000009,-0.000000
(21|27),(15|13),0.000017,0.000031,-0.000014
(21|27),(15|14),0.000039,0.000035,+0.000003
(21|27),(15|15),0.000070,0.000062,+0.000008
(21|27),(15|16),0.000153,0.000128,+0.000024
(21|27),(15|17),0.000353,0.000332,+0.000020
(21|27),(15|18),0.000663,0.000802,-0.000139
(21|27),(15|19),0.001281,0.001338,-0.000057
(21|27),(15|20),0.002563,0.002659,-0.000095
(21|27),(15|21),0.005055,0.005499,-0.000444
(21|27),(15|22),0.010459,0.010741,-0.000281
(21|27),(15|23),0.021032,0.022638,-0.001606
(21|27),(15|24),0.021011,0.017715,+0.003296
(21|27),(17|10),0.000000,0.000009,-0.000009
(21|27),(17|11),0.000001,0.000000,+0.000001
(21|27),(17|12),0.000005,0.000004,+0.000000
(21|27),(17|13),0.000011,0.000031,-0.000020
(21|27),(17|14),0.000035,0.000022,+0.000013
(21|27),(17|15),0.000080,0.000049,+0.000031
(21|27),(17|16),0.000152,0.000102,+0.000050
(21|27),(17|17),0.000318,0.000346,-0.000028
(21|27),(17|18),0.000661,0.000616,+0.000045
(21|27),(17|19),0.001305,0.001413,-0.000109
(21|27),(17|20),0.002615,0.002623,-0.000008
(21|27),(17|21),0.005224,0.005286,-0.000062
(21|27),(17|22),0.010471,0.011241,-0.000771
(21|27),(17|23),0.020783,0.021867,-0.001084
(21|27),(17|24),0.020644,0.018863,+0.001781
(21|27),(19|8),0.000001,0.000004,-0.000003
(21|27),(19|10),0.000003,0.000000,+0.000003
(21|27),(19|11),0.000008,0.000004,+0.000004
(21|27),(19|12),0.000015,0.000027,-0.000011
(21|27),(19|13),0.000023,0.000035,-0.000012
(21|27),(19|14),0.000032,0.000022,+0.000010
(21|27),(19|15),0.000073,0.000058,+0.000015
(21|27),(19|16),0.000175,0.000213,-0.000038
(21|27),(19|17),0.000329,0.000337,-0.000008
(21|27),(19|18),0.000619,0.000687,-0.000067
(21|27),(19|19),0.001271,0.001360,-0.000090
(21|27),(19|20),0.002557,0.002672,-0.000115
(21|27),(19|21),0.005130,0.005610,-0.000480
(21|27),(19|22),0.010384,0.010674,-0.000290
(21|27),(19|23),0.020883,0.021986,-0.001104
(21|27),(19|24),0.020917,0.018632,+0.002285
(21|27),(21|9),0.000001,0.000000,+0.000001
(21|27),(21|10),0.000004,0.000004,-0.000000
(21|27),(21|11),0.000005,0.000004,+0.000001
(21|27),(21|12),0.000009,0.000013,-0.000004
(21|27),(21|13),0.000017,0.000013,+0.000004
(21|27),(21|14),0.000038,0.000035,+0.000003
(21|27),(21|15),0.000075,0.000160,-0.000085
(21|27),(21|16),0.000156,0.000199,-0.000043
(21|27),(21|17),0.000331,0.000381,-0.000050
(21|27),(21|18),0.000644,0.000665,-0.000021
(21|27),(21|19),0.001312,0.001365,-0.000053
(21|27),(21|20),0.002654,0.003164,-0.000510
(21|27),(21|21),0.005218,0.005424,-0.000206
(21|27),(21|22),0.010420,0.010670,-0.000250
(21|27),(21|23),0.020933,0.021876,-0.000942
(21|27),(21|24),0.021056,0.018207,+0.002849
(21|27),(23|7),0.000001,0.000000,+0.000001
(21|27),(23|8),0.000000,0.000004,-0.000004
(21|27),(23|10),0.000001,0.000004,-0.000003
(21|27),(23|11),0.000005,0.000004,+0.000000
(21|27),(23|12),0.000006,0.000004,+0.000002
(21|27),(23|13),0.000015,0.000031,-0.000016
(21|27),(23|14),0.000041,0.000035,+0.000006
(21|27),(23|15),0.000075,0.000102,-0.000027
(21|27),(23|16),0.000151,0.000111,+0.000041
(21|27),(23|17),0.000305,0.000452,-0.000147
(21|27),(23|18),0.000648,0.000678,-0.000030
(21|27),(23|19),0.001310,0.001320,-0.000010
(21|27),(23|20),0.002553,0.002889,-0.000336
(21|27),(23|21),0.005176,0.005406,-0.000230
(21|27),(23|22),0.010327,0.011002,-0.000675
(21|27),(23|23),0.020545,0.021535,-0.000990
(21|27),(23|24),0.020591,0.018903,+0.001688
(21|27),(25|9),0.000003,0.000009,-0.000006
(21|27),(25|10),0.000005,0.000000,+0.000005
(21|27),(25|11),0.000008,0.000000,+0.000008
(21|27),(25|12),0.000014,0.000018,-0.000004
(21|27),(25|13),0.000020,0.000027,-0.000007
(21|27),(25|14),0.000035,0.000035,-0.000001
(21|27),(25|15),0.000076,0.000124,-0.000048
(21|27),(25|16),0.000167,0.000182,-0.000014
(21|27),(25|17),0.000347,0.000346,+0.000002
(21|27),(25|18),0.000659,0.000656,+0.000004
(21|27),(25|19),0.001299,0.001444,-0.000145
(21|27),(25|20),0.002601,0.002858,-0.000257
(21|27),(25|21),0.005210,0.005530,-0.000320
(21|27),(25|22),0.010455,0.011365,-0.000911
(21|27),(25|23),0.020771,0.022057,-0.001287
(21|27),(25|24),0.020592,0.018109,+0.002483
(21|27),(27|9),0.000001,0.000004,-0.000004
(21|27),(27|10),0.000003,0.000004,-0.000002
(21|27),(27|11),0.000004,0.000000,+0.000004
(21|27),(27|12),0.000009,0.000013,-0.000005
(21|27),(27|13),0.000019,0.000031,-0.000012
(21|27),(27|14),0.000039,0.000035,+0.000003
(21|27),(27|15),0.000079,0.000075,+0.000003
(21|27),(27|16),0.000143,0.000137,+0.000006
(21|27),(27|17),0.000328,0.000408,-0.000080
(21|27),(27|18),0.000651,0.000634,+0.000017
(21|27),(27|19),0.001309,0.001449,-0.000140
(21|27),(27|20),0.002629,0.002778,-0.000150
(21|27),(27|21),0.005199,0.005627,-0.000428
(21|27),(27|22),0.010391,0.011122,-0.000730
(21|27),(27|23),0.020821,0.021916,-0.001095
(21|27),(27|24),0.020860,0.018149,+0.002711
(21|27),(29|6),0.000001,0.000000,+0.000001
(21|27),(29|9),0.000002,0.000004,-0.000002
(21|27),(29|10),0.000002,0.000000,+0.000002
(21|27),(29|11),0.000003,0.000009,-0.000006
(21|27),(29|12),0.000007,0.000013,-0.000007
(21|27),(29|13),0.000016,0.000009,+0.000007
(21|27),(29|14),0.000042,0.000053,-0.000011
(21|27),(29|15),0.000102,0.000066,+0.000036
(21|27),(29|16),0.000176,0.000128,+0.000048
(21|27),(29|17),0.000311,0.000270,+0.000040
(21|27),(29|18),0.000644,0.000629,+0.000015
(21|27),(29|19),0.001293,0.001227,+0.000065
(21|27),(29|20),0.002624,0.002765,-0.000141
(21|27),(29|21),0.005277,0.005605,-0.000328
(21|27),(29|22),0.010451,0.011529,-0.001078
(21|27),(29|23),0.020927,0.021690,-0.000762
(21|27),(29|24),0.020743,0.018211,+0.002531
(21|27),(31|10),0.000001,0.000004,-0.000003
(21|27),(31|11),0.000003,0.000004,-0.000002
(21|27),(31|12),0.000011,0.000000,+0.000011
(21|27),(31|13),0.000029,0.000027,+0.000003
(21|27),(31|14),0.000053,0.000018,+0.000036
(21|27),(31|15),0.000075,0.000142,-0.000066
(21|27),(31|16),0.000147,0.000160,-0.000012
(21|27),(31|17),0.000304,0.000390,-0.000086
(21|27),(31|18),0.000655,0.000642,+0.000013
(21|27),(31|19),0.001290,0.001431,-0.000141
(21|27),(31|20),0.002539,0.002707,-0.000168
(21|27),(31|21),0.005209,0.005539,-0.000329
(21|27),(31|22),0.010532,0.010736,-0.000204
(21|27),(31|23),0.020894,0.021402,-0.000508
(21|27),(31|24),0.020695,0.018016,+0.002678
(21|28),(1|9),0.000001,0.000000,+0.000001
(21|28),(1|11),0.000004,0.000000,+0.000004
(21|28),(1|12),0.000008,0.000004,+0.000004
(21|28),(1|13),0.000011,0.000009,+0.000002
(21|28),(1|14),0.000027,0.000031,-0.000004
(21|28),(1|15),0.000049,0.000053,-0.000004
(21|28),(1|16),0.000075,0.000058,+0.000017
(21|28),(1|17),0.000167,0.000133,+0.000034
(21|28),(1|18),0.000328,0.000306,+0.000022
(21|28),(1|19),0.000659,0.000621,+0.000037
(21|28),(1|20),0.001289,0.001575,-0.000286
(21|28),(1|21),0.002565,0.002636,-0.000070
(21|28),(1|22),0.005240,0.005817,-0.000577
(21|28),(1|23),0.010385,0.011368,-0.000983
(21|28),(1|24),0.020821,0.021151,-0.000330
(21|28),(1|25),0.021073,0.018178,+0.002895
(21|28),(3|9),0.000001,0.000000,+0.000001
(21|28),(3|11),0.000004,0.000000,+0.000004
(21|28),(3|12),0.000011,0.000000,+0.000011
(21|28),(3|13),0.000006,0.000009,-0.000003
(21|28),(3|14),0.000010,0.000009,+0.000001
(21|28),(3|15),0.000043,0.000035,+0.000008
(21|28),(3|16),0.000093,0.000062,+0.000031
(21|28),(3|17),0.000158,0.000133,+0.000025
(21|28),(3|18),0.000303,0.000293,+0.000010
(21|28),(3|19),0.000621,0.000701,-0.000080
(21|28),(3|20),0.001328,0.001238,+0.000090
(21|28),(3|21),0.002749,0.002724,+0.000024
(21|28),(3|22),0.005343,0.005555,-0.000212
(21|28),(3|23),0.010455,0.010800,-0.000345
(21|28),(3|24),0.020950,0.021945,-0.000995
(21|28),(3|25),0.021079,0.018072,+0.003007
(21|28),(5|7),0.000002,0.000000,+0.000002
(21|28),(5|8),0.000002,0.000000,+0.000002
(21|28),(5|9),0.000001,0.000000,+0.000001
(21|28),(5|11),0.000002,0.000000,+0.000002
(21|28),(5|12),0.000009,0.000009,-0.000000
(21|28),(5|13),0.000015,0.000009,+0.000006
(21|28),(5|14),0.000025,0.000009,+0.000016
(21|28),(5|15),0.000046,0.000013,+0.000033
(21|28),(5|16),0.000079,0.000102,-0.000023
(21|28),(5|17),0.000154,0.000155,-0.000001
(21|28),(5|18),0.000318,0.000368,-0.000050
(21|28),(5|19),0.000658,0.000688,-0.000030
(21|28),(5|20),0.001277,0.001202,+0.000074
(21|28),(5|21),0.002528,0.002578,-0.000050
(21|28),(5|22),0.005289,0.005311,-0.000022
(21|28),(5|23),0.010479,0.010986,-0.000507
(21|28),(5|24),0.020732,0.023183,-0.002451
(21|28),(5|25),0.020885,0.018613,+0.002272
(21|28),(7|6),0.000001,0.000000,+0.000001
(21|28),(7|12),0.000004,0.000004,-0.000000
(21|28),(7|13),0.000014,0.000009,+0.000005
(21|28),(7|14),0.000021,0.000022,-0.000001
(21|28),(7|15),0.000047,0.000062,-0.000015
(21|28),(7|16),0.000101,0.000115,-0.000015
(21|28),(7|17),0.000171,0.000177,-0.000006
(21|28),(7|18),0.000333,0.000386,-0.000053
(21|28),(7|19),0.000636,0.000670,-0.000034
(21|28),(7|20),0.001234,0.001486,-0.000252
(21|28),(7|21),0.002533,0.002538,-0.000005
(21|28),(7|22),0.005159,0.005515,-0.000356
(21|28),(7|23),0.010281,0.010915,-0.000634
(21|28),(7|24),0.020614,0.022043,-0.001429
(21|28),(7|25),0.020620,0.018081,+0.002539
(21|28),(9|11),0.000002,0.000000,+0.000002
(21|28),(9|12),0.000006,0.000004,+0.000002
(21|28),(9|13),0.000015,0.000004,+0.000011
(21|28),(9|14),0.000021,0.000027,-0.000005
(21|28),(9|15),0.000041,0.000058,-0.000017
(21|28),(9|16),0.000083,0.000089,-0.000006
(21|28),(9|17),0.000159,0.000191,-0.000032
(21|28),(9|18),0.000334,0.000333,+0.000001
(21|28),(9|19),0.000659,0.000670,-0.000011
(21|28),(9|20),0.001287,0.001353,-0.000067
(21|28),(9|21),0.002611,0.002915,-0.000304
(21|28),(9|22),0.005223,0.005457,-0.000234
(21|28),(9|23),0.010483,0.010675,-0.000193
(21|28),(9|24),0.020931,0.021715,-0.000784
(21|28),(9|25),0.020885,0.018524,+0.002361
(21|28),(11|12),0.000004,0.000013,-0.000009
(21|28),(11|13),0.000013,0.000000,+0.000013
(21|28),(11|14),0.000026,0.000009,+0.000017
(21|28),(11|15),0.000045,0.000049,-0.000003
(21|28),(11|16),0.000081,0.000120,-0.000038
(21|28),(11|17),0.000166,0.000209,-0.000043
(21|28),(11|18),0.000353,0.000297,+0.000056
(21|28),(11|19),0.000683,0.000621,+0.000061
(21|28),(11|20),0.001349,0.001309,+0.000040
(21|28),(11|21),0.002595,0.002649,-0.000054
(21|28),(11|22),0.005227,0.005577,-0.000351
(21|28),(11|23),0.010500,0.011532,-0.001032
(21|28),(11|24),0.021058,0.021488,-0.000430
(21|28),(11|25),0.021033,0.018746,+0.002287
(21|28),(13|11),0.000001,0.000000,+0.000001
(21|28),(13|12),0.000006,0.000009,-0.000003
(21|28),(13|13),0.000013,0.000009,+0.000004
(21|28),(13|14),0.000021,0.000022,-0.000001
(21|28),(13|15),0.000037,0.000022,+0.000014
(21|28),(13|16),0.000085,0.000071,+0.000014
(21|28),(13|17),0.000163,0.000182,-0.000019
(21|28),(13|18),0.000315,0.000333,-0.000017
(21|28),(13|19),0.000656,0.000670,-0.000014
(21|28),(13|20),0.001313,0.001269,+0.000044
(21|28),(13|21),0.002597,0.002857,-0.000260
(21|28),(13|22),0.005165,0.005315,-0.000151
(21|28),(13|23),0.010390,0.011141,-0.000751
(21|28),(13|24),0.020735,0.022420,-0.001685
(21|28),(13|25),0.020620,0.018635,+0.001985
(21|28),(15|9),0.000002,0.000000,+0.000002
(21|28),(15|10),0.000004,0.000000,+0.000004
(21|28),(15|11),0.000000,0.000009,-0.000009
(21|28),(15|12),0.000003,0.000009,-0.000006
(21|28),(15|13),0.000009,0.000004,+0.000004
(21|28),(15|14),0.000017,0.000018,-0.000001
(21|28),(15|15),0.000039,0.000031,+0.000008
(21|28),(15|16),0.000070,0.000075,-0.000005
(21|28),(15|17),0.000153,0.000124,+0.000028
(21|28),(15|18),0.000353,0.000302,+0.000051
(21|28),(15|19),0.000663,0.000683,-0.000021
(21|28),(15|20),0.001281,0.001362,-0.000081
(21|28),(15|21),0.002563,0.002773,-0.000210
(21|28),(15|22),0.005055,0.005639,-0.000584
(21|28),(15|23),0.010459,0.011168,-0.000709
(21|28),(15|24),0.021032,0.022282,-0.001250
(21|28),(15|25),0.021011,0.018081,+0.002930
(21|28),(17|11),0.000000,0.000004,-0.000004
(21|28),(17|12),0.000001,0.000004,-0.000003
(21|28),(17|13),0.000005,0.000013,-0.000009
(21|28),(17|14),0.000011,0.000035,-0.000024
(21|28),(17|15),0.000035,0.000084,-0.000049
(21|28),(17|16),0.000080,0.000089,-0.000009
(21|28),(17|17),0.000152,0.000235,-0.000083
(21|28),(17|18),0.000318,0.000328,-0.000010
(21|28),(17|19),0.000661,0.000674,-0.000013
(21|28),(17|20),0.001305,0.001362,-0.000057
(21|28),(17|21),0.002615,0.002875,-0.000260
(21|28),(17|22),0.005224,0.005577,-0.000353
(21|28),(17|23),0.010471,0.010977,-0.000506
(21|28),(17|24),0.020783,0.022109,-0.001326
(21|28),(17|25),0.020644,0.018653,+0.001991
(21|28),(19|9),0.000001,0.000000,+0.000001
(21|28),(19|10),0.000001,0.000004,-0.000004
(21|28),(19|11),0.000003,0.000000,+0.000003
(21|28),(19|12),0.000008,0.000000,+0.000008
(21|28),(19|13),0.000015,0.000013,+0.000002
(21|28),(19|14),0.000023,0.000018,+0.000006
(21|28),(19|15),0.000032,0.000031,+0.000001
(21|28),(19|16),0.000073,0.000164,-0.000092
(21|28),(19|17),0.000175,0.000164,+0.000010
(21|28),(19|18),0.000329,0.000311,+0.000018
(21|28),(19|19),0.000619,0.000652,-0.000033
(21|28),(19|20),0.001271,0.001446,-0.000176
(21|28),(19|21),0.002557,0.002835,-0.000278
(21|28),(19|22),0.005130,0.005688,-0.000558
(21|28),(19|23),0.010384,0.011310,-0.000926
(21|28),(19|24),0.020883,0.022500,-0.001617
(21|28),(19|25),0.020917,0.018356,+0.002562
(21|28),(21|9),0.000000,0.000004,-0.000004
(21|28),(21|10),0.000001,0.000000,+0.000001
(21|28),(21|11),0.000004,0.000000,+0.000004
(21|28),(21|12),0.000005,0.000004,+0.000001
(21|28),(21|13),0.000009,0.000000,+0.000009
(21|28),(21|14),0.000017,0.000018,-0.000000
(21|28),(21|15),0.000038,0.000053,-0.000015
(21|28),(21|16),0.000075,0.000071,+0.000004
(21|28),(21|17),0.000156,0.000169,-0.000013
(21|28),(21|18),0.000331,0.000342,-0.000011
(21|28),(21|19),0.000644,0.000697,-0.000053
(21|28),(21|20),0.001312,0.001553,-0.000241
(21|28),(21|21),0.002654,0.002471,+0.000183
(21|28),(21|22),0.005218,0.005382,-0.000164
(21|28),(21|23),0.010420,0.010835,-0.000415
(21|28),(21|24),0.020933,0.021728,-0.000795
(21|28),(21|25),0.021056,0.018622,+0.002434
(21|28),(23|8),0.000001,0.000000,+0.000001
(21|28),(23|11),0.000001,0.000009,-0.000008
(21|28),(23|12),0.000005,0.000000,+0.000005
(21|28),(23|13),0.000006,0.000027,-0.000021
(21|28),(23|14),0.000015,0.000027,-0.000011
(21|28),(23|15),0.000041,0.000071,-0.000030
(21|28),(23|16),0.000075,0.000084,-0.000009
(21|28),(23|17),0.000151,0.000124,+0.000027
(21|28),(23|18),0.000305,0.000368,-0.000063
(21|28),(23|19),0.000648,0.000674,-0.000026
(21|28),(23|20),0.001310,0.001482,-0.000172
(21|28),(23|21),0.002553,0.002640,-0.000087
(21|28),(23|22),0.005176,0.005582,-0.000406
(21|28),(23|23),0.010327,0.011363,-0.001036
(21|28),(23|24),0.020545,0.021892,-0.001347
(21|28),(23|25),0.020591,0.018533,+0.002057
(21|28),(25|10),0.000003,0.000000,+0.000003
(21|28),(25|11),0.000005,0.000009,-0.000004
(21|28),(25|12),0.000008,0.000000,+0.000008
(21|28),(25|13),0.000014,0.000035,-0.000021
(21|28),(25|14),0.000020,0.000018,+0.000002
(21|28),(25|15),0.000035,0.000040,-0.000005
(21|28),(25|16),0.000076,0.000084,-0.000008
(21|28),(25|17),0.000167,0.000173,-0.000006
(21|28),(25|18),0.000347,0.000359,-0.000012
(21|28),(25|19),0.000659,0.000608,+0.000051
(21|28),(25|20),0.001299,0.001464,-0.000165
(21|28),(25|21),0.002601,0.002849,-0.000248
(21|28),(25|22),0.005210,0.005555,-0.000345
(21|28),(25|23),0.010455,0.010786,-0.000332
(21|28),(25|24),0.020771,0.022096,-0.001325
(21|28),(25|25),0.020592,0.018285,+0.002307
(21|28),(27|11),0.000003,0.000004,-0.000002
(21|28),(27|12),0.000004,0.000004,-0.000000
(21|28),(27|13),0.000009,0.000004,+0.000004
(21|28),(27|14),0.000019,0.000049,-0.000029
(21|28),(27|15),0.000039,0.000035,+0.000003
(21|28),(27|16),0.000079,0.000071,+0.000008
(21|28),(27|17),0.000143,0.000191,-0.000047
(21|28),(27|18),0.000328,0.000364,-0.000036
(21|28),(27|19),0.000651,0.000621,+0.000029
(21|28),(27|20),0.001309,0.001407,-0.000097
(21|28),(27|21),0.002629,0.002560,+0.000069
(21|28),(27|22),0.005199,0.005511,-0.000311
(21|28),(27|23),0.010391,0.011132,-0.000741
(21|28),(27|24),0.020821,0.022265,-0.001444
(21|28),(27|25),0.020860,0.017952,+0.002908
(21|28),(29|7),0.000001,0.000000,+0.000001
(21|28),(29|9),0.000001,0.000004,-0.000004
(21|28),(29|10),0.000002,0.000000,+0.000002
(21|28),(29|11),0.000002,0.000000,+0.000002
(21|28),(29|12),0.000003,0.000004,-0.000002
(21|28),(29|13),0.000007,0.000013,-0.000007
(21|28),(29|14),0.000016,0.000027,-0.000011
(21|28),(29|15),0.000042,0.000053,-0.000011
(21|28),(29|16),0.000102,0.000102,-0.000000
(21|28),(29|17),0.000176,0.000169,+0.000007
(21|28),(29|18),0.000311,0.000377,-0.000066
(21|28),(29|19),0.000644,0.000825,-0.000181
(21|28),(29|20),0.001293,0.001340,-0.000047
(21|28),(29|21),0.002624,0.003048,-0.000424
(21|28),(29|22),0.005277,0.005413,-0.000136
(21|28),(29|23),0.010451,0.010742,-0.000291
(21|28),(29|24),0.020927,0.021910,-0.000982
(21|28),(29|25),0.020743,0.018067,+0.002675
(21|28),(31|10),0.000001,0.000009,-0.000008
(21|28),(31|11),0.000001,0.000000,+0.000001
(21|28),(31|12),0.000003,0.000013,-0.000011
(21|28),(31|13),0.000011,0.000000,+0.000011
(21|28),(31|14),0.000029,0.000040,-0.000011
(21|28),(31|15),0.000053,0.000009,+0.000044
(21|28),(31|16),0.000075,0.000071,+0.000004
(21|28),(31|17),0.000147,0.000204,-0.000057
(21|28),(31|18),0.000304,0.000275,+0.000029
(21|28),(31|19),0.000655,0.000643,+0.000012
(21|28),(31|20),0.001290,0.001415,-0.000125
(21|28),(31|21),0.002539,0.002813,-0.000274
(21|28),(31|22),0.005209,0.005409,-0.000199
(21|28),(31|23),0.010532,0.011510,-0.000978
(21|28),(31|24),0.020894,0.022451,-0.001557
(21|28),(31|25),0.020695,0.018249,+0.002445
(21|29),(1|10),0.000001,0.000004,-0.000003
(21|29),(1|11),0.000001,0.000004,-0.000004
(21|29),(1|12),0.000004,0.000004,-0.000000
(21|29),(1|13),0.000008,0.000009,-0.000001
(21|29),(1|14),0.000011,0.000004,+0.000006
(21|29),(1|15),0.000027,0.000004,+0.000023
(21|29),(1|16),0.000049,0.000044,+0.000005
(21|29),(1|17),0.000075,0.000093,-0.000019
(21|29),(1|18),0.000167,0.000186,-0.000019
(21|29),(1|19),0.000328,0.000302,+0.000026
(21|29),(1|20),0.000659,0.000679,-0.000020
(21|29),(1|21),0.001289,0.001424,-0.000135
(21|29),(1|22),0.002565,0.002760,-0.000195
(21|29),(1|23),0.005240,0.005436,-0.000196
(21|29),(1|24),0.010385,0.011325,-0.000940
(21|29),(1|25),0.020821,0.021984,-0.001163
(21|29),(1|26),0.021073,0.018314,+0.002760
(21|29),(3|10),0.000001,0.000000,+0.000001
(21|29),(3|12),0.000004,0.000004,-0.000000
(21|29),(3|13),0.000011,0.000004,+0.000006
(21|29),(3|14),0.000006,0.000000,+0.000006
(21|29),(3|15),0.000010,0.000036,-0.000026
(21|29),(3|16),0.000043,0.000027,+0.000017
(21|29),(3|17),0.000093,0.000111,-0.000018
(21|29),(3|18),0.000158,0.000151,+0.000007
(21|29),(3|19),0.000303,0.000404,-0.000101
(21|29),(3|20),0.000621,0.000679,-0.000058
(21|29),(3|21),0.001328,0.001349,-0.000021
(21|29),(3|22),0.002749,0.002986,-0.000238
(21|29),(3|23),0.005343,0.005427,-0.000084
(21|29),(3|24),0.010455,0.011103,-0.000648
(21|29),(3|25),0.020950,0.021873,-0.000923
(21|29),(3|26),0.021079,0.018061,+0.003018
(21|29),(5|8),0.000002,0.000000,+0.000002
(21|29),(5|9),0.000002,0.000000,+0.000002
(21|29),(5|10),0.000001,0.000000,+0.000001
(21|29),(5|12),0.000002,0.000000,+0.000002
(21|29),(5|13),0.000009,0.000009,-0.000000
(21|29),(5|14),0.000015,0.000018,-0.000002
(21|29),(5|15),0.000025,0.000027,-0.000002
(21|29),(5|16),0.000046,0.000049,-0.000003
(21|29),(5|17),0.000079,0.000089,-0.000009
(21|29),(5|18),0.000154,0.000213,-0.000059
(21|29),(5|19),0.000318,0.000373,-0.000055
(21|29),(5|20),0.000658,0.000737,-0.000079
(21|29),(5|21),0.001277,0.001362,-0.000086
(21|29),(5|22),0.002528,0.002698,-0.000170
(21|29),(5|23),0.005289,0.005254,+0.000035
(21|29),(5|24),0.010479,0.011134,-0.000654
(21|29),(5|25),0.020732,0.021806,-0.001074
(21|29),(5|26),0.020885,0.018127,+0.002758
(21|29),(7|7),0.000001,0.000000,+0.000001
(21|29),(7|11),0.000000,0.000004,-0.000004
(21|29),(7|13),0.000004,0.000000,+0.000004
(21|29),(7|14),0.000014,0.000004,+0.000010
(21|29),(7|15),0.000021,0.000009,+0.000012
(21|29),(7|16),0.000047,0.000036,+0.000012
(21|29),(7|17),0.000101,0.000093,+0.000007
(21|29),(7|18),0.000171,0.000169,+0.000003
(21|29),(7|19),0.000333,0.000382,-0.000048
(21|29),(7|20),0.000636,0.000768,-0.000132
(21|29),(7|21),0.001234,0.001327,-0.000093
(21|29),(7|22),0.002533,0.002631,-0.000098
(21|29),(7|23),0.005159,0.005835,-0.000676
(21|29),(7|24),0.010281,0.011147,-0.000866
(21|29),(7|25),0.020614,0.022010,-0.001396
(21|29),(7|26),0.020620,0.018194,+0.002426
(21|29),(9|12),0.000002,0.000000,+0.000002
(21|29),(9|13),0.000006,0.000009,-0.000003
(21|29),(9|14),0.000015,0.000004,+0.000011
(21|29),(9|15),0.000021,0.000040,-0.000019
(21|29),(9|16),0.000041,0.000044,-0.000004
(21|29),(9|17),0.000083,0.000089,-0.000006
(21|29),(9|18),0.000159,0.000209,-0.000050
(21|29),(9|19),0.000334,0.000364,-0.000030
(21|29),(9|20),0.000659,0.000785,-0.000127
(21|29),(9|21),0.001287,0.001282,+0.000004
(21|29),(9|22),0.002611,0.002578,+0.000033
(21|29),(9|23),0.005223,0.005503,-0.000279
(21|29),(9|24),0.010483,0.011702,-0.001219
(21|29),(9|25),0.020931,0.021793,-0.000862
(21|29),(9|26),0.020885,0.018318,+0.002567
(21|29),(11|11),0.000000,0.000004,-0.000004
(21|29),(11|12),0.000001,0.000004,-0.000004
(21|29),(11|13),0.000004,0.000000,+0.000004
(21|29),(11|14),0.000013,0.000022,-0.000010
(21|29),(11|15),0.000026,0.000009,+0.000017
(21|29),(11|16),0.000045,0.000080,-0.000035
(21|29),(11|17),0.000081,0.000062,+0.000019
(21|29),(11|18),0.000166,0.000169,-0.000003
(21|29),(11|19),0.000353,0.000293,+0.000060
(21|29),(11|20),0.000683,0.000621,+0.000061
(21|29),(11|21),0.001349,0.001305,+0.000044
(21|29),(11|22),0.002595,0.002623,-0.000027
(21|29),(11|23),0.005227,0.005773,-0.000547
(21|29),(11|24),0.010500,0.010668,-0.000168
(21|29),(11|25),0.021058,0.022237,-0.001179
(21|29),(11|26),0.021033,0.018815,+0.002218
(21|29),(13|9),0.000000,0.000004,-0.000004
(21|29),(13|12),0.000001,0.000000,+0.000001
(21|29),(13|13),0.000006,0.000004,+0.000002
(21|29),(13|14),0.000013,0.000022,-0.000009
(21|29),(13|15),0.000021,0.000031,-0.000010
(21|29),(13|16),0.000037,0.000040,-0.000003
(21|29),(13|17),0.000085,0.000067,+0.000018
(21|29),(13|18),0.000163,0.000186,-0.000024
(21|29),(13|19),0.000315,0.000430,-0.000115
(21|29),(13|20),0.000656,0.000639,+0.000017
(21|29),(13|21),0.001313,0.001393,-0.000080
(21|29),(13|22),0.002597,0.002827,-0.000229
(21|29),(13|23),0.005165,0.005587,-0.000422
(21|29),(13|24),0.010390,0.011191,-0.000801
(21|29),(13|25),0.020735,0.022627,-0.001892
(21|29),(13|26),0.020620,0.018491,+0.002129
(21|29),(15|10),0.000002,0.000000,+0.000002
(21|29),(15|11),0.000004,0.000009,-0.000005
(21|29),(15|12),0.000000,0.000013,-0.000013
(21|29),(15|13),0.000003,0.000009,-0.000006
(21|29),(15|14),0.000009,0.000004,+0.000004
(21|29),(15|15),0.000017,0.000009,+0.000008
(21|29),(15|16),0.000039,0.000031,+0.000008
(21|29),(15|17),0.000070,0.000071,-0.000001
(21|29),(15|18),0.000153,0.000133,+0.000020
(21|29),(15|19),0.000353,0.000351,+0.000002
(21|29),(15|20),0.000663,0.000794,-0.000132
(21|29),(15|21),0.001281,0.001353,-0.000073
(21|29),(15|22),0.002563,0.002969,-0.000405
(21|29),(15|23),0.005055,0.005432,-0.000376
(21|29),(15|24),0.010459,0.011018,-0.000559
(21|29),(15|25),0.021032,0.022521,-0.001489
(21|29),(15|26),0.021011,0.018394,+0.002617
(21|29),(17|12),0.000000,0.000004,-0.000004
(21|29),(17|13),0.000001,0.000009,-0.000008
(21|29),(17|14),0.000005,0.000013,-0.000009
(21|29),(17|15),0.000011,0.000027,-0.000015
(21|29),(17|16),0.000035,0.000036,-0.000000
(21|29),(17|17),0.000080,0.000093,-0.000013
(21|29),(17|18),0.000152,0.000182,-0.000030
(21|29),(17|19),0.000318,0.000457,-0.000139
(21|29),(17|20),0.000661,0.000652,+0.000009
(21|29),(17|21),0.001305,0.001367,-0.000062
(21|29),(17|22),0.002615,0.002711,-0.000096
(21|29),(17|23),0.005224,0.005485,-0.000261
(21|29),(17|24),0.010471,0.010916,-0.000446
(21|29),(17|25),0.020783,0.021948,-0.001165
(21|29),(17|26),0.020644,0.018571,+0.002073
(21|29),(19|10),0.000001,0.000000,+0.000001
(21|29),(19|12),0.000003,0.000013,-0.000010
(21|29),(19|13),0.000008,0.000000,+0.000008
(21|29),(19|14),0.000015,0.000009,+0.000006
(21|29),(19|15),0.000023,0.000027,-0.000003
(21|29),(19|16),0.000032,0.000022,+0.000010
(21|29),(19|17),0.000073,0.000084,-0.000012
(21|29),(19|18),0.000175,0.000178,-0.000003
(21|29),(19|19),0.000329,0.000386,-0.000057
(21|29),(19|20),0.000619,0.000648,-0.000029
(21|29),(19|21),0.001271,0.001438,-0.000167
(21|29),(19|22),0.002557,0.002867,-0.000309
(21|29),(19|23),0.005130,0.005409,-0.000279
(21|29),(19|24),0.010384,0.011183,-0.000799
(21|29),(19|25),0.020883,0.022161,-0.001278
(21|29),(19|26),0.020917,0.018287,+0.002630
(21|29),(21|11),0.000001,0.000000,+0.000001
(21|29),(21|12),0.000004,0.000000,+0.000004
(21|29),(21|13),0.000005,0.000004,+0.000001
(21|29),(21|14),0.000009,0.000000,+0.000009
(21|29),(21|15),0.000017,0.000031,-0.000014
(21|29),(21|16),0.000038,0.000040,-0.000002
(21|29),(21|17),0.000075,0.000093,-0.000019
(21|29),(21|18),0.000156,0.000142,+0.000014
(21|29),(21|19),0.000331,0.000324,+0.000007
(21|29),(21|20),0.000644,0.000683,-0.000039
(21|29),(21|21),0.001312,0.001385,-0.000073
(21|29),(21|22),0.002654,0.002631,+0.000023
(21|29),(21|23),0.005218,0.005582,-0.000364
(21|29),(21|24),0.010420,0.011360,-0.000940
(21|29),(21|25),0.020933,0.021478,-0.000544
(21|29),(21|26),0.021056,0.019361,+0.001695
(21|29),(23|9),0.000001,0.000000,+0.000001
(21|29),(23|12),0.000001,0.000004,-0.000003
(21|29),(23|13),0.000005,0.000000,+0.000005
(21|29),(23|14),0.000006,0.000018,-0.000012
(21|29),(23|15),0.000015,0.000009,+0.000006
(21|29),(23|16),0.000041,0.000044,-0.000003
(21|29),(23|17),0.000075,0.000098,-0.000022
(21|29),(23|18),0.000151,0.000155,-0.000004
(21|29),(23|19),0.000305,0.000395,-0.000090
(21|29),(23|20),0.000648,0.000661,-0.000013
(21|29),(23|21),0.001310,0.001438,-0.000128
(21|29),(23|22),0.002553,0.002911,-0.000358
(21|29),(23|23),0.005176,0.005312,-0.000136
(21|29),(23|24),0.010327,0.010592,-0.000265
(21|29),(23|25),0.020545,0.021868,-0.001324
(21|29),(23|26),0.020591,0.018553,+0.002037
(21|29),(25|11),0.000003,0.000000,+0.000003
(21|29),(25|12),0.000005,0.000000,+0.000005
(21|29),(25|13),0.000008,0.000004,+0.000004
(21|29),(25|14),0.000014,0.000009,+0.000005
(21|29),(25|15),0.000020,0.000022,-0.000002
(21|29),(25|16),0.000035,0.000027,+0.000008
(21|29),(25|17),0.000076,0.000067,+0.000009
(21|29),(25|18),0.000167,0.000186,-0.000019
(21|29),(25|19),0.000347,0.000284,+0.000063
(21|29),(25|20),0.000659,0.000710,-0.000051
(21|29),(25|21),0.001299,0.001451,-0.000152
(21|29),(25|22),0.002601,0.003000,-0.000399
(21|29),(25|23),0.005210,0.005578,-0.000368
(21|29),(25|24),0.010455,0.010832,-0.000377
(21|29),(25|25),0.020771,0.021655,-0.000885
(21|29),(25|26),0.020592,0.018744,+0.001848
(21|29),(27|12),0.000003,0.000000,+0.000003
(21|29),(27|13),0.000004,0.000009,-0.000005
(21|29),(27|14),0.000009,0.000009,-0.000000
(21|29),(27|15),0.000019,0.000000,+0.000019
(21|29),(27|16),0.000039,0.000071,-0.000032
(21|29),(27|17),0.000079,0.000080,-0.000001
(21|29),(27|18),0.000143,0.000151,-0.000008
(21|29),(27|19),0.000328,0.000320,+0.000008
(21|29),(27|20),0.000651,0.000666,-0.000015
(21|29),(27|21),0.001309,0.001385,-0.000075
(21|29),(27|22),0.002629,0.002565,+0.000064
(21|29),(27|23),0.005199,0.005684,-0.000485
(21|29),(27|24),0.010391,0.011129,-0.000738
(21|29),(27|25),0.020821,0.021784,-0.000963
(21|29),(27|26),0.020860,0.017772,+0.003088
(21|29),(29|8),0.000001,0.000000,+0.000001
(21|29),(29|11),0.000002,0.000000,+0.000002
(21|29),(29|12),0.000002,0.000000,+0.000002
(21|29),(29|13),0.000003,0.000004,-0.000002
(21|29),(29|14),0.000007,0.000013,-0.000007
(21|29),(29|15),0.000016,0.000018,-0.000002
(21|29),(29|16),0.000042,0.000044,-0.000002
(21|29),(29|17),0.000102,0.000080,+0.000022
(21|29),(29|18),0.000176,0.000102,+0.000074
(21|29),(29|19),0.000311,0.000320,-0.000009
(21|29),(29|20),0.000644,0.000608,+0.000036
(21|29),(29|21),0.001293,0.001376,-0.000083
(21|29),(29|22),0.002624,0.002960,-0.000336
(21|29),(29|23),0.005277,0.005489,-0.000212
(21|29),(29|24),0.010451,0.011094,-0.000643
(21|29),(29|25),0.020927,0.021935,-0.001007
(21|29),(29|26),0.020743,0.017342,+0.003401
(21|29),(31|12),0.000001,0.000004,-0.000003
(21|29),(31|13),0.000003,0.000000,+0.000003
(21|29),(31|14),0.000011,0.000000,+0.000011
(21|29),(31|15),0.000029,0.000022,+0.000007
(21|29),(31|16),0.000053,0.000049,+0.000005
(21|29),(31|17),0.000075,0.000071,+0.000004
(21|29),(31|18),0.000147,0.000204,-0.000057
(21|29),(31|19),0.000304,0.000359,-0.000055
(21|29),(31|20),0.000655,0.000657,-0.000001
(21|29),(31|21),0.001290,0.001500,-0.000210
(21|29),(31|22),0.002539,0.002676,-0.000137
(21|29),(31|23),0.005209,0.005574,-0.000364
(21|29),(31|24),0.010532,0.010983,-0.000451
(21|29),(31|25),0.020894,0.022143,-0.001249
(21|29),(31|26),0.020695,0.018469,+0.002226
(21|30),(1|10),0.000001,0.000004,-0.000004
(21|30),(1|11),0.000001,0.000000,+0.000001
(21|30),(1|13),0.000004,0.000000,+0.000004
(21|30),(1|14),0.000008,0.000000,+0.000008
(21|30),(1|15),0.000011,0.000018,-0.000007
(21|30),(1|16),0.000027,0.000044,-0.000017
(21|30),(1|17),0.000049,0.000035,+0.000014
(21|30),(1|18),0.000075,0.000102,-0.000027
(21|30),(1|19),0.000167,0.000199,-0.000032
(21|30),(1|20),0.000328,0.000354,-0.000026
(21|30),(1|21),0.000659,0.000753,-0.000094
(21|30),(1|22),0.001289,0.001537,-0.000248
(21|30),(1|23),0.002565,0.002720,-0.000155
(21|30),(1|24),0.005240,0.005383,-0.000143
(21|30),(1|25),0.010385,0.011354,-0.000970
(21|30),(1|26),0.020821,0.022501,-0.001680
(21|30),(1|27),0.021073,0.018234,+0.002839
(21|30),(3|11),0.000001,0.000000,+0.000001
(21|30),(3|13),0.000004,0.000000,+0.000004
(21|30),(3|14),0.000011,0.000000,+0.000011
(21|30),(3|15),0.000006,0.000009,-0.000003
(21|30),(3|16),0.000010,0.000022,-0.000012
(21|30),(3|17),0.000043,0.000080,-0.000036
(21|30),(3|18),0.000093,0.000111,-0.000017
(21|30),(3|19),0.000158,0.000190,-0.000032
(21|30),(3|20),0.000303,0.000261,+0.000041
(21|30),(3|21),0.000621,0.000718,-0.000097
(21|30),(3|22),0.001328,0.001453,-0.000125
(21|30),(3|23),0.002749,0.002764,-0.000016
(21|30),(3|24),0.005343,0.005511,-0.000168
(21|30),(3|25),0.010455,0.010885,-0.000430
(21|30),(3|26),0.020950,0.022213,-0.001263
(21|30),(3|27),0.021079,0.018243,+0.002835
(21|30),(5|9),0.000002,0.000000,+0.000002
(21|30),(5|10),0.000002,0.000000,+0.000002
(21|30),(5|11),0.000001,0.000000,+0.000001
(21|30),(5|13),0.000002,0.000000,+0.000002
(21|30),(5|14),0.000009,0.000004,+0.000004
(21|30),(5|15),0.000015,0.000000,+0.000015
(21|30),(5|16),0.000025,0.000013,+0.000011
(21|30),(5|17),0.000046,0.000053,-0.000007
(21|30),(5|18),0.000079,0.000106,-0.000027
(21|30),(5|19),0.000154,0.000142,+0.000012
(21|30),(5|20),0.000318,0.000354,-0.000036
(21|30),(5|21),0.000658,0.000611,+0.000047
(21|30),(5|22),0.001277,0.001356,-0.000079
(21|30),(5|23),0.002528,0.002791,-0.000263
(21|30),(5|24),0.005289,0.005644,-0.000355
(21|30),(5|25),0.010479,0.011173,-0.000694
(21|30),(5|26),0.020732,0.021849,-0.001117
(21|30),(5|27),0.020885,0.018044,+0.002841
(21|30),(7|6),0.000001,0.000000,+0.000001
(21|30),(7|8),0.000001,0.000000,+0.000001
(21|30),(7|10),0.000000,0.000004,-0.000004
(21|30),(7|12),0.000000,0.000009,-0.000009
(21|30),(7|14),0.000004,0.000004,-0.000000
(21|30),(7|15),0.000014,0.000009,+0.000005
(21|30),(7|16),0.000021,0.000018,+0.000004
(21|30),(7|17),0.000047,0.000049,-0.000001
(21|30),(7|18),0.000101,0.000106,-0.000006
(21|30),(7|19),0.000171,0.000173,-0.000001
(21|30),(7|20),0.000333,0.000354,-0.000021
(21|30),(7|21),0.000636,0.000669,-0.000033
(21|30),(7|22),0.001234,0.001360,-0.000126
(21|30),(7|23),0.002533,0.002645,-0.000111
(21|30),(7|24),0.005159,0.005343,-0.000183
(21|30),(7|25),0.010281,0.010721,-0.000440
(21|30),(7|26),0.020614,0.021965,-0.001351
(21|30),(7|27),0.020620,0.017685,+0.002935
(21|30),(9|13),0.000002,0.000004,-0.000002
(21|30),(9|14),0.000006,0.000004,+0.000002
(21|30),(9|15),0.000015,0.000013,+0.000002
(21|30),(9|16),0.000021,0.000009,+0.000012
(21|30),(9|17),0.000041,0.000044,-0.000004
(21|30),(9|18),0.000083,0.000075,+0.000007
(21|30),(9|19),0.000159,0.000204,-0.000045
(21|30),(9|20),0.000334,0.000328,+0.000006
(21|30),(9|21),0.000659,0.000713,-0.000055
(21|30),(9|22),0.001287,0.001542,-0.000255
(21|30),(9|23),0.002611,0.002609,+0.000002
(21|30),(9|24),0.005223,0.005533,-0.000310
(21|30),(9|25),0.010483,0.011031,-0.000548
(21|30),(9|26),0.020931,0.022953,-0.002022
(21|30),(9|27),0.020885,0.018031,+0.002855
(21|30),(11|14),0.000004,0.000009,-0.000005
(21|30),(11|15),0.000013,0.000035,-0.000023
(21|30),(11|16),0.000026,0.000027,-0.000001
(21|30),(11|17),0.000045,0.000062,-0.000017
(21|30),(11|18),0.000081,0.000142,-0.000060
(21|30),(11|19),0.000166,0.000159,+0.000007
(21|30),(11|20),0.000353,0.000350,+0.000003
(21|30),(11|21),0.000683,0.000642,+0.000040
(21|30),(11|22),0.001349,0.001360,-0.000011
(21|30),(11|23),0.002595,0.002725,-0.000129
(21|30),(11|24),0.005227,0.005715,-0.000488
(21|30),(11|25),0.010500,0.011177,-0.000677
(21|30),(11|26),0.021058,0.022332,-0.001274
(21|30),(11|27),0.021033,0.018655,+0.002378
(21|30),(13|11),0.000000,0.000004,-0.000004
(21|30),(13|13),0.000001,0.000000,+0.000001
(21|30),(13|14),0.000006,0.000009,-0.000003
(21|30),(13|15),0.000013,0.000000,+0.000013
(21|30),(13|16),0.000021,0.000031,-0.000010
(21|30),(13|17),0.000037,0.000066,-0.000030
(21|30),(13|18),0.000085,0.000075,+0.000009
(21|30),(13|19),0.000163,0.000186,-0.000023
(21|30),(13|20),0.000315,0.000377,-0.000061
(21|30),(13|21),0.000656,0.000700,-0.000044
(21|30),(13|22),0.001313,0.001280,+0.000033
(21|30),(13|23),0.002597,0.002640,-0.000043
(21|30),(13|24),0.005165,0.005303,-0.000138
(21|30),(13|25),0.010390,0.011000,-0.000610
(21|30),(13|26),0.020735,0.022549,-0.001814
(21|30),(13|27),0.020620,0.018367,+0.002253
(21|30),(15|11),0.000002,0.000000,+0.000002
(21|30),(15|12),0.000004,0.000000,+0.000004
(21|30),(15|14),0.000003,0.000004,-0.000002
(21|30),(15|15),0.000009,0.000009,-0.000000
(21|30),(15|16),0.000017,0.000009,+0.000008
(21|30),(15|17),0.000039,0.000084,-0.000046
(21|30),(15|18),0.000070,0.000071,-0.000001
(21|30),(15|19),0.000153,0.000168,-0.000016
(21|30),(15|20),0.000353,0.000292,+0.000060
(21|30),(15|21),0.000663,0.000611,+0.000051
(21|30),(15|22),0.001281,0.001373,-0.000093
(21|30),(15|23),0.002563,0.002592,-0.000028
(21|30),(15|24),0.005055,0.005498,-0.000442
(21|30),(15|25),0.010459,0.010787,-0.000328
(21|30),(15|26),0.021032,0.021867,-0.000835
(21|30),(15|27),0.021011,0.018022,+0.002989
(21|30),(17|14),0.000001,0.000000,+0.000001
(21|30),(17|15),0.000005,0.000004,+0.000000
(21|30),(17|16),0.000011,0.000018,-0.000006
(21|30),(17|17),0.000035,0.000031,+0.000004
(21|30),(17|18),0.000080,0.000066,+0.000014
(21|30),(17|19),0.000152,0.000177,-0.000025
(21|30),(17|20),0.000318,0.000332,-0.000014
(21|30),(17|21),0.000661,0.000731,-0.000070
(21|30),(17|22),0.001305,0.001475,-0.000171
(21|30),(17|23),0.002615,0.002720,-0.000105
(21|30),(17|24),0.005224,0.005436,-0.000212
(21|30),(17|25),0.010471,0.010920,-0.000450
(21|30),(17|26),0.020783,0.021934,-0.001150
(21|30),(17|27),0.020644,0.018168,+0.002476
(21|30),(19|11),0.000001,0.000000,+0.000001
(21|30),(19|13),0.000003,0.000004,-0.000001
(21|30),(19|14),0.000008,0.000000,+0.000008
(21|30),(19|15),0.000015,0.000027,-0.000011
(21|30),(19|16),0.000023,0.000013,+0.000010
(21|30),(19|17),0.000032,0.000044,-0.000012
(21|30),(19|18),0.000073,0.000075,-0.000003
(21|30),(19|19),0.000175,0.000186,-0.000011
(21|30),(19|20),0.000329,0.000328,+0.000001
(21|30),(19|21),0.000619,0.000890,-0.000271
(21|30),(19|22),0.001271,0.001400,-0.000129
(21|30),(19|23),0.002557,0.002756,-0.000198
(21|30),(19|24),0.005130,0.005737,-0.000607
(21|30),(19|25),0.010384,0.010880,-0.000496
(21|30),(19|26),0.020883,0.021907,-0.001024
(21|30),(19|27),0.020917,0.018536,+0.002382
(21|30),(21|12),0.000001,0.000000,+0.000001
(21|30),(21|13),0.000004,0.000004,-0.000000
(21|30),(21|14),0.000005,0.000013,-0.000008
(21|30),(21|15),0.000009,0.000013,-0.000004
(21|30),(21|16),0.000017,0.000027,-0.000009
(21|30),(21|17),0.000038,0.000022,+0.000016
(21|30),(21|18),0.000075,0.000071,+0.000004
(21|30),(21|19),0.000156,0.000199,-0.000043
(21|30),(21|20),0.000331,0.000310,+0.000021
(21|30),(21|21),0.000644,0.000651,-0.000007
(21|30),(21|22),0.001312,0.001356,-0.000044
(21|30),(21|23),0.002654,0.002835,-0.000181
(21|30),(21|24),0.005218,0.005653,-0.000435
(21|30),(21|25),0.010420,0.011062,-0.000642
(21|30),(21|26),0.020933,0.021867,-0.000934
(21|30),(21|27),0.021056,0.018310,+0.002746
(21|30),(23|10),0.000001,0.000000,+0.000001
(21|30),(23|12),0.000000,0.000004,-0.000004
(21|30),(23|13),0.000001,0.000004,-0.000003
(21|30),(23|14),0.000005,0.000000,+0.000005
(21|30),(23|15),0.000006,0.000013,-0.000007
(21|30),(23|16),0.000015,0.000013,+0.000002
(21|30),(23|17),0.000041,0.000044,-0.000003
(21|30),(23|18),0.000075,0.000053,+0.000022
(21|30),(23|19),0.000151,0.000213,-0.000061
(21|30),(23|20),0.000305,0.000288,+0.000017
(21|30),(23|21),0.000648,0.000691,-0.000043
(21|30),(23|22),0.001310,0.001360,-0.000050
(21|30),(23|23),0.002553,0.002857,-0.000305
(21|30),(23|24),0.005176,0.005799,-0.000623
(21|30),(23|25),0.010327,0.011275,-0.000947
(21|30),(23|26),0.020545,0.022018,-0.001473
(21|30),(23|27),0.020591,0.018022,+0.002569
(21|30),(25|11),0.000001,0.000004,-0.000004
(21|30),(25|12),0.000003,0.000000,+0.000003
(21|30),(25|13),0.000005,0.000000,+0.000005
(21|30),(25|14),0.000008,0.000009,-0.000001
(21|30),(25|15),0.000014,0.000013,+0.000001
(21|30),(25|16),0.000020,0.000013,+0.000007
(21|30),(25|17),0.000035,0.000022,+0.000013
(21|30),(25|18),0.000076,0.000093,-0.000017
(21|30),(25|19),0.000167,0.000213,-0.000045
(21|30),(25|20),0.000347,0.000368,-0.000020
(21|30),(25|21),0.000659,0.000713,-0.000054
(21|30),(25|22),0.001299,0.001413,-0.000114
(21|30),(25|23),0.002601,0.002809,-0.000208
(21|30),(25|24),0.005210,0.005786,-0.000576
(21|30),(25|25),0.010455,0.011452,-0.000997
(21|30),(25|26),0.020771,0.022394,-0.001624
(21|30),(25|27),0.020592,0.018022,+0.002570
(21|30),(27|13),0.000003,0.000000,+0.000003
(21|30),(27|14),0.000004,0.000004,-0.000000
(21|30),(27|15),0.000009,0.000018,-0.000009
(21|30),(27|16),0.000019,0.000018,+0.000002
(21|30),(27|17),0.000039,0.000044,-0.000006
(21|30),(27|18),0.000079,0.000089,-0.000010
(21|30),(27|19),0.000143,0.000151,-0.000007
(21|30),(27|20),0.000328,0.000297,+0.000031
(21|30),(27|21),0.000651,0.000638,+0.000013
(21|30),(27|22),0.001309,0.001333,-0.000024
(21|30),(27|23),0.002629,0.002733,-0.000105
(21|30),(27|24),0.005199,0.005542,-0.000343
(21|30),(27|25),0.010391,0.011439,-0.001047
(21|30),(27|26),0.020821,0.022164,-0.001343
(21|30),(27|27),0.020860,0.017641,+0.003219
(21|30),(29|9),0.000001,0.000000,+0.000001
(21|30),(29|12),0.000002,0.000000,+0.000002
(21|30),(29|13),0.000002,0.000000,+0.000002
(21|30),(29|14),0.000003,0.000013,-0.000011
(21|30),(29|15),0.000007,0.000009,-0.000002
(21|30),(29|16),0.000016,0.000009,+0.000007
(21|30),(29|17),0.000042,0.000031,+0.000011
(21|30),(29|18),0.000102,0.000111,-0.000009
(21|30),(29|19),0.000176,0.000186,-0.000010
(21|30),(29|20),0.000311,0.000350,-0.000039
(21|30),(29|21),0.000644,0.000651,-0.000007
(21|30),(29|22),0.001293,0.001347,-0.000054
(21|30),(29|23),0.002624,0.002592,+0.000032
(21|30),(29|24),0.005277,0.005724,-0.000446
(21|30),(29|25),0.010451,0.011359,-0.000908
(21|30),(29|26),0.020927,0.021832,-0.000904
(21|30),(29|27),0.020743,0.018434,+0.002309
(21|30),(31|10),0.000000,0.000004,-0.000004
(21|30),(31|12),0.000001,0.000009,-0.000008
(21|30),(31|13),0.000001,0.000004,-0.000003
(21|30),(31|14),0.000003,0.000009,-0.000006
(21|30),(31|15),0.000011,0.000009,+0.000002
(21|30),(31|16),0.000029,0.000049,-0.000019
(21|30),(31|17),0.000053,0.000053,+0.000000
(21|30),(31|18),0.000075,0.000093,-0.000018
(21|30),(31|19),0.000147,0.000168,-0.000021
(21|30),(31|20),0.000304,0.000341,-0.000037
(21|30),(31|21),0.000655,0.000665,-0.000009
(21|30),(31|22),0.001290,0.001440,-0.000150
(21|30),(31|23),0.002539,0.002968,-0.000429
(21|30),(31|24),0.005209,0.005768,-0.000559
(21|30),(31|25),0.010532,0.011301,-0.000769
(21|30),(31|26),0.020894,0.022027,-0.001133
(21|30),(31|27),0.020695,0.017743,+0.002952
(21|31),(1|12),0.000001,0.000000,+0.000001
(21|31),(1|13),0.000001,0.000004,-0.000004
(21|31),(1|14),0.000004,0.000004,-0.000000
(21|31),(1|15),0.000008,0.000000,+0.000008
(21|31),(1|16),0.000011,0.000004,+0.000006
(21|31),(1|17),0.000027,0.000027,+0.000001
(21|31),(1|18),0.000049,0.000044,+0.000005
(21|31),(1|19),0.000075,0.000084,-0.000010
(21|31),(1|20),0.000167,0.000187,-0.000019
(21|31),(1|21),0.000328,0.000338,-0.000010
(21|31),(1|22),0.000659,0.000662,-0.000003
(21|31),(1|23),0.001289,0.001284,+0.000005
(21|31),(1|24),0.002565,0.002701,-0.000136
(21|31),(1|25),0.005240,0.005656,-0.000416
(21|31),(1|26),0.010385,0.010907,-0.000523
(21|31),(1|27),0.020821,0.022619,-0.001798
(21|31),(1|28),0.021073,0.017665,+0.003408
(21|31),(3|12),0.000001,0.000000,+0.000001
(21|31),(3|14),0.000004,0.000000,+0.000004
(21|31),(3|15),0.000011,0.000009,+0.000002
(21|31),(3|16),0.000006,0.000018,-0.000012
(21|31),(3|17),0.000010,0.000027,-0.000017
(21|31),(3|18),0.000043,0.000040,+0.000003
(21|31),(3|19),0.000093,0.000062,+0.000031
(21|31),(3|20),0.000158,0.000169,-0.000011
(21|31),(3|21),0.000303,0.000302,+0.000001
(21|31),(3|22),0.000621,0.000786,-0.000166
(21|31),(3|23),0.001328,0.001453,-0.000125
(21|31),(3|24),0.002749,0.002826,-0.000077
(21|31),(3|25),0.005343,0.005420,-0.000077
(21|31),(3|26),0.010455,0.010890,-0.000435
(21|31),(3|27),0.020950,0.022304,-0.001354
(21|31),(3|28),0.021079,0.018163,+0.002916
(21|31),(5|10),0.000002,0.000000,+0.000002
(21|31),(5|11),0.000002,0.000004,-0.000002
(21|31),(5|12),0.000001,0.000000,+0.000001
(21|31),(5|14),0.000002,0.000000,+0.000002
(21|31),(5|15),0.000009,0.000009,-0.000000
(21|31),(5|16),0.000015,0.000013,+0.000002
(21|31),(5|17),0.000025,0.000018,+0.000007
(21|31),(5|18),0.000046,0.000049,-0.000003
(21|31),(5|19),0.000079,0.000151,-0.000072
(21|31),(5|20),0.000154,0.000178,-0.000024
(21|31),(5|21),0.000318,0.000324,-0.000006
(21|31),(5|22),0.000658,0.000622,+0.000036
(21|31),(5|23),0.001277,0.001484,-0.000207
(21|31),(5|24),0.002528,0.002768,-0.000240
(21|31),(5|25),0.005289,0.005545,-0.000256
(21|31),(5|26),0.010479,0.011130,-0.000650
(21|31),(5|27),0.020732,0.022335,-0.001603
(21|31),(5|28),0.020885,0.018554,+0.002332
(21|31),(7|7),0.000001,0.000000,+0.000001
(21|31),(7|9),0.000001,0.000000,+0.000001
(21|31),(7|14),0.000000,0.000004,-0.000004
(21|31),(7|15),0.000004,0.000004,-0.000000
(21|31),(7|16),0.000014,0.000018,-0.000004
(21|31),(7|17),0.000021,0.000022,-0.000001
(21|31),(7|18),0.000047,0.000040,+0.000007
(21|31),(7|19),0.000101,0.000098,+0.000003
(21|31),(7|20),0.000171,0.000218,-0.000046
(21|31),(7|21),0.000333,0.000400,-0.000067
(21|31),(7|22),0.000636,0.000640,-0.000004
(21|31),(7|23),0.001234,0.001417,-0.000183
(21|31),(7|24),0.002533,0.002906,-0.000372
(21|31),(7|25),0.005159,0.005705,-0.000545
(21|31),(7|26),0.010281,0.011014,-0.000733
(21|31),(7|27),0.020614,0.021255,-0.000641
(21|31),(7|28),0.020620,0.018261,+0.002359
(21|31),(9|13),0.000001,0.000004,-0.000004
(21|31),(9|14),0.000002,0.000004,-0.000002
(21|31),(9|15),0.000006,0.000000,+0.000006
(21|31),(9|16),0.000015,0.000018,-0.000002
(21|31),(9|17),0.000021,0.000031,-0.000010
(21|31),(9|18),0.000041,0.000049,-0.000008
(21|31),(9|19),0.000083,0.000080,+0.000003
(21|31),(9|20),0.000159,0.000222,-0.000063
(21|31),(9|21),0.000334,0.000413,-0.000079
(21|31),(9|22),0.000659,0.000649,+0.000010
(21|31),(9|23),0.001287,0.001364,-0.000077
(21|31),(9|24),0.002611,0.002661,-0.000050
(21|31),(9|25),0.005223,0.005807,-0.000584
(21|31),(9|26),0.010483,0.010961,-0.000478
(21|31),(9|27),0.020931,0.022415,-0.001484
(21|31),(9|28),0.020885,0.017865,+0.003020
(21|31),(11|14),0.000001,0.000004,-0.000004
(21|31),(11|15),0.000004,0.000013,-0.000009
(21|31),(11|16),0.000013,0.000004,+0.000008
(21|31),(11|17),0.000026,0.000013,+0.000013
(21|31),(11|18),0.000045,0.000036,+0.000010
(21|31),(11|19),0.000081,0.000089,-0.000008
(21|31),(11|20),0.000166,0.000151,+0.000015
(21|31),(11|21),0.000353,0.000311,+0.000042
(21|31),(11|22),0.000683,0.000604,+0.000078
(21|31),(11|23),0.001349,0.001408,-0.000060
(21|31),(11|24),0.002595,0.002617,-0.000022
(21|31),(11|25),0.005227,0.005763,-0.000536
(21|31),(11|26),0.010500,0.010716,-0.000216
(21|31),(11|27),0.021058,0.022552,-0.001494
(21|31),(11|28),0.021033,0.018114,+0.002919
(21|31),(13|14),0.000001,0.000000,+0.000001
(21|31),(13|15),0.000006,0.000000,+0.000006
(21|31),(13|16),0.000013,0.000004,+0.000009
(21|31),(13|17),0.000021,0.000044,-0.000023
(21|31),(13|18),0.000037,0.000018,+0.000019
(21|31),(13|19),0.000085,0.000107,-0.000022
(21|31),(13|20),0.000163,0.000187,-0.000024
(21|31),(13|21),0.000315,0.000355,-0.000040
(21|31),(13|22),0.000656,0.000675,-0.000019
(21|31),(13|23),0.001313,0.001386,-0.000073
(21|31),(13|24),0.002597,0.002879,-0.000282
(21|31),(13|25),0.005165,0.006034,-0.000869
(21|31),(13|26),0.010390,0.011272,-0.000882
(21|31),(13|27),0.020735,0.022193,-0.001457
(21|31),(13|28),0.020620,0.018509,+0.002111
(21|31),(15|12),0.000002,0.000000,+0.000002
(21|31),(15|13),0.000004,0.000000,+0.000004
(21|31),(15|14),0.000000,0.000013,-0.000013
(21|31),(15|15),0.000003,0.000004,-0.000002
(21|31),(15|16),0.000009,0.000004,+0.000004
(21|31),(15|17),0.000017,0.000018,-0.000001
(21|31),(15|18),0.000039,0.000067,-0.000028
(21|31),(15|19),0.000070,0.000062,+0.000008
(21|31),(15|20),0.000153,0.000182,-0.000029
(21|31),(15|21),0.000353,0.000280,+0.000073
(21|31),(15|22),0.000663,0.000698,-0.000035
(21|31),(15|23),0.001281,0.001217,+0.000063
(21|31),(15|24),0.002563,0.002666,-0.000102
(21|31),(15|25),0.005055,0.005727,-0.000672
(21|31),(15|26),0.010459,0.011085,-0.000626
(21|31),(15|27),0.021032,0.022464,-0.001432
(21|31),(15|28),0.021011,0.018141,+0.002870
(21|31),(17|14),0.000000,0.000004,-0.000004
(21|31),(17|15),0.000001,0.000000,+0.000001
(21|31),(17|16),0.000005,0.000009,-0.000004
(21|31),(17|17),0.000011,0.000036,-0.000024
(21|31),(17|18),0.000035,0.000036,-0.000000
(21|31),(17|19),0.000080,0.000062,+0.000018
(21|31),(17|20),0.000152,0.000182,-0.000030
(21|31),(17|21),0.000318,0.000324,-0.000006
(21|31),(17|22),0.000661,0.000693,-0.000032
(21|31),(17|23),0.001305,0.001400,-0.000095
(21|31),(17|24),0.002615,0.002644,-0.000028
(21|31),(17|25),0.005224,0.005407,-0.000183
(21|31),(17|26),0.010471,0.010672,-0.000201
(21|31),(17|27),0.020783,0.021757,-0.000974
(21|31),(17|28),0.020644,0.017950,+0.002694
(21|31),(19|12),0.000001,0.000000,+0.000001
(21|31),(19|14),0.000003,0.000009,-0.000006
(21|31),(19|15),0.000008,0.000000,+0.000008
(21|31),(19|16),0.000015,0.000013,+0.000002
(21|31),(19|17),0.000023,0.000018,+0.000006
(21|31),(19|18),0.000032,0.000044,-0.000012
(21|31),(19|19),0.000073,0.000093,-0.000021
(21|31),(19|20),0.000175,0.000209,-0.000034
(21|31),(19|21),0.000329,0.000373,-0.000045
(21|31),(19|22),0.000619,0.000631,-0.000012
(21|31),(19|23),0.001271,0.001466,-0.000196
(21|31),(19|24),0.002557,0.002799,-0.000242
(21|31),(19|25),0.005130,0.005549,-0.000419
(21|31),(19|26),0.010384,0.011090,-0.000706
(21|31),(19|27),0.020883,0.022273,-0.001390
(21|31),(19|28),0.020917,0.017963,+0.002954
(21|31),(21|13),0.000001,0.000000,+0.000001
(21|31),(21|14),0.000004,0.000004,-0.000000
(21|31),(21|15),0.000005,0.000004,+0.000001
(21|31),(21|16),0.000009,0.000009,+0.000000
(21|31),(21|17),0.000017,0.000031,-0.000014
(21|31),(21|18),0.000038,0.000036,+0.000002
(21|31),(21|19),0.000075,0.000102,-0.000028
(21|31),(21|20),0.000156,0.000187,-0.000031
(21|31),(21|21),0.000331,0.000413,-0.000083
(21|31),(21|22),0.000644,0.000786,-0.000142
(21|31),(21|23),0.001312,0.001488,-0.000176
(21|31),(21|24),0.002654,0.002870,-0.000216
(21|31),(21|25),0.005218,0.005452,-0.000234
(21|31),(21|26),0.010420,0.011338,-0.000918
(21|31),(21|27),0.020933,0.021886,-0.000953
(21|31),(21|28),0.021056,0.018021,+0.003035
(21|31),(23|11),0.000001,0.000000,+0.000001
(21|31),(23|14),0.000001,0.000004,-0.000003
(21|31),(23|15),0.000005,0.000013,-0.000009
(21|31),(23|16),0.000006,0.000009,-0.000003
(21|31),(23|17),0.000015,0.000022,-0.000007
(21|31),(23|18),0.000041,0.000031,+0.000010
(21|31),(23|19),0.000075,0.000080,-0.000005
(21|31),(23|20),0.000151,0.000138,+0.000014
(21|31),(23|21),0.000305,0.000378,-0.000072
(21|31),(23|22),0.000648,0.000764,-0.000116
(21|31),(23|23),0.001310,0.001404,-0.000094
(21|31),(23|24),0.002553,0.002652,-0.000100
(21|31),(23|25),0.005176,0.005380,-0.000204
(21|31),(23|26),0.010327,0.010921,-0.000593
(21|31),(23|27),0.020545,0.021664,-0.001119
(21|31),(23|28),0.020591,0.018038,+0.002552
(21|31),(25|9),0.000000,0.000004,-0.000004
(21|31),(25|13),0.000003,0.000000,+0.000003
(21|31),(25|14),0.000005,0.000000,+0.000005
(21|31),(25|15),0.000008,0.000004,+0.000004
(21|31),(25|16),0.000014,0.000009,+0.000005
(21|31),(25|17),0.000020,0.000018,+0.000002
(21|31),(25|18),0.000035,0.000036,-0.000001
(21|31),(25|19),0.000076,0.000062,+0.000014
(21|31),(25|20),0.000167,0.000195,-0.000028
(21|31),(25|21),0.000347,0.000338,+0.000010
(21|31),(25|22),0.000659,0.000671,-0.000012
(21|31),(25|23),0.001299,0.001382,-0.000082
(21|31),(25|24),0.002601,0.002919,-0.000318
(21|31),(25|25),0.005210,0.005607,-0.000397
(21|31),(25|26),0.010455,0.011303,-0.000848
(21|31),(25|27),0.020771,0.022330,-0.001560
(21|31),(25|28),0.020592,0.018021,+0.002571
(21|31),(27|13),0.000001,0.000004,-0.000004
(21|31),(27|14),0.000003,0.000000,+0.000003
(21|31),(27|15),0.000004,0.000004,-0.000000
(21|31),(27|16),0.000009,0.000000,+0.000009
(21|31),(27|17),0.000019,0.000027,-0.000007
(21|31),(27|18),0.000039,0.000058,-0.000019
(21|31),(27|19),0.000079,0.000107,-0.000028
(21|31),(27|20),0.000143,0.000142,+0.000001
(21|31),(27|21),0.000328,0.000311,+0.000017
(21|31),(27|22),0.000651,0.000684,-0.000034
(21|31),(27|23),0.001309,0.001457,-0.000148
(21|31),(27|24),0.002629,0.002728,-0.000099
(21|31),(27|25),0.005199,0.005803,-0.000603
(21|31),(27|26),0.010391,0.010828,-0.000436
(21|31),(27|27),0.020821,0.022410,-0.001590
(21|31),(27|28),0.020860,0.018394,+0.002466
(21|31),(29|10),0.000001,0.000000,+0.000001
(21|31),(29|13),0.000002,0.000000,+0.000002
(21|31),(29|14),0.000002,0.000004,-0.000002
(21|31),(29|15),0.000003,0.000009,-0.000006
(21|31),(29|16),0.000007,0.000031,-0.000024
(21|31),(29|17),0.000016,0.000018,-0.000002
(21|31),(29|18),0.000042,0.000018,+0.000024
(21|31),(29|19),0.000102,0.000053,+0.000049
(21|31),(29|20),0.000176,0.000129,+0.000047
(21|31),(29|21),0.000311,0.000373,-0.000063
(21|31),(29|22),0.000644,0.000662,-0.000018
(21|31),(29|23),0.001293,0.001391,-0.000098
(21|31),(29|24),0.002624,0.002839,-0.000215
(21|31),(29|25),0.005277,0.005683,-0.000405
(21|31),(29|26),0.010451,0.010801,-0.000350
(21|31),(29|27),0.020927,0.022339,-0.001412
(21|31),(29|28),0.020743,0.018296,+0.002447
(21|31),(31|14),0.000001,0.000000,+0.000001
(21|31),(31|15),0.000003,0.000004,-0.000002
(21|31),(31|16),0.000011,0.000022,-0.000011
(21|31),(31|17),0.000029,0.000027,+0.000003
(21|31),(31|18),0.000053,0.000018,+0.000036
(21|31),(31|19),0.000075,0.000084,-0.000009
(21|31),(31|20),0.000147,0.000191,-0.000044
(21|31),(31|21),0.000304,0.000435,-0.000131
(21|31),(31|22),0.000655,0.000818,-0.000162
(21|31),(31|23),0.001290,0.001435,-0.000145
(21|31),(31|24),0.002539,0.002790,-0.000251
(21|31),(31|25),0.005209,0.005563,-0.000353
(21|31),(31|26),0.010532,0.011405,-0.000873
(21|31),(31|27),0.020894,0.022206,-0.001312
(21|31),(31|28),0.020695,0.017594,+0.003101
(21|32),(1|13),0.000001,0.000000,+0.000001
(21|32),(1|15),0.000004,0.000015,-0.000011
(21|32),(1|16),0.000008,0.000015,-0.000007
(21|32),(1|17),0.000011,0.000008,+0.000003
(21|32),(1|18),0.000027,0.000000,+0.000027
(21|32),(1|19),0.000049,0.000038,+0.000011
(21|32),(1|20),0.000075,0.000106,-0.000032
(21|32),(1|21),0.000167,0.000205,-0.000038
(21|32),(1|22),0.000328,0.000365,-0.000037
(21|32),(1|23),0.000659,0.000677,-0.000018
(21|32),(1|24),0.001289,0.001529,-0.000239
(21|32),(1|25),0.002565,0.002844,-0.000279
(21|32),(1|26),0.005240,0.005787,-0.000547
(21|32),(1|27),0.010385,0.011635,-0.001251
(21|32),(1|28),0.020821,0.023142,-0.002321
(21|32),(1|29),0.021073,0.016586,+0.004487
(21|32),(3|13),0.000001,0.000000,+0.000001
(21|32),(3|14),0.000000,0.000008,-0.000008
(21|32),(3|15),0.000004,0.000000,+0.000004
(21|32),(3|16),0.000011,0.000000,+0.000011
(21|32),(3|17),0.000006,0.000015,-0.000009
(21|32),(3|18),0.000010,0.000015,-0.000005
(21|32),(3|19),0.000043,0.000038,+0.000005
(21|32),(3|20),0.000093,0.000099,-0.000006
(21|32),(3|21),0.000158,0.000160,-0.000002
(21|32),(3|22),0.000303,0.000259,+0.000044
(21|32),(3|23),0.000621,0.000662,-0.000041
(21|32),(3|24),0.001328,0.001437,-0.000109
(21|32),(3|25),0.002749,0.002761,-0.000012
(21|32),(3|26),0.005343,0.005780,-0.000436
(21|32),(3|27),0.010455,0.011073,-0.000618
(21|32),(3|28),0.020950,0.023096,-0.002146
(21|32),(3|29),0.021079,0.015734,+0.005344
(21|32),(5|11),0.000002,0.000000,+0.000002
(21|32),(5|12),0.000002,0.000000,+0.000002
(21|32),(5|13),0.000001,0.000000,+0.000001
(21|32),(5|15),0.000002,0.000008,-0.000006
(21|32),(5|16),0.000009,0.000008,+0.000001
(21|32),(5|17),0.000015,0.000000,+0.000015
(21|32),(5|18),0.000025,0.000015,+0.000009
(21|32),(5|19),0.000046,0.000053,-0.000007
(21|32),(5|20),0.000079,0.000099,-0.000020
(21|32),(5|21),0.000154,0.000152,+0.000002
(21|32),(5|22),0.000318,0.000373,-0.000055
(21|32),(5|23),0.000658,0.000684,-0.000026
(21|32),(5|24),0.001277,0.001460,-0.000183
(21|32),(5|25),0.002528,0.003019,-0.000491
(21|32),(5|26),0.005289,0.005749,-0.000461
(21|32),(5|27),0.010479,0.011613,-0.001133
(21|32),(5|28),0.020732,0.022906,-0.002174
(21|32),(5|29),0.020885,0.016358,+0.004527
(21|32),(7|8),0.000001,0.000000,+0.000001
(21|32),(7|10),0.000001,0.000000,+0.000001
(21|32),(7|16),0.000004,0.000000,+0.000004
(21|32),(7|17),0.000014,0.000023,-0.000009
(21|32),(7|18),0.000021,0.000046,-0.000024
(21|32),(7|19),0.000047,0.000015,+0.000032
(21|32),(7|20),0.000101,0.000084,+0.000017
(21|32),(7|21),0.000171,0.000190,-0.000019
(21|32),(7|22),0.000333,0.000373,-0.000039
(21|32),(7|23),0.000636,0.000730,-0.000094
(21|32),(7|24),0.001234,0.001597,-0.000363
(21|32),(7|25),0.002533,0.002905,-0.000372
(21|32),(7|26),0.005159,0.006152,-0.000993
(21|32),(7|27),0.010281,0.011088,-0.000807
(21|32),(7|28),0.020614,0.023073,-0.002459
(21|32),(7|29),0.020620,0.015963,+0.004657
(21|32),(9|13),0.000000,0.000008,-0.000008
(21|32),(9|15),0.000002,0.000008,-0.000006
(21|32),(9|16),0.000006,0.000000,+0.000006
(21|32),(9|17),0.000015,0.000008,+0.000008
(21|32),(9|18),0.000021,0.000030,-0.000009
(21|32),(9|19),0.000041,0.000030,+0.000010
(21|32),(9|20),0.000083,0.000084,-0.000001
(21|32),(9|21),0.000159,0.000228,-0.000069
(21|32),(9|22),0.000334,0.000357,-0.000023
(21|32),(9|23),0.000659,0.000669,-0.000011
(21|32),(9|24),0.001287,0.001544,-0.000257
(21|32),(9|25),0.002611,0.003080,-0.000469
(21|32),(9|26),0.005223,0.005810,-0.000587
(21|32),(9|27),0.010483,0.011635,-0.001153
(21|32),(9|28),0.020931,0.023682,-0.002751
(21|32),(9|29),0.020885,0.015658,+0.005227
(21|32),(11|14),0.000000,0.000015,-0.000015
(21|32),(11|16),0.000004,0.000000,+0.000004
(21|32),(11|17),0.000013,0.000015,-0.000003
(21|32),(11|18),0.000026,0.000038,-0.000012
(21|32),(11|19),0.000045,0.000038,+0.000007
(21|32),(11|20),0.000081,0.000106,-0.000025
(21|32),(11|21),0.000166,0.000183,-0.000017
(21|32),(11|22),0.000353,0.000411,-0.000057
(21|32),(11|23),0.000683,0.000806,-0.000123
(21|32),(11|24),0.001349,0.001354,-0.000005
(21|32),(11|25),0.002595,0.003133,-0.000538
(21|32),(11|26),0.005227,0.005415,-0.000188
(21|32),(11|27),0.010500,0.011993,-0.001493
(21|32),(11|28),0.021058,0.023012,-0.001954
(21|32),(11|29),0.021033,0.016601,+0.004432
(21|32),(13|15),0.000001,0.000000,+0.000001
(21|32),(13|16),0.000006,0.000015,-0.000009
(21|32),(13|17),0.000013,0.000023,-0.000009
(21|32),(13|18),0.000021,0.000015,+0.000006
(21|32),(13|19),0.000037,0.000053,-0.000017
(21|32),(13|20),0.000085,0.000053,+0.000031
(21|32),(13|21),0.000163,0.000228,-0.000065
(21|32),(13|22),0.000315,0.000357,-0.000042
(21|32),(13|23),0.000656,0.000677,-0.000021
(21|32),(13|24),0.001313,0.001453,-0.000139
(21|32),(13|25),0.002597,0.003057,-0.000460
(21|32),(13|26),0.005165,0.005848,-0.000683
(21|32),(13|27),0.010390,0.011826,-0.001436
(21|32),(13|28),0.020735,0.022982,-0.002247
(21|32),(13|29),0.020620,0.015750,+0.004870
(21|32),(15|13),0.000002,0.000000,+0.000002
(21|32),(15|14),0.000004,0.000000,+0.000004
(21|32),(15|16),0.000003,0.000000,+0.000003
(21|32),(15|17),0.000009,0.000015,-0.000007
(21|32),(15|18),0.000017,0.000015,+0.000001
(21|32),(15|19),0.000039,0.000061,-0.000022
(21|32),(15|20),0.000070,0.000068,+0.000002
(21|32),(15|21),0.000153,0.000243,-0.000091
(21|32),(15|22),0.000353,0.000388,-0.000035
(21|32),(15|23),0.000663,0.000844,-0.000181
(21|32),(15|24),0.001281,0.001521,-0.000240
(21|32),(15|25),0.002563,0.002852,-0.000288
(21|32),(15|26),0.005055,0.005924,-0.000869
(21|32),(15|27),0.010459,0.011711,-0.001252
(21|32),(15|28),0.021032,0.023278,-0.002246
(21|32),(15|29),0.021011,0.016290,+0.004721
(21|32),(17|16),0.000001,0.000008,-0.000006
(21|32),(17|17),0.000005,0.000000,+0.000005
(21|32),(17|18),0.000011,0.000038,-0.000027
(21|32),(17|19),0.000035,0.000023,+0.000013
(21|32),(17|20),0.000080,0.000061,+0.000019
(21|32),(17|21),0.000152,0.000152,-0.000000
(21|32),(17|22),0.000318,0.000319,-0.000001
(21|32),(17|23),0.000661,0.000753,-0.000092
(21|32),(17|24),0.001305,0.001559,-0.000254
(21|32),(17|25),0.002615,0.003133,-0.000518
(21|32),(17|26),0.005224,0.005590,-0.000366
(21|32),(17|27),0.010471,0.011909,-0.001439
(21|32),(17|28),0.020783,0.024054,-0.003271
(21|32),(17|29),0.020644,0.015575,+0.005069
(21|32),(19|13),0.000001,0.000000,+0.000001
(21|32),(19|15),0.000003,0.000000,+0.000003
(21|32),(19|16),0.000008,0.000030,-0.000022
(21|32),(19|17),0.000015,0.000008,+0.000008
(21|32),(19|18),0.000023,0.000015,+0.000008
(21|32),(19|19),0.000032,0.000053,-0.000021
(21|32),(19|20),0.000073,0.000122,-0.000049
(21|32),(19|21),0.000175,0.000152,+0.000023
(21|32),(19|22),0.000329,0.000388,-0.000059
(21|32),(19|23),0.000619,0.000692,-0.000073
(21|32),(19|24),0.001271,0.001392,-0.000121
(21|32),(19|25),0.002557,0.002859,-0.000302
(21|32),(19|26),0.005130,0.005574,-0.000444
(21|32),(19|27),0.010384,0.011780,-0.001396
(21|32),(19|28),0.020883,0.023286,-0.002403
(21|32),(19|29),0.020917,0.016069,+0.004848
(21|32),(21|14),0.000001,0.000000,+0.000001
(21|32),(21|15),0.000004,0.000000,+0.000004
(21|32),(21|16),0.000005,0.000000,+0.000005
(21|32),(21|17),0.000009,0.000008,+0.000002
(21|32),(21|18),0.000017,0.000015,+0.000002
(21|32),(21|19),0.000038,0.000076,-0.000038
(21|32),(21|20),0.000075,0.000091,-0.000017
(21|32),(21|21),0.000156,0.000190,-0.000034
(21|32),(21|22),0.000331,0.000297,+0.000034
(21|32),(21|23),0.000644,0.000745,-0.000101
(21|32),(21|24),0.001312,0.001384,-0.000072
(21|32),(21|25),0.002654,0.002928,-0.000274
(21|32),(21|26),0.005218,0.006023,-0.000805
(21|32),(21|27),0.010420,0.011689,-0.001269
(21|32),(21|28),0.020933,0.023111,-0.002178
(21|32),(21|29),0.021056,0.015879,+0.005177
(21|32),(23|12),0.000001,0.000000,+0.000001
(21|32),(23|15),0.000001,0.000008,-0.000006
(21|32),(23|16),0.000005,0.000000,+0.000005
(21|32),(23|17),0.000006,0.000008,-0.000002
(21|32),(23|18),0.000015,0.000030,-0.000015
(21|32),(23|19),0.000041,0.000046,-0.000004
(21|32),(23|20),0.000075,0.000129,-0.000054
(21|32),(23|21),0.000151,0.000167,-0.000016
(21|32),(23|22),0.000305,0.000472,-0.000166
(21|32),(23|23),0.000648,0.000791,-0.000143
(21|32),(23|24),0.001310,0.001293,+0.000017
(21|32),(23|25),0.002553,0.002829,-0.000276
(21|32),(23|26),0.005176,0.005947,-0.000771
(21|32),(23|27),0.010327,0.011217,-0.000890
(21|32),(23|28),0.020545,0.023096,-0.002551
(21|32),(23|29),0.020591,0.016031,+0.004560
(21|32),(25|14),0.000003,0.000000,+0.000003
(21|32),(25|15),0.000005,0.000008,-0.000003
(21|32),(25|16),0.000008,0.000000,+0.000008
(21|32),(25|17),0.000014,0.000015,-0.000001
(21|32),(25|18),0.000020,0.000023,-0.000003
(21|32),(25|19),0.000035,0.000061,-0.000026
(21|32),(25|20),0.000076,0.000106,-0.000030
(21|32),(25|21),0.000167,0.000144,+0.000023
(21|32),(25|22),0.000347,0.000319,+0.000028
(21|32),(25|23),0.000659,0.000608,+0.000051
(21|32),(25|24),0.001299,0.001483,-0.000184
(21|32),(25|25),0.002601,0.002897,-0.000297
(21|32),(25|26),0.005210,0.005909,-0.000699
(21|32),(25|27),0.010455,0.011673,-0.001219
(21|32),(25|28),0.020771,0.024282,-0.003512
(21|32),(25|29),0.020592,0.015993,+0.004599
(21|32),(27|15),0.000003,0.000000,+0.000003
(21|32),(27|16),0.000004,0.000000,+0.000004
(21|32),(27|17),0.000009,0.000000,+0.000009
(21|32),(27|18),0.000019,0.000046,-0.000026
(21|32),(27|19),0.000039,0.000030,+0.000008
(21|32),(27|20),0.000079,0.000061,+0.000018
(21|32),(27|21),0.000143,0.000190,-0.000047
(21|32),(27|22),0.000328,0.000395,-0.000067
(21|32),(27|23),0.000651,0.000684,-0.000034
(21|32),(27|24),0.001309,0.001346,-0.000037
(21|32),(27|25),0.002629,0.002905,-0.000276
(21|32),(27|26),0.005199,0.005871,-0.000672
(21|32),(27|27),0.010391,0.011422,-0.001031
(21|32),(27|28),0.020821,0.023005,-0.002184
(21|32),(27|29),0.020860,0.016046,+0.004814
(21|32),(29|11),0.000001,0.000000,+0.000001
(21|32),(29|14),0.000002,0.000000,+0.000002
(21|32),(29|15),0.000002,0.000008,-0.000006
(21|32),(29|16),0.000003,0.000000,+0.000003
(21|32),(29|17),0.000007,0.000008,-0.000001
(21|32),(29|18),0.000016,0.000015,+0.000001
(21|32),(29|19),0.000042,0.000038,+0.000004
(21|32),(29|20),0.000102,0.000091,+0.000011
(21|32),(29|21),0.000176,0.000167,+0.000009
(21|32),(29|22),0.000311,0.000441,-0.000130
(21|32),(29|23),0.000644,0.000662,-0.000018
(21|32),(29|24),0.001293,0.001498,-0.000205
(21|32),(29|25),0.002624,0.002928,-0.000304
(21|32),(29|26),0.005277,0.005795,-0.000518
(21|32),(29|27),0.010451,0.011613,-0.001161
(21|32),(29|28),0.020927,0.023111,-0.002184
(21|32),(29|29),0.020743,0.016845,+0.003898
(21|32),(31|15),0.000001,0.000000,+0.000001
(21|32),(31|16),0.000003,0.000015,-0.000013
(21|32),(31|17),0.000011,0.000030,-0.000019
(21|32),(31|18),0.000029,0.000023,+0.000007
(21|32),(31|19),0.000053,0.000038,+0.000015
(21|32),(31|20),0.000075,0.000068,+0.000007
(21|32),(31|21),0.000147,0.000152,-0.000005
(21|32),(31|22),0.000304,0.000403,-0.000099
(21|32),(31|23),0.000655,0.000760,-0.000105
(21|32),(31|24),0.001290,0.001491,-0.000201
(21|32),(31|25),0.002539,0.002814,-0.000274
(21|32),(31|26),0.005209,0.005848,-0.000639
(21|32),(31|27),0.010532,0.011126,-0.000594
(21|32),(31|28),0.020894,0.022328,-0.001434
(21|32),(31|29),0.020695,0.015742,+0.004953
(21|33),(1|14),0.000001,0.000000,+0.000001
(21|33),(1|16),0.000004,0.000000,+0.000004
(21|33),(1|17),0.000008,0.000000,+0.000008
(21|33),(1|18),0.000011,0.000015,-0.000004
(21|33),(1|19),0.000027,0.000015,+0.000012
(21|33),(1|20),0.000049,0.000030,+0.000020
(21|33),(1|21),0.000075,0.000089,-0.000014
(21|33),(1|22),0.000167,0.000163,+0.000004
(21|33),(1|23),0.000328,0.000282,+0.000046
(21|33),(1|24),0.000659,0.000668,-0.000009
(21|33),(1|25),0.001289,0.001454,-0.000165
(21|33),(1|26),0.002565,0.002908,-0.000342
(21|33),(1|27),0.005240,0.005949,-0.000709
(21|33),(1|28),0.010385,0.012729,-0.002344
(21|33),(1|29),0.020821,0.022505,-0.001685
(21|33),(1|30),0.021073,0.015384,+0.005689
(21|33),(3|14),0.000001,0.000000,+0.000001
(21|33),(3|16),0.000004,0.000000,+0.000004
(21|33),(3|17),0.000011,0.000000,+0.000011
(21|33),(3|18),0.000006,0.000000,+0.000006
(21|33),(3|19),0.000010,0.000000,+0.000010
(21|33),(3|20),0.000043,0.000045,-0.000001
(21|33),(3|21),0.000093,0.000059,+0.000034
(21|33),(3|22),0.000158,0.000178,-0.000020
(21|33),(3|23),0.000303,0.000504,-0.000202
(21|33),(3|24),0.000621,0.000638,-0.000017
(21|33),(3|25),0.001328,0.001172,+0.000156
(21|33),(3|26),0.002749,0.002908,-0.000159
(21|33),(3|27),0.005343,0.005712,-0.000368
(21|33),(3|28),0.010455,0.012106,-0.001651
(21|33),(3|29),0.020950,0.023232,-0.002282
(21|33),(3|30),0.021079,0.015295,+0.005783
(21|33),(5|12),0.000002,0.000000,+0.000002
(21|33),(5|13),0.000002,0.000000,+0.000002
(21|33),(5|14),0.000001,0.000000,+0.000001
(21|33),(5|16),0.000002,0.000000,+0.000002
(21|33),(5|17),0.000009,0.000015,-0.000006
(21|33),(5|18),0.000015,0.000000,+0.000015
(21|33),(5|19),0.000025,0.000000,+0.000025
(21|33),(5|20),0.000046,0.000000,+0.000046
(21|33),(5|21),0.000079,0.000089,-0.000010
(21|33),(5|22),0.000154,0.000312,-0.000158
(21|33),(5|23),0.000318,0.000371,-0.000053
(21|33),(5|24),0.000658,0.000668,-0.000010
(21|33),(5|25),0.001277,0.001721,-0.000444
(21|33),(5|26),0.002528,0.002759,-0.000231
(21|33),(5|27),0.005289,0.005875,-0.000586
(21|33),(5|28),0.010479,0.011230,-0.000751
(21|33),(5|29),0.020732,0.023588,-0.002856
(21|33),(5|30),0.020885,0.015192,+0.005694
(21|33),(7|9),0.000001,0.000000,+0.000001
(21|33),(7|11),0.000001,0.000000,+0.000001
(21|33),(7|17),0.000004,0.000015,-0.000011
(21|33),(7|18),0.000014,0.000015,-0.000001
(21|33),(7|19),0.000021,0.000000,+0.000021
(21|33),(7|20),0.000047,0.000045,+0.000003
(21|33),(7|21),0.000101,0.000045,+0.000056
(21|33),(7|22),0.000171,0.000089,+0.000082
(21|33),(7|23),0.000333,0.000297,+0.000037
(21|33),(7|24),0.000636,0.000593,+0.000043
(21|33),(7|25),0.001234,0.001810,-0.000576
(21|33),(7|26),0.002533,0.002893,-0.000360
(21|33),(7|27),0.005159,0.005341,-0.000181
(21|33),(7|28),0.010281,0.011676,-0.001394
(21|33),(7|29),0.020614,0.022950,-0.002336
(21|33),(7|30),0.020620,0.015829,+0.004791
(21|33),(9|16),0.000002,0.000000,+0.000002
(21|33),(9|17),0.000006,0.000000,+0.000006
(21|33),(9|18),0.000015,0.000000,+0.000015
(21|33),(9|19),0.000021,0.000015,+0.000006
(21|33),(9|20),0.000041,0.000045,-0.000004
(21|33),(9|21),0.000083,0.000074,+0.000008
(21|33),(9|22),0.000159,0.000148,+0.000010
(21|33),(9|23),0.000334,0.000534,-0.000200
(21|33),(9|24),0.000659,0.000712,-0.000053
(21|33),(9|25),0.001287,0.001617,-0.000330
(21|33),(9|26),0.002611,0.003115,-0.000504
(21|33),(9|27),0.005223,0.006008,-0.000785
(21|33),(9|28),0.010483,0.011587,-0.001104
(21|33),(9|29),0.020931,0.022283,-0.001352
(21|33),(9|30),0.020885,0.014791,+0.006094
(21|33),(11|16),0.000001,0.000015,-0.000014
(21|33),(11|17),0.000004,0.000000,+0.000004
(21|33),(11|18),0.000013,0.000015,-0.000002
(21|33),(11|19),0.000026,0.000030,-0.000004
(21|33),(11|20),0.000045,0.000045,+0.000001
(21|33),(11|21),0.000081,0.000059,+0.000022
(21|33),(11|22),0.000166,0.000208,-0.000042
(21|33),(11|23),0.000353,0.000401,-0.000047
(21|33),(11|24),0.000683,0.000608,+0.000074
(21|33),(11|25),0.001349,0.001632,-0.000283
(21|33),(11|26),0.002595,0.003056,-0.000461
(21|33),(11|27),0.005227,0.006305,-0.001078
(21|33),(11|28),0.010500,0.012224,-0.001724
(21|33),(11|29),0.021058,0.023425,-0.002367
(21|33),(11|30),0.021033,0.015562,+0.005471
(21|33),(13|16),0.000001,0.000000,+0.000001
(21|33),(13|17),0.000006,0.000000,+0.000006
(21|33),(13|18),0.000013,0.000030,-0.000016
(21|33),(13|19),0.000021,0.000015,+0.000006
(21|33),(13|20),0.000037,0.000030,+0.000007
(21|33),(13|21),0.000085,0.000059,+0.000025
(21|33),(13|22),0.000163,0.000252,-0.000090
(21|33),(13|23),0.000315,0.000282,+0.000033
(21|33),(13|24),0.000656,0.000831,-0.000175
(21|33),(13|25),0.001313,0.001543,-0.000230
(21|33),(13|26),0.002597,0.002848,-0.000251
(21|33),(13|27),0.005165,0.005608,-0.000443
(21|33),(13|28),0.010390,0.011423,-0.001033
(21|33),(13|29),0.020735,0.024464,-0.003728
(21|33),(13|30),0.020620,0.016453,+0.004167
(21|33),(15|14),0.000002,0.000000,+0.000002
(21|33),(15|15),0.000004,0.000000,+0.000004
(21|33),(15|17),0.000003,0.000015,-0.000012
(21|33),(15|18),0.000009,0.000000,+0.000009
(21|33),(15|19),0.000017,0.000045,-0.000028
(21|33),(15|20),0.000039,0.000015,+0.000024
(21|33),(15|21),0.000070,0.000059,+0.000011
(21|33),(15|22),0.000153,0.000223,-0.000070
(21|33),(15|23),0.000353,0.000401,-0.000048
(21|33),(15|24),0.000663,0.000875,-0.000213
(21|33),(15|25),0.001281,0.001691,-0.000411
(21|33),(15|26),0.002563,0.002952,-0.000389
(21|33),(15|27),0.005055,0.005979,-0.000923
(21|33),(15|28),0.010459,0.011483,-0.001023
(21|33),(15|29),0.021032,0.023203,-0.002171
(21|33),(15|30),0.021011,0.016260,+0.004751
(21|33),(17|17),0.000001,0.000000,+0.000001
(21|33),(17|18),0.000005,0.000015,-0.000010
(21|33),(17|19),0.000011,0.000015,-0.000004
(21|33),(17|20),0.000035,0.000015,+0.000020
(21|33),(17|21),0.000080,0.000104,-0.000024
(21|33),(17|22),0.000152,0.000134,+0.000018
(21|33),(17|23),0.000318,0.000312,+0.000006
(21|33),(17|24),0.000661,0.000623,+0.000038
(21|33),(17|25),0.001305,0.001676,-0.000372
(21|33),(17|26),0.002615,0.002997,-0.000381
(21|33),(17|27),0.005224,0.005652,-0.000428
(21|33),(17|28),0.010471,0.011987,-0.001516
(21|33),(17|29),0.020783,0.023307,-0.002523
(21|33),(17|30),0.020644,0.016972,+0.003672
(21|33),(19|14),0.000001,0.000000,+0.000001
(21|33),(19|16),0.000003,0.000015,-0.000012
(21|33),(19|17),0.000008,0.000000,+0.000008
(21|33),(19|18),0.000015,0.000015,+0.000000
(21|33),(19|19),0.000023,0.000089,-0.000066
(21|33),(19|20),0.000032,0.000059,-0.000027
(21|33),(19|21),0.000073,0.000104,-0.000031
(21|33),(19|22),0.000175,0.000252,-0.000078
(21|33),(19|23),0.000329,0.000445,-0.000116
(21|33),(19|24),0.000619,0.000727,-0.000108
(21|33),(19|25),0.001271,0.001528,-0.000257
(21|33),(19|26),0.002557,0.002997,-0.000439
(21|33),(19|27),0.005130,0.005994,-0.000864
(21|33),(19|28),0.010384,0.011201,-0.000817
(21|33),(19|29),0.020883,0.023247,-0.002365
(21|33),(19|30),0.020917,0.015281,+0.005637
(21|33),(21|15),0.000001,0.000000,+0.000001
(21|33),(21|16),0.000004,0.000000,+0.000004
(21|33),(21|17),0.000005,0.000015,-0.000010
(21|33),(21|18),0.000009,0.000015,-0.000006
(21|33),(21|19),0.000017,0.000000,+0.000017
(21|33),(21|20),0.000038,0.000045,-0.000007
(21|33),(21|21),0.000075,0.000119,-0.000044
(21|33),(21|22),0.000156,0.000148,+0.000008
(21|33),(21|23),0.000331,0.000356,-0.000025
(21|33),(21|24),0.000644,0.000846,-0.000202
(21|33),(21|25),0.001312,0.001617,-0.000305
(21|33),(21|26),0.002654,0.002937,-0.000283
(21|33),(21|27),0.005218,0.006157,-0.000939
(21|33),(21|28),0.010420,0.011616,-0.001196
(21|33),(21|29),0.020933,0.022594,-0.001661
(21|33),(21|30),0.021056,0.015548,+0.005508
(21|33),(23|13),0.000001,0.000000,+0.000001
(21|33),(23|16),0.000001,0.000000,+0.000001
(21|33),(23|17),0.000005,0.000015,-0.000010
(21|33),(23|18),0.000006,0.000000,+0.000006
(21|33),(23|19),0.000015,0.000000,+0.000015
(21|33),(23|20),0.000041,0.000045,-0.000003
(21|33),(23|21),0.000075,0.000030,+0.000046
(21|33),(23|22),0.000151,0.000148,+0.000003
(21|33),(23|23),0.000305,0.000312,-0.000006
(21|33),(23|24),0.000648,0.000771,-0.000123
(21|33),(23|25),0.001310,0.001780,-0.000470
(21|33),(23|26),0.002553,0.003204,-0.000652
(21|33),(23|27),0.005176,0.005474,-0.000298
(21|33),(23|28),0.010327,0.011676,-0.001348
(21|33),(23|29),0.020545,0.023944,-0.003400
(21|33),(23|30),0.020591,0.015607,+0.004984
(21|33),(25|15),0.000003,0.000000,+0.000003
(21|33),(25|16),0.000005,0.000000,+0.000005
(21|33),(25|17),0.000008,0.000000,+0.000008
(21|33),(25|18),0.000014,0.000000,+0.000014
(21|33),(25|19),0.000020,0.000015,+0.000005
(21|33),(25|20),0.000035,0.000074,-0.000040
(21|33),(25|21),0.000076,0.000059,+0.000017
(21|33),(25|22),0.000167,0.000193,-0.000026
(21|33),(25|23),0.000347,0.000326,+0.000021
(21|33),(25|24),0.000659,0.000653,+0.000007
(21|33),(25|25),0.001299,0.001335,-0.000036
(21|33),(25|26),0.002601,0.003219,-0.000619
(21|33),(25|27),0.005210,0.005845,-0.000635
(21|33),(25|28),0.010455,0.012313,-0.001859
(21|33),(25|29),0.020771,0.023677,-0.002907
(21|33),(25|30),0.020592,0.015874,+0.004718
(21|33),(27|14),0.000000,0.000015,-0.000015
(21|33),(27|16),0.000003,0.000015,-0.000012
(21|33),(27|17),0.000004,0.000000,+0.000004
(21|33),(27|18),0.000009,0.000000,+0.000009
(21|33),(27|19),0.000019,0.000059,-0.000040
(21|33),(27|20),0.000039,0.000030,+0.000009
(21|33),(27|21),0.000079,0.000148,-0.000070
(21|33),(27|22),0.000143,0.000312,-0.000168
(21|33),(27|23),0.000328,0.000460,-0.000132
(21|33),(27|24),0.000651,0.000801,-0.000150
(21|33),(27|25),0.001309,0.001291,+0.000019
(21|33),(27|26),0.002629,0.002626,+0.000003
(21|33),(27|27),0.005199,0.005578,-0.000379
(21|33),(27|28),0.010391,0.011913,-0.001522
(21|33),(27|29),0.020821,0.023410,-0.002590
(21|33),(27|30),0.020860,0.016156,+0.004704
(21|33),(29|12),0.000001,0.000000,+0.000001
(21|33),(29|15),0.000002,0.000000,+0.000002
(21|33),(29|16),0.000002,0.000000,+0.000002
(21|33),(29|17),0.000003,0.000015,-0.000012
(21|33),(29|18),0.000007,0.000000,+0.000007
(21|33),(29|19),0.000016,0.000000,+0.000016
(21|33),(29|20),0.000042,0.000015,+0.000027
(21|33),(29|21),0.000102,0.000030,+0.000072
(21|33),(29|22),0.000176,0.000163,+0.000013
(21|33),(29|23),0.000311,0.000356,-0.000045
(21|33),(29|24),0.000644,0.000638,+0.000006
(21|33),(29|25),0.001293,0.001632,-0.000339
(21|33),(29|26),0.002624,0.002819,-0.000195
(21|33),(29|27),0.005277,0.005964,-0.000687
(21|33),(29|28),0.010451,0.012210,-0.001758
(21|33),(29|29),0.020927,0.022357,-0.001430
(21|33),(29|30),0.020743,0.016096,+0.004646
(21|33),(31|14),0.000000,0.000015,-0.000015
(21|33),(31|16),0.000001,0.000000,+0.000001
(21|33),(31|17),0.000003,0.000000,+0.000003
(21|33),(31|18),0.000011,0.000000,+0.000011
(21|33),(31|19),0.000029,0.000015,+0.000014
(21|33),(31|20),0.000053,0.000015,+0.000038
(21|33),(31|21),0.000075,0.000059,+0.000016
(21|33),(31|22),0.000147,0.000208,-0.000060
(21|33),(31|23),0.000304,0.000356,-0.000052
(21|33),(31|24),0.000655,0.000786,-0.000131
(21|33),(31|25),0.001290,0.001335,-0.000045
(21|33),(31|26),0.002539,0.002923,-0.000383
(21|33),(31|27),0.005209,0.005578,-0.000369
(21|33),(31|28),0.010532,0.011245,-0.000713
(21|33),(31|29),0.020894,0.023425,-0.002531
(21|33),(31|30),0.020695,0.015562,+0.005132
(21|34),(1|15),0.000001,0.000000,+0.000001
(21|34),(1|17),0.000004,0.000000,+0.000004
(21|34),(1|18),0.000008,0.000000,+0.000008
(21|34),(1|19),0.000011,0.000059,-0.000049
(21|34),(1|20),0.000027,0.000089,-0.000062
(21|34),(1|21),0.000049,0.000089,-0.000040
(21|34),(1|22),0.000075,0.000089,-0.000014
(21|34),(1|23),0.000167,0.000237,-0.000070
(21|34),(1|24),0.000328,0.000237,+0.000091
(21|34),(1|25),0.000659,0.001039,-0.000380
(21|34),(1|26),0.001289,0.001098,+0.000191
(21|34),(1|27),0.002565,0.003028,-0.000463
(21|34),(1|28),0.005240,0.005730,-0.000490
(21|34),(1|29),0.010385,0.010954,-0.000570
(21|34),(1|30),0.020821,0.024551,-0.003730
(21|34),(1|31),0.021073,0.014309,+0.006764
(21|34),(3|15),0.000001,0.000000,+0.000001
(21|34),(3|17),0.000004,0.000000,+0.000004
(21|34),(3|18),0.000011,0.000000,+0.000011
(21|34),(3|19),0.000006,0.000000,+0.000006
(21|34),(3|20),0.000010,0.000000,+0.000010
(21|34),(3|21),0.000043,0.000059,-0.000016
(21|34),(3|22),0.000093,0.000059,+0.000034
(21|34),(3|23),0.000158,0.000148,+0.000010
(21|34),(3|24),0.000303,0.000772,-0.000469
(21|34),(3|25),0.000621,0.000802,-0.000181
(21|34),(3|26),0.001328,0.001336,-0.000008
(21|34),(3|27),0.002749,0.003206,-0.000458
(21|34),(3|28),0.005343,0.005611,-0.000267
(21|34),(3|29),0.010455,0.012142,-0.001687
(21|34),(3|30),0.020950,0.023571,-0.002621
(21|34),(3|31),0.021079,0.016951,+0.004128
(21|34),(5|13),0.000002,0.000000,+0.000002
(21|34),(5|14),0.000002,0.000000,+0.000002
(21|34),(5|15),0.000001,0.000000,+0.000001
(21|34),(5|17),0.000002,0.000000,+0.000002
(21|34),(5|18),0.000009,0.000000,+0.000009
(21|34),(5|19),0.000015,0.000000,+0.000015
(21|34),(5|20),0.000025,0.000030,-0.000005
(21|34),(5|21),0.000046,0.000030,+0.000016
(21|34),(5|22),0.000079,0.000030,+0.000050
(21|34),(5|23),0.000154,0.000119,+0.000035
(21|34),(5|24),0.000318,0.000416,-0.000098
(21|34),(5|25),0.000658,0.000891,-0.000233
(21|34),(5|26),0.001277,0.001722,-0.000445
(21|34),(5|27),0.002528,0.003206,-0.000678
(21|34),(5|28),0.005289,0.005551,-0.000263
(21|34),(5|29),0.010479,0.012290,-0.001811
(21|34),(5|30),0.020732,0.023185,-0.002453
(21|34),(5|31),0.020885,0.015111,+0.005775
(21|34),(7|10),0.000001,0.000000,+0.000001
(21|34),(7|12),0.000001,0.000000,+0.000001
(21|34),(7|18),0.000004,0.000000,+0.000004
(21|34),(7|19),0.000014,0.000059,-0.000045
(21|34),(7|20),0.000021,0.000089,-0.000068
(21|34),(7|21),0.000047,0.000030,+0.000018
(21|34),(7|22),0.000101,0.000089,+0.000012
(21|34),(7|23),0.000171,0.000119,+0.000053
(21|34),(7|24),0.000333,0.000327,+0.000007
(21|34),(7|25),0.000636,0.000772,-0.000136
(21|34),(7|26),0.001234,0.001514,-0.000280
(21|34),(7|27),0.002533,0.003295,-0.000762
(21|34),(7|28),0.005159,0.005908,-0.000748
(21|34),(7|29),0.010281,0.011934,-0.001653
(21|34),(7|30),0.020614,0.023720,-0.003106
(21|34),(7|31),0.020620,0.016743,+0.003877
(21|34),(9|17),0.000002,0.000000,+0.000002
(21|34),(9|18),0.000006,0.000000,+0.000006
(21|34),(9|19),0.000015,0.000000,+0.000015
(21|34),(9|20),0.000021,0.000000,+0.000021
(21|34),(9|21),0.000041,0.000000,+0.000041
(21|34),(9|22),0.000083,0.000119,-0.000036
(21|34),(9|23),0.000159,0.000416,-0.000257
(21|34),(9|24),0.000334,0.000386,-0.000052
(21|34),(9|25),0.000659,0.000712,-0.000054
(21|34),(9|26),0.001287,0.001395,-0.000109
(21|34),(9|27),0.002611,0.002553,+0.000058
(21|34),(9|28),0.005223,0.005462,-0.000239
(21|34),(9|29),0.010483,0.011637,-0.001155
(21|34),(9|30),0.020931,0.024432,-0.003502
(21|34),(9|31),0.020885,0.016061,+0.004825
(21|34),(11|18),0.000004,0.000000,+0.000004
(21|34),(11|19),0.000013,0.000000,+0.000013
(21|34),(11|20),0.000026,0.000000,+0.000026
(21|34),(11|21),0.000045,0.000000,+0.000045
(21|34),(11|22),0.000081,0.000089,-0.000008
(21|34),(11|23),0.000166,0.000148,+0.000018
(21|34),(11|24),0.000353,0.000267,+0.000086
(21|34),(11|25),0.000683,0.000772,-0.000089
(21|34),(11|26),0.001349,0.001455,-0.000106
(21|34),(11|27),0.002595,0.002850,-0.000255
(21|34),(11|28),0.005227,0.005462,-0.000236
(21|34),(11|29),0.010500,0.011964,-0.001464
(21|34),(11|30),0.021058,0.022710,-0.001652
(21|34),(11|31),0.021033,0.015764,+0.005270
(21|34),(13|17),0.000001,0.000000,+0.000001
(21|34),(13|18),0.000006,0.000000,+0.000006
(21|34),(13|19),0.000013,0.000000,+0.000013
(21|34),(13|20),0.000021,0.000000,+0.000021
(21|34),(13|21),0.000037,0.000030,+0.000007
(21|34),(13|22),0.000085,0.000178,-0.000093
(21|34),(13|23),0.000163,0.000356,-0.000194
(21|34),(13|24),0.000315,0.000475,-0.000160
(21|34),(13|25),0.000656,0.000772,-0.000116
(21|34),(13|26),0.001313,0.001662,-0.000349
(21|34),(13|27),0.002597,0.003651,-0.001054
(21|34),(13|28),0.005165,0.005967,-0.000802
(21|34),(13|29),0.010390,0.012409,-0.002019
(21|34),(13|30),0.020735,0.024818,-0.004083
(21|34),(13|31),0.020620,0.014161,+0.006459
(21|34),(15|15),0.000002,0.000000,+0.000002
(21|34),(15|16),0.000004,0.000030,-0.000026
(21|34),(15|18),0.000003,0.000000,+0.000003
(21|34),(15|19),0.000009,0.000030,-0.000021
(21|34),(15|20),0.000017,0.000000,+0.000017
(21|34),(15|21),0.000039,0.000059,-0.000021
(21|34),(15|22),0.000070,0.000148,-0.000078
(21|34),(15|23),0.000153,0.000119,+0.000034
(21|34),(15|24),0.000353,0.000475,-0.000122
(21|34),(15|25),0.000663,0.000802,-0.000139
(21|34),(15|26),0.001281,0.001098,+0.000182
(21|34),(15|27),0.002563,0.003295,-0.000732
(21|34),(15|28),0.005055,0.005670,-0.000615
(21|34),(15|29),0.010459,0.011697,-0.001237
(21|34),(15|30),0.021032,0.022265,-0.001233
(21|34),(15|31),0.021011,0.015229,+0.005781
(21|34),(17|18),0.000001,0.000030,-0.000028
(21|34),(17|19),0.000005,0.000000,+0.000005
(21|34),(17|20),0.000011,0.000030,-0.000018
(21|34),(17|21),0.000035,0.000059,-0.000024
(21|34),(17|22),0.000080,0.000119,-0.000039
(21|34),(17|23),0.000152,0.000356,-0.000204
(21|34),(17|24),0.000318,0.000416,-0.000098
(21|34),(17|25),0.000661,0.000861,-0.000200
(21|34),(17|26),0.001305,0.001692,-0.000387
(21|34),(17|27),0.002615,0.002791,-0.000175
(21|34),(17|28),0.005224,0.005611,-0.000387
(21|34),(17|29),0.010471,0.012884,-0.002413
(21|34),(17|30),0.020783,0.024017,-0.003233
(21|34),(17|31),0.020644,0.015793,+0.004851
(21|34),(19|15),0.000001,0.000000,+0.000001
(21|34),(19|17),0.000003,0.000000,+0.000003
(21|34),(19|18),0.000008,0.000030,-0.000022
(21|34),(19|19),0.000015,0.000030,-0.000014
(21|34),(19|20),0.000023,0.000000,+0.000023
(21|34),(19|21),0.000032,0.000059,-0.000027
(21|34),(19|22),0.000073,0.000148,-0.000076
(21|34),(19|23),0.000175,0.000208,-0.000033
(21|34),(19|24),0.000329,0.000297,+0.000032
(21|34),(19|25),0.000619,0.000653,-0.000034
(21|34),(19|26),0.001271,0.001158,+0.000113
(21|34),(19|27),0.002557,0.003058,-0.000500
(21|34),(19|28),0.005130,0.005759,-0.000629
(21|34),(19|29),0.010384,0.011845,-0.001461
(21|34),(19|30),0.020883,0.022859,-0.001976
(21|34),(19|31),0.020917,0.014962,+0.005955
(21|34),(21|16),0.000001,0.000000,+0.000001
(21|34),(21|17),0.000004,0.000030,-0.000026
(21|34),(21|18),0.000005,0.000000,+0.000005
(21|34),(21|19),0.000009,0.000000,+0.000009
(21|34),(21|20),0.000017,0.000089,-0.000072
(21|34),(21|21),0.000038,0.000059,-0.000021
(21|34),(21|22),0.000075,0.000178,-0.000103
(21|34),(21|23),0.000156,0.000148,+0.000008
(21|34),(21|24),0.000331,0.000564,-0.000233
(21|34),(21|25),0.000644,0.000564,+0.000080
(21|34),(21|26),0.001312,0.001603,-0.000291
(21|34),(21|27),0.002654,0.002969,-0.000315
(21|34),(21|28),0.005218,0.005670,-0.000452
(21|34),(21|29),0.010420,0.010954,-0.000534
(21|34),(21|30),0.020933,0.023542,-0.002608
(21|34),(21|31),0.021056,0.015289,+0.005767
(21|34),(23|14),0.000001,0.000000,+0.000001
(21|34),(23|17),0.000001,0.000000,+0.000001
(21|34),(23|18),0.000005,0.000000,+0.000005
(21|34),(23|19),0.000006,0.000000,+0.000006
(21|34),(23|20),0.000015,0.000000,+0.000015
(21|34),(23|21),0.000041,0.000059,-0.000018
(21|34),(23|22),0.000075,0.000148,-0.000073
(21|34),(23|23),0.000151,0.000148,+0.000003
(21|34),(23|24),0.000305,0.000178,+0.000127
(21|34),(23|25),0.000648,0.000742,-0.000094
(21|34),(23|26),0.001310,0.001187,+0.000123
(21|34),(23|27),0.002553,0.002880,-0.000327
(21|34),(23|28),0.005176,0.005373,-0.000197
(21|34),(23|29),0.010327,0.010569,-0.000241
(21|34),(23|30),0.020545,0.022414,-0.001869
(21|34),(23|31),0.020591,0.014962,+0.005629
(21|34),(25|16),0.000003,0.000000,+0.000003
(21|34),(25|17),0.000005,0.000000,+0.000005
(21|34),(25|18),0.000008,0.000000,+0.000008
(21|34),(25|19),0.000014,0.000030,-0.000016
(21|34),(25|20),0.000020,0.000000,+0.000020
(21|34),(25|21),0.000035,0.000030,+0.000005
(21|34),(25|22),0.000076,0.000030,+0.000046
(21|34),(25|23),0.000167,0.000089,+0.000078
(21|34),(25|24),0.000347,0.000297,+0.000050
(21|34),(25|25),0.000659,0.000950,-0.000291
(21|34),(25|26),0.001299,0.001603,-0.000304
(21|34),(25|27),0.002601,0.002880,-0.000279
(21|34),(25|28),0.005210,0.005670,-0.000460
(21|34),(25|29),0.010455,0.013003,-0.002548
(21|34),(25|30),0.020771,0.022562,-0.001791
(21|34),(25|31),0.020592,0.015467,+0.005125
(21|34),(27|17),0.000003,0.000000,+0.000003
(21|34),(27|18),0.000004,0.000000,+0.000004
(21|34),(27|19),0.000009,0.000000,+0.000009
(21|34),(27|20),0.000019,0.000000,+0.000019
(21|34),(27|21),0.000039,0.000030,+0.000009
(21|34),(27|22),0.000079,0.000148,-0.000070
(21|34),(27|23),0.000143,0.000327,-0.000183
(21|34),(27|24),0.000328,0.000178,+0.000150
(21|34),(27|25),0.000651,0.000623,+0.000027
(21|34),(27|26),0.001309,0.001395,-0.000086
(21|34),(27|27),0.002629,0.003355,-0.000726
(21|34),(27|28),0.005199,0.005700,-0.000501
(21|34),(27|29),0.010391,0.011608,-0.001216
(21|34),(27|30),0.020821,0.023839,-0.003018
(21|34),(27|31),0.020860,0.014932,+0.005928
(21|34),(29|13),0.000001,0.000000,+0.000001
(21|34),(29|16),0.000002,0.000000,+0.000002
(21|34),(29|17),0.000002,0.000000,+0.000002
(21|34),(29|18),0.000003,0.000030,-0.000027
(21|34),(29|19),0.000007,0.000000,+0.000007
(21|34),(29|20),0.000016,0.000000,+0.000016
(21|34),(29|21),0.000042,0.000030,+0.000012
(21|34),(29|22),0.000102,0.000148,-0.000046
(21|34),(29|23),0.000176,0.000178,-0.000002
(21|34),(29|24),0.000311,0.000237,+0.000073
(21|34),(29|25),0.000644,0.000683,-0.000039
(21|34),(29|26),0.001293,0.001603,-0.000310
(21|34),(29|27),0.002624,0.003147,-0.000523
(21|34),(29|28),0.005277,0.006205,-0.000927
(21|34),(29|29),0.010451,0.012409,-0.001958
(21|34),(29|30),0.020927,0.022443,-0.001516
(21|34),(29|31),0.020743,0.014725,+0.006018
(21|34),(31|17),0.000001,0.000000,+0.000001
(21|34),(31|18),0.000003,0.000000,+0.000003
(21|34),(31|19),0.000011,0.000030,-0.000018
(21|34),(31|20),0.000029,0.000030,-0.000000
(21|34),(31|21),0.000053,0.000000,+0.000053
(21|34),(31|22),0.000075,0.000119,-0.000043
(21|34),(31|23),0.000147,0.000297,-0.000150
(21|34),(31|24),0.000304,0.000356,-0.000052
(21|34),(31|25),0.000655,0.000772,-0.000117
(21|34),(31|26),0.001290,0.001781,-0.000491
(21|34),(31|27),0.002539,0.002969,-0.000429
(21|34),(31|28),0.005209,0.005967,-0.000758
(21|34),(31|29),0.010532,0.011756,-0.001224
(21|34),(31|30),0.020894,0.022948,-0.002054
(21|34),(31|31),0.020695,0.016951,+0.003744
(21|35),(1|16),0.000001,0.000000,+0.000001
(21|35),(1|18),0.000004,0.000000,+0.000004
(21|35),(1|19),0.000008,0.000000,+0.000008
(21|35),(1|20),0.000011,0.000000,+0.000011
(21|35),(1|21),0.000027,0.000000,+0.000027
(21|35),(1|22),0.000049,0.000060,-0.000010
(21|35),(1|23),0.000075,0.000120,-0.000045
(21|35),(1|24),0.000167,0.000060,+0.000108
(21|35),(1|25),0.000328,0.000239,+0.000089
(21|35),(1|26),0.000659,0.000777,-0.000118
(21|35),(1|27),0.001289,0.001673,-0.000384
(21|35),(1|28),0.002565,0.002032,+0.000534
(21|35),(1|29),0.005240,0.006454,-0.001214
(21|35),(1|30),0.010385,0.013266,-0.002881
(21|35),(1|31),0.020821,0.024261,-0.003440
(21|35),(1|32),0.021073,0.014759,+0.006314
(21|35),(3|16),0.000001,0.000000,+0.000001
(21|35),(3|18),0.000004,0.000000,+0.000004
(21|35),(3|19),0.000011,0.000060,-0.000049
(21|35),(3|20),0.000006,0.000060,-0.000054
(21|35),(3|21),0.000010,0.000060,-0.000050
(21|35),(3|22),0.000043,0.000060,-0.000016
(21|35),(3|23),0.000093,0.000060,+0.000034
(21|35),(3|24),0.000158,0.000239,-0.000081
(21|35),(3|25),0.000303,0.000478,-0.000175
(21|35),(3|26),0.000621,0.000777,-0.000156
(21|35),(3|27),0.001328,0.001315,+0.000013
(21|35),(3|28),0.002749,0.002928,-0.000179
(21|35),(3|29),0.005343,0.004541,+0.000802
(21|35),(3|30),0.010455,0.011294,-0.000839
(21|35),(3|31),0.020950,0.024440,-0.003490
(21|35),(3|32),0.021079,0.014341,+0.006737
(21|35),(5|14),0.000002,0.000000,+0.000002
(21|35),(5|15),0.000002,0.000000,+0.000002
(21|35),(5|16),0.000001,0.000000,+0.000001
(21|35),(5|18),0.000002,0.000000,+0.000002
(21|35),(5|19),0.000009,0.000000,+0.000009
(21|35),(5|20),0.000015,0.000000,+0.000015
(21|35),(5|21),0.000025,0.000000,+0.000025
(21|35),(5|22),0.000046,0.000000,+0.000046
(21|35),(5|23),0.000079,0.000060,+0.000020
(21|35),(5|24),0.000154,0.000000,+0.000154
(21|35),(5|25),0.000318,0.000359,-0.000041
(21|35),(5|26),0.000658,0.001016,-0.000358
(21|35),(5|27),0.001277,0.001076,+0.000201
(21|35),(5|28),0.002528,0.002988,-0.000460
(21|35),(5|29),0.005289,0.007469,-0.002181
(21|35),(5|30),0.010479,0.012728,-0.002248
(21|35),(5|31),0.020732,0.022109,-0.001377
(21|35),(5|32),0.020885,0.014281,+0.006604
(21|35),(7|11),0.000001,0.000000,+0.000001
(21|35),(7|13),0.000001,0.000000,+0.000001
(21|35),(7|19),0.000004,0.000000,+0.000004
(21|35),(7|20),0.000014,0.000000,+0.000014
(21|35),(7|21),0.000021,0.000000,+0.000021
(21|35),(7|22),0.000047,0.000179,-0.000132
(21|35),(7|23),0.000101,0.000120,-0.000019
(21|35),(7|24),0.000171,0.000060,+0.000112
(21|35),(7|25),0.000333,0.000359,-0.000025
(21|35),(7|26),0.000636,0.000538,+0.000098
(21|35),(7|27),0.001234,0.001673,-0.000439
(21|35),(7|28),0.002533,0.002271,+0.000263
(21|35),(7|29),0.005159,0.005916,-0.000756
(21|35),(7|30),0.010281,0.010517,-0.000236
(21|35),(7|31),0.020614,0.023842,-0.003228
(21|35),(7|32),0.020620,0.016253,+0.004367
(21|35),(9|18),0.000002,0.000000,+0.000002
(21|35),(9|19),0.000006,0.000000,+0.000006
(21|35),(9|20),0.000015,0.000000,+0.000015
(21|35),(9|21),0.000021,0.000000,+0.000021
(21|35),(9|22),0.000041,0.000120,-0.000079
(21|35),(9|23),0.000083,0.000060,+0.000023
(21|35),(9|24),0.000159,0.000120,+0.000039
(21|35),(9|25),0.000334,0.000418,-0.000084
(21|35),(9|26),0.000659,0.000717,-0.000058
(21|35),(9|27),0.001287,0.001613,-0.000327
(21|35),(9|28),0.002611,0.003167,-0.000556
(21|35),(9|29),0.005223,0.006693,-0.001469
(21|35),(9|30),0.010483,0.011473,-0.000990
(21|35),(9|31),0.020931,0.023663,-0.002732
(21|35),(9|32),0.020885,0.016970,+0.003915
(21|35),(11|19),0.000004,0.000000,+0.000004
(21|35),(11|20),0.000013,0.000000,+0.000013
(21|35),(11|21),0.000026,0.000000,+0.000026
(21|35),(11|22),0.000045,0.000060,-0.000014
(21|35),(11|23),0.000081,0.000060,+0.000022
(21|35),(11|24),0.000166,0.000179,-0.000013
(21|35),(11|25),0.000353,0.000179,+0.000174
(21|35),(11|26),0.000683,0.001135,-0.000453
(21|35),(11|27),0.001349,0.001434,-0.000085
(21|35),(11|28),0.002595,0.002749,-0.000153
(21|35),(11|29),0.005227,0.005139,+0.000088
(21|35),(11|30),0.010500,0.010457,+0.000043
(21|35),(11|31),0.021058,0.027129,-0.006071
(21|35),(11|32),0.021033,0.016492,+0.004541
(21|35),(13|18),0.000001,0.000000,+0.000001
(21|35),(13|19),0.000006,0.000000,+0.000006
(21|35),(13|20),0.000013,0.000060,-0.000046
(21|35),(13|21),0.000021,0.000060,-0.000038
(21|35),(13|22),0.000037,0.000060,-0.000023
(21|35),(13|23),0.000085,0.000060,+0.000025
(21|35),(13|24),0.000163,0.000239,-0.000076
(21|35),(13|25),0.000315,0.000179,+0.000136
(21|35),(13|26),0.000656,0.000538,+0.000118
(21|35),(13|27),0.001313,0.001554,-0.000240
(21|35),(13|28),0.002597,0.002510,+0.000088
(21|35),(13|29),0.005165,0.006035,-0.000871
(21|35),(13|30),0.010390,0.011353,-0.000963
(21|35),(13|31),0.020735,0.023245,-0.002509
(21|35),(13|32),0.020620,0.016074,+0.004546
(21|35),(15|16),0.000002,0.000000,+0.000002
(21|35),(15|17),0.000004,0.000000,+0.000004
(21|35),(15|19),0.000003,0.000000,+0.000003
(21|35),(15|20),0.000009,0.000000,+0.000009
(21|35),(15|21),0.000017,0.000120,-0.000103
(21|35),(15|22),0.000039,0.000000,+0.000039
(21|35),(15|23),0.000070,0.000060,+0.000010
(21|35),(15|24),0.000153,0.000179,-0.000027
(21|35),(15|25),0.000353,0.000359,-0.000006
(21|35),(15|26),0.000663,0.000598,+0.000065
(21|35),(15|27),0.001281,0.001195,+0.000086
(21|35),(15|28),0.002563,0.002808,-0.000245
(21|35),(15|29),0.005055,0.006035,-0.000980
(21|35),(15|30),0.010459,0.011592,-0.001133
(21|35),(15|31),0.021032,0.019420,+0.001612
(21|35),(15|32),0.021011,0.013266,+0.007745
(21|35),(17|19),0.000001,0.000060,-0.000058
(21|35),(17|20),0.000005,0.000000,+0.000005
(21|35),(17|21),0.000011,0.000000,+0.000011
(21|35),(17|22),0.000035,0.000000,+0.000035
(21|35),(17|23),0.000080,0.000060,+0.000020
(21|35),(17|24),0.000152,0.000179,-0.000027
(21|35),(17|25),0.000318,0.000359,-0.000041
(21|35),(17|26),0.000661,0.000777,-0.000115
(21|35),(17|27),0.001305,0.002271,-0.000966
(21|35),(17|28),0.002615,0.003346,-0.000731
(21|35),(17|29),0.005224,0.006035,-0.000811
(21|35),(17|30),0.010471,0.012489,-0.002018
(21|35),(17|31),0.020783,0.023185,-0.002402
(21|35),(17|32),0.020644,0.016134,+0.004510
(21|35),(19|16),0.000001,0.000000,+0.000001
(21|35),(19|18),0.000003,0.000060,-0.000056
(21|35),(19|19),0.000008,0.000000,+0.000008
(21|35),(19|20),0.000015,0.000000,+0.000015
(21|35),(19|21),0.000023,0.000000,+0.000023
(21|35),(19|22),0.000032,0.000000,+0.000032
(21|35),(19|23),0.000073,0.000179,-0.000107
(21|35),(19|24),0.000175,0.000359,-0.000184
(21|35),(19|25),0.000329,0.000179,+0.000149
(21|35),(19|26),0.000619,0.001434,-0.000815
(21|35),(19|27),0.001271,0.001554,-0.000283
(21|35),(19|28),0.002557,0.002749,-0.000191
(21|35),(19|29),0.005130,0.005617,-0.000487
(21|35),(19|30),0.010384,0.012788,-0.002404
(21|35),(19|31),0.020883,0.022229,-0.001346
(21|35),(19|32),0.020917,0.014461,+0.006457
(21|35),(21|17),0.000001,0.000000,+0.000001
(21|35),(21|18),0.000004,0.000060,-0.000056
(21|35),(21|19),0.000005,0.000000,+0.000005
(21|35),(21|20),0.000009,0.000000,+0.000009
(21|35),(21|21),0.000017,0.000000,+0.000017
(21|35),(21|22),0.000038,0.000000,+0.000038
(21|35),(21|23),0.000075,0.000120,-0.000045
(21|35),(21|24),0.000156,0.000120,+0.000036
(21|35),(21|25),0.000331,0.000478,-0.000147
(21|35),(21|26),0.000644,0.000538,+0.000106
(21|35),(21|27),0.001312,0.001434,-0.000122
(21|35),(21|28),0.002654,0.002868,-0.000214
(21|35),(21|29),0.005218,0.006932,-0.001714
(21|35),(21|30),0.010420,0.012310,-0.001890
(21|35),(21|31),0.020933,0.022886,-0.001953
(21|35),(21|32),0.021056,0.015835,+0.005221
(21|35),(23|15),0.000001,0.000000,+0.000001
(21|35),(23|18),0.000001,0.000000,+0.000001
(21|35),(23|19),0.000005,0.000000,+0.000005
(21|35),(23|20),0.000006,0.000000,+0.000006
(21|35),(23|21),0.000015,0.000000,+0.000015
(21|35),(23|22),0.000041,0.000060,-0.000018
(21|35),(23|23),0.000075,0.000120,-0.000044
(21|35),(23|24),0.000151,0.000179,-0.000028
(21|35),(23|25),0.000305,0.000418,-0.000113
(21|35),(23|26),0.000648,0.000598,+0.000050
(21|35),(23|27),0.001310,0.001255,+0.000055
(21|35),(23|28),0.002553,0.002808,-0.000256
(21|35),(23|29),0.005176,0.004661,+0.000515
(21|35),(23|30),0.010327,0.012728,-0.002400
(21|35),(23|31),0.020545,0.023543,-0.002999
(21|35),(23|32),0.020591,0.017389,+0.003202
(21|35),(25|17),0.000003,0.000000,+0.000003
(21|35),(25|18),0.000005,0.000000,+0.000005
(21|35),(25|19),0.000008,0.000000,+0.000008
(21|35),(25|20),0.000014,0.000000,+0.000014
(21|35),(25|21),0.000020,0.000000,+0.000020
(21|35),(25|22),0.000035,0.000000,+0.000035
(21|35),(25|23),0.000076,0.000120,-0.000044
(21|35),(25|24),0.000167,0.000000,+0.000167
(21|35),(25|25),0.000347,0.000478,-0.000131
(21|35),(25|26),0.000659,0.000717,-0.000058
(21|35),(25|27),0.001299,0.001733,-0.000434
(21|35),(25|28),0.002601,0.003167,-0.000566
(21|35),(25|29),0.005210,0.005378,-0.000168
(21|35),(25|30),0.010455,0.011294,-0.000839
(21|35),(25|31),0.020771,0.023842,-0.003072
(21|35),(25|32),0.020592,0.016313,+0.004279
(21|35),(27|18),0.000003,0.000000,+0.000003
(21|35),(27|19),0.000004,0.000000,+0.000004
(21|35),(27|20),0.000009,0.000000,+0.000009
(21|35),(27|21),0.000019,0.000000,+0.000019
(21|35),(27|22),0.000039,0.000000,+0.000039
(21|35),(27|23),0.000079,0.000179,-0.000101
(21|35),(27|24),0.000143,0.000179,-0.000036
(21|35),(27|25),0.000328,0.000359,-0.000031
(21|35),(27|26),0.000651,0.000657,-0.000007
(21|35),(27|27),0.001309,0.001494,-0.000185
(21|35),(27|28),0.002629,0.002390,+0.000238
(21|35),(27|29),0.005199,0.006155,-0.000955
(21|35),(27|30),0.010391,0.010756,-0.000365
(21|35),(27|31),0.020821,0.024201,-0.003380
(21|35),(27|32),0.020860,0.013684,+0.007176
(21|35),(29|14),0.000001,0.000000,+0.000001
(21|35),(29|17),0.000002,0.000000,+0.000002
(21|35),(29|18),0.000002,0.000000,+0.000002
(21|35),(29|19),0.000003,0.000000,+0.000003
(21|35),(29|20),0.000007,0.000000,+0.000007
(21|35),(29|21),0.000016,0.000000,+0.000016
(21|35),(29|22),0.000042,0.000060,-0.000018
(21|35),(29|23),0.000102,0.000120,-0.000018
(21|35),(29|24),0.000176,0.000120,+0.000056
(21|35),(29|25),0.000311,0.000598,-0.000287
(21|35),(29|26),0.000644,0.000717,-0.000073
(21|35),(29|27),0.001293,0.001673,-0.000380
(21|35),(29|28),0.002624,0.002450,+0.000174
(21|35),(29|29),0.005277,0.006155,-0.000877
(21|35),(29|30),0.010451,0.012130,-0.001679
(21|35),(29|31),0.020927,0.024500,-0.003572
(21|35),(29|32),0.020743,0.015536,+0.005206
(21|35),(31|18),0.000001,0.000000,+0.000001
(21|35),(31|19),0.000003,0.000000,+0.000003
(21|35),(31|20),0.000011,0.000000,+0.000011
(21|35),(31|21),0.000029,0.000000,+0.000029
(21|35),(31|22),0.000053,0.000060,-0.000006
(21|35),(31|23),0.000075,0.000120,-0.000044
(21|35),(31|24),0.000147,0.000299,-0.000151
(21|35),(31|25),0.000304,0.000418,-0.000114
(21|35),(31|26),0.000655,0.000777,-0.000121
(21|35),(31|27),0.001290,0.001793,-0.000503
(21|35),(31|28),0.002539,0.003167,-0.000628
(21|35),(31|29),0.005209,0.005617,-0.000408
(21|35),(31|30),0.010532,0.011891,-0.001359
(21|35),(31|31),0.020894,0.023304,-0.002410
(21|35),(31|32),0.020695,0.015775,+0.004919
(21|36),(1|17),0.000001,0.000000,+0.000001
(21|36),(1|19),0.000004,0.000000,+0.000004
(21|36),(1|20),0.000008,0.000000,+0.000008
(21|36),(1|21),0.000011,0.000000,+0.000011
(21|36),(1|22),0.000027,0.000121,-0.000094
(21|36),(1|23),0.000049,0.000121,-0.000072
(21|36),(1|24),0.000075,0.000242,-0.000168
(21|36),(1|25),0.000167,0.000000,+0.000167
(21|36),(1|26),0.000328,0.000727,-0.000399
(21|36),(1|27),0.000659,0.000727,-0.000068
(21|36),(1|28),0.001289,0.001938,-0.000649
(21|36),(1|29),0.002565,0.002907,-0.000342
(21|36),(1|30),0.005240,0.005451,-0.000211
(21|36),(1|31),0.010385,0.011750,-0.001366
(21|36),(1|32),0.020821,0.022168,-0.001348
(21|36),(1|33),0.021073,0.015263,+0.005810
(21|36),(3|17),0.000001,0.000000,+0.000001
(21|36),(3|19),0.000004,0.000000,+0.000004
(21|36),(3|20),0.000011,0.000000,+0.000011
(21|36),(3|21),0.000006,0.000000,+0.000006
(21|36),(3|22),0.000010,0.000000,+0.000010
(21|36),(3|23),0.000043,0.000121,-0.000078
(21|36),(3|24),0.000093,0.000000,+0.000093
(21|36),(3|25),0.000158,0.000000,+0.000158
(21|36),(3|26),0.000303,0.000606,-0.000303
(21|36),(3|27),0.000621,0.000969,-0.000348
(21|36),(3|28),0.001328,0.001817,-0.000489
(21|36),(3|29),0.002749,0.003755,-0.001007
(21|36),(3|30),0.005343,0.004361,+0.000982
(21|36),(3|31),0.010455,0.011024,-0.000569
(21|36),(3|32),0.020950,0.025439,-0.004489
(21|36),(3|33),0.021079,0.016838,+0.004240
(21|36),(5|15),0.000002,0.000000,+0.000002
(21|36),(5|16),0.000002,0.000000,+0.000002
(21|36),(5|17),0.000001,0.000000,+0.000001
(21|36),(5|19),0.000002,0.000000,+0.000002
(21|36),(5|20),0.000009,0.000000,+0.000009
(21|36),(5|21),0.000015,0.000000,+0.000015
(21|36),(5|22),0.000025,0.000000,+0.000025
(21|36),(5|23),0.000046,0.000000,+0.000046
(21|36),(5|24),0.000079,0.000363,-0.000284
(21|36),(5|25),0.000154,0.000242,-0.000088
(21|36),(5|26),0.000318,0.000121,+0.000197
(21|36),(5|27),0.000658,0.000363,+0.000295
(21|36),(5|28),0.001277,0.000727,+0.000550
(21|36),(5|29),0.002528,0.002302,+0.000226
(21|36),(5|30),0.005289,0.004482,+0.000807
(21|36),(5|31),0.010479,0.011993,-0.001513
(21|36),(5|32),0.020732,0.022290,-0.001558
(21|36),(5|33),0.020885,0.016838,+0.004047
(21|36),(7|12),0.000001,0.000000,+0.000001
(21|36),(7|14),0.000001,0.000000,+0.000001
(21|36),(7|20),0.000004,0.000000,+0.000004
(21|36),(7|21),0.000014,0.000000,+0.000014
(21|36),(7|22),0.000021,0.000000,+0.000021
(21|36),(7|23),0.000047,0.000000,+0.000047
(21|36),(7|24),0.000101,0.000000,+0.000101
(21|36),(7|25),0.000171,0.000121,+0.000050
(21|36),(7|26),0.000333,0.000242,+0.000091
(21|36),(7|27),0.000636,0.000242,+0.000394
(21|36),(7|28),0.001234,0.001938,-0.000704
(21|36),(7|29),0.002533,0.002302,+0.000232
(21|36),(7|30),0.005159,0.005330,-0.000171
(21|36),(7|31),0.010281,0.011993,-0.001711
(21|36),(7|32),0.020614,0.024833,-0.004219
(21|36),(7|33),0.020620,0.017081,+0.003539
(21|36),(9|19),0.000002,0.000000,+0.000002
(21|36),(9|20),0.000006,0.000121,-0.000115
(21|36),(9|21),0.000015,0.000121,-0.000106
(21|36),(9|22),0.000021,0.000000,+0.000021
(21|36),(9|23),0.000041,0.000000,+0.000041
(21|36),(9|24),0.000083,0.000242,-0.000160
(21|36),(9|25),0.000159,0.000242,-0.000084
(21|36),(9|26),0.000334,0.000485,-0.000151
(21|36),(9|27),0.000659,0.001333,-0.000674
(21|36),(9|28),0.001287,0.001211,+0.000075
(21|36),(9|29),0.002611,0.002786,-0.000175
(21|36),(9|30),0.005223,0.005815,-0.000591
(21|36),(9|31),0.010483,0.009085,+0.001397
(21|36),(9|32),0.020931,0.022411,-0.001480
(21|36),(9|33),0.020885,0.016475,+0.004410
(21|36),(11|20),0.000004,0.000000,+0.000004
(21|36),(11|21),0.000013,0.000000,+0.000013
(21|36),(11|22),0.000026,0.000000,+0.000026
(21|36),(11|23),0.000045,0.000121,-0.000076
(21|36),(11|24),0.000081,0.000000,+0.000081
(21|36),(11|25),0.000166,0.000363,-0.000197
(21|36),(11|26),0.000353,0.000485,-0.000131
(21|36),(11|27),0.000683,0.000485,+0.000198
(21|36),(11|28),0.001349,0.000727,+0.000622
(21|36),(11|29),0.002595,0.002544,+0.000051
(21|36),(11|30),0.005227,0.006420,-0.001194
(21|36),(11|31),0.010500,0.009691,+0.000809
(21|36),(11|32),0.021058,0.024591,-0.003533
(21|36),(11|33),0.021033,0.015748,+0.005285
(21|36),(13|19),0.000001,0.000000,+0.000001
(21|36),(13|20),0.000006,0.000000,+0.000006
(21|36),(13|21),0.000013,0.000000,+0.000013
(21|36),(13|22),0.000021,0.000000,+0.000021
(21|36),(13|23),0.000037,0.000000,+0.000037
(21|36),(13|24),0.000085,0.000242,-0.000158
(21|36),(13|25),0.000163,0.000242,-0.000080
(21|36),(13|26),0.000315,0.000606,-0.000290
(21|36),(13|27),0.000656,0.001090,-0.000434
(21|36),(13|28),0.001313,0.001938,-0.000625
(21|36),(13|29),0.002597,0.002786,-0.000189
(21|36),(13|30),0.005165,0.004482,+0.000683
(21|36),(13|31),0.010390,0.010660,-0.000270
(21|36),(13|32),0.020735,0.025560,-0.004825
(21|36),(13|33),0.020620,0.016596,+0.004024
(21|36),(15|17),0.000002,0.000000,+0.000002
(21|36),(15|18),0.000004,0.000000,+0.000004
(21|36),(15|20),0.000003,0.000121,-0.000118
(21|36),(15|21),0.000009,0.000121,-0.000112
(21|36),(15|22),0.000017,0.000000,+0.000017
(21|36),(15|23),0.000039,0.000121,-0.000082
(21|36),(15|24),0.000070,0.000363,-0.000293
(21|36),(15|25),0.000153,0.000363,-0.000211
(21|36),(15|26),0.000353,0.000121,+0.000232
(21|36),(15|27),0.000663,0.000727,-0.000064
(21|36),(15|28),0.001281,0.001090,+0.000190
(21|36),(15|29),0.002563,0.002302,+0.000262
(21|36),(15|30),0.005055,0.005815,-0.000759
(21|36),(15|31),0.010459,0.010660,-0.000201
(21|36),(15|32),0.021032,0.022290,-0.001258
(21|36),(15|33),0.021011,0.017686,+0.003324
(21|36),(17|20),0.000001,0.000000,+0.000001
(21|36),(17|21),0.000005,0.000000,+0.000005
(21|36),(17|22),0.000011,0.000000,+0.000011
(21|36),(17|23),0.000035,0.000000,+0.000035
(21|36),(17|24),0.000080,0.000242,-0.000162
(21|36),(17|25),0.000152,0.000363,-0.000211
(21|36),(17|26),0.000318,0.000121,+0.000197
(21|36),(17|27),0.000661,0.000606,+0.000056
(21|36),(17|28),0.001305,0.001938,-0.000634
(21|36),(17|29),0.002615,0.002423,+0.000193
(21|36),(17|30),0.005224,0.005330,-0.000106
(21|36),(17|31),0.010471,0.012477,-0.002007
(21|36),(17|32),0.020783,0.021078,-0.000295
(21|36),(17|33),0.020644,0.013931,+0.006713
(21|36),(19|17),0.000001,0.000000,+0.000001
(21|36),(19|19),0.000003,0.000000,+0.000003
(21|36),(19|20),0.000008,0.000000,+0.000008
(21|36),(19|21),0.000015,0.000121,-0.000106
(21|36),(19|22),0.000023,0.000000,+0.000023
(21|36),(19|23),0.000032,0.000000,+0.000032
(21|36),(19|24),0.000073,0.000242,-0.000170
(21|36),(19|25),0.000175,0.000485,-0.000310
(21|36),(19|26),0.000329,0.000242,+0.000086
(21|36),(19|27),0.000619,0.000606,+0.000014
(21|36),(19|28),0.001271,0.001696,-0.000425
(21|36),(19|29),0.002557,0.002302,+0.000256
(21|36),(19|30),0.005130,0.005088,+0.000042
(21|36),(19|31),0.010384,0.013083,-0.002699
(21|36),(19|32),0.020883,0.023743,-0.002861
(21|36),(19|33),0.020917,0.016475,+0.004442
(21|36),(21|18),0.000001,0.000000,+0.000001
(21|36),(21|19),0.000004,0.000000,+0.000004
(21|36),(21|20),0.000005,0.000000,+0.000005
(21|36),(21|21),0.000009,0.000000,+0.000009
(21|36),(21|22),0.000017,0.000000,+0.000017
(21|36),(21|23),0.000038,0.000000,+0.000038
(21|36),(21|24),0.000075,0.000000,+0.000075
(21|36),(21|25),0.000156,0.000121,+0.000035
(21|36),(21|26),0.000331,0.000363,-0.000033
(21|36),(21|27),0.000644,0.000727,-0.000083
(21|36),(21|28),0.001312,0.001454,-0.000142
(21|36),(21|29),0.002654,0.003634,-0.000980
(21|36),(21|30),0.005218,0.004967,+0.000251
(21|36),(21|31),0.010420,0.014173,-0.003753
(21|36),(21|32),0.020933,0.026529,-0.005596
(21|36),(21|33),0.021056,0.015990,+0.005066
(21|36),(23|16),0.000001,0.000000,+0.000001
(21|36),(23|19),0.000001,0.000000,+0.000001
(21|36),(23|20),0.000005,0.000000,+0.000005
(21|36),(23|21),0.000006,0.000000,+0.000006
(21|36),(23|22),0.000015,0.000121,-0.000106
(21|36),(23|23),0.000041,0.000121,-0.000080
(21|36),(23|24),0.000075,0.000000,+0.000075
(21|36),(23|25),0.000151,0.000121,+0.000030
(21|36),(23|26),0.000305,0.000363,-0.000058
(21|36),(23|27),0.000648,0.000727,-0.000079
(21|36),(23|28),0.001310,0.001454,-0.000144
(21|36),(23|29),0.002553,0.003150,-0.000597
(21|36),(23|30),0.005176,0.005936,-0.000760
(21|36),(23|31),0.010327,0.011024,-0.000696
(21|36),(23|32),0.020545,0.022653,-0.002108
(21|36),(23|33),0.020591,0.014052,+0.006539
(21|36),(25|18),0.000003,0.000000,+0.000003
(21|36),(25|19),0.000005,0.000000,+0.000005
(21|36),(25|20),0.000008,0.000000,+0.000008
(21|36),(25|21),0.000014,0.000000,+0.000014
(21|36),(25|22),0.000020,0.000000,+0.000020
(21|36),(25|23),0.000035,0.000000,+0.000035
(21|36),(25|24),0.000076,0.000121,-0.000045
(21|36),(25|25),0.000167,0.000485,-0.000317
(21|36),(25|26),0.000347,0.000363,-0.000016
(21|36),(25|27),0.000659,0.000969,-0.000310
(21|36),(25|28),0.001299,0.001090,+0.000209
(21|36),(25|29),0.002601,0.003513,-0.000912
(21|36),(25|30),0.005210,0.006663,-0.001453
(21|36),(25|31),0.010455,0.010539,-0.000084
(21|36),(25|32),0.020771,0.025076,-0.004305
(21|36),(25|33),0.020592,0.016596,+0.003996
(21|36),(27|19),0.000003,0.000000,+0.000003
(21|36),(27|20),0.000004,0.000000,+0.000004
(21|36),(27|21),0.000009,0.000000,+0.000009
(21|36),(27|22),0.000019,0.000000,+0.000019
(21|36),(27|23),0.000039,0.000000,+0.000039
(21|36),(27|24),0.000079,0.000121,-0.000042
(21|36),(27|25),0.000143,0.000000,+0.000143
(21|36),(27|26),0.000328,0.000363,-0.000035
(21|36),(27|27),0.000651,0.000606,+0.000045
(21|36),(27|28),0.001309,0.001575,-0.000265
(21|36),(27|29),0.002629,0.002665,-0.000036
(21|36),(27|30),0.005199,0.007026,-0.001827
(21|36),(27|31),0.010391,0.010781,-0.000390
(21|36),(27|32),0.020821,0.021926,-0.001105
(21|36),(27|33),0.020860,0.016111,+0.004749
(21|36),(29|15),0.000001,0.000000,+0.000001
(21|36),(29|18),0.000002,0.000000,+0.000002
(21|36),(29|19),0.000002,0.000000,+0.000002
(21|36),(29|20),0.000003,0.000000,+0.000003
(21|36),(29|21),0.000007,0.000000,+0.000007
(21|36),(29|22),0.000016,0.000121,-0.000105
(21|36),(29|23),0.000042,0.000000,+0.000042
(21|36),(29|24),0.000102,0.000000,+0.000102
(21|36),(29|25),0.000176,0.000363,-0.000187
(21|36),(29|26),0.000311,0.000121,+0.000190
(21|36),(29|27),0.000644,0.001211,-0.000567
(21|36),(29|28),0.001293,0.001333,-0.000040
(21|36),(29|29),0.002624,0.002665,-0.000041
(21|36),(29|30),0.005277,0.006299,-0.001022
(21|36),(29|31),0.010451,0.011750,-0.001299
(21|36),(29|32),0.020927,0.023137,-0.002210
(21|36),(29|33),0.020743,0.016959,+0.003783
(21|36),(31|19),0.000001,0.000000,+0.000001
(21|36),(31|20),0.000003,0.000000,+0.000003
(21|36),(31|21),0.000011,0.000000,+0.000011
(21|36),(31|22),0.000029,0.000121,-0.000092
(21|36),(31|23),0.000053,0.000121,-0.000068
(21|36),(31|24),0.000075,0.000000,+0.000075
(21|36),(31|25),0.000147,0.000121,+0.000026
(21|36),(31|26),0.000304,0.000727,-0.000423
(21|36),(31|27),0.000655,0.000969,-0.000314
(21|36),(31|28),0.001290,0.001817,-0.000527
(21|36),(31|29),0.002539,0.001817,+0.000722
(21|36),(31|30),0.005209,0.007632,-0.002422
(21|36),(31|31),0.010532,0.010539,-0.000007
(21|36),(31|32),0.020894,0.023137,-0.002243
(21|36),(31|33),0.020695,0.014537,+0.006158
(21|37),(1|18),0.000001,0.000000,+0.000001
(21|37),(1|20),0.000004,0.000000,+0.000004
(21|37),(1|21),0.000008,0.000000,+0.000008
(21|37),(1|22),0.000011,0.000000,+0.000011
(21|37),(1|23),0.000027,0.000000,+0.000027
(21|37),(1|24),0.000049,0.000000,+0.000049
(21|37),(1|25),0.000075,0.000000,+0.000075
(21|37),(1|26),0.000167,0.000000,+0.000167
(21|37),(1|27),0.000328,0.000473,-0.000145
(21|37),(1|28),0.000659,0.000946,-0.000288
(21|37),(1|29),0.001289,0.001183,+0.000106
(21|37),(1|30),0.002565,0.002129,+0.000436
(21|37),(1|31),0.005240,0.006151,-0.000911
(21|37),(1|32),0.010385,0.013012,-0.002627
(21|37),(1|33),0.020821,0.022948,-0.002127
(21|37),(1|34),0.021073,0.014668,+0.006406
(21|37),(3|18),0.000001,0.000000,+0.000001
(21|37),(3|20),0.000004,0.000000,+0.000004
(21|37),(3|21),0.000011,0.000000,+0.000011
(21|37),(3|22),0.000006,0.000000,+0.000006
(21|37),(3|23),0.000010,0.000000,+0.000010
(21|37),(3|24),0.000043,0.000000,+0.000043
(21|37),(3|25),0.000093,0.000000,+0.000093
(21|37),(3|26),0.000158,0.000237,-0.000079
(21|37),(3|27),0.000303,0.000710,-0.000407
(21|37),(3|28),0.000621,0.001419,-0.000799
(21|37),(3|29),0.001328,0.002602,-0.001274
(21|37),(3|30),0.002749,0.002602,+0.000146
(21|37),(3|31),0.005343,0.005441,-0.000098
(21|37),(3|32),0.010455,0.010646,-0.000191
(21|37),(3|33),0.020950,0.025787,-0.004837
(21|37),(3|34),0.021079,0.014904,+0.006174
(21|37),(5|16),0.000002,0.000000,+0.000002
(21|37),(5|17),0.000002,0.000000,+0.000002
(21|37),(5|18),0.000001,0.000000,+0.000001
(21|37),(5|20),0.000002,0.000000,+0.000002
(21|37),(5|21),0.000009,0.000000,+0.000009
(21|37),(5|22),0.000015,0.000000,+0.000015
(21|37),(5|23),0.000025,0.000000,+0.000025
(21|37),(5|24),0.000046,0.000000,+0.000046
(21|37),(5|25),0.000079,0.000237,-0.000157
(21|37),(5|26),0.000154,0.000000,+0.000154
(21|37),(5|27),0.000318,0.000000,+0.000318
(21|37),(5|28),0.000658,0.000946,-0.000288
(21|37),(5|29),0.001277,0.001656,-0.000379
(21|37),(5|30),0.002528,0.002366,+0.000162
(21|37),(5|31),0.005289,0.006151,-0.000862
(21|37),(5|32),0.010479,0.013248,-0.002769
(21|37),(5|33),0.020732,0.023421,-0.002689
(21|37),(5|34),0.020885,0.014668,+0.006218
(21|37),(7|13),0.000001,0.000000,+0.000001
(21|37),(7|15),0.000001,0.000000,+0.000001
(21|37),(7|21),0.000004,0.000000,+0.000004
(21|37),(7|22),0.000014,0.000000,+0.000014
(21|37),(7|23),0.000021,0.000000,+0.000021
(21|37),(7|24),0.000047,0.000000,+0.000047
(21|37),(7|25),0.000101,0.000000,+0.000101
(21|37),(7|26),0.000171,0.000473,-0.000302
(21|37),(7|27),0.000333,0.000000,+0.000333
(21|37),(7|28),0.000636,0.000237,+0.000399
(21|37),(7|29),0.001234,0.000710,+0.000524
(21|37),(7|30),0.002533,0.002129,+0.000404
(21|37),(7|31),0.005159,0.005205,-0.000045
(21|37),(7|32),0.010281,0.013248,-0.002967
(21|37),(7|33),0.020614,0.025787,-0.005173
(21|37),(7|34),0.020620,0.012538,+0.008082
(21|37),(9|20),0.000002,0.000000,+0.000002
(21|37),(9|21),0.000006,0.000000,+0.000006
(21|37),(9|22),0.000015,0.000000,+0.000015
(21|37),(9|23),0.000021,0.000000,+0.000021
(21|37),(9|24),0.000041,0.000000,+0.000041
(21|37),(9|25),0.000083,0.000000,+0.000083
(21|37),(9|26),0.000159,0.000237,-0.000078
(21|37),(9|27),0.000334,0.000473,-0.000139
(21|37),(9|28),0.000659,0.000237,+0.000422
(21|37),(9|29),0.001287,0.001893,-0.000606
(21|37),(9|30),0.002611,0.003075,-0.000464
(21|37),(9|31),0.005223,0.006624,-0.001401
(21|37),(9|32),0.010483,0.009700,+0.000783
(21|37),(9|33),0.020931,0.020345,+0.000585
(21|37),(9|34),0.020885,0.016324,+0.004562
(21|37),(11|21),0.000004,0.000000,+0.000004
(21|37),(11|22),0.000013,0.000000,+0.000013
(21|37),(11|23),0.000026,0.000000,+0.000026
(21|37),(11|24),0.000045,0.000473,-0.000428
(21|37),(11|25),0.000081,0.000000,+0.000081
(21|37),(11|26),0.000166,0.000000,+0.000166
(21|37),(11|27),0.000353,0.000237,+0.000117
(21|37),(11|28),0.000683,0.000473,+0.000210
(21|37),(11|29),0.001349,0.000237,+0.001112
(21|37),(11|30),0.002595,0.002129,+0.000466
(21|37),(11|31),0.005227,0.007097,-0.001871
(21|37),(11|32),0.010500,0.012302,-0.001802
(21|37),(11|33),0.021058,0.024367,-0.003309
(21|37),(11|34),0.021033,0.015377,+0.005656
(21|37),(13|20),0.000001,0.000000,+0.000001
(21|37),(13|21),0.000006,0.000000,+0.000006
(21|37),(13|22),0.000013,0.000000,+0.000013
(21|37),(13|23),0.000021,0.000000,+0.000021
(21|37),(13|24),0.000037,0.000000,+0.000037
(21|37),(13|25),0.000085,0.000473,-0.000388
(21|37),(13|26),0.000163,0.000473,-0.000310
(21|37),(13|27),0.000315,0.000237,+0.000079
(21|37),(13|28),0.000656,0.000473,+0.000183
(21|37),(13|29),0.001313,0.002129,-0.000816
(21|37),(13|30),0.002597,0.002839,-0.000242
(21|37),(13|31),0.005165,0.005205,-0.000040
(21|37),(13|32),0.010390,0.008517,+0.001873
(21|37),(13|33),0.020735,0.024840,-0.004105
(21|37),(13|34),0.020620,0.016797,+0.003823
(21|37),(15|18),0.000002,0.000000,+0.000002
(21|37),(15|19),0.000004,0.000000,+0.000004
(21|37),(15|21),0.000003,0.000000,+0.000003
(21|37),(15|22),0.000009,0.000000,+0.000009
(21|37),(15|23),0.000017,0.000000,+0.000017
(21|37),(15|24),0.000039,0.000000,+0.000039
(21|37),(15|25),0.000070,0.000237,-0.000167
(21|37),(15|26),0.000153,0.000000,+0.000153
(21|37),(15|27),0.000353,0.000473,-0.000120
(21|37),(15|28),0.000663,0.000473,+0.000190
(21|37),(15|29),0.001281,0.000710,+0.000571
(21|37),(15|30),0.002563,0.003075,-0.000512
(21|37),(15|31),0.005055,0.004258,+0.000797
(21|37),(15|32),0.010459,0.010173,+0.000287
(21|37),(15|33),0.021032,0.022475,-0.001443
(21|37),(15|34),0.021011,0.013721,+0.007289
(21|37),(17|21),0.000001,0.000000,+0.000001
(21|37),(17|22),0.000005,0.000000,+0.000005
(21|37),(17|23),0.000011,0.000000,+0.000011
(21|37),(17|24),0.000035,0.000000,+0.000035
(21|37),(17|25),0.000080,0.000000,+0.000080
(21|37),(17|26),0.000152,0.000473,-0.000321
(21|37),(17|27),0.000318,0.000237,+0.000081
(21|37),(17|28),0.000661,0.000237,+0.000425
(21|37),(17|29),0.001305,0.001419,-0.000115
(21|37),(17|30),0.002615,0.002839,-0.000224
(21|37),(17|31),0.005224,0.004495,+0.000729
(21|37),(17|32),0.010471,0.011592,-0.001121
(21|37),(17|33),0.020783,0.022475,-0.001691
(21|37),(17|34),0.020644,0.016797,+0.003847
(21|37),(19|18),0.000001,0.000000,+0.000001
(21|37),(19|20),0.000003,0.000000,+0.000003
(21|37),(19|21),0.000008,0.000000,+0.000008
(21|37),(19|22),0.000015,0.000237,-0.000221
(21|37),(19|23),0.000023,0.000000,+0.000023
(21|37),(19|24),0.000032,0.000000,+0.000032
(21|37),(19|25),0.000073,0.000000,+0.000073
(21|37),(19|26),0.000175,0.000237,-0.000062
(21|37),(19|27),0.000329,0.000237,+0.000092
(21|37),(19|28),0.000619,0.000710,-0.000090
(21|37),(19|29),0.001271,0.001183,+0.000088
(21|37),(19|30),0.002557,0.001893,+0.000665
(21|37),(19|31),0.005130,0.005678,-0.000548
(21|37),(19|32),0.010384,0.010882,-0.000498
(21|37),(19|33),0.020883,0.026260,-0.005377
(21|37),(19|34),0.020917,0.013721,+0.007196
(21|37),(21|19),0.000001,0.000000,+0.000001
(21|37),(21|20),0.000004,0.000000,+0.000004
(21|37),(21|21),0.000005,0.000000,+0.000005
(21|37),(21|22),0.000009,0.000000,+0.000009
(21|37),(21|23),0.000017,0.000000,+0.000017
(21|37),(21|24),0.000038,0.000000,+0.000038
(21|37),(21|25),0.000075,0.000237,-0.000162
(21|37),(21|26),0.000156,0.000473,-0.000317
(21|37),(21|27),0.000331,0.000237,+0.000094
(21|37),(21|28),0.000644,0.000710,-0.000066
(21|37),(21|29),0.001312,0.001183,+0.000129
(21|37),(21|30),0.002654,0.001893,+0.000761
(21|37),(21|31),0.005218,0.004968,+0.000250
(21|37),(21|32),0.010420,0.010882,-0.000462
(21|37),(21|33),0.020933,0.028862,-0.007929
(21|37),(21|34),0.021056,0.013012,+0.008044
(21|37),(23|17),0.000001,0.000000,+0.000001
(21|37),(23|20),0.000001,0.000000,+0.000001
(21|37),(23|21),0.000005,0.000000,+0.000005
(21|37),(23|22),0.000006,0.000000,+0.000006
(21|37),(23|23),0.000015,0.000237,-0.000221
(21|37),(23|24),0.000041,0.000000,+0.000041
(21|37),(23|25),0.000075,0.000237,-0.000161
(21|37),(23|26),0.000151,0.000237,-0.000085
(21|37),(23|27),0.000305,0.000473,-0.000168
(21|37),(23|28),0.000648,0.000710,-0.000062
(21|37),(23|29),0.001310,0.002129,-0.000819
(21|37),(23|30),0.002553,0.003312,-0.000759
(21|37),(23|31),0.005176,0.010173,-0.004997
(21|37),(23|32),0.010327,0.011356,-0.001028
(21|37),(23|33),0.020545,0.025787,-0.005242
(21|37),(23|34),0.020591,0.016087,+0.004504
(21|37),(25|19),0.000003,0.000000,+0.000003
(21|37),(25|20),0.000005,0.000000,+0.000005
(21|37),(25|21),0.000008,0.000000,+0.000008
(21|37),(25|22),0.000014,0.000000,+0.000014
(21|37),(25|23),0.000020,0.000000,+0.000020
(21|37),(25|24),0.000035,0.000000,+0.000035
(21|37),(25|25),0.000076,0.000000,+0.000076
(21|37),(25|26),0.000167,0.000237,-0.000069
(21|37),(25|27),0.000347,0.000237,+0.000111
(21|37),(25|28),0.000659,0.001183,-0.000524
(21|37),(25|29),0.001299,0.002839,-0.001540
(21|37),(25|30),0.002601,0.002129,+0.000471
(21|37),(25|31),0.005210,0.006151,-0.000941
(21|37),(25|32),0.010455,0.012065,-0.001611
(21|37),(25|33),0.020771,0.024367,-0.003596
(21|37),(25|34),0.020592,0.015850,+0.004742
(21|37),(27|20),0.000003,0.000000,+0.000003
(21|37),(27|21),0.000004,0.000000,+0.000004
(21|37),(27|22),0.000009,0.000000,+0.000009
(21|37),(27|23),0.000019,0.000000,+0.000019
(21|37),(27|24),0.000039,0.000000,+0.000039
(21|37),(27|25),0.000079,0.000237,-0.000158
(21|37),(27|26),0.000143,0.000000,+0.000143
(21|37),(27|27),0.000328,0.000473,-0.000145
(21|37),(27|28),0.000651,0.000237,+0.000414
(21|37),(27|29),0.001309,0.001656,-0.000347
(21|37),(27|30),0.002629,0.003312,-0.000683
(21|37),(27|31),0.005199,0.006861,-0.001661
(21|37),(27|32),0.010391,0.009463,+0.000928
(21|37),(27|33),0.020821,0.019872,+0.000948
(21|37),(27|34),0.020860,0.020345,+0.000515
(21|37),(29|16),0.000001,0.000000,+0.000001
(21|37),(29|19),0.000002,0.000000,+0.000002
(21|37),(29|20),0.000002,0.000000,+0.000002
(21|37),(29|21),0.000003,0.000000,+0.000003
(21|37),(29|22),0.000007,0.000000,+0.000007
(21|37),(29|23),0.000016,0.000237,-0.000221
(21|37),(29|24),0.000042,0.000000,+0.000042
(21|37),(29|25),0.000102,0.000237,-0.000135
(21|37),(29|26),0.000176,0.000000,+0.000176
(21|37),(29|27),0.000311,0.000710,-0.000399
(21|37),(29|28),0.000644,0.000710,-0.000066
(21|37),(29|29),0.001293,0.000237,+0.001056
(21|37),(29|30),0.002624,0.002839,-0.000215
(21|37),(29|31),0.005277,0.004968,+0.000309
(21|37),(29|32),0.010451,0.011592,-0.001141
(21|37),(29|33),0.020927,0.024131,-0.003203
(21|37),(29|34),0.020743,0.016324,+0.004419
(21|37),(31|20),0.000001,0.000000,+0.000001
(21|37),(31|21),0.000003,0.000000,+0.000003
(21|37),(31|22),0.000011,0.000000,+0.000011
(21|37),(31|23),0.000029,0.000000,+0.000029
(21|37),(31|24),0.000053,0.000000,+0.000053
(21|37),(31|25),0.000075,0.000000,+0.000075
(21|37),(31|26),0.000147,0.000000,+0.000147
(21|37),(31|27),0.000304,0.000473,-0.000169
(21|37),(31|28),0.000655,0.000237,+0.000419
(21|37),(31|29),0.001290,0.000237,+0.001053
(21|37),(31|30),0.002539,0.003075,-0.000536
(21|37),(31|31),0.005209,0.007807,-0.002598
(21|37),(31|32),0.010532,0.012775,-0.002243
(21|37),(31|33),0.020894,0.023894,-0.003000
(21|37),(31|34),0.020695,0.019163,+0.001532
(21|38),(1|19),0.000001,0.000000,+0.000001
(21|38),(1|21),0.000004,0.000000,+0.000004
(21|38),(1|22),0.000008,0.000000,+0.000008
(21|38),(1|23),0.000011,0.000000,+0.000011
(21|38),(1|24),0.000027,0.000000,+0.000027
(21|38),(1|25),0.000049,0.000000,+0.000049
(21|38),(1|26),0.000075,0.000000,+0.000075
(21|38),(1|27),0.000167,0.000469,-0.000302
(21|38),(1|28),0.000328,0.000469,-0.000141
(21|38),(1|29),0.000659,0.001407,-0.000748
(21|38),(1|30),0.001289,0.002814,-0.001525
(21|38),(1|31),0.002565,0.002814,-0.000249
(21|38),(1|32),0.005240,0.005629,-0.000389
(21|38),(1|33),0.010385,0.017355,-0.006970
(21|38),(1|34),0.020821,0.016417,+0.004404
(21|38),(1|35),0.021073,0.012195,+0.008878
(21|38),(3|19),0.000001,0.000000,+0.000001
(21|38),(3|21),0.000004,0.000000,+0.000004
(21|38),(3|22),0.000011,0.000000,+0.000011
(21|38),(3|23),0.000006,0.000000,+0.000006
(21|38),(3|24),0.000010,0.000000,+0.000010
(21|38),(3|25),0.000043,0.000000,+0.000043
(21|38),(3|26),0.000093,0.000000,+0.000093
(21|38),(3|27),0.000158,0.000000,+0.000158
(21|38),(3|28),0.000303,0.000000,+0.000303
(21|38),(3|29),0.000621,0.000938,-0.000317
(21|38),(3|30),0.001328,0.001407,-0.000079
(21|38),(3|31),0.002749,0.004221,-0.001473
(21|38),(3|32),0.005343,0.006567,-0.001223
(21|38),(3|33),0.010455,0.009850,+0.000605
(21|38),(3|34),0.020950,0.022045,-0.001095
(21|38),(3|35),0.021079,0.019231,+0.001848
(21|38),(5|17),0.000002,0.000000,+0.000002
(21|38),(5|18),0.000002,0.000000,+0.000002
(21|38),(5|19),0.000001,0.000000,+0.000001
(21|38),(5|21),0.000002,0.000000,+0.000002
(21|38),(5|22),0.000009,0.000000,+0.000009
(21|38),(5|23),0.000015,0.000000,+0.000015
(21|38),(5|24),0.000025,0.000000,+0.000025
(21|38),(5|25),0.000046,0.000000,+0.000046
(21|38),(5|26),0.000079,0.000000,+0.000079
(21|38),(5|27),0.000154,0.000000,+0.000154
(21|38),(5|28),0.000318,0.000938,-0.000620
(21|38),(5|29),0.000658,0.000000,+0.000658
(21|38),(5|30),0.001277,0.001407,-0.000130
(21|38),(5|31),0.002528,0.002814,-0.000286
(21|38),(5|32),0.005289,0.003283,+0.002005
(21|38),(5|33),0.010479,0.013133,-0.002654
(21|38),(5|34),0.020732,0.025328,-0.004596
(21|38),(5|35),0.020885,0.014071,+0.006814
(21|38),(7|14),0.000001,0.000000,+0.000001
(21|38),(7|16),0.000001,0.000000,+0.000001
(21|38),(7|22),0.000004,0.000000,+0.000004
(21|38),(7|23),0.000014,0.000000,+0.000014
(21|38),(7|24),0.000021,0.000000,+0.000021
(21|38),(7|25),0.000047,0.000000,+0.000047
(21|38),(7|26),0.000101,0.000000,+0.000101
(21|38),(7|27),0.000171,0.000000,+0.000171
(21|38),(7|28),0.000333,0.000000,+0.000333
(21|38),(7|29),0.000636,0.000938,-0.000302
(21|38),(7|30),0.001234,0.001876,-0.000642
(21|38),(7|31),0.002533,0.001876,+0.000657
(21|38),(7|32),0.005159,0.006098,-0.000938
(21|38),(7|33),0.010281,0.011726,-0.001445
(21|38),(7|34),0.020614,0.019700,+0.000914
(21|38),(7|35),0.020620,0.017824,+0.002796
(21|38),(9|21),0.000002,0.000000,+0.000002
(21|38),(9|22),0.000006,0.000000,+0.000006
(21|38),(9|23),0.000015,0.000000,+0.000015
(21|38),(9|24),0.000021,0.000000,+0.000021
(21|38),(9|25),0.000041,0.000000,+0.000041
(21|38),(9|26),0.000083,0.000000,+0.000083
(21|38),(9|27),0.000159,0.000000,+0.000159
(21|38),(9|28),0.000334,0.001407,-0.001073
(21|38),(9|29),0.000659,0.000000,+0.000659
(21|38),(9|30),0.001287,0.001407,-0.000120
(21|38),(9|31),0.002611,0.001876,+0.000735
(21|38),(9|32),0.005223,0.007505,-0.002281
(21|38),(9|33),0.010483,0.010319,+0.000164
(21|38),(9|34),0.020931,0.026735,-0.005805
(21|38),(9|35),0.020885,0.019231,+0.001655
(21|38),(11|22),0.000004,0.000000,+0.000004
(21|38),(11|23),0.000013,0.000000,+0.000013
(21|38),(11|24),0.000026,0.000469,-0.000443
(21|38),(11|25),0.000045,0.000000,+0.000045
(21|38),(11|26),0.000081,0.000000,+0.000081
(21|38),(11|27),0.000166,0.001876,-0.001710
(21|38),(11|28),0.000353,0.000000,+0.000353
(21|38),(11|29),0.000683,0.000000,+0.000683
(21|38),(11|30),0.001349,0.001407,-0.000058
(21|38),(11|31),0.002595,0.002814,-0.000219
(21|38),(11|32),0.005227,0.008443,-0.003216
(21|38),(11|33),0.010500,0.011726,-0.001226
(21|38),(11|34),0.021058,0.023452,-0.002394
(21|38),(11|35),0.021033,0.019231,+0.001803
(21|38),(13|21),0.000001,0.000000,+0.000001
(21|38),(13|22),0.000006,0.000000,+0.000006
(21|38),(13|23),0.000013,0.000000,+0.000013
(21|38),(13|24),0.000021,0.000000,+0.000021
(21|38),(13|25),0.000037,0.000000,+0.000037
(21|38),(13|26),0.000085,0.000469,-0.000384
(21|38),(13|27),0.000163,0.000000,+0.000163
(21|38),(13|28),0.000315,0.000000,+0.000315
(21|38),(13|29),0.000656,0.000938,-0.000282
(21|38),(13|30),0.001313,0.000469,+0.000844
(21|38),(13|31),0.002597,0.003752,-0.001155
(21|38),(13|32),0.005165,0.006098,-0.000933
(21|38),(13|33),0.010390,0.010319,+0.000071
(21|38),(13|34),0.020735,0.031895,-0.011160
(21|38),(13|35),0.020620,0.015947,+0.004673
(21|38),(15|19),0.000002,0.000000,+0.000002
(21|38),(15|20),0.000004,0.000000,+0.000004
(21|38),(15|22),0.000003,0.000000,+0.000003
(21|38),(15|23),0.000009,0.000000,+0.000009
(21|38),(15|24),0.000017,0.000000,+0.000017
(21|38),(15|25),0.000039,0.000000,+0.000039
(21|38),(15|26),0.000070,0.000469,-0.000399
(21|38),(15|27),0.000153,0.000000,+0.000153
(21|38),(15|28),0.000353,0.000000,+0.000353
(21|38),(15|29),0.000663,0.000469,+0.000194
(21|38),(15|30),0.001281,0.001407,-0.000126
(21|38),(15|31),0.002563,0.003283,-0.000720
(21|38),(15|32),0.005055,0.006098,-0.001042
(21|38),(15|33),0.010459,0.014540,-0.004081
(21|38),(15|34),0.021032,0.019700,+0.001332
(21|38),(15|35),0.021011,0.012664,+0.008347
(21|38),(17|22),0.000001,0.000000,+0.000001
(21|38),(17|23),0.000005,0.000000,+0.000005
(21|38),(17|24),0.000011,0.000000,+0.000011
(21|38),(17|25),0.000035,0.000000,+0.000035
(21|38),(17|26),0.000080,0.000000,+0.000080
(21|38),(17|27),0.000152,0.000000,+0.000152
(21|38),(17|28),0.000318,0.000000,+0.000318
(21|38),(17|29),0.000661,0.000469,+0.000192
(21|38),(17|30),0.001305,0.000938,+0.000367
(21|38),(17|31),0.002615,0.002345,+0.000270
(21|38),(17|32),0.005224,0.005159,+0.000065
(21|38),(17|33),0.010471,0.013133,-0.002663
(21|38),(17|34),0.020783,0.023921,-0.003138
(21|38),(17|35),0.020644,0.021576,-0.000932
(21|38),(19|19),0.000001,0.000000,+0.000001
(21|38),(19|21),0.000003,0.000000,+0.000003
(21|38),(19|22),0.000008,0.000000,+0.000008
(21|38),(19|23),0.000015,0.000000,+0.000015
(21|38),(19|24),0.000023,0.000000,+0.000023
(21|38),(19|25),0.000032,0.000000,+0.000032
(21|38),(19|26),0.000073,0.000000,+0.000073
(21|38),(19|27),0.000175,0.000000,+0.000175
(21|38),(19|28),0.000329,0.000000,+0.000329
(21|38),(19|29),0.000619,0.000938,-0.000319
(21|38),(19|30),0.001271,0.001876,-0.000606
(21|38),(19|31),0.002557,0.002814,-0.000257
(21|38),(19|32),0.005130,0.007036,-0.001906
(21|38),(19|33),0.010384,0.011257,-0.000873
(21|38),(19|34),0.020883,0.019700,+0.001183
(21|38),(19|35),0.020917,0.019231,+0.001687
(21|38),(21|20),0.000001,0.000000,+0.000001
(21|38),(21|21),0.000004,0.000000,+0.000004
(21|38),(21|22),0.000005,0.000000,+0.000005
(21|38),(21|23),0.000009,0.000000,+0.000009
(21|38),(21|24),0.000017,0.000000,+0.000017
(21|38),(21|25),0.000038,0.000000,+0.000038
(21|38),(21|26),0.000075,0.000000,+0.000075
(21|38),(21|27),0.000156,0.000469,-0.000313
(21|38),(21|28),0.000331,0.000469,-0.000138
(21|38),(21|29),0.000644,0.001407,-0.000763
(21|38),(21|30),0.001312,0.001407,-0.000095
(21|38),(21|31),0.002654,0.004221,-0.001567
(21|38),(21|32),0.005218,0.002814,+0.002404
(21|38),(21|33),0.010420,0.014071,-0.003651
(21|38),(21|34),0.020933,0.028612,-0.007678
(21|38),(21|35),0.021056,0.013133,+0.007923
(21|38),(23|18),0.000001,0.000000,+0.000001
(21|38),(23|21),0.000001,0.000000,+0.000001
(21|38),(23|22),0.000005,0.000469,-0.000464
(21|38),(23|23),0.000006,0.000000,+0.000006
(21|38),(23|24),0.000015,0.000000,+0.000015
(21|38),(23|25),0.000041,0.000469,-0.000428
(21|38),(23|26),0.000075,0.000000,+0.000075
(21|38),(23|27),0.000151,0.000000,+0.000151
(21|38),(23|28),0.000305,0.000000,+0.000305
(21|38),(23|29),0.000648,0.000469,+0.000179
(21|38),(23|30),0.001310,0.000938,+0.000372
(21|38),(23|31),0.002553,0.002814,-0.000262
(21|38),(23|32),0.005176,0.002814,+0.002362
(21|38),(23|33),0.010327,0.008443,+0.001885
(21|38),(23|34),0.020545,0.026735,-0.006191
(21|38),(23|35),0.020591,0.015947,+0.004643
(21|38),(25|20),0.000003,0.000000,+0.000003
(21|38),(25|21),0.000005,0.000000,+0.000005
(21|38),(25|22),0.000008,0.000000,+0.000008
(21|38),(25|23),0.000014,0.000000,+0.000014
(21|38),(25|24),0.000020,0.000000,+0.000020
(21|38),(25|25),0.000035,0.000000,+0.000035
(21|38),(25|26),0.000076,0.000000,+0.000076
(21|38),(25|27),0.000167,0.000000,+0.000167
(21|38),(25|28),0.000347,0.000469,-0.000122
(21|38),(25|29),0.000659,0.000469,+0.000190
(21|38),(25|30),0.001299,0.001407,-0.000108
(21|38),(25|31),0.002601,0.004221,-0.001621
(21|38),(25|32),0.005210,0.005159,+0.000051
(21|38),(25|33),0.010455,0.007974,+0.002481
(21|38),(25|34),0.020771,0.023452,-0.002681
(21|38),(25|35),0.020592,0.015947,+0.004645
(21|38),(27|21),0.000003,0.000000,+0.000003
(21|38),(27|22),0.000004,0.000000,+0.000004
(21|38),(27|23),0.000009,0.000000,+0.000009
(21|38),(27|24),0.000019,0.000000,+0.000019
(21|38),(27|25),0.000039,0.000469,-0.000430
(21|38),(27|26),0.000079,0.000469,-0.000390
(21|38),(27|27),0.000143,0.000000,+0.000143
(21|38),(27|28),0.000328,0.000469,-0.000141
(21|38),(27|29),0.000651,0.000000,+0.000651
(21|38),(27|30),0.001309,0.001876,-0.000567
(21|38),(27|31),0.002629,0.003752,-0.001124
(21|38),(27|32),0.005199,0.004221,+0.000978
(21|38),(27|33),0.010391,0.012195,-0.001804
(21|38),(27|34),0.020821,0.016417,+0.004404
(21|38),(27|35),0.020860,0.009850,+0.011010
(21|38),(29|17),0.000001,0.000000,+0.000001
(21|38),(29|20),0.000002,0.000000,+0.000002
(21|38),(29|21),0.000002,0.000000,+0.000002
(21|38),(29|22),0.000003,0.000000,+0.000003
(21|38),(29|23),0.000007,0.000000,+0.000007
(21|38),(29|24),0.000016,0.000000,+0.000016
(21|38),(29|25),0.000042,0.000000,+0.000042
(21|38),(29|26),0.000102,0.000000,+0.000102
(21|38),(29|27),0.000176,0.000469,-0.000293
(21|38),(29|28),0.000311,0.000469,-0.000158
(21|38),(29|29),0.000644,0.000000,+0.000644
(21|38),(29|30),0.001293,0.001876,-0.000584
(21|38),(29|31),0.002624,0.002345,+0.000279
(21|38),(29|32),0.005277,0.005159,+0.000118
(21|38),(29|33),0.010451,0.010788,-0.000337
(21|38),(29|34),0.020927,0.024390,-0.003463
(21|38),(29|35),0.020743,0.016417,+0.004326
(21|38),(31|21),0.000001,0.000000,+0.000001
(21|38),(31|22),0.000003,0.000000,+0.000003
(21|38),(31|23),0.000011,0.000000,+0.000011
(21|38),(31|24),0.000029,0.000000,+0.000029
(21|38),(31|25),0.000053,0.000000,+0.000053
(21|38),(31|26),0.000075,0.000000,+0.000075
(21|38),(31|27),0.000147,0.000469,-0.000322
(21|38),(31|28),0.000304,0.000938,-0.000634
(21|38),(31|29),0.000655,0.000938,-0.000283
(21|38),(31|30),0.001290,0.001407,-0.000117
(21|38),(31|31),0.002539,0.005629,-0.003089
(21|38),(31|32),0.005209,0.006567,-0.001357
(21|38),(31|33),0.010532,0.011257,-0.000725
(21|38),(31|34),0.020894,0.020169,+0.000725
(21|38),(31|35),0.020695,0.014540,+0.006154
(21|39),(1|20),0.000001,0.000000,+0.000001
(21|39),(1|22),0.000004,0.000000,+0.000004
(21|39),(1|23),0.000008,0.000000,+0.000008
(21|39),(1|24),0.000011,0.000000,+0.000011
(21|39),(1|25),0.000027,0.000000,+0.000027
(21|39),(1|26),0.000049,0.000000,+0.000049
(21|39),(1|27),0.000075,0.000000,+0.000075
(21|39),(1|28),0.000167,0.000000,+0.000167
(21|39),(1|29),0.000328,0.002006,-0.001678
(21|39),(1|30),0.000659,0.000000,+0.000659
(21|39),(1|31),0.001289,0.002006,-0.000717
(21|39),(1|32),0.002565,0.004012,-0.001447
(21|39),(1|33),0.005240,0.006018,-0.000778
(21|39),(1|34),0.010385,0.018054,-0.007669
(21|39),(1|35),0.020821,0.028084,-0.007264
(21|39),(1|36),0.021073,0.014042,+0.007031
(21|39),(3|20),0.000001,0.000000,+0.000001
(21|39),(3|22),0.000004,0.000000,+0.000004
(21|39),(3|23),0.000011,0.000000,+0.000011
(21|39),(3|24),0.000006,0.000000,+0.000006
(21|39),(3|25),0.000010,0.000000,+0.000010
(21|39),(3|26),0.000043,0.000000,+0.000043
(21|39),(3|27),0.000093,0.000000,+0.000093
(21|39),(3|28),0.000158,0.000000,+0.000158
(21|39),(3|29),0.000303,0.002006,-0.001703
(21|39),(3|30),0.000621,0.000000,+0.000621
(21|39),(3|31),0.001328,0.001003,+0.000325
(21|39),(3|32),0.002749,0.002006,+0.000743
(21|39),(3|33),0.005343,0.004012,+0.001331
(21|39),(3|34),0.010455,0.006018,+0.004437
(21|39),(3|35),0.020950,0.029087,-0.008137
(21|39),(3|36),0.021079,0.017051,+0.004028
(21|39),(5|18),0.000002,0.000000,+0.000002
(21|39),(5|19),0.000002,0.000000,+0.000002
(21|39),(5|20),0.000001,0.000000,+0.000001
(21|39),(5|22),0.000002,0.000000,+0.000002
(21|39),(5|23),0.000009,0.000000,+0.000009
(21|39),(5|24),0.000015,0.000000,+0.000015
(21|39),(5|25),0.000025,0.000000,+0.000025
(21|39),(5|26),0.000046,0.000000,+0.000046
(21|39),(5|27),0.000079,0.000000,+0.000079
(21|39),(5|28),0.000154,0.000000,+0.000154
(21|39),(5|29),0.000318,0.001003,-0.000685
(21|39),(5|30),0.000658,0.001003,-0.000345
(21|39),(5|31),0.001277,0.002006,-0.000729
(21|39),(5|32),0.002528,0.002006,+0.000522
(21|39),(5|33),0.005289,0.005015,+0.000274
(21|39),(5|34),0.010479,0.011033,-0.000554
(21|39),(5|35),0.020732,0.017051,+0.003681
(21|39),(5|36),0.020885,0.014042,+0.006843
(21|39),(7|15),0.000001,0.000000,+0.000001
(21|39),(7|17),0.000001,0.000000,+0.000001
(21|39),(7|23),0.000004,0.000000,+0.000004
(21|39),(7|24),0.000014,0.000000,+0.000014
(21|39),(7|25),0.000021,0.000000,+0.000021
(21|39),(7|26),0.000047,0.000000,+0.000047
(21|39),(7|27),0.000101,0.000000,+0.000101
(21|39),(7|28),0.000171,0.000000,+0.000171
(21|39),(7|29),0.000333,0.000000,+0.000333
(21|39),(7|30),0.000636,0.001003,-0.000367
(21|39),(7|31),0.001234,0.001003,+0.000231
(21|39),(7|32),0.002533,0.003009,-0.000476
(21|39),(7|33),0.005159,0.007021,-0.001862
(21|39),(7|34),0.010281,0.016048,-0.005767
(21|39),(7|35),0.020614,0.018054,+0.002560
(21|39),(7|36),0.020620,0.014042,+0.006578
(21|39),(9|22),0.000002,0.000000,+0.000002
(21|39),(9|23),0.000006,0.000000,+0.000006
(21|39),(9|24),0.000015,0.000000,+0.000015
(21|39),(9|25),0.000021,0.000000,+0.000021
(21|39),(9|26),0.000041,0.000000,+0.000041
(21|39),(9|27),0.000083,0.000000,+0.000083
(21|39),(9|28),0.000159,0.000000,+0.000159
(21|39),(9|29),0.000334,0.000000,+0.000334
(21|39),(9|30),0.000659,0.000000,+0.000659
(21|39),(9|31),0.001287,0.003009,-0.001722
(21|39),(9|32),0.002611,0.004012,-0.001401
(21|39),(9|33),0.005223,0.006018,-0.000795
(21|39),(9|34),0.010483,0.022066,-0.011584
(21|39),(9|35),0.020931,0.026078,-0.005148
(21|39),(9|36),0.020885,0.011033,+0.009852
(21|39),(11|23),0.000004,0.000000,+0.000004
(21|39),(11|24),0.000013,0.000000,+0.000013
(21|39),(11|25),0.000026,0.000000,+0.000026
(21|39),(11|26),0.000045,0.000000,+0.000045
(21|39),(11|27),0.000081,0.000000,+0.000081
(21|39),(11|28),0.000166,0.000000,+0.000166
(21|39),(11|29),0.000353,0.000000,+0.000353
(21|39),(11|30),0.000683,0.001003,-0.000320
(21|39),(11|31),0.001349,0.002006,-0.000657
(21|39),(11|32),0.002595,0.002006,+0.000589
(21|39),(11|33),0.005227,0.000000,+0.005227
(21|39),(11|34),0.010500,0.017051,-0.006551
(21|39),(11|35),0.021058,0.016048,+0.005010
(21|39),(11|36),0.021033,0.016048,+0.004985
(21|39),(13|22),0.000001,0.000000,+0.000001
(21|39),(13|23),0.000006,0.000000,+0.000006
(21|39),(13|24),0.000013,0.000000,+0.000013
(21|39),(13|25),0.000021,0.000000,+0.000021
(21|39),(13|26),0.000037,0.000000,+0.000037
(21|39),(13|27),0.000085,0.000000,+0.000085
(21|39),(13|28),0.000163,0.000000,+0.000163
(21|39),(13|29),0.000315,0.000000,+0.000315
(21|39),(13|30),0.000656,0.001003,-0.000347
(21|39),(13|31),0.001313,0.004012,-0.002699
(21|39),(13|32),0.002597,0.004012,-0.001415
(21|39),(13|33),0.005165,0.007021,-0.001856
(21|39),(13|34),0.010390,0.008024,+0.002366
(21|39),(13|35),0.020735,0.024072,-0.003337
(21|39),(13|36),0.020620,0.018054,+0.002566
(21|39),(15|20),0.000002,0.000000,+0.000002
(21|39),(15|21),0.000004,0.000000,+0.000004
(21|39),(15|23),0.000003,0.000000,+0.000003
(21|39),(15|24),0.000009,0.000000,+0.000009
(21|39),(15|25),0.000017,0.000000,+0.000017
(21|39),(15|26),0.000039,0.000000,+0.000039
(21|39),(15|27),0.000070,0.000000,+0.000070
(21|39),(15|28),0.000153,0.000000,+0.000153
(21|39),(15|29),0.000353,0.000000,+0.000353
(21|39),(15|30),0.000663,0.000000,+0.000663
(21|39),(15|31),0.001281,0.002006,-0.000725
(21|39),(15|32),0.002563,0.003009,-0.000446
(21|39),(15|33),0.005055,0.003009,+0.002046
(21|39),(15|34),0.010459,0.012036,-0.001577
(21|39),(15|35),0.021032,0.025075,-0.004043
(21|39),(15|36),0.021011,0.016048,+0.004963
(21|39),(17|23),0.000001,0.000000,+0.000001
(21|39),(17|24),0.000005,0.000000,+0.000005
(21|39),(17|25),0.000011,0.000000,+0.000011
(21|39),(17|26),0.000035,0.000000,+0.000035
(21|39),(17|27),0.000080,0.001003,-0.000923
(21|39),(17|28),0.000152,0.000000,+0.000152
(21|39),(17|29),0.000318,0.000000,+0.000318
(21|39),(17|30),0.000661,0.000000,+0.000661
(21|39),(17|31),0.001305,0.001003,+0.000302
(21|39),(17|32),0.002615,0.005015,-0.002400
(21|39),(17|33),0.005224,0.010030,-0.004806
(21|39),(17|34),0.010471,0.009027,+0.001444
(21|39),(17|35),0.020783,0.018054,+0.002729
(21|39),(17|36),0.020644,0.021063,-0.000419
(21|39),(19|20),0.000001,0.000000,+0.000001
(21|39),(19|22),0.000003,0.000000,+0.000003
(21|39),(19|23),0.000008,0.000000,+0.000008
(21|39),(19|24),0.000015,0.000000,+0.000015
(21|39),(19|25),0.000023,0.000000,+0.000023
(21|39),(19|26),0.000032,0.000000,+0.000032
(21|39),(19|27),0.000073,0.000000,+0.000073
(21|39),(19|28),0.000175,0.000000,+0.000175
(21|39),(19|29),0.000329,0.000000,+0.000329
(21|39),(19|30),0.000619,0.000000,+0.000619
(21|39),(19|31),0.001271,0.000000,+0.001271
(21|39),(19|32),0.002557,0.005015,-0.002458
(21|39),(19|33),0.005130,0.004012,+0.001118
(21|39),(19|34),0.010384,0.007021,+0.003363
(21|39),(19|35),0.020883,0.021063,-0.000181
(21|39),(19|36),0.020917,0.013039,+0.007878
(21|39),(21|21),0.000001,0.000000,+0.000001
(21|39),(21|22),0.000004,0.000000,+0.000004
(21|39),(21|23),0.000005,0.000000,+0.000005
(21|39),(21|24),0.000009,0.000000,+0.000009
(21|39),(21|25),0.000017,0.000000,+0.000017
(21|39),(21|26),0.000038,0.000000,+0.000038
(21|39),(21|27),0.000075,0.000000,+0.000075
(21|39),(21|28),0.000156,0.001003,-0.000847
(21|39),(21|29),0.000331,0.000000,+0.000331
(21|39),(21|30),0.000644,0.002006,-0.001362
(21|39),(21|31),0.001312,0.003009,-0.001697
(21|39),(21|32),0.002654,0.004012,-0.001358
(21|39),(21|33),0.005218,0.003009,+0.002209
(21|39),(21|34),0.010420,0.013039,-0.002619
(21|39),(21|35),0.020933,0.021063,-0.000130
(21|39),(21|36),0.021056,0.012036,+0.009020
(21|39),(23|19),0.000001,0.000000,+0.000001
(21|39),(23|22),0.000001,0.000000,+0.000001
(21|39),(23|23),0.000005,0.000000,+0.000005
(21|39),(23|24),0.000006,0.000000,+0.000006
(21|39),(23|25),0.000015,0.000000,+0.000015
(21|39),(23|26),0.000041,0.000000,+0.000041
(21|39),(23|27),0.000075,0.000000,+0.000075
(21|39),(23|28),0.000151,0.000000,+0.000151
(21|39),(23|29),0.000305,0.000000,+0.000305
(21|39),(23|30),0.000648,0.000000,+0.000648
(21|39),(23|31),0.001310,0.000000,+0.001310
(21|39),(23|32),0.002553,0.003009,-0.000456
(21|39),(23|33),0.005176,0.002006,+0.003170
(21|39),(23|34),0.010327,0.018054,-0.007727
(21|39),(23|35),0.020545,0.032096,-0.011552
(21|39),(23|36),0.020591,0.020060,+0.000530
(21|39),(25|21),0.000003,0.000000,+0.000003
(21|39),(25|22),0.000005,0.000000,+0.000005
(21|39),(25|23),0.000008,0.000000,+0.000008
(21|39),(25|24),0.000014,0.000000,+0.000014
(21|39),(25|25),0.000020,0.000000,+0.000020
(21|39),(25|26),0.000035,0.000000,+0.000035
(21|39),(25|27),0.000076,0.000000,+0.000076
(21|39),(25|28),0.000167,0.000000,+0.000167
(21|39),(25|29),0.000347,0.000000,+0.000347
(21|39),(25|30),0.000659,0.000000,+0.000659
(21|39),(25|31),0.001299,0.002006,-0.000707
(21|39),(25|32),0.002601,0.004012,-0.001411
(21|39),(25|33),0.005210,0.004012,+0.001198
(21|39),(25|34),0.010455,0.008024,+0.002431
(21|39),(25|35),0.020771,0.021063,-0.000293
(21|39),(25|36),0.020592,0.014042,+0.006550
(21|39),(27|18),0.000000,0.001003,-0.001003
(21|39),(27|22),0.000003,0.000000,+0.000003
(21|39),(27|23),0.000004,0.000000,+0.000004
(21|39),(27|24),0.000009,0.000000,+0.000009
(21|39),(27|25),0.000019,0.000000,+0.000019
(21|39),(27|26),0.000039,0.000000,+0.000039
(21|39),(27|27),0.000079,0.000000,+0.000079
(21|39),(27|28),0.000143,0.001003,-0.000860
(21|39),(27|29),0.000328,0.000000,+0.000328
(21|39),(27|30),0.000651,0.001003,-0.000352
(21|39),(27|31),0.001309,0.001003,+0.000306
(21|39),(27|32),0.002629,0.005015,-0.002386
(21|39),(27|33),0.005199,0.004012,+0.001187
(21|39),(27|34),0.010391,0.016048,-0.005657
(21|39),(27|35),0.020821,0.017051,+0.003770
(21|39),(27|36),0.020860,0.016048,+0.004812
(21|39),(29|18),0.000001,0.000000,+0.000001
(21|39),(29|21),0.000002,0.000000,+0.000002
(21|39),(29|22),0.000002,0.000000,+0.000002
(21|39),(29|23),0.000003,0.000000,+0.000003
(21|39),(29|24),0.000007,0.000000,+0.000007
(21|39),(29|25),0.000016,0.000000,+0.000016
(21|39),(29|26),0.000042,0.002006,-0.001964
(21|39),(29|27),0.000102,0.000000,+0.000102
(21|39),(29|28),0.000176,0.001003,-0.000827
(21|39),(29|29),0.000311,0.000000,+0.000311
(21|39),(29|30),0.000644,0.002006,-0.001362
(21|39),(29|31),0.001293,0.000000,+0.001293
(21|39),(29|32),0.002624,0.003009,-0.000385
(21|39),(29|33),0.005277,0.006018,-0.000741
(21|39),(29|34),0.010451,0.012036,-0.001585
(21|39),(29|35),0.020927,0.022066,-0.001139
(21|39),(29|36),0.020743,0.024072,-0.003330
(21|39),(31|22),0.000001,0.000000,+0.000001
(21|39),(31|23),0.000003,0.000000,+0.000003
(21|39),(31|24),0.000011,0.000000,+0.000011
(21|39),(31|25),0.000029,0.000000,+0.000029
(21|39),(31|26),0.000053,0.001003,-0.000950
(21|39),(31|27),0.000075,0.000000,+0.000075
(21|39),(31|28),0.000147,0.001003,-0.000856
(21|39),(31|29),0.000304,0.001003,-0.000699
(21|39),(31|30),0.000655,0.002006,-0.001351
(21|39),(31|31),0.001290,0.003009,-0.001719
(21|39),(31|32),0.002539,0.002006,+0.000533
(21|39),(31|33),0.005209,0.003009,+0.002200
(21|39),(31|34),0.010532,0.015045,-0.004513
(21|39),(31|35),0.020894,0.022066,-0.001172
(21|39),(31|36),0.020695,0.010030,+0.010665
(21|40),(1|21),0.000001,0.000000,+0.000001
(21|40),(1|23),0.000004,0.000000,+0.000004
(21|40),(1|24),0.000008,0.000000,+0.000008
(21|40),(1|25),0.000011,0.000000,+0.000011
(21|40),(1|26),0.000027,0.000000,+0.000027
(21|40),(1|27),0.000049,0.000000,+0.000049
(21|40),(1|28),0.000075,0.000000,+0.000075
(21|40),(1|29),0.000167,0.000000,+0.000167
(21|40),(1|30),0.000328,0.000000,+0.000328
(21|40),(1|31),0.000659,0.000000,+0.000659
(21|40),(1|32),0.001289,0.000000,+0.001289
(21|40),(1|33),0.002565,0.005825,-0.003260
(21|40),(1|34),0.005240,0.001942,+0.003298
(21|40),(1|35),0.010385,0.009709,+0.000676
(21|40),(1|36),0.020821,0.031068,-0.010247
(21|40),(1|37),0.021073,0.019417,+0.001656
(21|40),(3|21),0.000001,0.000000,+0.000001
(21|40),(3|23),0.000004,0.000000,+0.000004
(21|40),(3|24),0.000011,0.000000,+0.000011
(21|40),(3|25),0.000006,0.000000,+0.000006
(21|40),(3|26),0.000010,0.000000,+0.000010
(21|40),(3|27),0.000043,0.000000,+0.000043
(21|40),(3|28),0.000093,0.000000,+0.000093
(21|40),(3|29),0.000158,0.000000,+0.000158
(21|40),(3|30),0.000303,0.000000,+0.000303
(21|40),(3|31),0.000621,0.000000,+0.000621
(21|40),(3|32),0.001328,0.000000,+0.001328
(21|40),(3|33),0.002749,0.003883,-0.001135
(21|40),(3|34),0.005343,0.001942,+0.003402
(21|40),(3|35),0.010455,0.009709,+0.000746
(21|40),(3|36),0.020950,0.021359,-0.000409
(21|40),(3|37),0.021079,0.007767,+0.013312
(21|40),(5|19),0.000002,0.000000,+0.000002
(21|40),(5|20),0.000002,0.000000,+0.000002
(21|40),(5|21),0.000001,0.000000,+0.000001
(21|40),(5|23),0.000002,0.000000,+0.000002
(21|40),(5|24),0.000009,0.000000,+0.000009
(21|40),(5|25),0.000015,0.000000,+0.000015
(21|40),(5|26),0.000025,0.000000,+0.000025
(21|40),(5|27),0.000046,0.000000,+0.000046
(21|40),(5|28),0.000079,0.000000,+0.000079
(21|40),(5|29),0.000154,0.000000,+0.000154
(21|40),(5|30),0.000318,0.000000,+0.000318
(21|40),(5|31),0.000658,0.000000,+0.000658
(21|40),(5|32),0.001277,0.001942,-0.000665
(21|40),(5|33),0.002528,0.001942,+0.000586
(21|40),(5|34),0.005289,0.007767,-0.002478
(21|40),(5|35),0.010479,0.009709,+0.000771
(21|40),(5|36),0.020732,0.036893,-0.016161
(21|40),(5|37),0.020885,0.023301,-0.002416
(21|40),(7|16),0.000001,0.000000,+0.000001
(21|40),(7|18),0.000001,0.000000,+0.000001
(21|40),(7|24),0.000004,0.000000,+0.000004
(21|40),(7|25),0.000014,0.000000,+0.000014
(21|40),(7|26),0.000021,0.000000,+0.000021
(21|40),(7|27),0.000047,0.000000,+0.000047
(21|40),(7|28),0.000101,0.000000,+0.000101
(21|40),(7|29),0.000171,0.000000,+0.000171
(21|40),(7|30),0.000333,0.000000,+0.000333
(21|40),(7|31),0.000636,0.000000,+0.000636
(21|40),(7|32),0.001234,0.000000,+0.001234
(21|40),(7|33),0.002533,0.005825,-0.003292
(21|40),(7|34),0.005159,0.003883,+0.001276
(21|40),(7|35),0.010281,0.009709,+0.000573
(21|40),(7|36),0.020614,0.011650,+0.008964
(21|40),(7|37),0.020620,0.007767,+0.012853
(21|40),(9|23),0.000002,0.000000,+0.000002
(21|40),(9|24),0.000006,0.000000,+0.000006
(21|40),(9|25),0.000015,0.000000,+0.000015
(21|40),(9|26),0.000021,0.000000,+0.000021
(21|40),(9|27),0.000041,0.000000,+0.000041
(21|40),(9|28),0.000083,0.000000,+0.000083
(21|40),(9|29),0.000159,0.001942,-0.001783
(21|40),(9|30),0.000334,0.000000,+0.000334
(21|40),(9|31),0.000659,0.000000,+0.000659
(21|40),(9|32),0.001287,0.001942,-0.000655
(21|40),(9|33),0.002611,0.000000,+0.002611
(21|40),(9|34),0.005223,0.003883,+0.001340
(21|40),(9|35),0.010483,0.019417,-0.008935
(21|40),(9|36),0.020931,0.031068,-0.010137
(21|40),(9|37),0.020885,0.013592,+0.007293
(21|40),(11|24),0.000004,0.000000,+0.000004
(21|40),(11|25),0.000013,0.000000,+0.000013
(21|40),(11|26),0.000026,0.000000,+0.000026
(21|40),(11|27),0.000045,0.000000,+0.000045
(21|40),(11|28),0.000081,0.000000,+0.000081
(21|40),(11|29),0.000166,0.001942,-0.001776
(21|40),(11|30),0.000353,0.000000,+0.000353
(21|40),(11|31),0.000683,0.000000,+0.000683
(21|40),(11|32),0.001349,0.001942,-0.000593
(21|40),(11|33),0.002595,0.001942,+0.000654
(21|40),(11|34),0.005227,0.005825,-0.000599
(21|40),(11|35),0.010500,0.017476,-0.006976
(21|40),(11|36),0.021058,0.015534,+0.005524
(21|40),(11|37),0.021033,0.017476,+0.003558
(21|40),(13|23),0.000001,0.000000,+0.000001
(21|40),(13|24),0.000006,0.000000,+0.000006
(21|40),(13|25),0.000013,0.000000,+0.000013
(21|40),(13|26),0.000021,0.000000,+0.000021
(21|40),(13|27),0.000037,0.000000,+0.000037
(21|40),(13|28),0.000085,0.000000,+0.000085
(21|40),(13|29),0.000163,0.000000,+0.000163
(21|40),(13|30),0.000315,0.001942,-0.001626
(21|40),(13|31),0.000656,0.000000,+0.000656
(21|40),(13|32),0.001313,0.000000,+0.001313
(21|40),(13|33),0.002597,0.003883,-0.001286
(21|40),(13|34),0.005165,0.001942,+0.003223
(21|40),(13|35),0.010390,0.009709,+0.000681
(21|40),(13|36),0.020735,0.029126,-0.008391
(21|40),(13|37),0.020620,0.017476,+0.003144
(21|40),(15|21),0.000002,0.000000,+0.000002
(21|40),(15|22),0.000004,0.000000,+0.000004
(21|40),(15|24),0.000003,0.000000,+0.000003
(21|40),(15|25),0.000009,0.000000,+0.000009
(21|40),(15|26),0.000017,0.000000,+0.000017
(21|40),(15|27),0.000039,0.000000,+0.000039
(21|40),(15|28),0.000070,0.000000,+0.000070
(21|40),(15|29),0.000153,0.001942,-0.001789
(21|40),(15|30),0.000353,0.001942,-0.001589
(21|40),(15|31),0.000663,0.000000,+0.000663
(21|40),(15|32),0.001281,0.000000,+0.001281
(21|40),(15|33),0.002563,0.005825,-0.003262
(21|40),(15|34),0.005055,0.003883,+0.001172
(21|40),(15|35),0.010459,0.013592,-0.003133
(21|40),(15|36),0.021032,0.013592,+0.007440
(21|40),(15|37),0.021011,0.009709,+0.011302
(21|40),(17|24),0.000001,0.000000,+0.000001
(21|40),(17|25),0.000005,0.000000,+0.000005
(21|40),(17|26),0.000011,0.000000,+0.000011
(21|40),(17|27),0.000035,0.000000,+0.000035
(21|40),(17|28),0.000080,0.000000,+0.000080
(21|40),(17|29),0.000152,0.000000,+0.000152
(21|40),(17|30),0.000318,0.001942,-0.001624
(21|40),(17|31),0.000661,0.003883,-0.003222
(21|40),(17|32),0.001305,0.000000,+0.001305
(21|40),(17|33),0.002615,0.001942,+0.000674
(21|40),(17|34),0.005224,0.000000,+0.005224
(21|40),(17|35),0.010471,0.015534,-0.005063
(21|40),(17|36),0.020783,0.015534,+0.005249
(21|40),(17|37),0.020644,0.015534,+0.005110
(21|40),(19|21),0.000001,0.000000,+0.000001
(21|40),(19|23),0.000003,0.000000,+0.000003
(21|40),(19|24),0.000008,0.000000,+0.000008
(21|40),(19|25),0.000015,0.000000,+0.000015
(21|40),(19|26),0.000023,0.000000,+0.000023
(21|40),(19|27),0.000032,0.000000,+0.000032
(21|40),(19|28),0.000073,0.000000,+0.000073
(21|40),(19|29),0.000175,0.000000,+0.000175
(21|40),(19|30),0.000329,0.001942,-0.001613
(21|40),(19|31),0.000619,0.003883,-0.003264
(21|40),(19|32),0.001271,0.000000,+0.001271
(21|40),(19|33),0.002557,0.007767,-0.005210
(21|40),(19|34),0.005130,0.013592,-0.008462
(21|40),(19|35),0.010384,0.007767,+0.002617
(21|40),(19|36),0.020883,0.025243,-0.004360
(21|40),(19|37),0.020917,0.011650,+0.009267
(21|40),(21|22),0.000001,0.000000,+0.000001
(21|40),(21|23),0.000004,0.000000,+0.000004
(21|40),(21|24),0.000005,0.000000,+0.000005
(21|40),(21|25),0.000009,0.000000,+0.000009
(21|40),(21|26),0.000017,0.000000,+0.000017
(21|40),(21|27),0.000038,0.000000,+0.000038
(21|40),(21|28),0.000075,0.000000,+0.000075
(21|40),(21|29),0.000156,0.000000,+0.000156
(21|40),(21|30),0.000331,0.000000,+0.000331
(21|40),(21|31),0.000644,0.000000,+0.000644
(21|40),(21|32),0.001312,0.001942,-0.000630
(21|40),(21|33),0.002654,0.007767,-0.005113
(21|40),(21|34),0.005218,0.001942,+0.003276
(21|40),(21|35),0.010420,0.003883,+0.006537
(21|40),(21|36),0.020933,0.023301,-0.002368
(21|40),(21|37),0.021056,0.011650,+0.009406
(21|40),(23|20),0.000001,0.000000,+0.000001
(21|40),(23|23),0.000001,0.000000,+0.000001
(21|40),(23|24),0.000005,0.000000,+0.000005
(21|40),(23|25),0.000006,0.000000,+0.000006
(21|40),(23|26),0.000015,0.000000,+0.000015
(21|40),(23|27),0.000041,0.000000,+0.000041
(21|40),(23|28),0.000075,0.000000,+0.000075
(21|40),(23|29),0.000151,0.000000,+0.000151
(21|40),(23|30),0.000305,0.000000,+0.000305
(21|40),(23|31),0.000648,0.000000,+0.000648
(21|40),(23|32),0.001310,0.000000,+0.001310
(21|40),(23|33),0.002553,0.003883,-0.001331
(21|40),(23|34),0.005176,0.011650,-0.006474
(21|40),(23|35),0.010327,0.009709,+0.000619
(21|40),(23|36),0.020545,0.036893,-0.016349
(21|40),(23|37),0.020591,0.019417,+0.001173
(21|40),(25|22),0.000003,0.000000,+0.000003
(21|40),(25|23),0.000005,0.000000,+0.000005
(21|40),(25|24),0.000008,0.000000,+0.000008
(21|40),(25|25),0.000014,0.000000,+0.000014
(21|40),(25|26),0.000020,0.000000,+0.000020
(21|40),(25|27),0.000035,0.000000,+0.000035
(21|40),(25|28),0.000076,0.000000,+0.000076
(21|40),(25|29),0.000167,0.000000,+0.000167
(21|40),(25|30),0.000347,0.000000,+0.000347
(21|40),(25|31),0.000659,0.000000,+0.000659
(21|40),(25|32),0.001299,0.001942,-0.000642
(21|40),(25|33),0.002601,0.007767,-0.005166
(21|40),(25|34),0.005210,0.007767,-0.002557
(21|40),(25|35),0.010455,0.005825,+0.004629
(21|40),(25|36),0.020771,0.038835,-0.018064
(21|40),(25|37),0.020592,0.013592,+0.007000
(21|40),(27|23),0.000003,0.000000,+0.000003
(21|40),(27|24),0.000004,0.000000,+0.000004
(21|40),(27|25),0.000009,0.000000,+0.000009
(21|40),(27|26),0.000019,0.000000,+0.000019
(21|40),(27|27),0.000039,0.000000,+0.000039
(21|40),(27|28),0.000079,0.000000,+0.000079
(21|40),(27|29),0.000143,0.000000,+0.000143
(21|40),(27|30),0.000328,0.000000,+0.000328
(21|40),(27|31),0.000651,0.000000,+0.000651
(21|40),(27|32),0.001309,0.000000,+0.001309
(21|40),(27|33),0.002629,0.001942,+0.000687
(21|40),(27|34),0.005199,0.001942,+0.003258
(21|40),(27|35),0.010391,0.015534,-0.005143
(21|40),(27|36),0.020821,0.025243,-0.004422
(21|40),(27|37),0.020860,0.017476,+0.003384
(21|40),(29|19),0.000001,0.000000,+0.000001
(21|40),(29|22),0.000002,0.000000,+0.000002
(21|40),(29|23),0.000002,0.000000,+0.000002
(21|40),(29|24),0.000003,0.000000,+0.000003
(21|40),(29|25),0.000007,0.000000,+0.000007
(21|40),(29|26),0.000016,0.000000,+0.000016
(21|40),(29|27),0.000042,0.000000,+0.000042
(21|40),(29|28),0.000102,0.000000,+0.000102
(21|40),(29|29),0.000176,0.000000,+0.000176
(21|40),(29|30),0.000311,0.000000,+0.000311
(21|40),(29|31),0.000644,0.000000,+0.000644
(21|40),(29|32),0.001293,0.000000,+0.001293
(21|40),(29|33),0.002624,0.003883,-0.001259
(21|40),(29|34),0.005277,0.000000,+0.005277
(21|40),(29|35),0.010451,0.017476,-0.007024
(21|40),(29|36),0.020927,0.021359,-0.000432
(21|40),(29|37),0.020743,0.011650,+0.009092
(21|40),(31|23),0.000001,0.000000,+0.000001
(21|40),(31|24),0.000003,0.000000,+0.000003
(21|40),(31|25),0.000011,0.000000,+0.000011
(21|40),(31|26),0.000029,0.000000,+0.000029
(21|40),(31|27),0.000053,0.000000,+0.000053
(21|40),(31|28),0.000075,0.000000,+0.000075
(21|40),(31|29),0.000147,0.000000,+0.000147
(21|40),(31|30),0.000304,0.000000,+0.000304
(21|40),(31|31),0.000655,0.001942,-0.001286
(21|40),(31|32),0.001290,0.003883,-0.002593
(21|40),(31|33),0.002539,0.000000,+0.002539
(21|40),(31|34),0.005209,0.005825,-0.000616
(21|40),(31|35),0.010532,0.013592,-0.003060
(21|40),(31|36),0.020894,0.027184,-0.006290
(21|40),(31|37),0.020695,0.015534,+0.005161
(21|41),(1|22),0.000001,0.000000,+0.000001
(21|41),(1|24),0.000004,0.000000,+0.000004
(21|41),(1|25),0.000008,0.000000,+0.000008
(21|41),(1|26),0.000011,0.000000,+0.000011
(21|41),(1|27),0.000027,0.000000,+0.000027
(21|41),(1|28),0.000049,0.000000,+0.000049
(21|41),(1|29),0.000075,0.000000,+0.000075
(21|41),(1|30),0.000167,0.000000,+0.000167
(21|41),(1|31),0.000328,0.000000,+0.000328
(21|41),(1|32),0.000659,0.000000,+0.000659
(21|41),(1|33),0.001289,0.000000,+0.001289
(21|41),(1|34),0.002565,0.000000,+0.002565
(21|41),(1|35),0.005240,0.004016,+0.001224
(21|41),(1|36),0.010385,0.004016,+0.006369
(21|41),(1|37),0.020821,0.024096,-0.003276
(21|41),(1|38),0.021073,0.016064,+0.005009
(21|41),(3|22),0.000001,0.000000,+0.000001
(21|41),(3|24),0.000004,0.000000,+0.000004
(21|41),(3|25),0.000011,0.000000,+0.000011
(21|41),(3|26),0.000006,0.000000,+0.000006
(21|41),(3|27),0.000010,0.000000,+0.000010
(21|41),(3|28),0.000043,0.000000,+0.000043
(21|41),(3|29),0.000093,0.000000,+0.000093
(21|41),(3|30),0.000158,0.000000,+0.000158
(21|41),(3|31),0.000303,0.000000,+0.000303
(21|41),(3|32),0.000621,0.000000,+0.000621
(21|41),(3|33),0.001328,0.000000,+0.001328
(21|41),(3|34),0.002749,0.000000,+0.002749
(21|41),(3|35),0.005343,0.004016,+0.001327
(21|41),(3|36),0.010455,0.008032,+0.002423
(21|41),(3|37),0.020950,0.016064,+0.004886
(21|41),(3|38),0.021079,0.012048,+0.009030
(21|41),(5|20),0.000002,0.000000,+0.000002
(21|41),(5|21),0.000002,0.000000,+0.000002
(21|41),(5|22),0.000001,0.000000,+0.000001
(21|41),(5|24),0.000002,0.000000,+0.000002
(21|41),(5|25),0.000009,0.000000,+0.000009
(21|41),(5|26),0.000015,0.000000,+0.000015
(21|41),(5|27),0.000025,0.000000,+0.000025
(21|41),(5|28),0.000046,0.000000,+0.000046
(21|41),(5|29),0.000079,0.000000,+0.000079
(21|41),(5|30),0.000154,0.004016,-0.003862
(21|41),(5|31),0.000318,0.000000,+0.000318
(21|41),(5|32),0.000658,0.000000,+0.000658
(21|41),(5|33),0.001277,0.000000,+0.001277
(21|41),(5|34),0.002528,0.008032,-0.005504
(21|41),(5|35),0.005289,0.016064,-0.010776
(21|41),(5|36),0.010479,0.028112,-0.017633
(21|41),(5|37),0.020732,0.032129,-0.011397
(21|41),(5|38),0.020885,0.008032,+0.012853
(21|41),(7|17),0.000001,0.000000,+0.000001
(21|41),(7|19),0.000001,0.000000,+0.000001
(21|41),(7|25),0.000004,0.000000,+0.000004
(21|41),(7|26),0.000014,0.000000,+0.000014
(21|41),(7|27),0.000021,0.000000,+0.000021
(21|41),(7|28),0.000047,0.000000,+0.000047
(21|41),(7|29),0.000101,0.000000,+0.000101
(21|41),(7|30),0.000171,0.000000,+0.000171
(21|41),(7|31),0.000333,0.000000,+0.000333
(21|41),(7|32),0.000636,0.000000,+0.000636
(21|41),(7|33),0.001234,0.000000,+0.001234
(21|41),(7|34),0.002533,0.000000,+0.002533
(21|41),(7|35),0.005159,0.004016,+0.001143
(21|41),(7|36),0.010281,0.016064,-0.005783
(21|41),(7|37),0.020614,0.020080,+0.000534
(21|41),(7|38),0.020620,0.020080,+0.000540
(21|41),(9|24),0.000002,0.000000,+0.000002
(21|41),(9|25),0.000006,0.000000,+0.000006
(21|41),(9|26),0.000015,0.000000,+0.000015
(21|41),(9|27),0.000021,0.000000,+0.000021
(21|41),(9|28),0.000041,0.000000,+0.000041
(21|41),(9|29),0.000083,0.000000,+0.000083
(21|41),(9|30),0.000159,0.000000,+0.000159
(21|41),(9|31),0.000334,0.000000,+0.000334
(21|41),(9|32),0.000659,0.000000,+0.000659
(21|41),(9|33),0.001287,0.000000,+0.001287
(21|41),(9|34),0.002611,0.000000,+0.002611
(21|41),(9|35),0.005223,0.000000,+0.005223
(21|41),(9|36),0.010483,0.016064,-0.005582
(21|41),(9|37),0.020931,0.008032,+0.012899
(21|41),(9|38),0.020885,0.016064,+0.004821
(21|41),(11|25),0.000004,0.000000,+0.000004
(21|41),(11|26),0.000013,0.000000,+0.000013
(21|41),(11|27),0.000026,0.000000,+0.000026
(21|41),(11|28),0.000045,0.000000,+0.000045
(21|41),(11|29),0.000081,0.000000,+0.000081
(21|41),(11|30),0.000166,0.000000,+0.000166
(21|41),(11|31),0.000353,0.000000,+0.000353
(21|41),(11|32),0.000683,0.000000,+0.000683
(21|41),(11|33),0.001349,0.000000,+0.001349
(21|41),(11|34),0.002595,0.000000,+0.002595
(21|41),(11|35),0.005227,0.008032,-0.002805
(21|41),(11|36),0.010500,0.012048,-0.001548
(21|41),(11|37),0.021058,0.028112,-0.007054
(21|41),(11|38),0.021033,0.032129,-0.011095
(21|41),(13|24),0.000001,0.000000,+0.000001
(21|41),(13|25),0.000006,0.000000,+0.000006
(21|41),(13|26),0.000013,0.000000,+0.000013
(21|41),(13|27),0.000021,0.000000,+0.000021
(21|41),(13|28),0.000037,0.000000,+0.000037
(21|41),(13|29),0.000085,0.000000,+0.000085
(21|41),(13|30),0.000163,0.000000,+0.000163
(21|41),(13|31),0.000315,0.000000,+0.000315
(21|41),(13|32),0.000656,0.000000,+0.000656
(21|41),(13|33),0.001313,0.000000,+0.001313
(21|41),(13|34),0.002597,0.004016,-0.001419
(21|41),(13|35),0.005165,0.000000,+0.005165
(21|41),(13|36),0.010390,0.012048,-0.001658
(21|41),(13|37),0.020735,0.028112,-0.007377
(21|41),(13|38),0.020620,0.008032,+0.012588
(21|41),(15|22),0.000002,0.000000,+0.000002
(21|41),(15|23),0.000004,0.000000,+0.000004
(21|41),(15|25),0.000003,0.000000,+0.000003
(21|41),(15|26),0.000009,0.000000,+0.000009
(21|41),(15|27),0.000017,0.000000,+0.000017
(21|41),(15|28),0.000039,0.000000,+0.000039
(21|41),(15|29),0.000070,0.000000,+0.000070
(21|41),(15|30),0.000153,0.004016,-0.003863
(21|41),(15|31),0.000353,0.000000,+0.000353
(21|41),(15|32),0.000663,0.004016,-0.003353
(21|41),(15|33),0.001281,0.004016,-0.002735
(21|41),(15|34),0.002563,0.008032,-0.005469
(21|41),(15|35),0.005055,0.016064,-0.011009
(21|41),(15|36),0.010459,0.008032,+0.002427
(21|41),(15|37),0.021032,0.024096,-0.003064
(21|41),(15|38),0.021011,0.020080,+0.000930
(21|41),(17|25),0.000001,0.000000,+0.000001
(21|41),(17|26),0.000005,0.000000,+0.000005
(21|41),(17|27),0.000011,0.000000,+0.000011
(21|41),(17|28),0.000035,0.000000,+0.000035
(21|41),(17|29),0.000080,0.000000,+0.000080
(21|41),(17|30),0.000152,0.000000,+0.000152
(21|41),(17|31),0.000318,0.000000,+0.000318
(21|41),(17|32),0.000661,0.000000,+0.000661
(21|41),(17|33),0.001305,0.000000,+0.001305
(21|41),(17|34),0.002615,0.004016,-0.001401
(21|41),(17|35),0.005224,0.004016,+0.001208
(21|41),(17|36),0.010471,0.024096,-0.013626
(21|41),(17|37),0.020783,0.032129,-0.011345
(21|41),(17|38),0.020644,0.000000,+0.020644
(21|41),(19|22),0.000001,0.000000,+0.000001
(21|41),(19|24),0.000003,0.000000,+0.000003
(21|41),(19|25),0.000008,0.000000,+0.000008
(21|41),(19|26),0.000015,0.000000,+0.000015
(21|41),(19|27),0.000023,0.000000,+0.000023
(21|41),(19|28),0.000032,0.000000,+0.000032
(21|41),(19|29),0.000073,0.000000,+0.000073
(21|41),(19|30),0.000175,0.000000,+0.000175
(21|41),(19|31),0.000329,0.000000,+0.000329
(21|41),(19|32),0.000619,0.000000,+0.000619
(21|41),(19|33),0.001271,0.000000,+0.001271
(21|41),(19|34),0.002557,0.000000,+0.002557
(21|41),(19|35),0.005130,0.000000,+0.005130
(21|41),(19|36),0.010384,0.008032,+0.002352
(21|41),(19|37),0.020883,0.032129,-0.011246
(21|41),(19|38),0.020917,0.012048,+0.008869
(21|41),(21|23),0.000001,0.000000,+0.000001
(21|41),(21|24),0.000004,0.000000,+0.000004
(21|41),(21|25),0.000005,0.000000,+0.000005
(21|41),(21|26),0.000009,0.000000,+0.000009
(21|41),(21|27),0.000017,0.000000,+0.000017
(21|41),(21|28),0.000038,0.000000,+0.000038
(21|41),(21|29),0.000075,0.000000,+0.000075
(21|41),(21|30),0.000156,0.000000,+0.000156
(21|41),(21|31),0.000331,0.000000,+0.000331
(21|41),(21|32),0.000644,0.000000,+0.000644
(21|41),(21|33),0.001312,0.004016,-0.002704
(21|41),(21|34),0.002654,0.012048,-0.009394
(21|41),(21|35),0.005218,0.000000,+0.005218
(21|41),(21|36),0.010420,0.012048,-0.001628
(21|41),(21|37),0.020933,0.028112,-0.007179
(21|41),(21|38),0.021056,0.016064,+0.004992
(21|41),(23|21),0.000001,0.000000,+0.000001
(21|41),(23|24),0.000001,0.000000,+0.000001
(21|41),(23|25),0.000005,0.000000,+0.000005
(21|41),(23|26),0.000006,0.000000,+0.000006
(21|41),(23|27),0.000015,0.000000,+0.000015
(21|41),(23|28),0.000041,0.000000,+0.000041
(21|41),(23|29),0.000075,0.004016,-0.003941
(21|41),(23|30),0.000151,0.000000,+0.000151
(21|41),(23|31),0.000305,0.000000,+0.000305
(21|41),(23|32),0.000648,0.000000,+0.000648
(21|41),(23|33),0.001310,0.004016,-0.002706
(21|41),(23|34),0.002553,0.000000,+0.002553
(21|41),(23|35),0.005176,0.000000,+0.005176
(21|41),(23|36),0.010327,0.020080,-0.009753
(21|41),(23|37),0.020545,0.036145,-0.015600
(21|41),(23|38),0.020591,0.016064,+0.004526
(21|41),(25|23),0.000003,0.000000,+0.000003
(21|41),(25|24),0.000005,0.000000,+0.000005
(21|41),(25|25),0.000008,0.000000,+0.000008
(21|41),(25|26),0.000014,0.000000,+0.000014
(21|41),(25|27),0.000020,0.000000,+0.000020
(21|41),(25|28),0.000035,0.000000,+0.000035
(21|41),(25|29),0.000076,0.000000,+0.000076
(21|41),(25|30),0.000167,0.000000,+0.000167
(21|41),(25|31),0.000347,0.004016,-0.003669
(21|41),(25|32),0.000659,0.000000,+0.000659
(21|41),(25|33),0.001299,0.000000,+0.001299
(21|41),(25|34),0.002601,0.000000,+0.002601
(21|41),(25|35),0.005210,0.008032,-0.002822
(21|41),(25|36),0.010455,0.004016,+0.006439
(21|41),(25|37),0.020771,0.024096,-0.003326
(21|41),(25|38),0.020592,0.016064,+0.004528
(21|41),(27|24),0.000003,0.000000,+0.000003
(21|41),(27|25),0.000004,0.000000,+0.000004
(21|41),(27|26),0.000009,0.000000,+0.000009
(21|41),(27|27),0.000019,0.000000,+0.000019
(21|41),(27|28),0.000039,0.000000,+0.000039
(21|41),(27|29),0.000079,0.000000,+0.000079
(21|41),(27|30),0.000143,0.000000,+0.000143
(21|41),(27|31),0.000328,0.000000,+0.000328
(21|41),(27|32),0.000651,0.000000,+0.000651
(21|41),(27|33),0.001309,0.004016,-0.002707
(21|41),(27|34),0.002629,0.000000,+0.002629
(21|41),(27|35),0.005199,0.008032,-0.002833
(21|41),(27|36),0.010391,0.016064,-0.005673
(21|41),(27|37),0.020821,0.016064,+0.004756
(21|41),(27|38),0.020860,0.008032,+0.012828
(21|41),(29|20),0.000001,0.000000,+0.000001
(21|41),(29|23),0.000002,0.000000,+0.000002
(21|41),(29|24),0.000002,0.000000,+0.000002
(21|41),(29|25),0.000003,0.000000,+0.000003
(21|41),(29|26),0.000007,0.000000,+0.000007
(21|41),(29|27),0.000016,0.000000,+0.000016
(21|41),(29|28),0.000042,0.000000,+0.000042
(21|41),(29|29),0.000102,0.000000,+0.000102
(21|41),(29|30),0.000176,0.000000,+0.000176
(21|41),(29|31),0.000311,0.000000,+0.000311
(21|41),(29|32),0.000644,0.000000,+0.000644
(21|41),(29|33),0.001293,0.004016,-0.002723
(21|41),(29|34),0.002624,0.000000,+0.002624
(21|41),(29|35),0.005277,0.004016,+0.001261
(21|41),(29|36),0.010451,0.004016,+0.006435
(21|41),(29|37),0.020927,0.032129,-0.011201
(21|41),(29|38),0.020743,0.012048,+0.008694
(21|41),(31|24),0.000001,0.000000,+0.000001
(21|41),(31|25),0.000003,0.000000,+0.000003
(21|41),(31|26),0.000011,0.000000,+0.000011
(21|41),(31|27),0.000029,0.000000,+0.000029
(21|41),(31|28),0.000053,0.000000,+0.000053
(21|41),(31|29),0.000075,0.000000,+0.000075
(21|41),(31|30),0.000147,0.000000,+0.000147
(21|41),(31|31),0.000304,0.000000,+0.000304
(21|41),(31|32),0.000655,0.000000,+0.000655
(21|41),(31|33),0.001290,0.000000,+0.001290
(21|41),(31|34),0.002539,0.000000,+0.002539
(21|41),(31|35),0.005209,0.012048,-0.006839
(21|41),(31|36),0.010532,0.016064,-0.005532
(21|41),(31|37),0.020894,0.016064,+0.004830
(21|41),(31|38),0.020695,0.016064,+0.004630
(21|42),(1|23),0.000001,0.000000,+0.000001
(21|42),(1|25),0.000004,0.000000,+0.000004
(21|42),(1|26),0.000008,0.000000,+0.000008
(21|42),(1|27),0.000011,0.000000,+0.000011
(21|42),(1|28),0.000027,0.000000,+0.000027
(21|42),(1|29),0.000049,0.000000,+0.000049
(21|42),(1|30),0.000075,0.000000,+0.000075
(21|42),(1|31),0.000167,0.000000,+0.000167
(21|42),(1|32),0.000328,0.000000,+0.000328
(21|42),(1|33),0.000659,0.000000,+0.000659
(21|42),(1|34),0.001289,0.000000,+0.001289
(21|42),(1|35),0.002565,0.008197,-0.005631
(21|42),(1|36),0.005240,0.000000,+0.005240
(21|42),(1|37),0.010385,0.016393,-0.006009
(21|42),(1|38),0.020821,0.016393,+0.004427
(21|42),(1|39),0.021073,0.024590,-0.003517
(21|42),(3|23),0.000001,0.000000,+0.000001
(21|42),(3|25),0.000004,0.000000,+0.000004
(21|42),(3|26),0.000011,0.000000,+0.000011
(21|42),(3|27),0.000006,0.000000,+0.000006
(21|42),(3|28),0.000010,0.000000,+0.000010
(21|42),(3|29),0.000043,0.000000,+0.000043
(21|42),(3|30),0.000093,0.000000,+0.000093
(21|42),(3|31),0.000158,0.000000,+0.000158
(21|42),(3|32),0.000303,0.000000,+0.000303
(21|42),(3|33),0.000621,0.000000,+0.000621
(21|42),(3|34),0.001328,0.000000,+0.001328
(21|42),(3|35),0.002749,0.000000,+0.002749
(21|42),(3|36),0.005343,0.008197,-0.002853
(21|42),(3|37),0.010455,0.016393,-0.005939
(21|42),(3|38),0.020950,0.032787,-0.011837
(21|42),(3|39),0.021079,0.008197,+0.012882
(21|42),(5|21),0.000002,0.000000,+0.000002
(21|42),(5|22),0.000002,0.000000,+0.000002
(21|42),(5|23),0.000001,0.000000,+0.000001
(21|42),(5|25),0.000002,0.000000,+0.000002
(21|42),(5|26),0.000009,0.000000,+0.000009
(21|42),(5|27),0.000015,0.000000,+0.000015
(21|42),(5|28),0.000025,0.000000,+0.000025
(21|42),(5|29),0.000046,0.000000,+0.000046
(21|42),(5|30),0.000079,0.000000,+0.000079
(21|42),(5|31),0.000154,0.000000,+0.000154
(21|42),(5|32),0.000318,0.000000,+0.000318
(21|42),(5|33),0.000658,0.000000,+0.000658
(21|42),(5|34),0.001277,0.000000,+0.001277
(21|42),(5|35),0.002528,0.008197,-0.005669
(21|42),(5|36),0.005289,0.000000,+0.005289
(21|42),(5|37),0.010479,0.024590,-0.014111
(21|42),(5|38),0.020732,0.016393,+0.004339
(21|42),(5|39),0.020885,0.008197,+0.012689
(21|42),(7|18),0.000001,0.000000,+0.000001
(21|42),(7|20),0.000001,0.000000,+0.000001
(21|42),(7|26),0.000004,0.000000,+0.000004
(21|42),(7|27),0.000014,0.000000,+0.000014
(21|42),(7|28),0.000021,0.000000,+0.000021
(21|42),(7|29),0.000047,0.000000,+0.000047
(21|42),(7|30),0.000101,0.000000,+0.000101
(21|42),(7|31),0.000171,0.000000,+0.000171
(21|42),(7|32),0.000333,0.000000,+0.000333
(21|42),(7|33),0.000636,0.000000,+0.000636
(21|42),(7|34),0.001234,0.000000,+0.001234
(21|42),(7|35),0.002533,0.008197,-0.005663
(21|42),(7|36),0.005159,0.000000,+0.005159
(21|42),(7|37),0.010281,0.024590,-0.014309
(21|42),(7|38),0.020614,0.000000,+0.020614
(21|42),(7|39),0.020620,0.008197,+0.012423
(21|42),(9|25),0.000002,0.000000,+0.000002
(21|42),(9|26),0.000006,0.000000,+0.000006
(21|42),(9|27),0.000015,0.000000,+0.000015
(21|42),(9|28),0.000021,0.000000,+0.000021
(21|42),(9|29),0.000041,0.000000,+0.000041
(21|42),(9|30),0.000083,0.000000,+0.000083
(21|42),(9|31),0.000159,0.000000,+0.000159
(21|42),(9|32),0.000334,0.000000,+0.000334
(21|42),(9|33),0.000659,0.000000,+0.000659
(21|42),(9|34),0.001287,0.008197,-0.006910
(21|42),(9|35),0.002611,0.008197,-0.005585
(21|42),(9|36),0.005223,0.016393,-0.011170
(21|42),(9|37),0.010483,0.016393,-0.005911
(21|42),(9|38),0.020931,0.040984,-0.020053
(21|42),(9|39),0.020885,0.008197,+0.012689
(21|42),(11|26),0.000004,0.000000,+0.000004
(21|42),(11|27),0.000013,0.000000,+0.000013
(21|42),(11|28),0.000026,0.000000,+0.000026
(21|42),(11|29),0.000045,0.000000,+0.000045
(21|42),(11|30),0.000081,0.000000,+0.000081
(21|42),(11|31),0.000166,0.000000,+0.000166
(21|42),(11|32),0.000353,0.000000,+0.000353
(21|42),(11|33),0.000683,0.000000,+0.000683
(21|42),(11|34),0.001349,0.000000,+0.001349
(21|42),(11|35),0.002595,0.008197,-0.005601
(21|42),(11|36),0.005227,0.000000,+0.005227
(21|42),(11|37),0.010500,0.000000,+0.010500
(21|42),(11|38),0.021058,0.032787,-0.011729
(21|42),(11|39),0.021033,0.016393,+0.004640
(21|42),(13|25),0.000001,0.000000,+0.000001
(21|42),(13|26),0.000006,0.000000,+0.000006
(21|42),(13|27),0.000013,0.000000,+0.000013
(21|42),(13|28),0.000021,0.000000,+0.000021
(21|42),(13|29),0.000037,0.000000,+0.000037
(21|42),(13|30),0.000085,0.000000,+0.000085
(21|42),(13|31),0.000163,0.000000,+0.000163
(21|42),(13|32),0.000315,0.000000,+0.000315
(21|42),(13|33),0.000656,0.000000,+0.000656
(21|42),(13|34),0.001313,0.000000,+0.001313
(21|42),(13|35),0.002597,0.000000,+0.002597
(21|42),(13|36),0.005165,0.016393,-0.011229
(21|42),(13|37),0.010390,0.000000,+0.010390
(21|42),(13|38),0.020735,0.016393,+0.004342
(21|42),(13|39),0.020620,0.008197,+0.012423
(21|42),(15|23),0.000002,0.000000,+0.000002
(21|42),(15|24),0.000004,0.000000,+0.000004
(21|42),(15|26),0.000003,0.000000,+0.000003
(21|42),(15|27),0.000009,0.000000,+0.000009
(21|42),(15|28),0.000017,0.000000,+0.000017
(21|42),(15|29),0.000039,0.000000,+0.000039
(21|42),(15|30),0.000070,0.000000,+0.000070
(21|42),(15|31),0.000153,0.000000,+0.000153
(21|42),(15|32),0.000353,0.000000,+0.000353
(21|42),(15|33),0.000663,0.000000,+0.000663
(21|42),(15|34),0.001281,0.000000,+0.001281
(21|42),(15|35),0.002563,0.000000,+0.002563
(21|42),(15|36),0.005055,0.016393,-0.011338
(21|42),(15|37),0.010459,0.008197,+0.002263
(21|42),(15|38),0.021032,0.032787,-0.011755
(21|42),(15|39),0.021011,0.024590,-0.003579
(21|42),(17|26),0.000001,0.000000,+0.000001
(21|42),(17|27),0.000005,0.000000,+0.000005
(21|42),(17|28),0.000011,0.000000,+0.000011
(21|42),(17|29),0.000035,0.000000,+0.000035
(21|42),(17|30),0.000080,0.000000,+0.000080
(21|42),(17|31),0.000152,0.000000,+0.000152
(21|42),(17|32),0.000318,0.000000,+0.000318
(21|42),(17|33),0.000661,0.000000,+0.000661
(21|42),(17|34),0.001305,0.000000,+0.001305
(21|42),(17|35),0.002615,0.000000,+0.002615
(21|42),(17|36),0.005224,0.008197,-0.002973
(21|42),(17|37),0.010471,0.008197,+0.002274
(21|42),(17|38),0.020783,0.016393,+0.004390
(21|42),(17|39),0.020644,0.016393,+0.004251
(21|42),(19|23),0.000001,0.000000,+0.000001
(21|42),(19|25),0.000003,0.000000,+0.000003
(21|42),(19|26),0.000008,0.000000,+0.000008
(21|42),(19|27),0.000015,0.000000,+0.000015
(21|42),(19|28),0.000023,0.000000,+0.000023
(21|42),(19|29),0.000032,0.000000,+0.000032
(21|42),(19|30),0.000073,0.000000,+0.000073
(21|42),(19|31),0.000175,0.000000,+0.000175
(21|42),(19|32),0.000329,0.000000,+0.000329
(21|42),(19|33),0.000619,0.000000,+0.000619
(21|42),(19|34),0.001271,0.000000,+0.001271
(21|42),(19|35),0.002557,0.008197,-0.005639
(21|42),(19|36),0.005130,0.008197,-0.003067
(21|42),(19|37),0.010384,0.008197,+0.002187
(21|42),(19|38),0.020883,0.008197,+0.012686
(21|42),(19|39),0.020917,0.016393,+0.004524
(21|42),(21|24),0.000001,0.000000,+0.000001
(21|42),(21|25),0.000004,0.000000,+0.000004
(21|42),(21|26),0.000005,0.000000,+0.000005
(21|42),(21|27),0.000009,0.000000,+0.000009
(21|42),(21|28),0.000017,0.000000,+0.000017
(21|42),(21|29),0.000038,0.000000,+0.000038
(21|42),(21|30),0.000075,0.000000,+0.000075
(21|42),(21|31),0.000156,0.000000,+0.000156
(21|42),(21|32),0.000331,0.000000,+0.000331
(21|42),(21|33),0.000644,0.000000,+0.000644
(21|42),(21|34),0.001312,0.000000,+0.001312
(21|42),(21|35),0.002654,0.000000,+0.002654
(21|42),(21|36),0.005218,0.000000,+0.005218
(21|42),(21|37),0.010420,0.008197,+0.002223
(21|42),(21|38),0.020933,0.024590,-0.003657
(21|42),(21|39),0.021056,0.008197,+0.012859
(21|42),(23|22),0.000001,0.000000,+0.000001
(21|42),(23|25),0.000001,0.000000,+0.000001
(21|42),(23|26),0.000005,0.000000,+0.000005
(21|42),(23|27),0.000006,0.000000,+0.000006
(21|42),(23|28),0.000015,0.000000,+0.000015
(21|42),(23|29),0.000041,0.000000,+0.000041
(21|42),(23|30),0.000075,0.000000,+0.000075
(21|42),(23|31),0.000151,0.000000,+0.000151
(21|42),(23|32),0.000305,0.000000,+0.000305
(21|42),(23|33),0.000648,0.000000,+0.000648
(21|42),(23|34),0.001310,0.000000,+0.001310
(21|42),(23|35),0.002553,0.000000,+0.002553
(21|42),(23|36),0.005176,0.008197,-0.003021
(21|42),(23|37),0.010327,0.000000,+0.010327
(21|42),(23|38),0.020545,0.008197,+0.012348
(21|42),(23|39),0.020591,0.032787,-0.012196
(21|42),(25|24),0.000003,0.000000,+0.000003
(21|42),(25|25),0.000005,0.000000,+0.000005
(21|42),(25|26),0.000008,0.000000,+0.000008
(21|42),(25|27),0.000014,0.000000,+0.000014
(21|42),(25|28),0.000020,0.000000,+0.000020
(21|42),(25|29),0.000035,0.000000,+0.000035
(21|42),(25|30),0.000076,0.000000,+0.000076
(21|42),(25|31),0.000167,0.000000,+0.000167
(21|42),(25|32),0.000347,0.000000,+0.000347
(21|42),(25|33),0.000659,0.000000,+0.000659
(21|42),(25|34),0.001299,0.000000,+0.001299
(21|42),(25|35),0.002601,0.008197,-0.005596
(21|42),(25|36),0.005210,0.008197,-0.002987
(21|42),(25|37),0.010455,0.008197,+0.002258
(21|42),(25|38),0.020771,0.016393,+0.004377
(21|42),(25|39),0.020592,0.040984,-0.020392
(21|42),(27|25),0.000003,0.000000,+0.000003
(21|42),(27|26),0.000004,0.000000,+0.000004
(21|42),(27|27),0.000009,0.000000,+0.000009
(21|42),(27|28),0.000019,0.000000,+0.000019
(21|42),(27|29),0.000039,0.000000,+0.000039
(21|42),(27|30),0.000079,0.000000,+0.000079
(21|42),(27|31),0.000143,0.000000,+0.000143
(21|42),(27|32),0.000328,0.000000,+0.000328
(21|42),(27|33),0.000651,0.000000,+0.000651
(21|42),(27|34),0.001309,0.000000,+0.001309
(21|42),(27|35),0.002629,0.000000,+0.002629
(21|42),(27|36),0.005199,0.008197,-0.002997
(21|42),(27|37),0.010391,0.008197,+0.002195
(21|42),(27|38),0.020821,0.008197,+0.012624
(21|42),(27|39),0.020860,0.049180,-0.028320
(21|42),(29|21),0.000001,0.000000,+0.000001
(21|42),(29|24),0.000002,0.000000,+0.000002
(21|42),(29|25),0.000002,0.000000,+0.000002
(21|42),(29|26),0.000003,0.000000,+0.000003
(21|42),(29|27),0.000007,0.000000,+0.000007
(21|42),(29|28),0.000016,0.000000,+0.000016
(21|42),(29|29),0.000042,0.000000,+0.000042
(21|42),(29|30),0.000102,0.000000,+0.000102
(21|42),(29|31),0.000176,0.000000,+0.000176
(21|42),(29|32),0.000311,0.000000,+0.000311
(21|42),(29|33),0.000644,0.000000,+0.000644
(21|42),(29|34),0.001293,0.000000,+0.001293
(21|42),(29|35),0.002624,0.000000,+0.002624
(21|42),(29|36),0.005277,0.000000,+0.005277
(21|42),(29|37),0.010451,0.016393,-0.005942
(21|42),(29|38),0.020927,0.032787,-0.011860
(21|42),(29|39),0.020743,0.008197,+0.012546
(21|42),(31|25),0.000001,0.000000,+0.000001
(21|42),(31|26),0.000003,0.000000,+0.000003
(21|42),(31|27),0.000011,0.000000,+0.000011
(21|42),(31|28),0.000029,0.000000,+0.000029
(21|42),(31|29),0.000053,0.000000,+0.000053
(21|42),(31|30),0.000075,0.000000,+0.000075
(21|42),(31|31),0.000147,0.000000,+0.000147
(21|42),(31|32),0.000304,0.000000,+0.000304
(21|42),(31|33),0.000655,0.000000,+0.000655
(21|42),(31|34),0.001290,0.000000,+0.001290
(21|42),(31|35),0.002539,0.000000,+0.002539
(21|42),(31|36),0.005209,0.008197,-0.002987
(21|42),(31|37),0.010532,0.016393,-0.005861
(21|42),(31|38),0.020894,0.057377,-0.036483
(21|42),(31|39),0.020695,0.008197,+0.012498
(21|43),(1|24),0.000001,0.000000,+0.000001
(21|43),(1|26),0.000004,0.000000,+0.000004
(21|43),(1|27),0.000008,0.000000,+0.000008
(21|43),(1|28),0.000011,0.000000,+0.000011
(21|43),(1|29),0.000027,0.000000,+0.000027
(21|43),(1|30),0.000049,0.000000,+0.000049
(21|43),(1|31),0.000075,0.000000,+0.000075
(21|43),(1|32),0.000167,0.000000,+0.000167
(21|43),(1|33),0.000328,0.000000,+0.000328
(21|43),(1|34),0.000659,0.000000,+0.000659
(21|43),(1|35),0.001289,0.000000,+0.001289
(21|43),(1|36),0.002565,0.014286,-0.011720
(21|43),(1|37),0.005240,0.000000,+0.005240
(21|43),(1|38),0.010385,0.014286,-0.003901
(21|43),(1|39),0.020821,0.014286,+0.006535
(21|43),(1|40),0.021073,0.014286,+0.006788
(21|43),(3|24),0.000001,0.000000,+0.000001
(21|43),(3|26),0.000004,0.000000,+0.000004
(21|43),(3|27),0.000011,0.000000,+0.000011
(21|43),(3|28),0.000006,0.000000,+0.000006
(21|43),(3|29),0.000010,0.000000,+0.000010
(21|43),(3|30),0.000043,0.000000,+0.000043
(21|43),(3|31),0.000093,0.000000,+0.000093
(21|43),(3|32),0.000158,0.000000,+0.000158
(21|43),(3|33),0.000303,0.000000,+0.000303
(21|43),(3|34),0.000621,0.000000,+0.000621
(21|43),(3|35),0.001328,0.000000,+0.001328
(21|43),(3|36),0.002749,0.000000,+0.002749
(21|43),(3|37),0.005343,0.014286,-0.008942
(21|43),(3|38),0.010455,0.000000,+0.010455
(21|43),(3|39),0.020950,0.014286,+0.006664
(21|43),(3|40),0.021079,0.028571,-0.007493
(21|43),(5|22),0.000002,0.000000,+0.000002
(21|43),(5|23),0.000002,0.000000,+0.000002
(21|43),(5|24),0.000001,0.000000,+0.000001
(21|43),(5|26),0.000002,0.000000,+0.000002
(21|43),(5|27),0.000009,0.000000,+0.000009
(21|43),(5|28),0.000015,0.000000,+0.000015
(21|43),(5|29),0.000025,0.000000,+0.000025
(21|43),(5|30),0.000046,0.000000,+0.000046
(21|43),(5|31),0.000079,0.000000,+0.000079
(21|43),(5|32),0.000154,0.000000,+0.000154
(21|43),(5|33),0.000318,0.000000,+0.000318
(21|43),(5|34),0.000658,0.000000,+0.000658
(21|43),(5|35),0.001277,0.000000,+0.001277
(21|43),(5|36),0.002528,0.000000,+0.002528
(21|43),(5|37),0.005289,0.000000,+0.005289
(21|43),(5|38),0.010479,0.014286,-0.003806
(21|43),(5|39),0.020732,0.014286,+0.006446
(21|43),(5|40),0.020885,0.014286,+0.006600
(21|43),(7|19),0.000001,0.000000,+0.000001
(21|43),(7|21),0.000001,0.000000,+0.000001
(21|43),(7|27),0.000004,0.000000,+0.000004
(21|43),(7|28),0.000014,0.000000,+0.000014
(21|43),(7|29),0.000021,0.000000,+0.000021
(21|43),(7|30),0.000047,0.000000,+0.000047
(21|43),(7|31),0.000101,0.000000,+0.000101
(21|43),(7|32),0.000171,0.000000,+0.000171
(21|43),(7|33),0.000333,0.000000,+0.000333
(21|43),(7|34),0.000636,0.000000,+0.000636
(21|43),(7|35),0.001234,0.000000,+0.001234
(21|43),(7|36),0.002533,0.000000,+0.002533
(21|43),(7|37),0.005159,0.014286,-0.009126
(21|43),(7|38),0.010281,0.028571,-0.018290
(21|43),(7|39),0.020614,0.042857,-0.022243
(21|43),(7|40),0.020620,0.000000,+0.020620
(21|43),(9|26),0.000002,0.000000,+0.000002
(21|43),(9|27),0.000006,0.000000,+0.000006
(21|43),(9|28),0.000015,0.000000,+0.000015
(21|43),(9|29),0.000021,0.000000,+0.000021
(21|43),(9|30),0.000041,0.000000,+0.000041
(21|43),(9|31),0.000083,0.000000,+0.000083
(21|43),(9|32),0.000159,0.014286,-0.014127
(21|43),(9|33),0.000334,0.000000,+0.000334
(21|43),(9|34),0.000659,0.000000,+0.000659
(21|43),(9|35),0.001287,0.000000,+0.001287
(21|43),(9|36),0.002611,0.000000,+0.002611
(21|43),(9|37),0.005223,0.000000,+0.005223
(21|43),(9|38),0.010483,0.000000,+0.010483
(21|43),(9|39),0.020931,0.042857,-0.021926
(21|43),(9|40),0.020885,0.028571,-0.007686
(21|43),(11|27),0.000004,0.000000,+0.000004
(21|43),(11|28),0.000013,0.000000,+0.000013
(21|43),(11|29),0.000026,0.000000,+0.000026
(21|43),(11|30),0.000045,0.000000,+0.000045
(21|43),(11|31),0.000081,0.000000,+0.000081
(21|43),(11|32),0.000166,0.000000,+0.000166
(21|43),(11|33),0.000353,0.000000,+0.000353
(21|43),(11|34),0.000683,0.000000,+0.000683
(21|43),(11|35),0.001349,0.000000,+0.001349
(21|43),(11|36),0.002595,0.000000,+0.002595
(21|43),(11|37),0.005227,0.014286,-0.009059
(21|43),(11|38),0.010500,0.014286,-0.003786
(21|43),(11|39),0.021058,0.000000,+0.021058
(21|43),(11|40),0.021033,0.014286,+0.006748
(21|43),(13|26),0.000001,0.000000,+0.000001
(21|43),(13|27),0.000006,0.000000,+0.000006
(21|43),(13|28),0.000013,0.000000,+0.000013
(21|43),(13|29),0.000021,0.000000,+0.000021
(21|43),(13|30),0.000037,0.000000,+0.000037
(21|43),(13|31),0.000085,0.000000,+0.000085
(21|43),(13|32),0.000163,0.000000,+0.000163
(21|43),(13|33),0.000315,0.000000,+0.000315
(21|43),(13|34),0.000656,0.000000,+0.000656
(21|43),(13|35),0.001313,0.000000,+0.001313
(21|43),(13|36),0.002597,0.000000,+0.002597
(21|43),(13|37),0.005165,0.000000,+0.005165
(21|43),(13|38),0.010390,0.000000,+0.010390
(21|43),(13|39),0.020735,0.028571,-0.007836
(21|43),(13|40),0.020620,0.000000,+0.020620
(21|43),(15|24),0.000002,0.000000,+0.000002
(21|43),(15|25),0.000004,0.000000,+0.000004
(21|43),(15|27),0.000003,0.000000,+0.000003
(21|43),(15|28),0.000009,0.000000,+0.000009
(21|43),(15|29),0.000017,0.000000,+0.000017
(21|43),(15|30),0.000039,0.000000,+0.000039
(21|43),(15|31),0.000070,0.000000,+0.000070
(21|43),(15|32),0.000153,0.000000,+0.000153
(21|43),(15|33),0.000353,0.000000,+0.000353
(21|43),(15|34),0.000663,0.000000,+0.000663
(21|43),(15|35),0.001281,0.000000,+0.001281
(21|43),(15|36),0.002563,0.014286,-0.011722
(21|43),(15|37),0.005055,0.000000,+0.005055
(21|43),(15|38),0.010459,0.000000,+0.010459
(21|43),(15|39),0.021032,0.057143,-0.036111
(21|43),(15|40),0.021011,0.000000,+0.021011
(21|43),(17|27),0.000001,0.000000,+0.000001
(21|43),(17|28),0.000005,0.000000,+0.000005
(21|43),(17|29),0.000011,0.000000,+0.000011
(21|43),(17|30),0.000035,0.000000,+0.000035
(21|43),(17|31),0.000080,0.000000,+0.000080
(21|43),(17|32),0.000152,0.000000,+0.000152
(21|43),(17|33),0.000318,0.000000,+0.000318
(21|43),(17|34),0.000661,0.000000,+0.000661
(21|43),(17|35),0.001305,0.000000,+0.001305
(21|43),(17|36),0.002615,0.000000,+0.002615
(21|43),(17|37),0.005224,0.028571,-0.023347
(21|43),(17|38),0.010471,0.000000,+0.010471
(21|43),(17|39),0.020783,0.000000,+0.020783
(21|43),(17|40),0.020644,0.014286,+0.006358
(21|43),(19|24),0.000001,0.000000,+0.000001
(21|43),(19|26),0.000003,0.000000,+0.000003
(21|43),(19|27),0.000008,0.000000,+0.000008
(21|43),(19|28),0.000015,0.000000,+0.000015
(21|43),(19|29),0.000023,0.000000,+0.000023
(21|43),(19|30),0.000032,0.000000,+0.000032
(21|43),(19|31),0.000073,0.000000,+0.000073
(21|43),(19|32),0.000175,0.000000,+0.000175
(21|43),(19|33),0.000329,0.000000,+0.000329
(21|43),(19|34),0.000619,0.000000,+0.000619
(21|43),(19|35),0.001271,0.000000,+0.001271
(21|43),(19|36),0.002557,0.000000,+0.002557
(21|43),(19|37),0.005130,0.000000,+0.005130
(21|43),(19|38),0.010384,0.014286,-0.003902
(21|43),(19|39),0.020883,0.014286,+0.006597
(21|43),(19|40),0.020917,0.000000,+0.020917
(21|43),(21|25),0.000001,0.000000,+0.000001
(21|43),(21|26),0.000004,0.000000,+0.000004
(21|43),(21|27),0.000005,0.000000,+0.000005
(21|43),(21|28),0.000009,0.000000,+0.000009
(21|43),(21|29),0.000017,0.000000,+0.000017
(21|43),(21|30),0.000038,0.000000,+0.000038
(21|43),(21|31),0.000075,0.000000,+0.000075
(21|43),(21|32),0.000156,0.000000,+0.000156
(21|43),(21|33),0.000331,0.000000,+0.000331
(21|43),(21|34),0.000644,0.000000,+0.000644
(21|43),(21|35),0.001312,0.000000,+0.001312
(21|43),(21|36),0.002654,0.000000,+0.002654
(21|43),(21|37),0.005218,0.014286,-0.009068
(21|43),(21|38),0.010420,0.014286,-0.003866
(21|43),(21|39),0.020933,0.000000,+0.020933
(21|43),(21|40),0.021056,0.014286,+0.006770
(21|43),(23|23),0.000001,0.000000,+0.000001
(21|43),(23|26),0.000001,0.000000,+0.000001
(21|43),(23|27),0.000005,0.000000,+0.000005
(21|43),(23|28),0.000006,0.000000,+0.000006
(21|43),(23|29),0.000015,0.000000,+0.000015
(21|43),(23|30),0.000041,0.000000,+0.000041
(21|43),(23|31),0.000075,0.000000,+0.000075
(21|43),(23|32),0.000151,0.000000,+0.000151
(21|43),(23|33),0.000305,0.000000,+0.000305
(21|43),(23|34),0.000648,0.000000,+0.000648
(21|43),(23|35),0.001310,0.000000,+0.001310
(21|43),(23|36),0.002553,0.000000,+0.002553
(21|43),(23|37),0.005176,0.000000,+0.005176
(21|43),(23|38),0.010327,0.000000,+0.010327
(21|43),(23|39),0.020545,0.071429,-0.050884
(21|43),(23|40),0.020591,0.028571,-0.007981
(21|43),(25|25),0.000003,0.000000,+0.000003
(21|43),(25|26),0.000005,0.000000,+0.000005
(21|43),(25|27),0.000008,0.000000,+0.000008
(21|43),(25|28),0.000014,0.000000,+0.000014
(21|43),(25|29),0.000020,0.000000,+0.000020
(21|43),(25|30),0.000035,0.000000,+0.000035
(21|43),(25|31),0.000076,0.000000,+0.000076
(21|43),(25|32),0.000167,0.000000,+0.000167
(21|43),(25|33),0.000347,0.000000,+0.000347
(21|43),(25|34),0.000659,0.000000,+0.000659
(21|43),(25|35),0.001299,0.000000,+0.001299
(21|43),(25|36),0.002601,0.000000,+0.002601
(21|43),(25|37),0.005210,0.000000,+0.005210
(21|43),(25|38),0.010455,0.000000,+0.010455
(21|43),(25|39),0.020771,0.014286,+0.006485
(21|43),(25|40),0.020592,0.014286,+0.006306
(21|43),(27|26),0.000003,0.000000,+0.000003
(21|43),(27|27),0.000004,0.000000,+0.000004
(21|43),(27|28),0.000009,0.000000,+0.000009
(21|43),(27|29),0.000019,0.000000,+0.000019
(21|43),(27|30),0.000039,0.000000,+0.000039
(21|43),(27|31),0.000079,0.000000,+0.000079
(21|43),(27|32),0.000143,0.000000,+0.000143
(21|43),(27|33),0.000328,0.000000,+0.000328
(21|43),(27|34),0.000651,0.000000,+0.000651
(21|43),(27|35),0.001309,0.000000,+0.001309
(21|43),(27|36),0.002629,0.000000,+0.002629
(21|43),(27|37),0.005199,0.014286,-0.009086
(21|43),(27|38),0.010391,0.014286,-0.003894
(21|43),(27|39),0.020821,0.028571,-0.007751
(21|43),(27|40),0.020860,0.014286,+0.006574
(21|43),(29|22),0.000001,0.000000,+0.000001
(21|43),(29|25),0.000002,0.000000,+0.000002
(21|43),(29|26),0.000002,0.000000,+0.000002
(21|43),(29|27),0.000003,0.000000,+0.000003
(21|43),(29|28),0.000007,0.000000,+0.000007
(21|43),(29|29),0.000016,0.000000,+0.000016
(21|43),(29|30),0.000042,0.000000,+0.000042
(21|43),(29|31),0.000102,0.000000,+0.000102
(21|43),(29|32),0.000176,0.000000,+0.000176
(21|43),(29|33),0.000311,0.000000,+0.000311
(21|43),(29|34),0.000644,0.000000,+0.000644
(21|43),(29|35),0.001293,0.000000,+0.001293
(21|43),(29|36),0.002624,0.000000,+0.002624
(21|43),(29|37),0.005277,0.014286,-0.009008
(21|43),(29|38),0.010451,0.000000,+0.010451
(21|43),(29|39),0.020927,0.042857,-0.021930
(21|43),(29|40),0.020743,0.014286,+0.006457
(21|43),(31|26),0.000001,0.000000,+0.000001
(21|43),(31|27),0.000003,0.000000,+0.000003
(21|43),(31|28),0.000011,0.000000,+0.000011
(21|43),(31|29),0.000029,0.000000,+0.000029
(21|43),(31|30),0.000053,0.000000,+0.000053
(21|43),(31|31),0.000075,0.000000,+0.000075
(21|43),(31|32),0.000147,0.000000,+0.000147
(21|43),(31|33),0.000304,0.000000,+0.000304
(21|43),(31|34),0.000655,0.000000,+0.000655
(21|43),(31|35),0.001290,0.014286,-0.012996
(21|43),(31|36),0.002539,0.000000,+0.002539
(21|43),(31|37),0.005209,0.014286,-0.009076
(21|43),(31|38),0.010532,0.057143,-0.046611
(21|43),(31|39),0.020894,0.042857,-0.021963
(21|43),(31|40),0.020695,0.014286,+0.006409
(23|4),(3|5),0.333355,1.000000,-0.666645
(23|4),(19|4),0.166656,0.000000,+0.166656
(23|5),(3|5),0.166677,0.000000,+0.166677
(23|5),(3|6),0.333355,0.000000,+0.333355
(23|5),(19|6),0.333312,1.000000,-0.666688
(23|6),(3|6),0.166677,0.000000,+0.166677
(23|6),(3|7),0.333355,0.000000,+0.333355
(23|6),(19|6),0.166656,0.000000,+0.166656
(23|6),(19|7),0.333312,1.000000,-0.666688
(23|7),(3|7),0.166677,0.183812,-0.017135
(23|7),(3|8),0.333355,0.707392,-0.374037
(23|7),(19|7),0.166656,0.000000,+0.166656
(23|7),(19|8),0.333312,0.108796,+0.224516
(23|8),(3|8),0.166677,0.000000,+0.166677
(23|8),(3|9),0.333355,0.739758,-0.406403
(23|8),(19|8),0.166656,0.044480,+0.122176
(23|8),(19|9),0.333312,0.215762,+0.117550
(23|9),(3|9),0.166677,0.134330,+0.032347
(23|9),(3|10),0.333355,0.327926,+0.005429
(23|9),(19|9),0.166656,0.104545,+0.062111
(23|9),(19|10),0.333312,0.433200,-0.099888
(23|10),(3|10),0.166677,0.008586,+0.158091
(23|10),(3|11),0.333355,0.503255,-0.169901
(23|10),(19|10),0.166656,0.452417,-0.285761
(23|10),(19|11),0.333312,0.035742,+0.297570
(23|11),(3|11),0.166677,0.298194,-0.131517
(23|11),(3|12),0.333355,0.211104,+0.122251
(23|11),(19|11),0.166656,0.255186,-0.088530
(23|11),(19|12),0.333312,0.235516,+0.097796
(23|12),(3|12),0.166677,0.156319,+0.010359
(23|12),(3|13),0.333355,0.289429,+0.043926
(23|12),(19|12),0.166656,0.233109,-0.066453
(23|12),(19|13),0.333312,0.321144,+0.012168
(23|13),(3|13),0.166677,0.288794,-0.122117
(23|13),(3|14),0.333355,0.233741,+0.099614
(23|13),(19|13),0.166656,0.200168,-0.033512
(23|13),(19|14),0.333312,0.277296,+0.056016
(23|14),(3|14),0.166677,0.220925,-0.054247
(23|14),(3|15),0.333355,0.359150,-0.025795
(23|14),(19|14),0.166656,0.176664,-0.010008
(23|14),(19|15),0.333312,0.243262,+0.090050
(23|15),(3|15),0.166677,0.177551,-0.010874
(23|15),(3|16),0.333355,0.260566,+0.072788
(23|15),(19|15),0.166656,0.268159,-0.101503
(23|15),(19|16),0.333312,0.293723,+0.039589
(23|16),(3|16),0.166677,0.193675,-0.026998
(23|16),(3|17),0.333355,0.296732,+0.036623
(23|16),(19|16),0.166656,0.221669,-0.055013
(23|16),(19|17),0.333312,0.287923,+0.045389
(23|17),(3|17),0.166677,0.221946,-0.055269
(23|17),(3|18),0.333355,0.270003,+0.063351
(23|17),(19|17),0.166656,0.188402,-0.021746
(23|17),(19|18),0.333312,0.319649,+0.013663
(23|18),(3|18),0.166677,0.198812,-0.032135
(23|18),(3|19),0.333355,0.298413,+0.034941
(23|18),(19|18),0.166656,0.213808,-0.047152
(23|18),(19|19),0.333312,0.288966,+0.044346
(23|19),(3|19),0.166677,0.193813,-0.027136
(23|19),(3|20),0.333355,0.306901,+0.026454
(23|19),(19|19),0.166656,0.201637,-0.034981
(23|19),(19|20),0.333312,0.297650,+0.035662
(23|20),(3|20),0.166677,0.205272,-0.038594
(23|20),(3|21),0.333355,0.290213,+0.043141
(23|20),(19|20),0.166656,0.205415,-0.038759
(23|20),(19|21),0.333312,0.299100,+0.034212
(23|21),(3|21),0.166677,0.211030,-0.044353
(23|21),(3|22),0.333355,0.282525,+0.050830
(23|21),(19|21),0.166656,0.204091,-0.037435
(23|21),(19|22),0.333312,0.302353,+0.030959
(23|22),(3|22),0.166677,0.204856,-0.038178
(23|22),(3|23),0.333355,0.297398,+0.035956
(23|22),(19|22),0.166656,0.203836,-0.037180
(23|22),(19|23),0.333312,0.293910,+0.039402
(23|23),(3|23),0.166677,0.208100,-0.041422
(23|23),(3|24),0.333355,0.291004,+0.042350
(23|23),(19|23),0.166656,0.209158,-0.042502
(23|23),(19|24),0.333312,0.291738,+0.041574
(23|24),(3|24),0.166677,0.212438,-0.045760
(23|24),(3|25),0.333355,0.290744,+0.042611
(23|24),(19|24),0.166656,0.206649,-0.039993
(23|24),(19|25),0.333312,0.290170,+0.043142
(23|25),(3|25),0.166677,0.207345,-0.040668
(23|25),(3|26),0.333355,0.291078,+0.042276
(23|25),(19|25),0.166656,0.208340,-0.041684
(23|25),(19|26),0.333312,0.293237,+0.040075
(23|26),(3|26),0.166677,0.210144,-0.043467
(23|26),(3|27),0.333355,0.289694,+0.043660
(23|26),(19|26),0.166656,0.206945,-0.040289
(23|26),(19|27),0.333312,0.293216,+0.040096
(23|27),(3|27),0.166677,0.208694,-0.042016
(23|27),(3|28),0.333355,0.292274,+0.041080
(23|27),(19|27),0.166656,0.205774,-0.039118
(23|27),(19|28),0.333312,0.293258,+0.040054
(23|28),(3|28),0.166677,0.207075,-0.040397
(23|28),(3|29),0.333355,0.293573,+0.039781
(23|28),(19|28),0.166656,0.207123,-0.040467
(23|28),(19|29),0.333312,0.292228,+0.041084
(23|29),(3|29),0.166677,0.207837,-0.041160
(23|29),(3|30),0.333355,0.291495,+0.041860
(23|29),(19|29),0.166656,0.208161,-0.041505
(23|29),(19|30),0.333312,0.292507,+0.040805
(23|30),(3|30),0.166677,0.208127,-0.041450
(23|30),(3|31),0.333355,0.292106,+0.041249
(23|30),(19|30),0.166656,0.208775,-0.042119
(23|30),(19|31),0.333312,0.290992,+0.042320
(23|31),(3|31),0.166677,0.210501,-0.043823
(23|31),(3|32),0.333355,0.289804,+0.043551
(23|31),(19|31),0.166656,0.209772,-0.043116
(23|31),(19|32),0.333312,0.289924,+0.043388
(23|32),(3|32),0.166677,0.242326,-0.075648
(23|32),(3|33),0.333355,0.256370,+0.076984
(23|32),(19|32),0.166656,0.243020,-0.076364
(23|32),(19|33),0.333312,0.258284,+0.075028
(23|33),(3|33),0.166677,0.249570,-0.082893
(23|33),(3|34),0.333355,0.249704,+0.083651
(23|33),(19|33),0.166656,0.248296,-0.081640
(23|33),(19|34),0.333312,0.252429,+0.080883
(23|34),(3|34),0.166677,0.253309,-0.086632
(23|34),(3|35),0.333355,0.246011,+0.087344
(23|34),(19|34),0.166656,0.251034,-0.084378
(23|34),(19|35),0.333312,0.249645,+0.083667
(23|35),(3|35),0.166677,0.243873,-0.077196
(23|35),(3|36),0.333355,0.258978,+0.074376
(23|35),(19|35),0.166656,0.248969,-0.082313
(23|35),(19|36),0.333312,0.248180,+0.085132
(23|36),(3|36),0.166677,0.246835,-0.080158
(23|36),(3|37),0.333355,0.244140,+0.089215
(23|36),(19|36),0.166656,0.246835,-0.080179
(23|36),(19|37),0.333312,0.262189,+0.071123
(23|37),(3|37),0.166677,0.254883,-0.088206
(23|37),(3|38),0.333355,0.250119,+0.083236
(23|37),(19|37),0.166656,0.252263,-0.085607
(23|37),(19|38),0.333312,0.242735,+0.090577
(23|38),(3|38),0.166677,0.227533,-0.060856
(23|38),(3|39),0.333355,0.260038,+0.073316
(23|38),(19|38),0.166656,0.236138,-0.069482
(23|38),(19|39),0.333312,0.276291,+0.057021
(23|39),(3|39),0.166677,0.251656,-0.084978
(23|39),(3|40),0.333355,0.240303,+0.093052
(23|39),(19|39),0.166656,0.253548,-0.086892
(23|39),(19|40),0.333312,0.254494,+0.078818
(23|40),(3|40),0.166677,0.262264,-0.095587
(23|40),(3|41),0.333355,0.247170,+0.086185
(23|40),(19|40),0.166656,0.271698,-0.105042
(23|40),(19|41),0.333312,0.218868,+0.114444
(23|41),(3|41),0.166677,0.230769,-0.064092
(23|41),(3|42),0.333355,0.288462,+0.044893
(23|41),(19|41),0.166656,0.234615,-0.067959
(23|41),(19|42),0.333312,0.246154,+0.087158
(23|42),(3|42),0.166677,0.239726,-0.073049
(23|42),(3|43),0.333355,0.157534,+0.175820
(23|42),(19|42),0.166656,0.308219,-0.141563
(23|42),(19|43),0.333312,0.294521,+0.038791
(23|43),(3|43),0.166677,0.337349,-0.170672
(23|43),(19|43),0.166656,0.204819,-0.038163
(25|4),(11|3),0.083305,0.000000,+0.083305
(25|4),(19|4),0.167203,1.000000,-0.832797
(25|6),(3|5),0.083233,0.000000,+0.083233
(25|6),(3|6),0.166465,0.317234,-0.150768
(25|6),(11|5),0.083305,0.000000,+0.083305
(25|6),(11|6),0.166611,0.000000,+0.166611
(25|6),(19|6),0.167203,0.000000,+0.167203
(25|6),(27|5),0.083194,0.000000,+0.083194
(25|6),(27|6),0.166388,0.682766,-0.516378
(25|7),(3|6),0.083233,0.000000,+0.083233
(25|7),(3|7),0.166465,0.480904,-0.314439
(25|7),(11|6),0.083305,0.000000,+0.083305
(25|7),(11|7),0.166611,0.519096,-0.352485
(25|7),(19|6),0.083601,0.000000,+0.083601
(25|7),(19|7),0.167203,0.000000,+0.167203
(25|7),(27|6),0.083194,0.000000,+0.083194
(25|7),(27|7),0.166388,0.000000,+0.166388
(25|8),(3|7),0.083233,0.000000,+0.083233
(25|8),(3|8),0.166465,0.008435,+0.158031
(25|8),(11|7),0.083305,0.012460,+0.070846
(25|8),(11|8),0.166611,0.000000,+0.166611
(25|8),(19|7),0.083601,0.063424,+0.020178
(25|8),(19|8),0.167203,0.047417,+0.119786
(25|8),(27|7),0.083194,0.000000,+0.083194
(25|8),(27|8),0.166388,0.868266,-0.701878
(25|9),(3|8),0.083233,0.013762,+0.069471
(25|9),(3|9),0.166465,0.163469,+0.002996
(25|9),(11|8),0.083305,0.346170,-0.262865
(25|9),(11|9),0.166611,0.109685,+0.056926
(25|9),(19|8),0.083601,0.252886,-0.169285
(25|9),(19|9),0.167203,0.065466,+0.101736
(25|9),(27|8),0.083194,0.000000,+0.083194
(25|9),(27|9),0.166388,0.048561,+0.117827
(25|10),(3|9),0.083233,0.091987,-0.008754
(25|10),(3|10),0.166465,0.135484,+0.030981
(25|10),(11|9),0.083305,0.071714,+0.011592
(25|10),(11|10),0.166611,0.163569,+0.003042
(25|10),(19|9),0.083601,0.054855,+0.028747
(25|10),(19|10),0.167203,0.223319,-0.056116
(25|10),(27|9),0.083194,0.098718,-0.015524
(25|10),(27|10),0.166388,0.160355,+0.006033
(25|11),(3|10),0.083233,0.162132,-0.078900
(25|11),(3|11),0.166465,0.075343,+0.091122
(25|11),(11|10),0.083305,0.207279,-0.123974
(25|11),(11|11),0.166611,0.176830,-0.010219
(25|11),(19|10),0.083601,0.049060,+0.034541
(25|11),(19|11),0.167203,0.045299,+0.121904
(25|11),(27|10),0.083194,0.079735,+0.003459
(25|11),(27|11),0.166388,0.204322,-0.037934
(25|12),(3|11),0.083233,0.123515,-0.040282
(25|12),(3|12),0.166465,0.131748,+0.034718
(25|12),(11|11),0.083305,0.077803,+0.005502
(25|12),(11|12),0.166611,0.164777,+0.001833
(25|12),(19|11),0.083601,0.097244,-0.013643
(25|12),(19|12),0.167203,0.203440,-0.036237
(25|12),(27|11),0.083194,0.062650,+0.020544
(25|12),(27|12),0.166388,0.138823,+0.027565
(25|13),(3|12),0.083233,0.156131,-0.072899
(25|13),(3|13),0.166465,0.175884,-0.009418
(25|13),(11|12),0.083305,0.084410,-0.001105
(25|13),(11|13),0.166611,0.106990,+0.059621
(25|13),(19|12),0.083601,0.098685,-0.015084
(25|13),(19|13),0.167203,0.124403,+0.042800
(25|13),(27|12),0.083194,0.116843,-0.033649
(25|13),(27|13),0.166388,0.136654,+0.029734
(25|14),(3|13),0.083233,0.079899,+0.003334
(25|14),(3|14),0.166465,0.173942,-0.007477
(25|14),(11|13),0.083305,0.076439,+0.006866
(25|14),(11|14),0.166611,0.217740,-0.051129
(25|14),(19|13),0.083601,0.095503,-0.011902
(25|14),(19|14),0.167203,0.114247,+0.052956
(25|14),(27|13),0.083194,0.076499,+0.006695
(25|14),(27|14),0.166388,0.165732,+0.000656
(25|15),(3|14),0.083233,0.113583,-0.030351
(25|15),(3|15),0.166465,0.125159,+0.041307
(25|15),(11|14),0.083305,0.131352,-0.048047
(25|15),(11|15),0.166611,0.143296,+0.023315
(25|15),(19|14),0.083601,0.079133,+0.004468
(25|15),(19|15),0.167203,0.174088,-0.006885
(25|15),(27|14),0.083194,0.082242,+0.000952
(25|15),(27|15),0.166388,0.151147,+0.015241
(25|16),(3|15),0.083233,0.094299,-0.011067
(25|16),(3|16),0.166465,0.131047,+0.035418
(25|16),(11|15),0.083305,0.105735,-0.022429
(25|16),(11|16),0.166611,0.197615,-0.031004
(25|16),(19|15),0.083601,0.098890,-0.015289
(25|16),(19|16),0.167203,0.140502,+0.026700
(25|16),(27|15),0.083194,0.099621,-0.016427
(25|16),(27|16),0.166388,0.132291,+0.034097
(25|17),(3|16),0.083233,0.126074,-0.042842
(25|17),(3|17),0.166465,0.155997,+0.010468
(25|17),(11|16),0.083305,0.111648,-0.028343
(25|17),(11|17),0.166611,0.139622,+0.026988
(25|17),(19|16),0.083601,0.096353,-0.012752
(25|17),(19|17),0.167203,0.144638,+0.022565
(25|17),(27|16),0.083194,0.086726,-0.003532
(25|17),(27|17),0.166388,0.138941,+0.027447
(25|18),(3|17),0.083233,0.105023,-0.021790
(25|18),(3|18),0.166465,0.161985,+0.004480
(25|18),(11|17),0.083305,0.093284,-0.009979
(25|18),(11|18),0.166611,0.148511,+0.018100
(25|18),(19|17),0.083601,0.095108,-0.011507
(25|18),(19|18),0.167203,0.141640,+0.025562
(25|18),(27|17),0.083194,0.110132,-0.026938
(25|18),(27|18),0.166388,0.144316,+0.022072
(25|19),(3|18),0.083233,0.108610,-0.025378
(25|19),(3|19),0.166465,0.146767,+0.019699
(25|19),(11|18),0.083305,0.100886,-0.017580
(25|19),(11|19),0.166611,0.143965,+0.022646
(25|19),(19|18),0.083601,0.108197,-0.024596
(25|19),(19|19),0.167203,0.140200,+0.027003
(25|19),(27|18),0.083194,0.111444,-0.028250
(25|19),(27|19),0.166388,0.139932,+0.026456
(25|20),(3|19),0.083233,0.099445,-0.016213
(25|20),(3|20),0.166465,0.148699,+0.017766
(25|20),(11|19),0.083305,0.103541,-0.020235
(25|20),(11|20),0.166611,0.147225,+0.019385
(25|20),(19|19),0.083601,0.097101,-0.013499
(25|20),(19|20),0.167203,0.164906,+0.002297
(25|20),(27|19),0.083194,0.098217,-0.015023
(25|20),(27|20),0.166388,0.140866,+0.025522
(25|21),(3|20),0.083233,0.103195,-0.019962
(25|21),(3|21),0.166465,0.145766,+0.020700
(25|21),(11|20),0.083305,0.102174,-0.018868
(25|21),(11|21),0.166611,0.144518,+0.022092
(25|21),(19|20),0.083601,0.105979,-0.022378
(25|21),(19|21),0.167203,0.147749,+0.019453
(25|21),(27|20),0.083194,0.100791,-0.017597
(25|21),(27|21),0.166388,0.149828,+0.016560
(25|22),(3|21),0.083233,0.107814,-0.024581
(25|22),(3|22),0.166465,0.145572,+0.020894
(25|22),(11|21),0.083305,0.104740,-0.021434
(25|22),(11|22),0.166611,0.149181,+0.017430
(25|22),(19|21),0.083601,0.105954,-0.022353
(25|22),(19|22),0.167203,0.141892,+0.025310
(25|22),(27|21),0.083194,0.102686,-0.019492
(25|22),(27|22),0.166388,0.142162,+0.024226
(25|23),(3|22),0.083233,0.102200,-0.018967
(25|23),(3|23),0.166465,0.147022,+0.019444
(25|23),(11|22),0.083305,0.102826,-0.019521
(25|23),(11|23),0.166611,0.145398,+0.021213
(25|23),(19|22),0.083601,0.104942,-0.021341
(25|23),(19|23),0.167203,0.147720,+0.019483
(25|23),(27|22),0.083194,0.105058,-0.021864
(25|23),(27|23),0.166388,0.144834,+0.021554
(25|24),(3|23),0.083233,0.104193,-0.020961
(25|24),(3|24),0.166465,0.147353,+0.019112
(25|24),(11|23),0.083305,0.104028,-0.020723
(25|24),(11|24),0.166611,0.145948,+0.020662
(25|24),(19|23),0.083601,0.103417,-0.019816
(25|24),(19|24),0.167203,0.145636,+0.021567
(25|24),(27|23),0.083194,0.104278,-0.021084
(25|24),(27|24),0.166388,0.145146,+0.021242
(25|25),(3|24),0.083233,0.104622,-0.021389
(25|25),(3|25),0.166465,0.147448,+0.019018
(25|25),(11|24),0.083305,0.104230,-0.020924
(25|25),(11|25),0.166611,0.147078,+0.019533
(25|25),(19|24),0.083601,0.101426,-0.017825
(25|25),(19|25),0.167203,0.145295,+0.021908
(25|25),(27|24),0.083194,0.103271,-0.020077
(25|25),(27|25),0.166388,0.146632,+0.019756
(25|26),(3|25),0.083233,0.102214,-0.018981
(25|26),(3|26),0.166465,0.145788,+0.020678
(25|26),(11|25),0.083305,0.107150,-0.023844
(25|26),(11|26),0.166611,0.144845,+0.021766
(25|26),(19|25),0.083601,0.105082,-0.021480
(25|26),(19|26),0.167203,0.145565,+0.021637
(25|26),(27|25),0.083194,0.103334,-0.020140
(25|26),(27|26),0.166388,0.146023,+0.020365
(25|27),(3|26),0.083233,0.103681,-0.020449
(25|27),(3|27),0.166465,0.144300,+0.022166
(25|27),(11|26),0.083305,0.104595,-0.021290
(25|27),(11|27),0.166611,0.145650,+0.020961
(25|27),(19|26),0.083601,0.103664,-0.020062
(25|27),(19|27),0.167203,0.145813,+0.021389
(25|27),(27|26),0.083194,0.106095,-0.022901
(25|27),(27|27),0.166388,0.146202,+0.020186
(25|28),(3|27),0.083233,0.103680,-0.020448
(25|28),(3|28),0.166465,0.146606,+0.019859
(25|28),(11|27),0.083305,0.101733,-0.018428
(25|28),(11|28),0.166611,0.146996,+0.019615
(25|28),(19|27),0.083601,0.104313,-0.020712
(25|28),(19|28),0.167203,0.145716,+0.021486
(25|28),(27|27),0.083194,0.104167,-0.020973
(25|28),(27|28),0.166388,0.146788,+0.019600
(25|29),(3|28),0.083233,0.103422,-0.020189
(25|29),(3|29),0.166465,0.145283,+0.021183
(25|29),(11|28),0.083305,0.104277,-0.020971
(25|29),(11|29),0.166611,0.146195,+0.020416
(25|29),(19|28),0.083601,0.104303,-0.020702
(25|29),(19|29),0.167203,0.145948,+0.021255
(25|29),(27|28),0.083194,0.104889,-0.021695
(25|29),(27|29),0.166388,0.145684,+0.020704
(25|30),(3|29),0.083233,0.104393,-0.021161
(25|30),(3|30),0.166465,0.147242,+0.019224
(25|30),(11|29),0.083305,0.103521,-0.020215
(25|30),(11|30),0.166611,0.145877,+0.020734
(25|30),(19|29),0.083601,0.103467,-0.019866
(25|30),(19|30),0.167203,0.144658,+0.022544
(25|30),(27|29),0.083194,0.104451,-0.021257
(25|30),(27|30),0.166388,0.146391,+0.019997
(25|31),(3|30),0.083233,0.103416,-0.020183
(25|31),(3|31),0.166465,0.145208,+0.021257
(25|31),(11|30),0.083305,0.104485,-0.021180
(25|31),(11|31),0.166611,0.145870,+0.020741
(25|31),(19|30),0.083601,0.104907,-0.021306
(25|31),(19|31),0.167203,0.146429,+0.020774
(25|31),(27|30),0.083194,0.103687,-0.020493
(25|31),(27|31),0.166388,0.145998,+0.020390
(25|32),(3|31),0.083233,0.121398,-0.038165
(25|32),(3|32),0.166465,0.128456,+0.038009
(25|32),(11|31),0.083305,0.121276,-0.037971
(25|32),(11|32),0.166611,0.128031,+0.038580
(25|32),(19|31),0.083601,0.121048,-0.037447
(25|32),(19|32),0.167203,0.129900,+0.037303
(25|32),(27|31),0.083194,0.121071,-0.037877
(25|32),(27|32),0.166388,0.128821,+0.037567
(25|33),(3|32),0.083233,0.125000,-0.041767
(25|33),(3|33),0.166465,0.125753,+0.040712
(25|33),(11|32),0.083305,0.126196,-0.042891
(25|33),(11|33),0.166611,0.123316,+0.043294
(25|33),(19|32),0.083601,0.124409,-0.040808
(25|33),(19|33),0.167203,0.122962,+0.044241
(25|33),(27|32),0.083194,0.125842,-0.042648
(25|33),(27|33),0.166388,0.126521,+0.039867
(25|34),(3|33),0.083233,0.124203,-0.040970
(25|34),(3|34),0.166465,0.125236,+0.041229
(25|34),(11|33),0.083305,0.125886,-0.042581
(25|34),(11|34),0.166611,0.123878,+0.042733
(25|34),(19|33),0.083601,0.124409,-0.040808
(25|34),(19|34),0.167203,0.126713,+0.040490
(25|34),(27|33),0.083194,0.127510,-0.044316
(25|34),(27|34),0.166388,0.122165,+0.044223
(25|35),(3|34),0.083233,0.127734,-0.044501
(25|35),(3|35),0.166465,0.125270,+0.041195
(25|35),(11|34),0.083305,0.124790,-0.041484
(25|35),(11|35),0.166611,0.125451,+0.041160
(25|35),(19|34),0.083601,0.120884,-0.037283
(25|35),(19|35),0.167203,0.127734,+0.039469
(25|35),(27|34),0.083194,0.122567,-0.039373
(25|35),(27|35),0.166388,0.125571,+0.040817
(25|36),(3|35),0.083233,0.120528,-0.037295
(25|36),(3|36),0.166465,0.128016,+0.038449
(25|36),(11|35),0.083305,0.125045,-0.041739
(25|36),(11|36),0.166611,0.123024,+0.043587
(25|36),(19|35),0.083601,0.123499,-0.039898
(25|36),(19|36),0.167203,0.128848,+0.038354
(25|36),(27|35),0.083194,0.124807,-0.041613
(25|36),(27|36),0.166388,0.126233,+0.040155
(25|37),(3|36),0.083233,0.135767,-0.052534
(25|37),(3|37),0.166465,0.125030,+0.041436
(25|37),(11|36),0.083305,0.121212,-0.037907
(25|37),(11|37),0.166611,0.123598,+0.043012
(25|37),(19|36),0.083601,0.123598,-0.039997
(25|37),(19|37),0.167203,0.124791,+0.042411
(25|37),(27|36),0.083194,0.126939,-0.043745
(25|37),(27|37),0.166388,0.119065,+0.047323
(25|38),(3|37),0.083233,0.130019,-0.046786
(25|38),(3|38),0.166465,0.121415,+0.045050
(25|38),(11|37),0.083305,0.135277,-0.051972
(25|38),(11|38),0.166611,0.129063,+0.037548
(25|38),(19|37),0.083601,0.126673,-0.043072
(25|38),(19|38),0.167203,0.119981,+0.047222
(25|38),(27|37),0.083194,0.108031,-0.024837
(25|38),(27|38),0.166388,0.129541,+0.036847
(25|39),(3|38),0.083233,0.119880,-0.036647
(25|39),(3|39),0.166465,0.127872,+0.038593
(25|39),(11|38),0.083305,0.116883,-0.033578
(25|39),(11|39),0.166611,0.123876,+0.042735
(25|39),(19|38),0.083601,0.134865,-0.051264
(25|39),(19|39),0.167203,0.125874,+0.041329
(25|39),(27|38),0.083194,0.124875,-0.041681
(25|39),(27|39),0.166388,0.125874,+0.040514
(25|40),(3|39),0.083233,0.117117,-0.033884
(25|40),(3|40),0.166465,0.115315,+0.051150
(25|40),(11|39),0.083305,0.136937,-0.053632
(25|40),(11|40),0.166611,0.118919,+0.047692
(25|40),(19|39),0.083601,0.144144,-0.060543
(25|40),(19|40),0.167203,0.127928,+0.039275
(25|40),(27|39),0.083194,0.129730,-0.046536
(25|40),(27|40),0.166388,0.109910,+0.056478
(25|41),(3|40),0.083233,0.117904,-0.034671
(25|41),(3|41),0.166465,0.139738,+0.026727
(25|41),(11|40),0.083305,0.109170,-0.025865
(25|41),(11|41),0.166611,0.131004,+0.035606
(25|41),(19|40),0.083601,0.139738,-0.056137
(25|41),(19|41),0.167203,0.104803,+0.062399
(25|41),(27|40),0.083194,0.113537,-0.030343
(25|41),(27|41),0.166388,0.144105,+0.022283
(25|42),(3|41),0.083233,0.053030,+0.030202
(25|42),(3|42),0.166465,0.159091,+0.007374
(25|42),(11|41),0.083305,0.136364,-0.053058
(25|42),(11|42),0.166611,0.143939,+0.022671
(25|42),(19|41),0.083601,0.098485,-0.014884
(25|42),(19|42),0.167203,0.159091,+0.008112
(25|42),(27|41),0.083194,0.113636,-0.030442
(25|42),(27|42),0.166388,0.136364,+0.030024
(25|43),(3|42),0.083233,0.202899,-0.119666
(25|43),(3|43),0.166465,0.101449,+0.065016
(25|43),(11|42),0.083305,0.115942,-0.032637
(25|43),(11|43),0.166611,0.144928,+0.021683
(25|43),(19|42),0.083601,0.101449,-0.017848
(25|43),(19|43),0.167203,0.101449,+0.065753
(25|43),(27|42),0.083194,0.130435,-0.047241
(25|43),(27|43),0.166388,0.101449,+0.064939
(27|5),(9|5),0.166750,0.000000,+0.166750
(27|5),(9|6),0.333500,0.000000,+0.333500
(27|5),(25|6),0.333167,1.000000,-0.666833
(27|6),(9|6),0.166750,0.000000,+0.166750
(27|6),(9|7),0.333500,1.000000,-0.666500
(27|6),(25|6),0.166583,0.000000,+0.166583
(27|6),(25|7),0.333167,0.000000,+0.333167
(27|7),(9|7),0.166750,0.477264,-0.310514
(27|7),(9|8),0.333500,0.000000,+0.333500
(27|7),(25|7),0.166583,0.000000,+0.166583
(27|7),(25|8),0.333167,0.522736,-0.189569
(27|8),(9|8),0.166750,0.887240,-0.720490
(27|8),(9|9),0.333500,0.015867,+0.317633
(27|8),(25|8),0.166583,0.000000,+0.166583
(27|8),(25|9),0.333167,0.096894,+0.236273
(27|9),(9|9),0.166750,0.339334,-0.172584
(27|9),(9|10),0.333500,0.271044,+0.062456
(27|9),(25|9),0.166583,0.051501,+0.115083
(27|9),(25|10),0.333167,0.338121,-0.004955
(27|10),(9|10),0.166750,0.136742,+0.030008
(27|10),(9|11),0.333500,0.332017,+0.001483
(27|10),(25|10),0.166583,0.148936,+0.017647
(27|10),(25|11),0.333167,0.382305,-0.049138
(27|11),(9|11),0.166750,0.208539,-0.041789
(27|11),(9|12),0.333500,0.206679,+0.126821
(27|11),(25|11),0.166583,0.316406,-0.149823
(27|11),(25|12),0.333167,0.268375,+0.064791
(27|12),(9|12),0.166750,0.204849,-0.038099
(27|12),(9|13),0.333500,0.237618,+0.095882
(27|12),(25|12),0.166583,0.238180,-0.071596
(27|12),(25|13),0.333167,0.319353,+0.013813
(27|13),(9|13),0.166750,0.161233,+0.005517
(27|13),(9|14),0.333500,0.385751,-0.052251
(27|13),(25|13),0.166583,0.173757,-0.007173
(27|13),(25|14),0.333167,0.279259,+0.053908
(27|14),(9|14),0.166750,0.278818,-0.112068
(27|14),(9|15),0.333500,0.225211,+0.108289
(27|14),(25|14),0.166583,0.233952,-0.067369
(27|14),(25|15),0.333167,0.262019,+0.071148
(27|15),(9|15),0.166750,0.296190,-0.129440
(27|15),(9|16),0.333500,0.278553,+0.054947
(27|15),(25|15),0.166583,0.162906,+0.003677
(27|15),(25|16),0.333167,0.262351,+0.070816
(27|16),(9|16),0.166750,0.207679,-0.040929
(27|16),(9|17),0.333500,0.275641,+0.057859
(27|16),(25|16),0.166583,0.196819,-0.030236
(27|16),(25|17),0.333167,0.319860,+0.013307
(27|17),(9|17),0.166750,0.243403,-0.076653
(27|17),(9|18),0.333500,0.275591,+0.057909
(27|17),(25|17),0.166583,0.181085,-0.014502
(27|17),(25|18),0.333167,0.299921,+0.033246
(27|18),(9|18),0.166750,0.196743,-0.029993
(27|18),(9|19),0.333500,0.295036,+0.038464
(27|18),(25|18),0.166583,0.221652,-0.055069
(27|18),(25|19),0.333167,0.286569,+0.046598
(27|19),(9|19),0.166750,0.201006,-0.034256
(27|19),(9|20),0.333500,0.308292,+0.025208
(27|19),(25|19),0.166583,0.202950,-0.036367
(27|19),(25|20),0.333167,0.287752,+0.045415
(27|20),(9|20),0.166750,0.197377,-0.030627
(27|20),(9|21),0.333500,0.296261,+0.037239
(27|20),(25|20),0.166583,0.219553,-0.052969
(27|20),(25|21),0.333167,0.286809,+0.046358
(27|21),(9|21),0.166750,0.203915,-0.037165
(27|21),(9|22),0.333500,0.288558,+0.044942
(27|21),(25|21),0.166583,0.209915,-0.043332
(27|21),(25|22),0.333167,0.297611,+0.035556
(27|22),(9|22),0.166750,0.204350,-0.037600
(27|22),(9|23),0.333500,0.301699,+0.031801
(27|22),(25|22),0.166583,0.203537,-0.036954
(27|22),(25|23),0.333167,0.290414,+0.042753
(27|23),(9|23),0.166750,0.212018,-0.045268
(27|23),(9|24),0.333500,0.291284,+0.042216
(27|23),(25|23),0.166583,0.203918,-0.037335
(27|23),(25|24),0.333167,0.292779,+0.040388
(27|24),(9|24),0.166750,0.207805,-0.041055
(27|24),(9|25),0.333500,0.295403,+0.038097
(27|24),(25|24),0.166583,0.205430,-0.038847
(27|24),(25|25),0.333167,0.291362,+0.041805
(27|25),(9|25),0.166750,0.209256,-0.042506
(27|25),(9|26),0.333500,0.291128,+0.042372
(27|25),(25|25),0.166583,0.207630,-0.041047
(27|25),(25|26),0.333167,0.291985,+0.041181
(27|26),(9|26),0.166750,0.204442,-0.037692
(27|26),(9|27),0.333500,0.293097,+0.040403
(27|26),(25|26),0.166583,0.205111,-0.038527
(27|26),(25|27),0.333167,0.297350,+0.035817
(27|27),(9|27),0.166750,0.207730,-0.040980
(27|27),(9|28),0.333500,0.293896,+0.039604
(27|27),(25|27),0.166583,0.206472,-0.039889
(27|27),(25|28),0.333167,0.291901,+0.041266
(27|28),(9|28),0.166750,0.209063,-0.042313
(27|28),(9|29),0.333500,0.290147,+0.043353
(27|28),(25|28),0.166583,0.208101,-0.041517
(27|28),(25|29),0.333167,0.292689,+0.040477
(27|29),(9|29),0.166750,0.207047,-0.040297
(27|29),(9|30),0.333500,0.293834,+0.039666
(27|29),(25|29),0.166583,0.208494,-0.041910
(27|29),(25|30),0.333167,0.290626,+0.042541
(27|30),(9|30),0.166750,0.208779,-0.042029
(27|30),(9|31),0.333500,0.291390,+0.042110
(27|30),(25|30),0.166583,0.209828,-0.043244
(27|30),(25|31),0.333167,0.290004,+0.043163
(27|31),(9|31),0.166750,0.208266,-0.041516
(27|31),(9|32),0.333500,0.289649,+0.043851
(27|31),(25|31),0.166583,0.210524,-0.043940
(27|31),(25|32),0.333167,0.291561,+0.041606
(27|32),(9|32),0.166750,0.243205,-0.076455
(27|32),(9|33),0.333500,0.257221,+0.076279
(27|32),(25|32),0.166583,0.242718,-0.076135
(27|32),(25|33),0.333167,0.256856,+0.076311
(27|33),(9|33),0.166750,0.250729,-0.083979
(27|33),(9|34),0.333500,0.247533,+0.085967
(27|33),(25|33),0.166583,0.252526,-0.085942
(27|33),(25|34),0.333167,0.249212,+0.083955
(27|34),(9|34),0.166750,0.250194,-0.083444
(27|34),(9|35),0.333500,0.248375,+0.085125
(27|34),(25|34),0.166583,0.252579,-0.085996
(27|34),(25|35),0.333167,0.248852,+0.084314
(27|35),(9|35),0.166750,0.247050,-0.080300
(27|35),(9|36),0.333500,0.253394,+0.080106
(27|35),(25|35),0.166583,0.249422,-0.082839
(27|35),(25|36),0.333167,0.250133,+0.083033
(27|36),(9|36),0.166750,0.252081,-0.085331
(27|36),(9|37),0.333500,0.255291,+0.078209
(27|36),(25|36),0.166583,0.245541,-0.078958
(27|36),(25|37),0.333167,0.247087,+0.086080
(27|37),(9|37),0.166750,0.257081,-0.090331
(27|37),(9|38),0.333500,0.243040,+0.090460
(27|37),(25|37),0.166583,0.248366,-0.081783
(27|37),(25|38),0.333167,0.251513,+0.081654
(27|38),(9|38),0.166750,0.251194,-0.084444
(27|38),(9|39),0.333500,0.254537,+0.078963
(27|38),(25|38),0.166583,0.254537,-0.087953
(27|38),(25|39),0.333167,0.239733,+0.093434
(27|39),(9|39),0.166750,0.225166,-0.058416
(27|39),(9|40),0.333500,0.253548,+0.079952
(27|39),(25|39),0.166583,0.244087,-0.077504
(27|39),(25|40),0.333167,0.277200,+0.055967
(27|40),(9|40),0.166750,0.300412,-0.133662
(27|40),(9|41),0.333500,0.209877,+0.123623
(27|40),(25|40),0.166583,0.255144,-0.088561
(27|40),(25|41),0.333167,0.234568,+0.098599
(27|41),(9|41),0.166750,0.296154,-0.129404
(27|41),(9|42),0.333500,0.253846,+0.079654
(27|41),(25|41),0.166583,0.219231,-0.052647
(27|41),(25|42),0.333167,0.230769,+0.102397
(27|42),(9|42),0.166750,0.185430,-0.018680
(27|42),(9|43),0.333500,0.264901,+0.068599
(27|42),(25|42),0.166583,0.284768,-0.118185
(27|42),(25|43),0.333167,0.264901,+0.068266
(27|43),(9|43),0.166750,0.264151,-0.097401
(27|43),(25|43),0.166583,0.320755,-0.154171
(29|4),(7|2),0.041708,0.000000,+0.041708
(29|4),(11|3),0.083257,1.000000,-0.916743
(29|5),(11|3),0.041629,0.000000,+0.041629
(29|5),(19|4),0.083259,0.000000,+0.083259
(29|5),(23|4),0.083917,1.000000,-0.916083
(29|5),(31|4),0.083396,0.000000,+0.083396
(29|6),(3|5),0.082799,0.000000,+0.082799
(29|6),(11|5),0.083257,0.000000,+0.083257
(29|6),(15|5),0.083167,1.000000,-0.916833
(29|6),(19|4),0.041629,0.000000,+0.041629
(29|6),(23|4),0.041959,0.000000,+0.041959
(29|6),(23|5),0.083917,0.000000,+0.083917
(29|6),(27|5),0.083456,0.000000,+0.083456
(29|6),(31|4),0.041698,0.000000,+0.041698
(29|7),(3|5),0.041399,0.000000,+0.041399
(29|7),(3|6),0.082799,0.000000,+0.082799
(29|7),(7|6),0.083416,0.000000,+0.083416
(29|7),(11|5),0.041629,0.000000,+0.041629
(29|7),(11|6),0.083257,0.000000,+0.083257
(29|7),(15|5),0.041583,0.000000,+0.041583
(29|7),(15|6),0.083167,0.000000,+0.083167
(29|7),(19|6),0.083259,0.097544,-0.014286
(29|7),(23|5),0.041959,0.000000,+0.041959
(29|7),(23|6),0.083917,0.000000,+0.083917
(29|7),(27|5),0.041728,0.524901,-0.483173
(29|7),(27|6),0.083456,0.000000,+0.083456
(29|7),(31|6),0.083396,0.377555,-0.294159
(29|8),(3|6),0.041399,0.000000,+0.041399
(29|8),(3|7),0.082799,0.009836,+0.072963
(29|8),(7|6),0.041708,0.000000,+0.041708
(29|8),(7|7),0.083416,0.872521,-0.789105
(29|8),(11|6),0.041629,0.000000,+0.041629
(29|8),(11|7),0.083257,0.000000,+0.083257
(29|8),(15|6),0.041583,0.000000,+0.041583
(29|8),(15|7),0.083167,0.000000,+0.083167
(29|8),(19|6),0.041629,0.000000,+0.041629
(29|8),(19|7),0.083259,0.000000,+0.083259
(29|8),(23|6),0.041959,0.087662,-0.045703
(29|8),(23|7),0.083917,0.000000,+0.083917
(29|8),(27|6),0.041728,0.000000,+0.041728
(29|8),(27|7),0.083456,0.023324,+0.060132
(29|8),(31|6),0.041698,0.000000,+0.041698
(29|8),(31|7),0.083396,0.006657,+0.076739
(29|9),(3|7),0.041399,0.165956,-0.124556
(29|9),(3|8),0.082799,0.000000,+0.082799
(29|9),(7|7),0.041708,0.000000,+0.041708
(29|9),(7|8),0.083416,0.098713,-0.015297
(29|9),(11|7),0.041629,0.125995,-0.084367
(29|9),(11|8),0.083257,0.085820,-0.002563
(29|9),(15|7),0.041583,0.186653,-0.145069
(29|9),(15|8),0.083167,0.074437,+0.008730
(29|9),(19|7),0.041629,0.000000,+0.041629
(29|9),(19|8),0.083259,0.178523,-0.095265
(29|9),(23|7),0.041959,0.000000,+0.041959
(29|9),(23|8),0.083917,0.033355,+0.050563
(29|9),(27|7),0.041728,0.000000,+0.041728
(29|9),(27|8),0.083456,0.005297,+0.078159
(29|9),(31|7),0.041698,0.000000,+0.041698
(29|9),(31|8),0.083396,0.045251,+0.038145
(29|10),(3|8),0.041399,0.041466,-0.000067
(29|10),(3|9),0.082799,0.025540,+0.057259
(29|10),(7|8),0.041708,0.006166,+0.035542
(29|10),(7|9),0.083416,0.037283,+0.046133
(29|10),(11|8),0.041629,0.032763,+0.008866
(29|10),(11|9),0.083257,0.199709,-0.116452
(29|10),(15|8),0.041583,0.000000,+0.041583
(29|10),(15|9),0.083167,0.040640,+0.042526
(29|10),(19|8),0.041629,0.000000,+0.041629
(29|10),(19|9),0.083259,0.093140,-0.009881
(29|10),(23|8),0.041959,0.049293,-0.007334
(29|10),(23|9),0.083917,0.151825,-0.067908
(29|10),(27|8),0.041728,0.100318,-0.058590
(29|10),(27|9),0.083456,0.031716,+0.051740
(29|10),(31|8),0.041698,0.022912,+0.018786
(29|10),(31|9),0.083396,0.167228,-0.083832
(29|11),(3|9),0.041399,0.007072,+0.034327
(29|11),(3|10),0.082799,0.015089,+0.067710
(29|11),(7|9),0.041708,0.001819,+0.039889
(29|11),(7|10),0.083416,0.017574,+0.065842
(29|11),(11|9),0.041629,0.006577,+0.035052
(29|11),(11|10),0.083257,0.044299,+0.038958
(29|11),(15|9),0.041583,0.797650,-0.756067
(29|11),(15|10),0.083167,0.008017,+0.075150
(29|11),(19|9),0.041629,0.010880,+0.030750
(29|11),(19|10),0.083259,0.024582,+0.058677
(29|11),(23|9),0.041959,0.007436,+0.034522
(29|11),(23|10),0.083917,0.010436,+0.073481
(29|11),(27|9),0.041728,0.014937,+0.026791
(29|11),(27|10),0.083456,0.009190,+0.074266
(29|11),(31|9),0.041698,0.001950,+0.039748
(29|11),(31|10),0.083396,0.022492,+0.060904
(29|12),(3|10),0.041399,0.046238,-0.004839
(29|12),(3|11),0.082799,0.074704,+0.008094
(29|12),(7|10),0.041708,0.069529,-0.027821
(29|12),(7|11),0.083416,0.069581,+0.013835
(29|12),(11|10),0.041629,0.047340,-0.005711
(29|12),(11|11),0.083257,0.050625,+0.032633
(29|12),(15|10),0.041583,0.053330,-0.011746
(29|12),(15|11),0.083167,0.055158,+0.028009
(29|12),(19|10),0.041629,0.025667,+0.015962
(29|12),(19|11),0.083259,0.085165,-0.001906
(29|12),(23|10),0.041959,0.064014,-0.022056
(29|12),(23|11),0.083917,0.149816,-0.065899
(29|12),(27|10),0.041728,0.075279,-0.033551
(29|12),(27|11),0.083456,0.040055,+0.043401
(29|12),(31|10),0.041698,0.029433,+0.012265
(29|12),(31|11),0.083396,0.064067,+0.019329
(29|13),(3|11),0.041399,0.045922,-0.004522
(29|13),(3|12),0.082799,0.062517,+0.020281
(29|13),(7|11),0.041708,0.060215,-0.018507
(29|13),(7|12),0.083416,0.072053,+0.011363
(29|13),(11|11),0.041629,0.051518,-0.009889
(29|13),(11|12),0.083257,0.054732,+0.028525
(29|13),(15|11),0.041583,0.096552,-0.054968
(29|13),(15|12),0.083167,0.054412,+0.028755
(29|13),(19|11),0.041629,0.092455,-0.050825
(29|13),(19|12),0.083259,0.060220,+0.023039
(29|13),(23|11),0.041959,0.069809,-0.027851
(29|13),(23|12),0.083917,0.069854,+0.014064
(29|13),(27|11),0.041728,0.031944,+0.009784
(29|13),(27|12),0.083456,0.109178,-0.025722
(29|13),(31|11),0.041698,0.030238,+0.011460
(29|13),(31|12),0.083396,0.038383,+0.045013
(29|14),(3|12),0.041399,0.066431,-0.025031
(29|14),(3|13),0.082799,0.048916,+0.033883
(29|14),(7|12),0.041708,0.046495,-0.004787
(29|14),(7|13),0.083416,0.160637,-0.077221
(29|14),(11|12),0.041629,0.034896,+0.006733
(29|14),(11|13),0.083257,0.058552,+0.024705
(29|14),(15|12),0.041583,0.043407,-0.001823
(29|14),(15|13),0.083167,0.046512,+0.036655
(29|14),(19|12),0.041629,0.038590,+0.003039
(29|14),(19|13),0.083259,0.049682,+0.033576
(29|14),(23|12),0.041959,0.066452,-0.024494
(29|14),(23|13),0.083917,0.096445,-0.012528
(29|14),(27|12),0.041728,0.058418,-0.016690
(29|14),(27|13),0.083456,0.062723,+0.020733
(29|14),(31|12),0.041698,0.053511,-0.011813
(29|14),(31|13),0.083396,0.068332,+0.015064
(29|15),(3|13),0.041399,0.095698,-0.054299
(29|15),(3|14),0.082799,0.076923,+0.005876
(29|15),(7|13),0.041708,0.053343,-0.011635
(29|15),(7|14),0.083416,0.074273,+0.009143
(29|15),(11|13),0.041629,0.039462,+0.002166
(29|15),(11|14),0.083257,0.075303,+0.007954
(29|15),(15|13),0.041583,0.058391,-0.016807
(29|15),(15|14),0.083167,0.071513,+0.011653
(29|15),(19|13),0.041629,0.040681,+0.000948
(29|15),(19|14),0.083259,0.071974,+0.011284
(29|15),(23|13),0.041959,0.039794,+0.002165
(29|15),(23|14),0.083917,0.048785,+0.035132
(29|15),(27|13),0.041728,0.039150,+0.002578
(29|15),(27|14),0.083456,0.070924,+0.012532
(29|15),(31|13),0.041698,0.077785,-0.036087
(29|15),(31|14),0.083396,0.066000,+0.017396
(29|16),(3|14),0.041399,0.053233,-0.011834
(29|16),(3|15),0.082799,0.083642,-0.000844
(29|16),(7|14),0.041708,0.044502,-0.002794
(29|16),(7|15),0.083416,0.076089,+0.007327
(29|16),(11|14),0.041629,0.044566,-0.002937
(29|16),(11|15),0.083257,0.061732,+0.021525
(29|16),(15|14),0.041583,0.045275,-0.003692
(29|16),(15|15),0.083167,0.076180,+0.006987
(29|16),(19|14),0.041629,0.055066,-0.013436
(29|16),(19|15),0.083259,0.061405,+0.021854
(29|16),(23|14),0.041959,0.058485,-0.016527
(29|16),(23|15),0.083917,0.074597,+0.009320
(29|16),(27|14),0.041728,0.041582,+0.000146
(29|16),(27|15),0.083456,0.062983,+0.020473
(29|16),(31|14),0.041698,0.045143,-0.003445
(29|16),(31|15),0.083396,0.115520,-0.032124
(29|17),(3|15),0.041399,0.067616,-0.026216
(29|17),(3|16),0.082799,0.076995,+0.005803
(29|17),(7|15),0.041708,0.065702,-0.023994
(29|17),(7|16),0.083416,0.064163,+0.019253
(29|17),(11|15),0.041629,0.054308,-0.012679
(29|17),(11|16),0.083257,0.072213,+0.011044
(29|17),(15|15),0.041583,0.045185,-0.003601
(29|17),(15|16),0.083167,0.072897,+0.010270
(29|17),(19|15),0.041629,0.042891,-0.001261
(29|17),(19|16),0.083259,0.080847,+0.002412
(29|17),(23|15),0.041959,0.048044,-0.006085
(29|17),(23|16),0.083917,0.065089,+0.018828
(29|17),(27|15),0.041728,0.057300,-0.015572
(29|17),(27|16),0.083456,0.070546,+0.012910
(29|17),(31|15),0.041698,0.050969,-0.009271
(29|17),(31|16),0.083396,0.065236,+0.018160
(29|18),(3|16),0.041399,0.054177,-0.012778
(29|18),(3|17),0.082799,0.072754,+0.010044
(29|18),(7|16),0.041708,0.053764,-0.012056
(29|18),(7|17),0.083416,0.074272,+0.009144
(29|18),(11|16),0.041629,0.047046,-0.005417
(29|18),(11|17),0.083257,0.072557,+0.010700
(29|18),(15|16),0.041583,0.051517,-0.009934
(29|18),(15|17),0.083167,0.070658,+0.012508
(29|18),(19|16),0.041629,0.049146,-0.007517
(29|18),(19|17),0.083259,0.079436,+0.003823
(29|18),(23|16),0.041959,0.053677,-0.011718
(29|18),(23|17),0.083917,0.069397,+0.014520
(29|18),(27|16),0.041728,0.047693,-0.005965
(29|18),(27|17),0.083456,0.073437,+0.010019
(29|18),(31|16),0.041698,0.052884,-0.011186
(29|18),(31|17),0.083396,0.077583,+0.005813
(29|19),(3|17),0.041399,0.049785,-0.008386
(29|19),(3|18),0.082799,0.070188,+0.012611
(29|19),(7|17),0.041708,0.056031,-0.014323
(29|19),(7|18),0.083416,0.072900,+0.010516
(29|19),(11|17),0.041629,0.052200,-0.010571
(29|19),(11|18),0.083257,0.076781,+0.006477
(29|19),(15|17),0.041583,0.055846,-0.014263
(29|19),(15|18),0.083167,0.067701,+0.015466
(29|19),(19|17),0.041629,0.047434,-0.005805
(29|19),(19|18),0.083259,0.069845,+0.013414
(29|19),(23|17),0.041959,0.049469,-0.007511
(29|19),(23|18),0.083917,0.080400,+0.003517
(29|19),(27|17),0.041728,0.051071,-0.009343
(29|19),(27|18),0.083456,0.075382,+0.008074
(29|19),(31|17),0.041698,0.048206,-0.006508
(29|19),(31|18),0.083396,0.076763,+0.006633
(29|20),(3|18),0.041399,0.055674,-0.014275
(29|20),(3|19),0.082799,0.077362,+0.005436
(29|20),(7|18),0.041708,0.048020,-0.006312
(29|20),(7|19),0.083416,0.072375,+0.011041
(29|20),(11|18),0.041629,0.053929,-0.012300
(29|20),(11|19),0.083257,0.069120,+0.014137
(29|20),(15|18),0.041583,0.056253,-0.014669
(29|20),(15|19),0.083167,0.071051,+0.012116
(29|20),(19|18),0.041629,0.047812,-0.006182
(29|20),(19|19),0.083259,0.073845,+0.009414
(29|20),(23|18),0.041959,0.053947,-0.011988
(29|20),(23|19),0.083917,0.070739,+0.013179
(29|20),(27|18),0.041728,0.052979,-0.011251
(29|20),(27|19),0.083456,0.071209,+0.012247
(29|20),(31|18),0.041698,0.048255,-0.006557
(29|20),(31|19),0.083396,0.077430,+0.005966
(29|21),(3|19),0.041399,0.069392,-0.027993
(29|21),(3|20),0.082799,0.074949,+0.007849
(29|21),(7|19),0.041708,0.049148,-0.007440
(29|21),(7|20),0.083416,0.070222,+0.013194
(29|21),(11|19),0.041629,0.054687,-0.013059
(29|21),(11|20),0.083257,0.076745,+0.006512
(29|21),(15|19),0.041583,0.050498,-0.008914
(29|21),(15|20),0.083167,0.070716,+0.012451
(29|21),(19|19),0.041629,0.048191,-0.006562
(29|21),(19|20),0.083259,0.072398,+0.010861
(29|21),(23|19),0.041959,0.049047,-0.007089
(29|21),(23|20),0.083917,0.074591,+0.009326
(29|21),(27|19),0.041728,0.049178,-0.007450
(29|21),(27|20),0.083456,0.070930,+0.012526
(29|21),(31|19),0.041698,0.048134,-0.006436
(29|21),(31|20),0.083396,0.071171,+0.012225
(29|22),(3|20),0.041399,0.058053,-0.016653
(29|22),(3|21),0.082799,0.071369,+0.011429
(29|22),(7|20),0.041708,0.049706,-0.007998
(29|22),(7|21),0.083416,0.071699,+0.011717
(29|22),(11|20),0.041629,0.048974,-0.007346
(29|22),(11|21),0.083257,0.076433,+0.006825
(29|22),(15|20),0.041583,0.048961,-0.007378
(29|22),(15|21),0.083167,0.075572,+0.007595
(29|22),(19|20),0.041629,0.049300,-0.007671
(29|22),(19|21),0.083259,0.074269,+0.008990
(29|22),(23|20),0.041959,0.051116,-0.009157
(29|22),(23|21),0.083917,0.074550,+0.009367
(29|22),(27|20),0.041728,0.052075,-0.010347
(29|22),(27|21),0.083456,0.072074,+0.011382
(29|22),(31|20),0.041698,0.051352,-0.009654
(29|22),(31|21),0.083396,0.074497,+0.008899
(29|23),(3|21),0.041399,0.051732,-0.010333
(29|23),(3|22),0.082799,0.073267,+0.009532
(29|23),(7|21),0.041708,0.053314,-0.011606
(29|23),(7|22),0.083416,0.071067,+0.012349
(29|23),(11|21),0.041629,0.052337,-0.010708
(29|23),(11|22),0.083257,0.073576,+0.009681
(29|23),(15|21),0.041583,0.051006,-0.009423
(29|23),(15|22),0.083167,0.071864,+0.011302
(29|23),(19|21),0.041629,0.052256,-0.010627
(29|23),(19|22),0.083259,0.071726,+0.011533
(29|23),(23|21),0.041959,0.054998,-0.013040
(29|23),(23|22),0.083917,0.074620,+0.009297
(29|23),(27|21),0.041728,0.052341,-0.010613
(29|23),(27|22),0.083456,0.072120,+0.011336
(29|23),(31|21),0.041698,0.051920,-0.010222
(29|23),(31|22),0.083396,0.071856,+0.011540
(29|24),(3|22),0.041399,0.050843,-0.009444
(29|24),(3|23),0.082799,0.073444,+0.009354
(29|24),(7|22),0.041708,0.052212,-0.010504
(29|24),(7|23),0.083416,0.073515,+0.009901
(29|24),(11|22),0.041629,0.053505,-0.011877
(29|24),(11|23),0.083257,0.072351,+0.010906
(29|24),(15|22),0.041583,0.052634,-0.011051
(29|24),(15|23),0.083167,0.071466,+0.011700
(29|24),(19|22),0.041629,0.051936,-0.010307
(29|24),(19|23),0.083259,0.073942,+0.009317
(29|24),(23|22),0.041959,0.050972,-0.009013
(29|24),(23|23),0.083917,0.072066,+0.011851
(29|24),(27|22),0.041728,0.050985,-0.009257
(29|24),(27|23),0.083456,0.073173,+0.010283
(29|24),(31|22),0.041698,0.053496,-0.011798
(29|24),(31|23),0.083396,0.073458,+0.009938
(29|25),(3|23),0.041399,0.052678,-0.011279
(29|25),(3|24),0.082799,0.074375,+0.008424
(29|25),(7|23),0.041708,0.050962,-0.009254
(29|25),(7|24),0.083416,0.073099,+0.010317
(29|25),(11|23),0.041629,0.051473,-0.009845
(29|25),(11|24),0.083257,0.072881,+0.010377
(29|25),(15|23),0.041583,0.051215,-0.009632
(29|25),(15|24),0.083167,0.072409,+0.010757
(29|25),(19|23),0.041629,0.052487,-0.010858
(29|25),(19|24),0.083259,0.071791,+0.011467
(29|25),(23|23),0.041959,0.051971,-0.010013
(29|25),(23|24),0.083917,0.073352,+0.010565
(29|25),(27|23),0.041728,0.051873,-0.010145
(29|25),(27|24),0.083456,0.074073,+0.009383
(29|25),(31|23),0.041698,0.051820,-0.010122
(29|25),(31|24),0.083396,0.073539,+0.009857
(29|26),(3|24),0.041399,0.050957,-0.009558
(29|26),(3|25),0.082799,0.072567,+0.010232
(29|26),(7|24),0.041708,0.052074,-0.010366
(29|26),(7|25),0.083416,0.072664,+0.010752
(29|26),(11|24),0.041629,0.051999,-0.010370
(29|26),(11|25),0.083257,0.074244,+0.009013
(29|26),(15|24),0.041583,0.054330,-0.012747
(29|26),(15|25),0.083167,0.073114,+0.010053
(29|26),(19|24),0.041629,0.051558,-0.009929
(29|26),(19|25),0.083259,0.072940,+0.010318
(29|26),(23|24),0.041959,0.051429,-0.009470
(29|26),(23|25),0.083917,0.071690,+0.012227
(29|26),(27|24),0.041728,0.051398,-0.009670
(29|26),(27|25),0.083456,0.073902,+0.009554
(29|26),(31|24),0.041698,0.051745,-0.010047
(29|26),(31|25),0.083396,0.073390,+0.010006
(29|27),(3|25),0.041399,0.053131,-0.011732
(29|27),(3|26),0.082799,0.073379,+0.009419
(29|27),(7|25),0.041708,0.052569,-0.010861
(29|27),(7|26),0.083416,0.073481,+0.009935
(29|27),(11|25),0.041629,0.051994,-0.010365
(29|27),(11|26),0.083257,0.073194,+0.010064
(29|27),(15|25),0.041583,0.050578,-0.008994
(29|27),(15|26),0.083167,0.073649,+0.009517
(29|27),(19|25),0.041629,0.051764,-0.010135
(29|27),(19|26),0.083259,0.072410,+0.010849
(29|27),(23|25),0.041959,0.052171,-0.010212
(29|27),(23|26),0.083917,0.073579,+0.010339
(29|27),(27|25),0.041728,0.051768,-0.010040
(29|27),(27|26),0.083456,0.072366,+0.011090
(29|27),(31|25),0.041698,0.051436,-0.009738
(29|27),(31|26),0.083396,0.072530,+0.010866
(29|28),(3|26),0.041399,0.051648,-0.010249
(29|28),(3|27),0.082799,0.072419,+0.010380
(29|28),(7|26),0.041708,0.051227,-0.009519
(29|28),(7|27),0.083416,0.073862,+0.009554
(29|28),(11|26),0.041629,0.052294,-0.010666
(29|28),(11|27),0.083257,0.074211,+0.009046
(29|28),(15|26),0.041583,0.052321,-0.010737
(29|28),(15|27),0.083167,0.073592,+0.009575
(29|28),(19|26),0.041629,0.051953,-0.010324
(29|28),(19|27),0.083259,0.073158,+0.010101
(29|28),(23|26),0.041959,0.051918,-0.009959
(29|28),(23|27),0.083917,0.072525,+0.011392
(29|28),(27|26),0.041728,0.051732,-0.010004
(29|28),(27|27),0.083456,0.072224,+0.011232
(29|28),(31|26),0.041698,0.051453,-0.009755
(29|28),(31|27),0.083396,0.073463,+0.009933
(29|29),(3|27),0.041399,0.051879,-0.010479
(29|29),(3|28),0.082799,0.073372,+0.009427
(29|29),(7|27),0.041708,0.051649,-0.009941
(29|29),(7|28),0.083416,0.072085,+0.011331
(29|29),(11|27),0.041629,0.051967,-0.010338
(29|29),(11|28),0.083257,0.072063,+0.011194
(29|29),(15|27),0.041583,0.052414,-0.010830
(29|29),(15|28),0.083167,0.073633,+0.009534
(29|29),(19|27),0.041629,0.052281,-0.010652
(29|29),(19|28),0.083259,0.073619,+0.009639
(29|29),(23|27),0.041959,0.052179,-0.010221
(29|29),(23|28),0.083917,0.073067,+0.010851
(29|29),(27|27),0.041728,0.052356,-0.010628
(29|29),(27|28),0.083456,0.073062,+0.010394
(29|29),(31|27),0.041698,0.051410,-0.009712
(29|29),(31|28),0.083396,0.072965,+0.010431
(29|30),(3|28),0.041399,0.052673,-0.011273
(29|30),(3|29),0.082799,0.072569,+0.010230
(29|30),(7|28),0.041708,0.051062,-0.009354
(29|30),(7|29),0.083416,0.072814,+0.010602
(29|30),(11|28),0.041629,0.050760,-0.009131
(29|30),(11|29),0.083257,0.072765,+0.010492
(29|30),(15|28),0.041583,0.052504,-0.010920
(29|30),(15|29),0.083167,0.074149,+0.009018
(29|30),(19|28),0.041629,0.052148,-0.010518
(29|30),(19|29),0.083259,0.072378,+0.010881
(29|30),(23|28),0.041959,0.052922,-0.010963
(29|30),(23|29),0.083917,0.072520,+0.011397
(29|30),(27|28),0.041728,0.051574,-0.009846
(29|30),(27|29),0.083456,0.074109,+0.009347
(29|30),(31|28),0.041698,0.051676,-0.009978
(29|30),(31|29),0.083396,0.073379,+0.010017
(29|31),(3|29),0.041399,0.052903,-0.011504
(29|31),(3|30),0.082799,0.072847,+0.009952
(29|31),(7|29),0.041708,0.052027,-0.010319
(29|31),(7|30),0.083416,0.072683,+0.010733
(29|31),(11|29),0.041629,0.051974,-0.010345
(29|31),(11|30),0.083257,0.072422,+0.010835
(29|31),(15|29),0.041583,0.052001,-0.010417
(29|31),(15|30),0.083167,0.072887,+0.010280
(29|31),(19|29),0.041629,0.052001,-0.010371
(29|31),(19|30),0.083259,0.073037,+0.010222
(29|31),(23|29),0.041959,0.051775,-0.009816
(29|31),(23|30),0.083917,0.072174,+0.011743
(29|31),(27|29),0.041728,0.051717,-0.009989
(29|31),(27|30),0.083456,0.072741,+0.010715
(29|31),(31|29),0.041698,0.052921,-0.011223
(29|31),(31|30),0.083396,0.073891,+0.009505
(29|32),(3|30),0.041399,0.061252,-0.019852
(29|32),(3|31),0.082799,0.064707,+0.018092
(29|32),(7|30),0.041708,0.061660,-0.019952
(29|32),(7|31),0.083416,0.064661,+0.018755
(29|32),(11|30),0.041629,0.060843,-0.019215
(29|32),(11|31),0.083257,0.063935,+0.019322
(29|32),(15|30),0.041583,0.059785,-0.018202
(29|32),(15|31),0.083167,0.063656,+0.019511
(29|32),(19|30),0.041629,0.061032,-0.019403
(29|32),(19|31),0.083259,0.064109,+0.019149
(29|32),(23|30),0.041959,0.059331,-0.017373
(29|32),(23|31),0.083917,0.064049,+0.019868
(29|32),(27|30),0.041728,0.061055,-0.019327
(29|32),(27|31),0.083456,0.063815,+0.019641
(29|32),(31|30),0.041698,0.060972,-0.019274
(29|32),(31|31),0.083396,0.065138,+0.018258
(29|33),(3|31),0.041399,0.062595,-0.021196
(29|33),(3|32),0.082799,0.062625,+0.020174
(29|33),(7|31),0.041708,0.062640,-0.020932
(29|33),(7|32),0.083416,0.061558,+0.021858
(29|33),(11|31),0.041629,0.063084,-0.021456
(29|33),(11|32),0.083257,0.062329,+0.020929
(29|33),(15|31),0.041583,0.063707,-0.022123
(29|33),(15|32),0.083167,0.061440,+0.021727
(29|33),(19|31),0.041629,0.061958,-0.020329
(29|33),(19|32),0.083259,0.061469,+0.021789
(29|33),(23|31),0.041959,0.062951,-0.020992
(29|33),(23|32),0.083917,0.062269,+0.021648
(29|33),(27|31),0.041728,0.062966,-0.021238
(29|33),(27|32),0.083456,0.063381,+0.020075
(29|33),(31|31),0.041698,0.061914,-0.020216
(29|33),(31|32),0.083396,0.063114,+0.020282
(29|34),(3|32),0.041399,0.064562,-0.023163
(29|34),(3|33),0.082799,0.061721,+0.021077
(29|34),(7|32),0.041708,0.062077,-0.020369
(29|34),(7|33),0.083416,0.063763,+0.019653
(29|34),(11|32),0.041629,0.062905,-0.021276
(29|34),(11|33),0.083257,0.061721,+0.021536
(29|34),(15|32),0.041583,0.061929,-0.020345
(29|34),(15|33),0.083167,0.062846,+0.020321
(29|34),(19|32),0.041629,0.062343,-0.020713
(29|34),(19|33),0.083259,0.064503,+0.018756
(29|34),(23|32),0.041959,0.061485,-0.019526
(29|34),(23|33),0.083917,0.061278,+0.022640
(29|34),(27|32),0.041728,0.061721,-0.019993
(29|34),(27|33),0.083456,0.062047,+0.021409
(29|34),(31|32),0.041698,0.060834,-0.019136
(29|34),(31|33),0.083396,0.064266,+0.019130
(29|35),(3|33),0.041399,0.059367,-0.017967
(29|35),(3|34),0.082799,0.063096,+0.019703
(29|35),(7|33),0.041708,0.061912,-0.020204
(29|35),(7|34),0.083416,0.063214,+0.020202
(29|35),(11|33),0.041629,0.062977,-0.021349
(29|35),(11|34),0.083257,0.060965,+0.022293
(29|35),(15|33),0.041583,0.064930,-0.023347
(29|35),(15|34),0.083167,0.061557,+0.021610
(29|35),(19|33),0.041629,0.059248,-0.017619
(29|35),(19|34),0.083259,0.062445,+0.020814
(29|35),(23|33),0.041959,0.063155,-0.021196
(29|35),(23|34),0.083917,0.066055,+0.017862
(29|35),(27|33),0.041728,0.061971,-0.020243
(29|35),(27|34),0.083456,0.061793,+0.021663
(29|35),(31|33),0.041698,0.060965,-0.019267
(29|35),(31|34),0.083396,0.066351,+0.017045
(29|36),(3|34),0.041399,0.058607,-0.017208
(29|36),(3|35),0.082799,0.057539,+0.025259
(29|36),(7|34),0.041708,0.062048,-0.020340
(29|36),(7|35),0.083416,0.064539,+0.018877
(29|36),(11|34),0.041629,0.063471,-0.021843
(29|36),(11|35),0.083257,0.061455,+0.021803
(29|36),(15|34),0.041583,0.061217,-0.019634
(29|36),(15|35),0.083167,0.064065,+0.019102
(29|36),(19|34),0.041629,0.063353,-0.021723
(29|36),(19|35),0.083259,0.072013,+0.011245
(29|36),(23|34),0.041959,0.060861,-0.018903
(29|36),(23|35),0.083917,0.061929,+0.021988
(29|36),(27|34),0.041728,0.058370,-0.016642
(29|36),(27|35),0.083456,0.064776,+0.018680
(29|36),(31|34),0.041698,0.061810,-0.020112
(29|36),(31|35),0.083396,0.063946,+0.019450
(29|37),(3|35),0.041399,0.058156,-0.016756
(29|37),(3|36),0.082799,0.057692,+0.025106
(29|37),(7|35),0.041708,0.054449,-0.012741
(29|37),(7|36),0.083416,0.066033,+0.017383
(29|37),(11|35),0.041629,0.069277,-0.027648
(29|37),(11|36),0.083257,0.066033,+0.017224
(29|37),(15|35),0.041583,0.061399,-0.019816
(29|37),(15|36),0.083167,0.061168,+0.021999
(29|37),(19|35),0.041629,0.057229,-0.015600
(29|37),(19|36),0.083259,0.072753,+0.010506
(29|37),(23|35),0.041959,0.063948,-0.021989
(29|37),(23|36),0.083917,0.061631,+0.022286
(29|37),(27|35),0.041728,0.062790,-0.021062
(29|37),(27|36),0.083456,0.061399,+0.022057
(29|37),(31|35),0.041698,0.065107,-0.023409
(29|37),(31|36),0.083396,0.060936,+0.022460
(29|38),(3|36),0.041399,0.064361,-0.022962
(29|38),(3|37),0.082799,0.062440,+0.020359
(29|38),(7|36),0.041708,0.070605,-0.028897
(29|38),(7|37),0.083416,0.064361,+0.019055
(29|38),(11|36),0.041629,0.078290,-0.036661
(29|38),(11|37),0.083257,0.058598,+0.024660
(29|38),(15|36),0.041583,0.058598,-0.017014
(29|38),(15|37),0.083167,0.064841,+0.018325
(29|38),(19|36),0.041629,0.062920,-0.021291
(29|38),(19|37),0.083259,0.051393,+0.031866
(29|38),(23|36),0.041959,0.065802,-0.023843
(29|38),(23|37),0.083917,0.059078,+0.024840
(29|38),(27|36),0.041728,0.062920,-0.021192
(29|38),(27|37),0.083456,0.057637,+0.025819
(29|38),(31|36),0.041698,0.054755,-0.013057
(29|38),(31|37),0.083396,0.063401,+0.019995
(29|39),(3|37),0.041399,0.073715,-0.032316
(29|39),(3|38),0.082799,0.058196,+0.024603
(29|39),(7|37),0.041708,0.058196,-0.016488
(29|39),(7|38),0.083416,0.066925,+0.016491
(29|39),(11|37),0.041629,0.064985,-0.023357
(29|39),(11|38),0.083257,0.067895,+0.015362
(29|39),(15|37),0.041583,0.054316,-0.012733
(29|39),(15|38),0.083167,0.071775,+0.011392
(29|39),(19|37),0.041629,0.062076,-0.020446
(29|39),(19|38),0.083259,0.049467,+0.033792
(29|39),(23|37),0.041959,0.058196,-0.016237
(29|39),(23|38),0.083917,0.063046,+0.020872
(29|39),(27|37),0.041728,0.060136,-0.018408
(29|39),(27|38),0.083456,0.074685,+0.008771
(29|39),(31|37),0.041698,0.051406,-0.009708
(29|39),(31|38),0.083396,0.064985,+0.018411
(29|40),(3|38),0.041399,0.070270,-0.028871
(29|40),(3|39),0.082799,0.050450,+0.032348
(29|40),(7|38),0.041708,0.070270,-0.028562
(29|40),(7|39),0.083416,0.050450,+0.032966
(29|40),(11|38),0.041629,0.054054,-0.012425
(29|40),(11|39),0.083257,0.064865,+0.018392
(29|40),(15|38),0.041583,0.048649,-0.007065
(29|40),(15|39),0.083167,0.072072,+0.011095
(29|40),(19|38),0.041629,0.057658,-0.016028
(29|40),(19|39),0.083259,0.082883,+0.000376
(29|40),(23|38),0.041959,0.061261,-0.019303
(29|40),(23|39),0.083917,0.048649,+0.035269
(29|40),(27|38),0.041728,0.064865,-0.023137
(29|40),(27|39),0.083456,0.068468,+0.014988
(29|40),(31|38),0.041698,0.072072,-0.030374
(29|40),(31|39),0.083396,0.063063,+0.020333
(29|41),(3|39),0.041399,0.071942,-0.030543
(29|41),(3|40),0.082799,0.093525,-0.010727
(29|41),(7|39),0.041708,0.046763,-0.005055
(29|41),(7|40),0.083416,0.075540,+0.007876
(29|41),(11|39),0.041629,0.064748,-0.023120
(29|41),(11|40),0.083257,0.053957,+0.029300
(29|41),(15|39),0.041583,0.050360,-0.008776
(29|41),(15|40),0.083167,0.043165,+0.040001
(29|41),(19|39),0.041629,0.068345,-0.026716
(29|41),(19|40),0.083259,0.046763,+0.036496
(29|41),(23|39),0.041959,0.086331,-0.044372
(29|41),(23|40),0.083917,0.053957,+0.029960
(29|41),(27|39),0.041728,0.057554,-0.015826
(29|41),(27|40),0.083456,0.064748,+0.018708
(29|41),(31|39),0.041698,0.079137,-0.037439
(29|41),(31|40),0.083396,0.043165,+0.040231
(29|42),(3|40),0.041399,0.014599,+0.026801
(29|42),(3|41),0.082799,0.051095,+0.031704
(29|42),(7|40),0.041708,0.058394,-0.016686
(29|42),(7|41),0.083416,0.058394,+0.025022
(29|42),(11|40),0.041629,0.021898,+0.019731
(29|42),(11|41),0.083257,0.072993,+0.010265
(29|42),(15|40),0.041583,0.058394,-0.016811
(29|42),(15|41),0.083167,0.080292,+0.002875
(29|42),(19|40),0.041629,0.065693,-0.024064
(29|42),(19|41),0.083259,0.065693,+0.017565
(29|42),(23|40),0.041959,0.065693,-0.023735
(29|42),(23|41),0.083917,0.058394,+0.025523
(29|42),(27|40),0.041728,0.072993,-0.031265
(29|42),(27|41),0.083456,0.087591,-0.004135
(29|42),(31|40),0.041698,0.080292,-0.038594
(29|42),(31|41),0.083396,0.087591,-0.004195
(29|43),(3|41),0.041399,0.054348,-0.012948
(29|43),(3|42),0.082799,0.021739,+0.061060
(29|43),(7|41),0.041708,0.054348,-0.012640
(29|43),(7|42),0.083416,0.119565,-0.036149
(29|43),(11|41),0.041629,0.032609,+0.009020
(29|43),(11|42),0.083257,0.086957,-0.003699
(29|43),(15|41),0.041583,0.032609,+0.008975
(29|43),(15|42),0.083167,0.086957,-0.003790
(29|43),(19|41),0.041629,0.130435,-0.088805
(29|43),(19|42),0.083259,0.043478,+0.039780
(29|43),(23|41),0.041959,0.010870,+0.031089
(29|43),(23|42),0.083917,0.065217,+0.018700
(29|43),(27|41),0.041728,0.032609,+0.009119
(29|43),(27|42),0.083456,0.076087,+0.007369
(29|43),(31|41),0.041698,0.076087,-0.034389
(29|43),(31|42),0.083396,0.076087,+0.007309
(31|4),(15|5),0.333076,1.000000,-0.666924
(31|4),(31|4),0.166795,0.000000,+0.166795
(31|6),(15|6),0.166538,0.000000,+0.166538
(31|6),(15|7),0.333076,0.649500,-0.316424
(31|6),(31|6),0.166795,0.000000,+0.166795
(31|6),(31|7),0.333591,0.350500,-0.016910
(31|7),(15|7),0.166538,0.000000,+0.166538
(31|7),(15|8),0.333076,0.103659,+0.229417
(31|7),(31|7),0.166795,0.000000,+0.166795
(31|7),(31|8),0.333591,0.896341,-0.562750
(31|8),(15|8),0.166538,0.043266,+0.123272
(31|8),(15|9),0.333076,0.483634,-0.150558
(31|8),(31|8),0.166795,0.461590,-0.294795
(31|8),(31|9),0.333591,0.011510,+0.322080
(31|9),(15|9),0.166538,0.320474,-0.153936
(31|9),(15|10),0.333076,0.203589,+0.129487
(31|9),(31|9),0.166795,0.085444,+0.081352
(31|9),(31|10),0.333591,0.390493,-0.056902
(31|10),(15|10),0.166538,0.092782,+0.073756
(31|10),(15|11),0.333076,0.187165,+0.145911
(31|10),(31|10),0.166795,0.298749,-0.131954
(31|10),(31|11),0.333591,0.421304,-0.087713
(31|11),(15|11),0.166538,0.277313,-0.110775
(31|11),(15|12),0.333076,0.287363,+0.045713
(31|11),(31|11),0.166795,0.162161,+0.004634
(31|11),(31|12),0.333591,0.273163,+0.060428
(31|12),(15|12),0.166538,0.282211,-0.115673
(31|12),(15|13),0.333076,0.315395,+0.017681
(31|12),(31|12),0.166795,0.162989,+0.003806
(31|12),(31|13),0.333591,0.239405,+0.094186
(31|13),(15|13),0.166538,0.160482,+0.006056
(31|13),(15|14),0.333076,0.294242,+0.038834
(31|13),(31|13),0.166795,0.249777,-0.082982
(31|13),(31|14),0.333591,0.295499,+0.038092
(31|14),(15|14),0.166538,0.198909,-0.032371
(31|14),(15|15),0.333076,0.358677,-0.025601
(31|14),(31|14),0.166795,0.178416,-0.011621
(31|14),(31|15),0.333591,0.263997,+0.069593
(31|15),(15|15),0.166538,0.169891,-0.003353
(31|15),(15|16),0.333076,0.324319,+0.008757
(31|15),(31|15),0.166795,0.239392,-0.072597
(31|15),(31|16),0.333591,0.266397,+0.067193
(31|16),(15|16),0.166538,0.215354,-0.048816
(31|16),(15|17),0.333076,0.282317,+0.050759
(31|16),(31|16),0.166795,0.194575,-0.027780
(31|16),(31|17),0.333591,0.307754,+0.025837
(31|17),(15|17),0.166538,0.212804,-0.046266
(31|17),(15|18),0.333076,0.300697,+0.032379
(31|17),(31|17),0.166795,0.209640,-0.042844
(31|17),(31|18),0.333591,0.276860,+0.056731
(31|18),(15|18),0.166538,0.197478,-0.030940
(31|18),(15|19),0.333076,0.288105,+0.044971
(31|18),(31|18),0.166795,0.208599,-0.041804
(31|18),(31|19),0.333591,0.305818,+0.027773
(31|19),(15|19),0.166538,0.225421,-0.058883
(31|19),(15|20),0.333076,0.280127,+0.052949
(31|19),(31|19),0.166795,0.198448,-0.031653
(31|19),(31|20),0.333591,0.296004,+0.037586
(31|20),(15|20),0.166538,0.204446,-0.037908
(31|20),(15|21),0.333076,0.295126,+0.037950
(31|20),(31|20),0.166795,0.211905,-0.045110
(31|20),(31|21),0.333591,0.288523,+0.045068
(31|21),(15|21),0.166538,0.209967,-0.043429
(31|21),(15|22),0.333076,0.294333,+0.038743
(31|21),(31|21),0.166795,0.206526,-0.039730
(31|21),(31|22),0.333591,0.289175,+0.044415
(31|22),(15|22),0.166538,0.204165,-0.037627
(31|22),(15|23),0.333076,0.293131,+0.039945
(31|22),(31|22),0.166795,0.207425,-0.040629
(31|22),(31|23),0.333591,0.295279,+0.038312
(31|23),(15|23),0.166538,0.212013,-0.045475
(31|23),(15|24),0.333076,0.293070,+0.040006
(31|23),(31|23),0.166795,0.204791,-0.037995
(31|23),(31|24),0.333591,0.290127,+0.043464
(31|24),(15|24),0.166538,0.205975,-0.039437
(31|24),(15|25),0.333076,0.291693,+0.041383
(31|24),(31|24),0.166795,0.207742,-0.040947
(31|24),(31|25),0.333591,0.294590,+0.039001
(31|25),(15|25),0.166538,0.210484,-0.043946
(31|25),(15|26),0.333076,0.292086,+0.040990
(31|25),(31|25),0.166795,0.206431,-0.039636
(31|25),(31|26),0.333591,0.290999,+0.042592
(31|26),(15|26),0.166538,0.206001,-0.039463
(31|26),(15|27),0.333076,0.293654,+0.039422
(31|26),(31|26),0.166795,0.207086,-0.040290
(31|26),(31|27),0.333591,0.293259,+0.040332
(31|27),(15|27),0.166538,0.208885,-0.042347
(31|27),(15|28),0.333076,0.291758,+0.041318
(31|27),(31|27),0.166795,0.206977,-0.040181
(31|27),(31|28),0.333591,0.292380,+0.041211
(31|28),(15|28),0.166538,0.209586,-0.043048
(31|28),(15|29),0.333076,0.292479,+0.040597
(31|28),(31|28),0.166795,0.207062,-0.040267
(31|28),(31|29),0.333591,0.290873,+0.042718
(31|29),(15|29),0.166538,0.206327,-0.039789
(31|29),(15|30),0.333076,0.292396,+0.040680
(31|29),(31|29),0.166795,0.207848,-0.041053
(31|29),(31|30),0.333591,0.293429,+0.040162
(31|30),(15|30),0.166538,0.208184,-0.041646
(31|30),(15|31),0.333076,0.292145,+0.040931
(31|30),(31|30),0.166795,0.208418,-0.041623
(31|30),(31|31),0.333591,0.291253,+0.042338
(31|31),(15|31),0.166538,0.208802,-0.042264
(31|31),(15|32),0.333076,0.291816,+0.041260
(31|31),(31|31),0.166795,0.208846,-0.042051
(31|31),(31|32),0.333591,0.290535,+0.043056
(31|32),(15|32),0.166538,0.241260,-0.074722
(31|32),(15|33),0.333076,0.256950,+0.076126
(31|32),(31|32),0.166795,0.243423,-0.076627
(31|32),(31|33),0.333591,0.258367,+0.075223
(31|33),(15|33),0.166538,0.253675,-0.087137
(31|33),(15|34),0.333076,0.247161,+0.085915
(31|33),(31|33),0.166795,0.248227,-0.081432
(31|33),(31|34),0.333591,0.250936,+0.082654
(31|34),(15|34),0.166538,0.249735,-0.083197
(31|34),(15|35),0.333076,0.246730,+0.086346
(31|34),(31|34),0.166795,0.254330,-0.087535
(31|34),(31|35),0.333591,0.249205,+0.084386
(31|35),(15|35),0.166538,0.247958,-0.081420
(31|35),(15|36),0.333076,0.253167,+0.079909
(31|35),(31|35),0.166795,0.247425,-0.080630
(31|35),(31|36),0.333591,0.251450,+0.082140
(31|36),(15|36),0.166538,0.252629,-0.086091
(31|36),(15|37),0.333076,0.245220,+0.087856
(31|36),(31|36),0.166795,0.249761,-0.082966
(31|36),(31|37),0.333591,0.252390,+0.081201
(31|37),(15|37),0.166538,0.244325,-0.077787
(31|37),(15|38),0.333076,0.242921,+0.090155
(31|37),(31|37),0.166795,0.250878,-0.084082
(31|37),(31|38),0.333591,0.261877,+0.071714
(31|38),(15|38),0.166538,0.258437,-0.091899
(31|38),(15|39),0.333076,0.245955,+0.087121
(31|38),(31|38),0.166795,0.247804,-0.081009
(31|38),(31|39),0.333591,0.247804,+0.085787
(31|39),(15|39),0.166538,0.251445,-0.084907
(31|39),(15|40),0.333076,0.242775,+0.090301
(31|39),(31|39),0.166795,0.235067,-0.068272
(31|39),(31|40),0.333591,0.270713,+0.062878
(31|40),(15|40),0.166538,0.265193,-0.098655
(31|40),(15|41),0.333076,0.248619,+0.084457
(31|40),(31|40),0.166795,0.233886,-0.067090
(31|40),(31|41),0.333591,0.252302,+0.081289
(31|41),(15|41),0.166538,0.250000,-0.083462
(31|41),(15|42),0.333076,0.221831,+0.111245
(31|41),(31|41),0.166795,0.264085,-0.097289
(31|41),(31|42),0.333591,0.264085,+0.069506
(31|42),(15|42),0.166538,0.261194,-0.094656
(31|42),(15|43),0.333076,0.246269,+0.086807
(31|42),(31|42),0.166795,0.238806,-0.072011
(31|42),(31|43),0.333591,0.253731,+0.079859
(31|43),(15|43),0.166538,0.166667,-0.000129
(31|43),(31|43),0.166795,0.263889,-0.097094
