r,ell,eps,c,a,b,absF,theta,s,sigma,J4
2,0,0,1,1,0,15.5884572681,0.756309342531,20,-1,13
2,0,0,1,4,1,15.5884572681,-1.338085759862,2,-1,85
2,0,0,1,7,2,15.5884572681,0.756309342531,20,-1,13
2,1,0,10,1,0,15.5884572681,2.850704444924,11,-1,49
2,1,0,10,4,1,15.5884572681,0.756309342531,20,-1,13
2,1,0,10,7,2,15.5884572681,2.850704444924,11,-1,49
2,2,0,19,1,0,15.5884572681,-1.338085759862,2,-1,85
2,2,0,19,4,1,15.5884572681,2.850704444924,11,-1,49
2,2,0,19,7,2,15.5884572681,-1.338085759862,2,-1,85
2,0,1,2,2,0,15.5884572681,-0.058177641733,13,-1,107
2,0,1,2,5,1,15.5884572681,-0.058177641733,13,-1,107
2,0,1,2,8,2,15.5884572681,2.036217460660,4,-1,35
2,1,1,20,2,0,15.5884572681,-2.152572744126,22,-1,71
2,1,1,20,5,1,15.5884572681,-2.152572744126,22,-1,71
2,1,1,20,8,2,15.5884572681,-0.058177641733,13,-1,107
2,2,1,11,2,0,15.5884572681,2.036217460660,4,-1,35
2,2,1,11,5,1,15.5884572681,2.036217460660,4,-1,35
2,2,1,11,8,2,15.5884572681,-2.152572744126,22,-1,71
3,0,0,1,1,0,27.0000000000,0.077570188978,2,1,4
3,0,0,1,4,1,27.0000000000,-0.620561511820,65,1,292
3,0,0,1,7,2,27.0000000000,0.077570188978,2,1,4
3,0,0,1,10,3,27.0000000000,-2.016824913416,29,1,220
3,0,0,1,13,4,27.0000000000,1.473833590573,38,1,76
3,0,0,1,16,5,27.0000000000,0.077570188978,2,1,4
3,0,0,1,19,6,27.0000000000,2.171965291371,56,1,112
3,0,0,1,22,7,27.0000000000,-2.714956614213,11,1,184
3,0,0,1,25,8,27.0000000000,0.077570188978,2,1,4
3,1,0,28,1,0,27.0000000000,2.171965291371,56,1,112
3,1,0,28,4,1,27.0000000000,1.473833590573,38,1,76
3,1,0,28,7,2,27.0000000000,2.171965291371,56,1,112
3,1,0,28,10,3,27.0000000000,0.077570188978,2,1,4
3,1,0,28,13,4,27.0000000000,-2.714956614213,11,1,184
3,1,0,28,16,5,27.0000000000,2.171965291371,56,1,112
3,1,0,28,19,6,27.0000000000,-2.016824913416,29,1,220
3,1,0,28,22,7,27.0000000000,-0.620561511820,65,1,292
3,1,0,28,25,8,27.0000000000,2.171965291371,56,1,112
3,2,0,55,1,0,27.0000000000,-2.016824913416,29,1,220
3,2,0,55,4,1,27.0000000000,-2.714956614213,11,1,184
3,2,0,55,7,2,27.0000000000,-2.016824913416,29,1,220
3,2,0,55,10,3,27.0000000000,2.171965291371,56,1,112
3,2,0,55,13,4,27.0000000000,-0.620561511820,65,1,292
3,2,0,55,16,5,27.0000000000,-2.016824913416,29,1,220
3,2,0,55,19,6,27.0000000000,0.077570188978,2,1,4
3,2,0,55,22,7,27.0000000000,1.473833590573,38,1,76
3,2,0,55,25,8,27.0000000000,-2.016824913416,29,1,220
3,0,1,2,2,0,27.0000000000,0.155140377955,4,1,8
3,0,1,2,5,1,27.0000000000,0.155140377955,4,1,8
3,0,1,2,8,2,27.0000000000,-1.241123023640,49,1,260
3,0,1,2,11,3,27.0000000000,-1.939254724438,31,1,224
3,0,1,2,14,4,27.0000000000,0.155140377955,4,1,8
3,0,1,2,17,5,27.0000000000,0.853272078753,22,1,44
3,0,1,2,20,6,27.0000000000,2.249535480348,58,1,116
3,0,1,2,23,7,27.0000000000,0.155140377955,4,1,8
3,0,1,2,26,8,27.0000000000,2.947667181146,76,1,152
3,1,1,56,2,0,27.0000000000,-1.939254724438,31,1,224
3,1,1,56,5,1,27.0000000000,-1.939254724438,31,1,224
3,1,1,56,8,2,27.0000000000,2.947667181146,76,1,152
3,1,1,56,11,3,27.0000000000,2.249535480348,58,1,116
3,1,1,56,14,4,27.0000000000,-1.939254724438,31,1,224
3,1,1,56,17,5,27.0000000000,-1.241123023640,49,1,260
3,1,1,56,20,6,27.0000000000,0.155140377955,4,1,8
3,1,1,56,23,7,27.0000000000,-1.939254724438,31,1,224
3,1,1,56,26,8,27.0000000000,0.853272078753,22,1,44
3,2,1,29,2,0,27.0000000000,2.249535480348,58,1,116
3,2,1,29,5,1,27.0000000000,2.249535480348,58,1,116
3,2,1,29,8,2,27.0000000000,0.853272078753,22,1,44
3,2,1,29,11,3,27.0000000000,0.155140377955,4,1,8
3,2,1,29,14,4,27.0000000000,2.249535480348,58,1,116
3,2,1,29,17,5,27.0000000000,2.947667181146,76,1,152
3,2,1,29,20,6,27.0000000000,-1.939254724438,31,1,224
3,2,1,29,23,7,27.0000000000,2.249535480348,58,1,116
3,2,1,29,26,8,27.0000000000,-1.241123023640,49,1,260
4,0,0,1,1,0,46.7653718044,0.549455505257,164,-1,85
4,0,0,1,4,1,46.7653718044,0.316744938325,146,-1,49
4,0,0,1,7,2,46.7653718044,0.549455505257,164,-1,85
4,0,0,1,10,3,46.7653718044,-2.243071297933,191,-1,625
4,0,0,1,13,4,46.7653718044,3.109271741516,119,-1,481
4,0,0,1,16,5,46.7653718044,-1.544939597136,2,-1,733
4,0,0,1,19,6,46.7653718044,-0.846807896338,56,-1,841
4,0,0,1,22,7,46.7653718044,-2.475781864866,173,-1,589
4,0,0,1,25,8,46.7653718044,0.549455505257,164,-1,85
4,0,0,1,28,9,46.7653718044,-1.544939597136,2,-1,733
4,0,0,1,31,10,46.7653718044,2.411140040718,65,-1,373
4,0,0,1,34,11,46.7653718044,0.549455505257,164,-1,85
4,0,0,1,37,12,46.7653718044,1.945718906853,29,-1,301
4,0,0,1,40,13,46.7653718044,-1.079518463271,38,-1,805
4,0,0,1,43,14,46.7653718044,-1.544939597136,2,-1,733
4,0,0,1,46,15,46.7653718044,-2.941202998731,137,-1,517
4,0,0,1,49,16,46.7653718044,-0.381386762473,92,-1,913
4,0,0,1,52,17,46.7653718044,0.549455505257,164,-1,85
4,0,0,1,55,18,46.7653718044,2.643850607651,83,-1,409
4,0,0,1,58,19,46.7653718044,-1.777650164068,227,-1,697
4,0,0,1,61,20,46.7653718044,0.549455505257,164,-1,85
4,0,0,1,64,21,46.7653718044,-0.148676195540,110,-1,949
4,0,0,1,67,22,46.7653718044,1.014876639123,200,-1,157
4,0,0,1,70,23,46.7653718044,-1.544939597136,2,-1,733
4,0,0,1,73,24,46.7653718044,1.247587206055,218,-1,193
4,0,0,1,76,25,46.7653718044,1.713008339920,11,-1,265
4,0,0,1,79,26,46.7653718044,0.549455505257,164,-1,85
4,1,0,82,1,0,46.7653718044,2.643850607651,83,-1,409
4,1,0,82,4,1,46.7653718044,2.411140040718,65,-1,373
4,1,0,82,7,2,46.7653718044,2.643850607651,83,-1,409
4,1,0,82,10,3,46.7653718044,-0.148676195540,110,-1,949
4,1,0,82,13,4,46.7653718044,-1.079518463271,38,-1,805
4,1,0,82,16,5,46.7653718044,0.549455505257,164,-1,85
4,1,0,82,19,6,46.7653718044,1.247587206055,218,-1,193
4,1,0,82,22,7,46.7653718044,-0.381386762473,92,-1,913
4,1,0,82,25,8,46.7653718044,2.643850607651,83,-1,409
4,1,0,82,28,9,46.7653718044,0.549455505257,164,-1,85
4,1,0,82,31,10,46.7653718044,-1.777650164068,227,-1,697
4,1,0,82,34,11,46.7653718044,2.643850607651,83,-1,409
4,1,0,82,37,12,46.7653718044,-2.243071297933,191,-1,625
4,1,0,82,40,13,46.7653718044,1.014876639123,200,-1,157
4,1,0,82,43,14,46.7653718044,0.549455505257,164,-1,85
4,1,0,82,46,15,46.7653718044,-0.846807896338,56,-1,841
4,1,0,82,49,16,46.7653718044,1.713008339920,11,-1,265
4,1,0,82,52,17,46.7653718044,2.643850607651,83,-1,409
4,1,0,82,55,18,46.7653718044,-1.544939597136,2,-1,733
4,1,0,82,58,19,46.7653718044,0.316744938325,146,-1,49
4,1,0,82,61,20,46.7653718044,2.643850607651,83,-1,409
4,1,0,82,64,21,46.7653718044,1.945718906853,29,-1,301
4,1,0,82,67,22,46.7653718044,3.109271741516,119,-1,481
4,1,0,82,70,23,46.7653718044,0.549455505257,164,-1,85
4,1,0,82,73,24,46.7653718044,-2.941202998731,137,-1,517
4,1,0,82,76,25,46.7653718044,-2.475781864866,173,-1,589
4,1,0,82,79,26,46.7653718044,2.643850607651,83,-1,409
4,2,0,163,1,0,46.7653718044,-1.544939597136,2,-1,733
4,2,0,163,4,1,46.7653718044,-1.777650164068,227,-1,697
4,2,0,163,7,2,46.7653718044,-1.544939597136,2,-1,733
4,2,0,163,10,3,46.7653718044,1.945718906853,29,-1,301
4,2,0,163,13,4,46.7653718044,1.014876639123,200,-1,157
4,2,0,163,16,5,46.7653718044,2.643850607651,83,-1,409
4,2,0,163,19,6,46.7653718044,-2.941202998731,137,-1,517
4,2,0,163,22,7,46.7653718044,1.713008339920,11,-1,265
4,2,0,163,25,8,46.7653718044,-1.544939597136,2,-1,733
4,2,0,163,28,9,46.7653718044,2.643850607651,83,-1,409
4,2,0,163,31,10,46.7653718044,0.316744938325,146,-1,49
4,2,0,163,34,11,46.7653718044,-1.544939597136,2,-1,733
4,2,0,163,37,12,46.7653718044,-0.148676195540,110,-1,949
4,2,0,163,40,13,46.7653718044,3.109271741516,119,-1,481
4,2,0,163,43,14,46.7653718044,2.643850607651,83,-1,409
4,2,0,163,46,15,46.7653718044,1.247587206055,218,-1,193
4,2,0,163,49,16,46.7653718044,-2.475781864866,173,-1,589
4,2,0,163,52,17,46.7653718044,-1.544939597136,2,-1,733
4,2,0,163,55,18,46.7653718044,0.549455505257,164,-1,85
4,2,0,163,58,19,46.7653718044,2.411140040718,65,-1,373
4,2,0,163,61,20,46.7653718044,-1.544939597136,2,-1,733
4,2,0,163,64,21,46.7653718044,-2.243071297933,191,-1,625
4,2,0,163,67,22,46.7653718044,-1.079518463271,38,-1,805
4,2,0,163,70,23,46.7653718044,2.643850607651,83,-1,409
4,2,0,163,73,24,46.7653718044,-0.846807896338,56,-1,841
4,2,0,163,76,25,46.7653718044,-0.381386762473,92,-1,913
4,2,0,163,79,26,46.7653718044,-1.544939597136,2,-1,733
4,0,1,2,2,0,46.7653718044,-0.471885316280,85,-1,899
4,0,1,2,5,1,46.7653718044,1.622509786113,4,-1,251
4,0,1,2,8,2,46.7653718044,-0.937306450145,49,-1,827
4,0,1,2,11,3,46.7653718044,-1.170017017078,31,-1,791
4,0,1,2,14,4,46.7653718044,-0.471885316280,85,-1,899
4,0,1,2,17,5,46.7653718044,-2.333569851741,184,-1,611
4,0,1,2,20,6,46.7653718044,0.226246384518,139,-1,35
4,0,1,2,23,7,46.7653718044,-0.471885316280,85,-1,899
4,0,1,2,26,8,46.7653718044,-1.635438150943,238,-1,719
4,0,1,2,29,9,46.7653718044,-2.566280418673,166,-1,575
4,0,1,2,32,10,46.7653718044,1.622509786113,4,-1,251
4,0,1,2,35,11,46.7653718044,1.157088652248,211,-1,179
4,0,1,2,38,12,46.7653718044,3.018773187709,112,-1,467
4,0,1,2,41,13,46.7653718044,-0.471885316280,85,-1,899
4,0,1,2,44,14,46.7653718044,-0.239174749347,103,-1,935
4,0,1,2,47,15,46.7653718044,-1.868148717875,220,-1,683
4,0,1,2,50,16,46.7653718044,-0.471885316280,85,-1,899
4,0,1,2,53,17,46.7653718044,0.458956951450,157,-1,71
4,0,1,2,56,18,46.7653718044,1.622509786113,4,-1,251
4,0,1,2,59,19,46.7653718044,1.622509786113,4,-1,251
4,0,1,2,62,20,46.7653718044,-3.031701552538,130,-1,503
4,0,1,2,65,21,46.7653718044,0.924378085316,193,-1,143
4,0,1,2,68,22,46.7653718044,-0.471885316280,85,-1,899
4,0,1,2,71,23,46.7653718044,1.855220353046,22,-1,287
4,0,1,2,74,24,46.7653718044,2.320641486911,58,-1,359
4,0,1,2,77,25,46.7653718044,-0.471885316280,85,-1,899
4,0,1,2,80,26,46.7653718044,2.553352053844,76,-1,395
4,1,1,164,2,0,46.7653718044,-2.566280418673,166,-1,575
4,1,1,164,5,1,46.7653718044,-0.471885316280,85,-1,899
4,1,1,164,8,2,46.7653718044,-3.031701552538,130,-1,503
4,1,1,164,11,3,46.7653718044,3.018773187709,112,-1,467
4,1,1,164,14,4,46.7653718044,-2.566280418673,166,-1,575
4,1,1,164,17,5,46.7653718044,1.855220353046,22,-1,287
4,1,1,164,20,6,46.7653718044,-1.868148717875,220,-1,683
4,1,1,164,23,7,46.7653718044,-2.566280418673,166,-1,575
4,1,1,164,26,8,46.7653718044,2.553352053844,76,-1,395
4,1,1,164,29,9,46.7653718044,1.622509786113,4,-1,251
4,1,1,164,32,10,46.7653718044,-0.471885316280,85,-1,899
4,1,1,164,35,11,46.7653718044,-0.937306450145,49,-1,827
4,1,1,164,38,12,46.7653718044,0.924378085316,193,-1,143
4,1,1,164,41,13,46.7653718044,-2.566280418673,166,-1,575
4,1,1,164,44,14,46.7653718044,-2.333569851741,184,-1,611
4,1,1,164,47,15,46.7653718044,2.320641486911,58,-1,359
4,1,1,164,50,16,46.7653718044,-2.566280418673,166,-1,575
4,1,1,164,53,17,46.7653718044,-1.635438150943,238,-1,719
4,1,1,164,56,18,46.7653718044,-0.471885316280,85,-1,899
4,1,1,164,59,19,46.7653718044,-0.471885316280,85,-1,899
4,1,1,164,62,20,46.7653718044,1.157088652248,211,-1,179
4,1,1,164,65,21,46.7653718044,-1.170017017078,31,-1,791
4,1,1,164,68,22,46.7653718044,-2.566280418673,166,-1,575
4,1,1,164,71,23,46.7653718044,-0.239174749347,103,-1,935
4,1,1,164,74,24,46.7653718044,0.226246384518,139,-1,35
4,1,1,164,77,25,46.7653718044,-2.566280418673,166,-1,575
4,1,1,164,80,26,46.7653718044,0.458956951450,157,-1,71
4,2,1,83,2,0,46.7653718044,1.622509786113,4,-1,251
4,2,1,83,5,1,46.7653718044,-2.566280418673,166,-1,575
4,2,1,83,8,2,46.7653718044,1.157088652248,211,-1,179
4,2,1,83,11,3,46.7653718044,0.924378085316,193,-1,143
4,2,1,83,14,4,46.7653718044,1.622509786113,4,-1,251
4,2,1,83,17,5,46.7653718044,-0.239174749347,103,-1,935
4,2,1,83,20,6,46.7653718044,2.320641486911,58,-1,359
4,2,1,83,23,7,46.7653718044,1.622509786113,4,-1,251
4,2,1,83,26,8,46.7653718044,0.458956951450,157,-1,71
4,2,1,83,29,9,46.7653718044,-0.471885316280,85,-1,899
4,2,1,83,32,10,46.7653718044,-2.566280418673,166,-1,575
4,2,1,83,35,11,46.7653718044,-3.031701552538,130,-1,503
4,2,1,83,38,12,46.7653718044,-1.170017017078,31,-1,791
4,2,1,83,41,13,46.7653718044,1.622509786113,4,-1,251
4,2,1,83,44,14,46.7653718044,1.855220353046,22,-1,287
4,2,1,83,47,15,46.7653718044,0.226246384518,139,-1,35
4,2,1,83,50,16,46.7653718044,1.622509786113,4,-1,251
4,2,1,83,53,17,46.7653718044,2.553352053844,76,-1,395
4,2,1,83,56,18,46.7653718044,-2.566280418673,166,-1,575
4,2,1,83,59,19,46.7653718044,-2.566280418673,166,-1,575
4,2,1,83,62,20,46.7653718044,-0.937306450145,49,-1,827
4,2,1,83,65,21,46.7653718044,3.018773187709,112,-1,467
4,2,1,83,68,22,46.7653718044,1.622509786113,4,-1,251
4,2,1,83,71,23,46.7653718044,-2.333569851741,184,-1,611
4,2,1,83,74,24,46.7653718044,-1.868148717875,220,-1,683
4,2,1,83,77,25,46.7653718044,1.622509786113,4,-1,251
4,2,1,83,80,26,46.7653718044,-1.635438150943,238,-1,719
5,0,0,1,1,0,81.0000000000,2.801145713077,650,1,1300
5,0,0,1,4,1,81.0000000000,-1.465214680687,389,1,2236
5,0,0,1,7,2,81.0000000000,2.801145713077,650,1,1300
5,0,0,1,10,3,81.0000000000,-0.224091657046,677,1,2812
5,0,0,1,13,4,81.0000000000,-0.534372412956,605,1,2668
5,0,0,1,16,5,81.0000000000,0.008618909886,2,1,4
5,0,0,1,19,6,81.0000000000,0.241329476819,56,1,112
5,0,0,1,22,7,81.0000000000,-0.301661846024,659,1,2776
5,0,0,1,25,8,81.0000000000,-1.387644491709,407,1,2272
5,0,0,1,28,9,81.0000000000,-2.085776192507,245,1,1948
5,0,0,1,31,10,81.0000000000,-0.767082979889,551,1,2560
5,0,0,1,34,11,81.0000000000,-1.387644491709,407,1,2272
5,0,0,1,37,12,81.0000000000,-0.922223357844,515,1,2488
5,0,0,1,40,13,81.0000000000,-1.930635814552,281,1,2020
5,0,0,1,43,14,81.0000000000,0.008618909886,2,1,4
5,0,0,1,46,15,81.0000000000,-2.551197326372,137,1,1732
5,0,0,1,49,16,81.0000000000,2.490864957167,578,1,1156
5,0,0,1,52,17,81.0000000000,2.801145713077,650,1,1300
5,0,0,1,55,18,81.0000000000,-0.689512790911,569,1,2596
5,0,0,1,58,19,81.0000000000,-0.068951279091,713,1,2884
5,0,0,1,61,20,81.0000000000,0.706750610684,164,1,328
5,0,0,1,64,21,81.0000000000,-1.620355058642,353,1,2164
5,0,0,1,67,22,81.0000000000,2.956286091032,686,1,1372
5,0,0,1,70,23,81.0000000000,0.008618909886,2,1,4
5,0,0,1,73,24,81.0000000000,0.939461177617,218,1,436
5,0,0,1,76,25,81.0000000000,-0.999793546821,497,1,2452
5,0,0,1,79,26,81.0000000000,0.706750610684,164,1,328
5,0,0,1,82,27,81.0000000000,0.706750610684,164,1,328
5,0,0,1,85,28,81.0000000000,0.629180421707,146,1,292
5,0,0,1,88,29,81.0000000000,2.801145713077,650,1,1300
5,0,0,1,91,30,81.0000000000,-2.318486759439,191,1,1840
5,0,0,1,94,31,81.0000000000,1.560022689437,362,1,724
5,0,0,1,97,32,81.0000000000,0.008618909886,2,1,4
5,0,0,1,100,33,81.0000000000,-1.853065625574,299,1,2056
5,0,0,1,103,34,81.0000000000,1.792733256369,416,1,832
5,0,0,1,106,35,81.0000000000,-1.387644491709,407,1,2272
5,0,0,1,109,36,81.0000000000,2.103014012280,488,1,976
5,0,0,1,112,37,81.0000000000,1.327312122504,308,1,616
5,0,0,1,115,38,81.0000000000,-1.387644491709,407,1,2272
5,0,0,1,118,39,81.0000000000,-3.016618460237,29,1,1516
5,0,0,1,121,40,81.0000000000,0.163759287841,38,1,76
5,0,0,1,124,41,81.0000000000,0.008618909886,2,1,4
5,0,0,1,127,42,81.0000000000,1.637592878414,380,1,760
5,0,0,1,130,43,81.0000000000,-1.697925247619,335,1,2128
5,0,0,1,133,44,81.0000000000,2.801145713077,650,1,1300
5,0,0,1,136,45,81.0000000000,-2.783907893305,83,1,1624
5,0,0,1,139,46,81.0000000000,2.025443823302,470,1,940
5,0,0,1,142,47,81.0000000000,0.706750610684,164,1,328
5,0,0,1,145,48,81.0000000000,2.568435146145,596,1,1192
5,0,0,1,148,49,81.0000000000,-1.232504113754,443,1,2344
5,0,0,1,151,50,81.0000000000,0.008618909886,2,1,4
5,0,0,1,154,51,81.0000000000,-1.154933924776,461,1,2380
5,0,0,1,157,52,81.0000000000,1.094601555572,254,1,508
5,0,0,1,160,53,81.0000000000,0.706750610684,164,1,328
5,0,0,1,163,54,81.0000000000,-1.387644491709,407,1,2272
5,0,0,1,166,55,81.0000000000,2.723575524100,632,1,1264
5,0,0,1,169,56,81.0000000000,2.801145713077,650,1,1300
5,0,0,1,172,57,81.0000000000,1.870303445347,434,1,868
5,0,0,1,175,58,81.0000000000,-2.628767515349,119,1,1696
5,0,0,1,178,59,81.0000000000,0.008618909886,2,1,4
5,0,0,1,181,60,81.0000000000,2.335724579212,542,1,1084
5,0,0,1,184,61,81.0000000000,-2.396056948417,173,1,1804
5,0,0,1,187,62,81.0000000000,-1.387644491709,407,1,2272
5,0,0,1,190,63,81.0000000000,0.008618909886,2,1,4
5,0,0,1,193,64,81.0000000000,-2.861478082282,65,1,1588
5,0,0,1,196,65,81.0000000000,-1.387644491709,407,1,2272
5,0,0,1,199,66,81.0000000000,1.172171744549,272,1,544
5,0,0,1,202,67,81.0000000000,2.258154390235,524,1,1048
5,0,0,1,205,68,81.0000000000,0.008618909886,2,1,4
5,0,0,1,208,69,81.0000000000,-0.456802223979,623,1,2704
5,0,0,1,211,70,81.0000000000,0.396469854774,92,1,184
5,0,0,1,214,71,81.0000000000,2.801145713077,650,1,1300
5,0,0,1,217,72,81.0000000000,1.404882311482,326,1,652
5,0,0,1,220,73,81.0000000000,-2.163346381484,227,1,1912
5,0,0,1,223,74,81.0000000000,0.706750610684,164,1,328
5,0,0,1,226,75,81.0000000000,0.474040043752,110,1,220
5,0,0,1,229,76,81.0000000000,0.861890988639,200,1,400
5,0,0,1,232,77,81.0000000000,0.008618909886,2,1,4
5,0,0,1,235,78,81.0000000000,3.033856280010,704,1,1408
5,0,0,1,238,79,81.0000000000,-3.094188649215,11,1,1480
5,0,0,1,241,80,81.0000000000,0.706750610684,164,1,328
5,1,0,244,1,0,81.0000000000,-1.387644491709,407,1,2272
5,1,0,244,4,1,81.0000000000,0.629180421707,146,1,292
5,1,0,244,7,2,81.0000000000,-1.387644491709,407,1,2272
5,1,0,244,10,3,81.0000000000,1.870303445347,434,1,868
5,1,0,244,13,4,81.0000000000,1.560022689437,362,1,724
5,1,0,244,16,5,81.0000000000,2.103014012280,488,1,976
5,1,0,244,19,6,81.0000000000,2.335724579212,542,1,1084
5,1,0,244,22,7,81.0000000000,1.792733256369,416,1,832
5,1,0,244,25,8,81.0000000000,0.706750610684,164,1,328
5,1,0,244,28,9,81.0000000000,0.008618909886,2,1,4
5,1,0,244,31,10,81.0000000000,1.327312122504,308,1,616
5,1,0,244,34,11,81.0000000000,0.706750610684,164,1,328
5,1,0,244,37,12,81.0000000000,1.172171744549,272,1,544
5,1,0,244,40,13,81.0000000000,0.163759287841,38,1,76
5,1,0,244,43,14,81.0000000000,2.103014012280,488,1,976
5,1,0,244,46,15,81.0000000000,-0.456802223979,623,1,2704
5,1,0,244,49,16,81.0000000000,-1.697925247619,335,1,2128
5,1,0,244,52,17,81.0000000000,-1.387644491709,407,1,2272
5,1,0,244,55,18,81.0000000000,1.404882311482,326,1,652
5,1,0,244,58,19,81.0000000000,2.025443823302,470,1,940
5,1,0,244,61,20,81.0000000000,2.801145713077,650,1,1300
5,1,0,244,64,21,81.0000000000,0.474040043752,110,1,220
5,1,0,244,67,22,81.0000000000,-1.232504113754,443,1,2344
5,1,0,244,70,23,81.0000000000,2.103014012280,488,1,976
5,1,0,244,73,24,81.0000000000,3.033856280010,704,1,1408
5,1,0,244,76,25,81.0000000000,1.094601555572,254,1,508
5,1,0,244,79,26,81.0000000000,2.801145713077,650,1,1300
5,1,0,244,82,27,81.0000000000,2.801145713077,650,1,1300
5,1,0,244,85,28,81.0000000000,2.723575524100,632,1,1264
5,1,0,244,88,29,81.0000000000,-1.387644491709,407,1,2272
5,1,0,244,91,30,81.0000000000,-0.224091657046,677,1,2812
5,1,0,244,94,31,81.0000000000,-2.628767515349,119,1,1696
5,1,0,244,97,32,81.0000000000,2.103014012280,488,1,976
5,1,0,244,100,33,81.0000000000,0.241329476819,56,1,112
5,1,0,244,103,34,81.0000000000,-2.396056948417,173,1,1804
5,1,0,244,106,35,81.0000000000,0.706750610684,164,1,328
5,1,0,244,109,36,81.0000000000,-2.085776192507,245,1,1948
5,1,0,244,112,37,81.0000000000,-2.861478082282,65,1,1588
5,1,0,244,115,38,81.0000000000,0.706750610684,164,1,328
5,1,0,244,118,39,81.0000000000,-0.922223357844,515,1,2488
5,1,0,244,121,40,81.0000000000,2.258154390235,524,1,1048
5,1,0,244,124,41,81.0000000000,2.103014012280,488,1,976
5,1,0,244,127,42,81.0000000000,-2.551197326372,137,1,1732
5,1,0,244,130,43,81.0000000000,0.396469854774,92,1,184
5,1,0,244,133,44,81.0000000000,-1.387644491709,407,1,2272
5,1,0,244,136,45,81.0000000000,-0.689512790911,569,1,2596
5,1,0,244,139,46,81.0000000000,-2.163346381484,227,1,1912
5,1,0,244,142,47,81.0000000000,2.801145713077,650,1,1300
5,1,0,244,145,48,81.0000000000,-1.620355058642,353,1,2164
5,1,0,244,148,49,81.0000000000,0.861890988639,200,1,400
5,1,0,244,151,50,81.0000000000,2.103014012280,488,1,976
5,1,0,244,154,51,81.0000000000,0.939461177617,218,1,436
5,1,0,244,157,52,81.0000000000,-3.094188649215,11,1,1480
5,1,0,244,160,53,81.0000000000,2.801145713077,650,1,1300
5,1,0,244,163,54,81.0000000000,0.706750610684,164,1,328
5,1,0,244,166,55,81.0000000000,-1.465214680687,389,1,2236
5,1,0,244,169,56,81.0000000000,-1.387644491709,407,1,2272
5,1,0,244,172,57,81.0000000000,-2.318486759439,191,1,1840
5,1,0,244,175,58,81.0000000000,-0.534372412956,605,1,2668
5,1,0,244,178,59,81.0000000000,2.103014012280,488,1,976
5,1,0,244,181,60,81.0000000000,-1.853065625574,299,1,2056
5,1,0,244,184,61,81.0000000000,-0.301661846024,659,1,2776
5,1,0,244,187,62,81.0000000000,0.706750610684,164,1,328
5,1,0,244,190,63,81.0000000000,2.103014012280,488,1,976
5,1,0,244,193,64,81.0000000000,-0.767082979889,551,1,2560
5,1,0,244,196,65,81.0000000000,0.706750610684,164,1,328
5,1,0,244,199,66,81.0000000000,-3.016618460237,29,1,1516
5,1,0,244,202,67,81.0000000000,-1.930635814552,281,1,2020
5,1,0,244,205,68,81.0000000000,2.103014012280,488,1,976
5,1,0,244,208,69,81.0000000000,1.637592878414,380,1,760
5,1,0,244,211,70,81.0000000000,2.490864957167,578,1,1156
5,1,0,244,214,71,81.0000000000,-1.387644491709,407,1,2272
5,1,0,244,217,72,81.0000000000,-2.783907893305,83,1,1624
5,1,0,244,220,73,81.0000000000,-0.068951279091,713,1,2884
5,1,0,244,223,74,81.0000000000,2.801145713077,650,1,1300
5,1,0,244,226,75,81.0000000000,2.568435146145,596,1,1192
5,1,0,244,229,76,81.0000000000,2.956286091032,686,1,1372
5,1,0,244,232,77,81.0000000000,2.103014012280,488,1,976
5,1,0,244,235,78,81.0000000000,-1.154933924776,461,1,2380
5,1,0,244,238,79,81.0000000000,-0.999793546821,497,1,2452
5,1,0,244,241,80,81.0000000000,2.801145713077,650,1,1300
5,2,0,487,1,0,81.0000000000,0.706750610684,164,1,328
5,2,0,487,4,1,81.0000000000,2.723575524100,632,1,1264
5,2,0,487,7,2,81.0000000000,0.706750610684,164,1,328
5,2,0,487,10,3,81.0000000000,-2.318486759439,191,1,1840
5,2,0,487,13,4,81.0000000000,-2.628767515349,119,1,1696
5,2,0,487,16,5,81.0000000000,-2.085776192507,245,1,1948
5,2,0,487,19,6,81.0000000000,-1.853065625574,299,1,2056
5,2,0,487,22,7,81.0000000000,-2.396056948417,173,1,1804
5,2,0,487,25,8,81.0000000000,2.801145713077,650,1,1300
5,2,0,487,28,9,81.0000000000,2.103014012280,488,1,976
5,2,0,487,31,10,81.0000000000,-2.861478082282,65,1,1588
5,2,0,487,34,11,81.0000000000,2.801145713077,650,1,1300
5,2,0,487,37,12,81.0000000000,-3.016618460237,29,1,1516
5,2,0,487,40,13,81.0000000000,2.258154390235,524,1,1048
5,2,0,487,43,14,81.0000000000,-2.085776192507,245,1,1948
5,2,0,487,46,15,81.0000000000,1.637592878414,380,1,760
5,2,0,487,49,16,81.0000000000,0.396469854774,92,1,184
5,2,0,487,52,17,81.0000000000,0.706750610684,164,1,328
5,2,0,487,55,18,81.0000000000,-2.783907893305,83,1,1624
5,2,0,487,58,19,81.0000000000,-2.163346381484,227,1,1912
5,2,0,487,61,20,81.0000000000,-1.387644491709,407,1,2272
5,2,0,487,64,21,81.0000000000,2.568435146145,596,1,1192
5,2,0,487,67,22,81.0000000000,0.861890988639,200,1,400
5,2,0,487,70,23,81.0000000000,-2.085776192507,245,1,1948
5,2,0,487,73,24,81.0000000000,-1.154933924776,461,1,2380
5,2,0,487,76,25,81.0000000000,-3.094188649215,11,1,1480
5,2,0,487,79,26,81.0000000000,-1.387644491709,407,1,2272
5,2,0,487,82,27,81.0000000000,-1.387644491709,407,1,2272
5,2,0,487,85,28,81.0000000000,-1.465214680687,389,1,2236
5,2,0,487,88,29,81.0000000000,0.706750610684,164,1,328
5,2,0,487,91,30,81.0000000000,1.870303445347,434,1,868
5,2,0,487,94,31,81.0000000000,-0.534372412956,605,1,2668
5,2,0,487,97,32,81.0000000000,-2.085776192507,245,1,1948
5,2,0,487,100,33,81.0000000000,2.335724579212,542,1,1084
5,2,0,487,103,34,81.0000000000,-0.301661846024,659,1,2776
5,2,0,487,106,35,81.0000000000,2.801145713077,650,1,1300
5,2,0,487,109,36,81.0000000000,0.008618909886,2,1,4
5,2,0,487,112,37,81.0000000000,-0.767082979889,551,1,2560
5,2,0,487,115,38,81.0000000000,2.801145713077,650,1,1300
5,2,0,487,118,39,81.0000000000,1.172171744549,272,1,544
5,2,0,487,121,40,81.0000000000,-1.930635814552,281,1,2020
5,2,0,487,124,41,81.0000000000,-2.085776192507,245,1,1948
5,2,0,487,127,42,81.0000000000,-0.456802223979,623,1,2704
5,2,0,487,130,43,81.0000000000,2.490864957167,578,1,1156
5,2,0,487,133,44,81.0000000000,0.706750610684,164,1,328
5,2,0,487,136,45,81.0000000000,1.404882311482,326,1,652
5,2,0,487,139,46,81.0000000000,-0.068951279091,713,1,2884
5,2,0,487,142,47,81.0000000000,-1.387644491709,407,1,2272
5,2,0,487,145,48,81.0000000000,0.474040043752,110,1,220
5,2,0,487,148,49,81.0000000000,2.956286091032,686,1,1372
5,2,0,487,151,50,81.0000000000,-2.085776192507,245,1,1948
5,2,0,487,154,51,81.0000000000,3.033856280010,704,1,1408
5,2,0,487,157,52,81.0000000000,-0.999793546821,497,1,2452
5,2,0,487,160,53,81.0000000000,-1.387644491709,407,1,2272
5,2,0,487,163,54,81.0000000000,2.801145713077,650,1,1300
5,2,0,487,166,55,81.0000000000,0.629180421707,146,1,292
5,2,0,487,169,56,81.0000000000,0.706750610684,164,1,328
5,2,0,487,172,57,81.0000000000,-0.224091657046,677,1,2812
5,2,0,487,175,58,81.0000000000,1.560022689437,362,1,724
5,2,0,487,178,59,81.0000000000,-2.085776192507,245,1,1948
5,2,0,487,181,60,81.0000000000,0.241329476819,56,1,112
5,2,0,487,184,61,81.0000000000,1.792733256369,416,1,832
5,2,0,487,187,62,81.0000000000,2.801145713077,650,1,1300
5,2,0,487,190,63,81.0000000000,-2.085776192507,245,1,1948
5,2,0,487,193,64,81.0000000000,1.327312122504,308,1,616
5,2,0,487,196,65,81.0000000000,2.801145713077,650,1,1300
5,2,0,487,199,66,81.0000000000,-0.922223357844,515,1,2488
5,2,0,487,202,67,81.0000000000,0.163759287841,38,1,76
5,2,0,487,205,68,81.0000000000,-2.085776192507,245,1,1948
5,2,0,487,208,69,81.0000000000,-2.551197326372,137,1,1732
5,2,0,487,211,70,81.0000000000,-1.697925247619,335,1,2128
5,2,0,487,214,71,81.0000000000,0.706750610684,164,1,328
5,2,0,487,217,72,81.0000000000,-0.689512790911,569,1,2596
5,2,0,487,220,73,81.0000000000,2.025443823302,470,1,940
5,2,0,487,223,74,81.0000000000,-1.387644491709,407,1,2272
5,2,0,487,226,75,81.0000000000,-1.620355058642,353,1,2164
5,2,0,487,229,76,81.0000000000,-1.232504113754,443,1,2344
5,2,0,487,232,77,81.0000000000,-2.085776192507,245,1,1948
5,2,0,487,235,78,81.0000000000,0.939461177617,218,1,436
5,2,0,487,238,79,81.0000000000,1.094601555572,254,1,508
5,2,0,487,241,80,81.0000000000,-1.387644491709,407,1,2272
5,0,1,2,2,0,81.0000000000,-0.680893881025,571,1,2600
5,0,1,2,5,1,81.0000000000,0.017237819773,4,1,8
5,0,1,2,8,2,81.0000000000,-2.930429361373,49,1,1556
5,0,1,2,11,3,81.0000000000,-3.007999550351,31,1,1520
5,0,1,2,14,4,81.0000000000,-0.680893881025,571,1,2600
5,0,1,2,17,5,81.0000000000,2.887334811941,670,1,1340
5,0,1,2,20,6,81.0000000000,-0.448183314092,625,1,2708
5,0,1,2,23,7,81.0000000000,-0.680893881025,571,1,2600
5,0,1,2,26,8,81.0000000000,-1.068744825913,481,1,2420
5,0,1,2,29,9,81.0000000000,0.715369520571,166,1,332
5,0,1,2,32,10,81.0000000000,0.017237819773,4,1,8
5,0,1,2,35,11,81.0000000000,-2.232297660575,211,1,1880
5,0,1,2,38,12,81.0000000000,0.482658953638,112,1,224
5,0,1,2,41,13,81.0000000000,1.413501221368,328,1,656
5,0,1,2,44,14,81.0000000000,-0.603323692047,589,1,2636
5,0,1,2,47,15,81.0000000000,-1.146315014890,463,1,2384
5,0,1,2,50,16,81.0000000000,-2.775288983418,85,1,1628
5,0,1,2,53,17,81.0000000000,-2.465008227508,157,1,1772
5,0,1,2,56,18,81.0000000000,2.111632922166,490,1,980
5,0,1,2,59,19,81.0000000000,0.017237819773,4,1,8
5,0,1,2,62,20,81.0000000000,-1.534165959778,373,1,2204
5,0,1,2,65,21,81.0000000000,-2.309867849553,193,1,1844
5,0,1,2,68,22,81.0000000000,-2.775288983418,85,1,1628
5,0,1,2,71,23,81.0000000000,2.189203111144,508,1,1016
5,0,1,2,74,24,81.0000000000,-1.844446715688,301,1,2060
5,0,1,2,77,25,81.0000000000,1.413501221368,328,1,656
5,0,1,2,80,26,81.0000000000,2.421913678076,562,1,1124
5,0,1,2,83,27,81.0000000000,-2.775288983418,85,1,1628
5,0,1,2,86,28,81.0000000000,0.017237819773,4,1,8
5,0,1,2,89,29,81.0000000000,-0.836034258980,535,1,2528
5,0,1,2,92,30,81.0000000000,1.180790654436,274,1,548
5,0,1,2,95,31,81.0000000000,-0.680893881025,571,1,2600
5,0,1,2,98,32,81.0000000000,-1.301455392845,427,1,2312
5,0,1,2,101,33,81.0000000000,-2.542578416486,139,1,1736
5,0,1,2,104,34,81.0000000000,-0.680893881025,571,1,2600
5,0,1,2,107,35,81.0000000000,1.025650276481,238,1,476
5,0,1,2,110,36,81.0000000000,-1.379025581823,409,1,2276
5,0,1,2,113,37,81.0000000000,0.017237819773,4,1,8
5,0,1,2,116,38,81.0000000000,-0.137902558182,697,1,2852
5,0,1,2,119,39,81.0000000000,-1.611736148755,355,1,2168
5,0,1,2,122,40,81.0000000000,1.413501221368,328,1,656
5,0,1,2,125,41,81.0000000000,1.491071410346,346,1,692
5,0,1,2,128,42,81.0000000000,3.042475189896,706,1,1412
5,0,1,2,131,43,81.0000000000,-2.775288983418,85,1,1628
5,0,1,2,134,44,81.0000000000,-0.370613125115,643,1,2744
5,0,1,2,137,45,81.0000000000,0.017237819773,4,1,8
5,0,1,2,140,46,81.0000000000,0.017237819773,4,1,8
5,0,1,2,143,47,81.0000000000,0.560229142615,130,1,260
5,0,1,2,146,48,81.0000000000,1.878922355233,436,1,872
5,0,1,2,149,49,81.0000000000,-2.775288983418,85,1,1628
5,0,1,2,152,50,81.0000000000,-1.999587093643,265,1,1988
5,0,1,2,155,51,81.0000000000,2.344343489099,544,1,1088
5,0,1,2,158,52,81.0000000000,1.413501221368,328,1,656
5,0,1,2,161,53,81.0000000000,-1.766876526710,319,1,2096
5,0,1,2,164,54,81.0000000000,1.413501221368,328,1,656
5,0,1,2,167,55,81.0000000000,0.017237819773,4,1,8
5,0,1,2,170,56,81.0000000000,1.258360843413,292,1,584
5,0,1,2,173,57,81.0000000000,-0.913604447958,517,1,2492
5,0,1,2,176,58,81.0000000000,-0.680893881025,571,1,2600
5,0,1,2,179,59,81.0000000000,0.792939709548,184,1,368
5,0,1,2,182,60,81.0000000000,1.646211788301,382,1,764
5,0,1,2,185,61,81.0000000000,-0.680893881025,571,1,2600
5,0,1,2,188,62,81.0000000000,3.120045378874,724,1,1448
5,0,1,2,191,63,81.0000000000,2.809764622964,652,1,1304
5,0,1,2,194,64,81.0000000000,0.017237819773,4,1,8
5,0,1,2,197,65,81.0000000000,1.956492544211,454,1,908
5,0,1,2,200,66,81.0000000000,2.577054056031,598,1,1196
5,0,1,2,203,67,81.0000000000,1.413501221368,328,1,656
5,0,1,2,206,68,81.0000000000,-2.697718794441,103,1,1664
5,0,1,2,209,69,81.0000000000,0.948080087503,220,1,440
5,0,1,2,212,70,81.0000000000,-2.775288983418,85,1,1628
5,0,1,2,215,71,81.0000000000,1.723781977278,400,1,800
5,0,1,2,218,72,81.0000000000,-2.077157282620,247,1,1952
5,0,1,2,221,73,81.0000000000,0.017237819773,4,1,8
5,0,1,2,224,74,81.0000000000,2.654624245009,616,1,1232
5,0,1,2,227,75,81.0000000000,-0.215472747160,679,1,2816
5,0,1,2,230,76,81.0000000000,-2.775288983418,85,1,1628
5,0,1,2,233,77,81.0000000000,0.094808008750,22,1,44
5,0,1,2,236,78,81.0000000000,0.249948386705,58,1,116
5,0,1,2,239,79,81.0000000000,1.413501221368,328,1,656
5,0,1,2,242,80,81.0000000000,0.327518575683,76,1,152
5,1,1,488,2,0,81.0000000000,-2.775288983418,85,1,1628
5,1,1,488,5,1,81.0000000000,-2.077157282620,247,1,1952
5,1,1,488,8,2,81.0000000000,1.258360843413,292,1,584
5,1,1,488,11,3,81.0000000000,1.180790654436,274,1,548
5,1,1,488,14,4,81.0000000000,-2.775288983418,85,1,1628
5,1,1,488,17,5,81.0000000000,0.792939709548,184,1,368
5,1,1,488,20,6,81.0000000000,-2.542578416486,139,1,1736
5,1,1,488,23,7,81.0000000000,-2.775288983418,85,1,1628
5,1,1,488,26,8,81.0000000000,3.120045378874,724,1,1448
5,1,1,488,29,9,81.0000000000,-1.379025581823,409,1,2276
5,1,1,488,32,10,81.0000000000,-2.077157282620,247,1,1952
5,1,1,488,35,11,81.0000000000,1.956492544211,454,1,908
5,1,1,488,38,12,81.0000000000,-1.611736148755,355,1,2168
5,1,1,488,41,13,81.0000000000,-0.680893881025,571,1,2600
5,1,1,488,44,14,81.0000000000,-2.697718794441,103,1,1664
5,1,1,488,47,15,81.0000000000,3.042475189896,706,1,1412
5,1,1,488,50,16,81.0000000000,1.413501221368,328,1,656
5,1,1,488,53,17,81.0000000000,1.723781977278,400,1,800
5,1,1,488,56,18,81.0000000000,0.017237819773,4,1,8
5,1,1,488,59,19,81.0000000000,-2.077157282620,247,1,1952
5,1,1,488,62,20,81.0000000000,2.654624245009,616,1,1232
5,1,1,488,65,21,81.0000000000,1.878922355233,436,1,872
5,1,1,488,68,22,81.0000000000,1.413501221368,328,1,656
5,1,1,488,71,23,81.0000000000,0.094808008750,22,1,44
5,1,1,488,74,24,81.0000000000,2.344343489099,544,1,1088
5,1,1,488,77,25,81.0000000000,-0.680893881025,571,1,2600
5,1,1,488,80,26,81.0000000000,0.327518575683,76,1,152
5,1,1,488,83,27,81.0000000000,1.413501221368,328,1,656
5,1,1,488,86,28,81.0000000000,-2.077157282620,247,1,1952
5,1,1,488,89,29,81.0000000000,-2.930429361373,49,1,1556
5,1,1,488,92,30,81.0000000000,-0.913604447958,517,1,2492
5,1,1,488,95,31,81.0000000000,-2.775288983418,85,1,1628
5,1,1,488,98,32,81.0000000000,2.887334811941,670,1,1340
5,1,1,488,101,33,81.0000000000,1.646211788301,382,1,764
5,1,1,488,104,34,81.0000000000,-2.775288983418,85,1,1628
5,1,1,488,107,35,81.0000000000,-1.068744825913,481,1,2420
5,1,1,488,110,36,81.0000000000,2.809764622964,652,1,1304
5,1,1,488,113,37,81.0000000000,-2.077157282620,247,1,1952
5,1,1,488,116,38,81.0000000000,-2.232297660575,211,1,1880
5,1,1,488,119,39,81.0000000000,2.577054056031,598,1,1196
5,1,1,488,122,40,81.0000000000,-0.680893881025,571,1,2600
5,1,1,488,125,41,81.0000000000,-0.603323692047,589,1,2636
5,1,1,488,128,42,81.0000000000,0.948080087503,220,1,440
5,1,1,488,131,43,81.0000000000,1.413501221368,328,1,656
5,1,1,488,134,44,81.0000000000,-2.465008227508,157,1,1772
5,1,1,488,137,45,81.0000000000,-2.077157282620,247,1,1952
5,1,1,488,140,46,81.0000000000,-2.077157282620,247,1,1952
5,1,1,488,143,47,81.0000000000,-1.534165959778,373,1,2204
5,1,1,488,146,48,81.0000000000,-0.215472747160,679,1,2816
5,1,1,488,149,49,81.0000000000,1.413501221368,328,1,656
5,1,1,488,152,50,81.0000000000,2.189203111144,508,1,1016
5,1,1,488,155,51,81.0000000000,0.249948386705,58,1,116
5,1,1,488,158,52,81.0000000000,-0.680893881025,571,1,2600
5,1,1,488,161,53,81.0000000000,2.421913678076,562,1,1124
5,1,1,488,164,54,81.0000000000,-0.680893881025,571,1,2600
5,1,1,488,167,55,81.0000000000,-2.077157282620,247,1,1952
5,1,1,488,170,56,81.0000000000,-0.836034258980,535,1,2528
5,1,1,488,173,57,81.0000000000,-3.007999550351,31,1,1520
5,1,1,488,176,58,81.0000000000,-2.775288983418,85,1,1628
5,1,1,488,179,59,81.0000000000,-1.301455392845,427,1,2312
5,1,1,488,182,60,81.0000000000,-0.448183314092,625,1,2708
5,1,1,488,185,61,81.0000000000,-2.775288983418,85,1,1628
5,1,1,488,188,62,81.0000000000,1.025650276481,238,1,476
5,1,1,488,191,63,81.0000000000,0.715369520571,166,1,332
5,1,1,488,194,64,81.0000000000,-2.077157282620,247,1,1952
5,1,1,488,197,65,81.0000000000,-0.137902558182,697,1,2852
5,1,1,488,200,66,81.0000000000,0.482658953638,112,1,224
5,1,1,488,203,67,81.0000000000,-0.680893881025,571,1,2600
5,1,1,488,206,68,81.0000000000,1.491071410346,346,1,692
5,1,1,488,209,69,81.0000000000,-1.146315014890,463,1,2384
5,1,1,488,212,70,81.0000000000,1.413501221368,328,1,656
5,1,1,488,215,71,81.0000000000,-0.370613125115,643,1,2744
5,1,1,488,218,72,81.0000000000,2.111632922166,490,1,980
5,1,1,488,221,73,81.0000000000,-2.077157282620,247,1,1952
5,1,1,488,224,74,81.0000000000,0.560229142615,130,1,260
5,1,1,488,227,75,81.0000000000,-2.309867849553,193,1,1844
5,1,1,488,230,76,81.0000000000,1.413501221368,328,1,656
5,1,1,488,233,77,81.0000000000,-1.999587093643,265,1,1988
5,1,1,488,236,78,81.0000000000,-1.844446715688,301,1,2060
5,1,1,488,239,79,81.0000000000,-0.680893881025,571,1,2600
5,1,1,488,242,80,81.0000000000,-1.766876526710,319,1,2096
5,2,1,245,2,0,81.0000000000,1.413501221368,328,1,656
5,2,1,245,5,1,81.0000000000,2.111632922166,490,1,980
5,2,1,245,8,2,81.0000000000,-0.836034258980,535,1,2528
5,2,1,245,11,3,81.0000000000,-0.913604447958,517,1,2492
5,2,1,245,14,4,81.0000000000,1.413501221368,328,1,656
5,2,1,245,17,5,81.0000000000,-1.301455392845,427,1,2312
5,2,1,245,20,6,81.0000000000,1.646211788301,382,1,764
5,2,1,245,23,7,81.0000000000,1.413501221368,328,1,656
5,2,1,245,26,8,81.0000000000,1.025650276481,238,1,476
5,2,1,245,29,9,81.0000000000,2.809764622964,652,1,1304
5,2,1,245,32,10,81.0000000000,2.111632922166,490,1,980
5,2,1,245,35,11,81.0000000000,-0.137902558182,697,1,2852
5,2,1,245,38,12,81.0000000000,2.577054056031,598,1,1196
5,2,1,245,41,13,81.0000000000,-2.775288983418,85,1,1628
5,2,1,245,44,14,81.0000000000,1.491071410346,346,1,692
5,2,1,245,47,15,81.0000000000,0.948080087503,220,1,440
5,2,1,245,50,16,81.0000000000,-0.680893881025,571,1,2600
5,2,1,245,53,17,81.0000000000,-0.370613125115,643,1,2744
5,2,1,245,56,18,81.0000000000,-2.077157282620,247,1,1952
5,2,1,245,59,19,81.0000000000,2.111632922166,490,1,980
5,2,1,245,62,20,81.0000000000,0.560229142615,130,1,260
5,2,1,245,65,21,81.0000000000,-0.215472747160,679,1,2816
5,2,1,245,68,22,81.0000000000,-0.680893881025,571,1,2600
5,2,1,245,71,23,81.0000000000,-1.999587093643,265,1,1988
5,2,1,245,74,24,81.0000000000,0.249948386705,58,1,116
5,2,1,245,77,25,81.0000000000,-2.775288983418,85,1,1628
5,2,1,245,80,26,81.0000000000,-1.766876526710,319,1,2096
5,2,1,245,83,27,81.0000000000,-0.680893881025,571,1,2600
5,2,1,245,86,28,81.0000000000,2.111632922166,490,1,980
5,2,1,245,89,29,81.0000000000,1.258360843413,292,1,584
5,2,1,245,92,30,81.0000000000,-3.007999550351,31,1,1520
5,2,1,245,95,31,81.0000000000,1.413501221368,328,1,656
5,2,1,245,98,32,81.0000000000,0.792939709548,184,1,368
5,2,1,245,101,33,81.0000000000,-0.448183314092,625,1,2708
5,2,1,245,104,34,81.0000000000,1.413501221368,328,1,656
5,2,1,245,107,35,81.0000000000,3.120045378874,724,1,1448
5,2,1,245,110,36,81.0000000000,0.715369520571,166,1,332
5,2,1,245,113,37,81.0000000000,2.111632922166,490,1,980
5,2,1,245,116,38,81.0000000000,1.956492544211,454,1,908
5,2,1,245,119,39,81.0000000000,0.482658953638,112,1,224
5,2,1,245,122,40,81.0000000000,-2.775288983418,85,1,1628
5,2,1,245,125,41,81.0000000000,-2.697718794441,103,1,1664
5,2,1,245,128,42,81.0000000000,-1.146315014890,463,1,2384
5,2,1,245,131,43,81.0000000000,-0.680893881025,571,1,2600
5,2,1,245,134,44,81.0000000000,1.723781977278,400,1,800
5,2,1,245,137,45,81.0000000000,2.111632922166,490,1,980
5,2,1,245,140,46,81.0000000000,2.111632922166,490,1,980
5,2,1,245,143,47,81.0000000000,2.654624245009,616,1,1232
5,2,1,245,146,48,81.0000000000,-2.309867849553,193,1,1844
5,2,1,245,149,49,81.0000000000,-0.680893881025,571,1,2600
5,2,1,245,152,50,81.0000000000,0.094808008750,22,1,44
5,2,1,245,155,51,81.0000000000,-1.844446715688,301,1,2060
5,2,1,245,158,52,81.0000000000,-2.775288983418,85,1,1628
5,2,1,245,161,53,81.0000000000,0.327518575683,76,1,152
5,2,1,245,164,54,81.0000000000,-2.775288983418,85,1,1628
5,2,1,245,167,55,81.0000000000,2.111632922166,490,1,980
5,2,1,245,170,56,81.0000000000,-2.930429361373,49,1,1556
5,2,1,245,173,57,81.0000000000,1.180790654436,274,1,548
5,2,1,245,176,58,81.0000000000,1.413501221368,328,1,656
5,2,1,245,179,59,81.0000000000,2.887334811941,670,1,1340
5,2,1,245,182,60,81.0000000000,-2.542578416486,139,1,1736
5,2,1,245,185,61,81.0000000000,1.413501221368,328,1,656
5,2,1,245,188,62,81.0000000000,-1.068744825913,481,1,2420
5,2,1,245,191,63,81.0000000000,-1.379025581823,409,1,2276
5,2,1,245,194,64,81.0000000000,2.111632922166,490,1,980
5,2,1,245,197,65,81.0000000000,-2.232297660575,211,1,1880
5,2,1,245,200,66,81.0000000000,-1.611736148755,355,1,2168
5,2,1,245,203,67,81.0000000000,-2.775288983418,85,1,1628
5,2,1,245,206,68,81.0000000000,-0.603323692047,589,1,2636
5,2,1,245,209,69,81.0000000000,3.042475189896,706,1,1412
5,2,1,245,212,70,81.0000000000,-0.680893881025,571,1,2600
5,2,1,245,215,71,81.0000000000,-2.465008227508,157,1,1772
5,2,1,245,218,72,81.0000000000,0.017237819773,4,1,8
5,2,1,245,221,73,81.0000000000,2.111632922166,490,1,980
5,2,1,245,224,74,81.0000000000,-1.534165959778,373,1,2204
5,2,1,245,227,75,81.0000000000,1.878922355233,436,1,872
5,2,1,245,230,76,81.0000000000,-0.680893881025,571,1,2600
5,2,1,245,233,77,81.0000000000,2.189203111144,508,1,1016
5,2,1,245,236,78,81.0000000000,2.344343489099,544,1,1088
5,2,1,245,239,79,81.0000000000,-2.775288983418,85,1,1628
5,2,1,245,242,80,81.0000000000,2.421913678076,562,1,1124
6,0,0,1,1,0,140.2961154131,-2.731476191496,1379,-1,4945
6,0,0,1,4,1,140.2961154131,0.035193882036,1118,-1,49
6,0,0,1,7,2,140.2961154131,-2.731476191496,1379,-1,4945
6,0,0,1,10,3,140.2961154131,0.448901556583,1406,-1,625
6,0,0,1,13,4,140.2961154131,-1.748920464447,2063,-1,6313
6,0,0,1,16,5,140.2961154131,-1.567923356833,2,-1,6565
6,0,0,1,19,6,140.2961154131,0.604041934538,1514,-1,841
6,0,0,1,22,7,140.2961154131,0.423044826924,1388,-1,589
6,0,0,1,25,8,140.2961154131,0.061050611695,1136,-1,85
6,0,0,1,28,9,140.2961154131,-0.171659955237,974,-1,8509
6,0,0,1,31,10,140.2961154131,2.362299551362,551,-1,3289
6,0,0,1,34,11,140.2961154131,-2.033344490698,1865,-1,5917
6,0,0,1,37,12,140.2961154131,0.216190989650,1244,-1,301
6,0,0,1,40,13,140.2961154131,-0.119946495919,1010,-1,8581
6,0,0,1,43,14,140.2961154131,0.526471745560,1460,-1,733
6,0,0,1,46,15,140.2961154131,-2.421195435586,1595,-1,5377
6,0,0,1,49,16,140.2961154131,1.353887094654,2036,-1,1885
6,0,0,1,52,17,140.2961154131,-2.731476191496,1379,-1,4945
6,0,0,1,55,18,140.2961154131,0.293761178628,1298,-1,409
6,0,0,1,58,19,140.2961154131,2.595010118294,713,-1,3613
6,0,0,1,61,20,140.2961154131,2.853577414886,893,-1,3973
6,0,0,1,64,21,140.2961154131,-2.110914679675,1811,-1,5809
6,0,0,1,67,22,140.2961154131,-0.585367629784,686,-1,7933
6,0,0,1,70,23,140.2961154131,0.526471745560,1460,-1,733
6,0,0,1,73,24,140.2961154131,-1.257642600923,218,-1,6997
6,0,0,1,76,25,140.2961154131,0.190334259991,1226,-1,265
6,0,0,1,79,26,140.2961154131,-1.335212789900,164,-1,6889
6,0,0,1,82,27,140.2961154131,-1.335212789900,164,-1,6889
6,0,0,1,85,28,140.2961154131,0.733325582834,1604,-1,1021
6,0,0,1,88,29,140.2961154131,-0.637081089102,650,-1,7861
6,0,0,1,91,30,140.2961154131,-0.249230144215,920,-1,8401
6,0,0,1,94,31,140.2961154131,3.138001441137,1091,-1,4369
6,0,0,1,97,32,140.2961154131,-1.567923356833,2,-1,6565
6,0,0,1,100,33,140.2961154131,-2.188484868653,1757,-1,5701
6,0,0,1,103,34,140.2961154131,-3.067613677065,1145,-1,4477
6,0,0,1,106,35,140.2961154131,-2.033344490698,1865,-1,5917
6,0,0,1,109,36,140.2961154131,1.224603446358,1946,-1,1705
6,0,0,1,112,37,140.2961154131,3.060431252160,1037,-1,4261
6,0,0,1,115,38,140.2961154131,0.061050611695,1136,-1,85
6,0,0,1,118,39,140.2961154131,-0.481940711147,758,-1,8077
6,0,0,1,121,40,140.2961154131,-1.516209897514,38,-1,6637
6,0,0,1,124,41,140.2961154131,0.526471745560,1460,-1,733
6,0,0,1,127,42,140.2961154131,1.069463068403,1838,-1,1489
6,0,0,1,130,43,140.2961154131,-2.136771409335,1793,-1,5773
6,0,0,1,133,44,140.2961154131,1.457314013291,2108,-1,2029
6,0,0,1,136,45,140.2961154131,1.690024580223,83,-1,2353
6,0,0,1,139,46,140.2961154131,-2.990043488087,1199,-1,4585
6,0,0,1,142,47,140.2961154131,-1.335212789900,164,-1,6889
6,0,0,1,145,48,140.2961154131,-2.809046380473,1325,-1,4837
6,0,0,1,148,49,140.2961154131,-1.981631031380,1901,-1,5989
6,0,0,1,151,50,140.2961154131,0.526471745560,1460,-1,733
6,0,0,1,154,51,140.2961154131,2.233015903066,461,-1,3109
6,0,0,1,157,52,140.2961154131,2.982861063182,983,-1,4153
6,0,0,1,160,53,140.2961154131,2.853577414886,893,-1,3973
6,0,0,1,163,54,140.2961154131,0.061050611695,1136,-1,85
6,0,0,1,166,55,140.2961154131,1.431457283632,2090,-1,1993
6,0,0,1,169,56,140.2961154131,1.457314013291,2108,-1,2029
6,0,0,1,172,57,140.2961154131,-0.947361845013,434,-1,7429
6,0,0,1,175,58,140.2961154131,1.741738039542,119,-1,2425
6,0,0,1,178,59,140.2961154131,-1.567923356833,2,-1,6565
6,0,0,1,181,60,140.2961154131,1.302173635336,2000,-1,1813
6,0,0,1,184,61,140.2961154131,-0.275086873874,902,-1,8365
6,0,0,1,187,62,140.2961154131,2.155445714088,407,-1,3001
6,0,0,1,190,63,140.2961154131,2.620866847954,731,-1,3649
6,0,0,1,193,64,140.2961154131,-2.524622354222,1523,-1,5233
6,0,0,1,196,65,140.2961154131,2.155445714088,407,-1,3001
6,0,0,1,199,66,140.2961154131,-1.180072411945,272,-1,7105
6,0,0,1,202,67,140.2961154131,-2.912473299110,1253,-1,4693
6,0,0,1,205,68,140.2961154131,0.526471745560,1460,-1,733
6,0,0,1,208,69,140.2961154131,-1.723063734788,2081,-1,6349
6,0,0,1,211,70,140.2961154131,0.655755393856,1550,-1,913
6,0,0,1,214,71,140.2961154131,-0.637081089102,650,-1,7861
6,0,0,1,217,72,140.2961154131,3.086287981819,1055,-1,4297
6,0,0,1,220,73,140.2961154131,-2.291911787290,1685,-1,5557
6,0,0,1,223,74,140.2961154131,0.759182312493,1622,-1,1057
6,0,0,1,226,75,140.2961154131,2.776007225909,839,-1,3865
6,0,0,1,229,76,140.2961154131,2.905290874205,929,-1,4045
6,0,0,1,232,77,140.2961154131,0.526471745560,1460,-1,733
6,0,0,1,235,78,140.2961154131,-0.559510900125,704,-1,7969
6,0,0,1,238,79,140.2961154131,-0.507797440807,740,-1,8041
6,0,0,1,241,80,140.2961154131,0.759182312493,1622,-1,1057
6,0,0,1,244,81,140.2961154131,1.457314013291,2108,-1,2029
6,0,0,1,247,82,140.2961154131,2.129588984429,389,-1,2965
6,0,0,1,250,83,140.2961154131,-2.731476191496,1379,-1,4945
6,0,0,1,253,84,140.2961154131,-1.645493545810,2135,-1,6457
6,0,0,1,256,85,140.2961154131,0.345474637946,1334,-1,481
6,0,0,1,259,86,140.2961154131,-1.567923356833,2,-1,6565
6,0,0,1,262,87,140.2961154131,-1.490353167855,56,-1,6673
6,0,0,1,265,88,140.2961154131,2.517439929317,659,-1,3505
6,0,0,1,268,89,140.2961154131,0.061050611695,1136,-1,85
6,0,0,1,271,90,140.2961154131,-2.266055057630,1703,-1,5593
6,0,0,1,274,91,140.2961154131,-1.826490653425,2009,-1,6205
6,0,0,1,277,92,140.2961154131,-2.033344490698,1865,-1,5917
6,0,0,1,280,93,140.2961154131,-1.878204112743,1973,-1,6133
6,0,0,1,283,94,140.2961154131,1.974448606474,281,-1,2749
6,0,0,1,286,95,140.2961154131,0.526471745560,1460,-1,733
6,0,0,1,289,96,140.2961154131,1.767594769201,137,-1,2461
6,0,0,1,292,97,140.2961154131,-2.834903110132,1307,-1,4801
6,0,0,1,295,98,140.2961154131,-2.731476191496,1379,-1,4945
6,0,0,1,298,99,140.2961154131,-1.800633923765,2027,-1,6241
6,0,0,1,301,100,140.2961154131,-1.593780086492,2171,-1,6529
6,0,0,1,304,101,140.2961154131,2.853577414886,893,-1,3973
6,0,0,1,307,102,140.2961154131,2.077875525111,353,-1,2893
6,0,0,1,310,103,140.2961154131,1.509027472609,2144,-1,2101
6,0,0,1,313,104,140.2961154131,0.526471745560,1460,-1,733
6,0,0,1,316,105,140.2961154131,2.931147603864,947,-1,4081
6,0,0,1,319,106,140.2961154131,2.284729362384,497,-1,3181
6,0,0,1,322,107,140.2961154131,-1.335212789900,164,-1,6889
6,0,0,1,325,108,140.2961154131,2.853577414886,893,-1,3973
6,0,0,1,328,109,140.2961154131,2.827720685227,875,-1,3937
6,0,0,1,331,110,140.2961154131,-0.637081089102,650,-1,7861
6,0,0,1,334,111,140.2961154131,-2.343625246608,1649,-1,5485
6,0,0,1,337,112,140.2961154131,-1.050788763649,362,-1,7285
6,0,0,1,340,113,140.2961154131,-1.567923356833,2,-1,6565
6,0,0,1,343,114,140.2961154131,2.000305336133,299,-1,2785
6,0,0,1,346,115,140.2961154131,-0.973218574672,416,-1,7393
6,0,0,1,349,116,140.2961154131,-2.033344490698,1865,-1,5917
6,0,0,1,352,117,140.2961154131,-0.869791656035,488,-1,7537
6,0,0,1,355,118,140.2961154131,-1.128358952627,308,-1,7177
6,0,0,1,358,119,140.2961154131,0.061050611695,1136,-1,85
6,0,0,1,361,120,140.2961154131,-2.576335813541,1487,-1,5161
6,0,0,1,364,121,140.2961154131,0.578185204879,1496,-1,805
6,0,0,1,367,122,140.2961154131,0.526471745560,1460,-1,733
6,0,0,1,370,123,140.2961154131,-1.024932033990,380,-1,7321
6,0,0,1,373,124,140.2961154131,-0.042376306941,1064,-1,8689
6,0,0,1,376,125,140.2961154131,1.457314013291,2108,-1,2029
6,0,0,1,379,126,140.2961154131,-0.404370522170,812,-1,8185
6,0,0,1,382,127,140.2961154131,-0.895648385694,470,-1,7501
6,0,0,1,385,128,140.2961154131,-1.335212789900,164,-1,6889
6,0,0,1,388,129,140.2961154131,1.379743824313,2054,-1,1921
6,0,0,1,391,130,140.2961154131,0.112764071014,1172,-1,157
6,0,0,1,394,131,140.2961154131,0.526471745560,1460,-1,733
6,0,0,1,397,132,140.2961154131,0.138620800673,1190,-1,193
6,0,0,1,400,133,140.2961154131,-1.205929141604,254,-1,7069
6,0,0,1,403,134,140.2961154131,2.853577414886,893,-1,3973
6,0,0,1,406,135,140.2961154131,-2.033344490698,1865,-1,5917
6,0,0,1,409,136,140.2961154131,-2.757332921155,1361,-1,4909
6,0,0,1,412,137,140.2961154131,1.457314013291,2108,-1,2029
6,0,0,1,415,138,140.2961154131,-3.041756947406,1163,-1,4513
6,0,0,1,418,139,140.2961154131,-2.447052165245,1577,-1,5341
6,0,0,1,421,140,140.2961154131,-1.567923356833,2,-1,6565
6,0,0,1,424,141,140.2961154131,-0.792221467058,542,-1,7645
6,0,0,1,427,142,140.2961154131,1.819308228519,173,-1,2533
6,0,0,1,430,143,140.2961154131,2.155445714088,407,-1,3001
6,0,0,1,433,144,140.2961154131,0.526471745560,1460,-1,733
6,0,0,1,436,145,140.2961154131,-0.430227251829,794,-1,8149
6,0,0,1,439,146,140.2961154131,2.155445714088,407,-1,3001
6,0,0,1,442,147,140.2961154131,3.008717792841,1001,-1,4189
6,0,0,1,445,148,140.2961154131,-0.818078196717,524,-1,7609
6,0,0,1,448,149,140.2961154131,0.526471745560,1460,-1,733
6,0,0,1,451,150,140.2961154131,2.465726469999,623,-1,3433
6,0,0,1,454,151,140.2961154131,2.750150496250,821,-1,3829
6,0,0,1,457,152,140.2961154131,-0.637081089102,650,-1,7861
6,0,0,1,460,153,140.2961154131,0.991892879426,1784,-1,1381
6,0,0,1,463,154,140.2961154131,-0.197516684896,956,-1,8473
6,0,0,1,466,155,140.2961154131,0.759182312493,1622,-1,1057
6,0,0,1,469,156,140.2961154131,0.681612123515,1568,-1,949
6,0,0,1,472,157,140.2961154131,-1.283499330582,200,-1,6961
6,0,0,1,475,158,140.2961154131,0.526471745560,1460,-1,733
6,0,0,1,478,159,140.2961154131,-2.653906002518,1433,-1,5053
6,0,0,1,481,160,140.2961154131,1.586597661587,11,-1,2209
6,0,0,1,484,161,140.2961154131,0.759182312493,1622,-1,1057
6,0,0,1,487,162,140.2961154131,-0.637081089102,650,-1,7861
6,0,0,1,490,163,140.2961154131,-2.059201220357,1847,-1,5881
6,0,0,1,493,164,140.2961154131,-2.731476191496,1379,-1,4945
6,0,0,1,496,165,140.2961154131,2.543296658976,677,-1,3541
6,0,0,1,499,166,140.2961154131,2.439869740339,605,-1,3397
6,0,0,1,502,167,140.2961154131,-1.567923356833,2,-1,6565
6,0,0,1,505,168,140.2961154131,2.698437036931,785,-1,3757
6,0,0,1,508,169,140.2961154131,-1.671350275469,2117,-1,6421
6,0,0,1,511,170,140.2961154131,0.061050611695,1136,-1,85
6,0,0,1,514,171,140.2961154131,1.922735147156,245,-1,2677
6,0,0,1,517,172,140.2961154131,0.267904448969,1280,-1,373
6,0,0,1,520,173,140.2961154131,-2.033344490698,1865,-1,5917
6,0,0,1,523,174,140.2961154131,2.310586092044,515,-1,3217
6,0,0,1,526,175,140.2961154131,-2.214341598312,1739,-1,5665
6,0,0,1,529,176,140.2961154131,0.526471745560,1460,-1,733
6,0,0,1,532,177,140.2961154131,-0.326800333192,866,-1,8293
6,0,0,1,535,178,140.2961154131,-0.740508007739,578,-1,7717
6,0,0,1,538,179,140.2961154131,-2.731476191496,1379,-1,4945
6,0,0,1,541,180,140.2961154131,2.388156281021,569,-1,3325
6,0,0,1,544,181,140.2961154131,0.500615015901,1442,-1,697
6,0,0,1,547,182,140.2961154131,2.853577414886,893,-1,3973
6,0,0,1,550,183,140.2961154131,-0.016519577282,1082,-1,8725
6,0,0,1,553,184,140.2961154131,-2.679762732177,1415,-1,5017
6,0,0,1,556,185,140.2961154131,0.526471745560,1460,-1,733
6,0,0,1,559,186,140.2961154131,0.836752501471,1676,-1,1165
6,0,0,1,562,187,140.2961154131,-1.904060842402,1955,-1,6097
6,0,0,1,565,188,140.2961154131,-1.335212789900,164,-1,6889
6,0,0,1,568,189,140.2961154131,0.759182312493,1622,-1,1057
6,0,0,1,571,190,140.2961154131,-1.361069519559,146,-1,6853
6,0,0,1,574,191,140.2961154131,-0.637081089102,650,-1,7861
6,0,0,1,577,192,140.2961154131,1.845164958178,191,-1,2569
6,0,0,1,580,193,140.2961154131,1.043606338744,1820,-1,1453
6,0,0,1,583,194,140.2961154131,-1.567923356833,2,-1,6565
6,0,0,1,586,195,140.2961154131,-0.094089766260,1028,-1,8617
6,0,0,1,589,196,140.2961154131,1.121176527721,1874,-1,1561
6,0,0,1,592,197,140.2961154131,-2.033344490698,1865,-1,5917
6,0,0,1,595,198,140.2961154131,-2.964186758428,1217,-1,4621
6,0,0,1,598,199,140.2961154131,0.966036149766,1766,-1,1345
6,0,0,1,601,200,140.2961154131,0.061050611695,1136,-1,85
6,0,0,1,604,201,140.2961154131,1.612454391246,29,-1,2245
6,0,0,1,607,202,140.2961154131,2.672580307272,767,-1,3721
6,0,0,1,610,203,140.2961154131,0.526471745560,1460,-1,733
6,0,0,1,613,204,140.2961154131,-3.119327136383,1109,-1,4405
6,0,0,1,616,205,140.2961154131,2.052018795452,335,-1,2857
6,0,0,1,619,206,140.2961154131,1.457314013291,2108,-1,2029
6,0,0,1,622,207,140.2961154131,-2.498765624563,1541,-1,5269
6,0,0,1,625,208,140.2961154131,1.198746716699,1928,-1,1669
6,0,0,1,628,209,140.2961154131,-1.335212789900,164,-1,6889
6,0,0,1,631,210,140.2961154131,-0.714651278080,596,-1,7753
6,0,0,1,634,211,140.2961154131,2.207159173407,443,-1,3073
6,0,0,1,637,212,140.2961154131,0.526471745560,1460,-1,733
6,0,0,1,640,213,140.2961154131,-1.955774301720,1919,-1,6025
6,0,0,1,643,214,140.2961154131,0.888465960789,1712,-1,1237
6,0,0,1,646,215,140.2961154131,2.853577414886,893,-1,3973
6,0,0,1,649,216,140.2961154131,2.155445714088,407,-1,3001
6,0,0,1,652,217,140.2961154131,-0.662937818762,632,-1,7825
6,0,0,1,655,218,140.2961154131,1.457314013291,2108,-1,2029
6,0,0,1,658,219,140.2961154131,1.147033257381,1892,-1,1597
6,0,0,1,661,220,140.2961154131,-0.352657062852,848,-1,8257
6,0,0,1,664,221,140.2961154131,-1.567923356833,2,-1,6565
6,0,0,1,667,222,140.2961154131,-2.886616569451,1271,-1,4729
6,0,0,1,670,223,140.2961154131,-2.369481976267,1631,-1,5449
6,0,0,1,673,224,140.2961154131,2.155445714088,407,-1,3001
6,0,0,1,676,225,140.2961154131,-1.567923356833,2,-1,6565
6,0,0,1,679,226,140.2961154131,1.664167850564,65,-1,2317
6,0,0,1,682,227,140.2961154131,2.155445714088,407,-1,3001
6,0,0,1,685,228,140.2961154131,0.914322690448,1730,-1,1273
6,0,0,1,688,229,140.2961154131,1.276316905677,1982,-1,1777
6,0,0,1,691,230,140.2961154131,0.526471745560,1460,-1,733
6,0,0,1,694,231,140.2961154131,0.371331367605,1352,-1,517
6,0,0,1,697,232,140.2961154131,-1.438639708537,92,-1,6745
6,0,0,1,700,233,140.2961154131,-0.637081089102,650,-1,7861
6,0,0,1,703,234,140.2961154131,-1.102502222968,326,-1,7213
6,0,0,1,706,235,140.2961154131,1.896878417497,227,-1,2641
6,0,0,1,709,236,140.2961154131,0.759182312493,1622,-1,1057
6,0,0,1,712,237,140.2961154131,-1.412782978878,110,-1,6781
6,0,0,1,715,238,140.2961154131,0.810895771811,1658,-1,1129
6,0,0,1,718,239,140.2961154131,0.526471745560,1460,-1,733
6,0,0,1,721,240,140.2961154131,1.534884202268,2162,-1,2137
6,0,0,1,724,241,140.2961154131,-2.602192543200,1469,-1,5125
6,0,0,1,727,242,140.2961154131,0.759182312493,1622,-1,1057
6,1,0,730,1,0,140.2961154131,-0.637081089102,650,-1,7861
6,1,0,730,4,1,140.2961154131,2.129588984429,389,-1,2965
6,1,0,730,7,2,140.2961154131,-0.637081089102,650,-1,7861
6,1,0,730,10,3,140.2961154131,2.543296658976,677,-1,3541
6,1,0,730,13,4,140.2961154131,0.345474637946,1334,-1,481
6,1,0,730,16,5,140.2961154131,0.526471745560,1460,-1,733
6,1,0,730,19,6,140.2961154131,2.698437036931,785,-1,3757
6,1,0,730,22,7,140.2961154131,2.517439929317,659,-1,3505
6,1,0,730,25,8,140.2961154131,2.155445714088,407,-1,3001
6,1,0,730,28,9,140.2961154131,1.922735147156,245,-1,2677
6,1,0,730,31,10,140.2961154131,-1.826490653425,2009,-1,6205
6,1,0,730,34,11,140.2961154131,0.061050611695,1136,-1,85
6,1,0,730,37,12,140.2961154131,2.310586092044,515,-1,3217
6,1,0,730,40,13,140.2961154131,1.974448606474,281,-1,2749
6,1,0,730,43,14,140.2961154131,2.620866847954,731,-1,3649
6,1,0,730,46,15,140.2961154131,-0.326800333192,866,-1,8293
6,1,0,730,49,16,140.2961154131,-2.834903110132,1307,-1,4801
6,1,0,730,52,17,140.2961154131,-0.637081089102,650,-1,7861
6,1,0,730,55,18,140.2961154131,2.388156281021,569,-1,3325
6,1,0,730,58,19,140.2961154131,-1.593780086492,2171,-1,6529
6,1,0,730,61,20,140.2961154131,-1.335212789900,164,-1,6889
6,1,0,730,64,21,140.2961154131,-0.016519577282,1082,-1,8725
6,1,0,730,67,22,140.2961154131,1.509027472609,2144,-1,2101
6,1,0,730,70,23,140.2961154131,2.620866847954,731,-1,3649
6,1,0,730,73,24,140.2961154131,0.836752501471,1676,-1,1165
6,1,0,730,76,25,140.2961154131,2.284729362384,497,-1,3181
6,1,0,730,79,26,140.2961154131,0.759182312493,1622,-1,1057
6,1,0,730,82,27,140.2961154131,0.759182312493,1622,-1,1057
6,1,0,730,85,28,140.2961154131,2.827720685227,875,-1,3937
6,1,0,730,88,29,140.2961154131,1.457314013291,2108,-1,2029
6,1,0,730,91,30,140.2961154131,1.845164958178,191,-1,2569
6,1,0,730,94,31,140.2961154131,-1.050788763649,362,-1,7285
6,1,0,730,97,32,140.2961154131,0.526471745560,1460,-1,733
6,1,0,730,100,33,140.2961154131,-0.094089766260,1028,-1,8617
6,1,0,730,103,34,140.2961154131,-0.973218574672,416,-1,7393
6,1,0,730,106,35,140.2961154131,0.061050611695,1136,-1,85
6,1,0,730,109,36,140.2961154131,-2.964186758428,1217,-1,4621
6,1,0,730,112,37,140.2961154131,-1.128358952627,308,-1,7177
6,1,0,730,115,38,140.2961154131,2.155445714088,407,-1,3001
6,1,0,730,118,39,140.2961154131,1.612454391246,29,-1,2245
6,1,0,730,121,40,140.2961154131,0.578185204879,1496,-1,805
6,1,0,730,124,41,140.2961154131,2.620866847954,731,-1,3649
6,1,0,730,127,42,140.2961154131,-3.119327136383,1109,-1,4405
6,1,0,730,130,43,140.2961154131,-0.042376306941,1064,-1,8689
6,1,0,730,133,44,140.2961154131,-2.731476191496,1379,-1,4945
6,1,0,730,136,45,140.2961154131,-2.498765624563,1541,-1,5269
6,1,0,730,139,46,140.2961154131,-0.895648385694,470,-1,7501
6,1,0,730,142,47,140.2961154131,0.759182312493,1622,-1,1057
6,1,0,730,145,48,140.2961154131,-0.714651278080,596,-1,7753
6,1,0,730,148,49,140.2961154131,0.112764071014,1172,-1,157
6,1,0,730,151,50,140.2961154131,2.620866847954,731,-1,3649
6,1,0,730,154,51,140.2961154131,-1.955774301720,1919,-1,6025
6,1,0,730,157,52,140.2961154131,-1.205929141604,254,-1,7069
6,1,0,730,160,53,140.2961154131,-1.335212789900,164,-1,6889
6,1,0,730,163,54,140.2961154131,2.155445714088,407,-1,3001
6,1,0,730,166,55,140.2961154131,-2.757332921155,1361,-1,4909
6,1,0,730,169,56,140.2961154131,-2.731476191496,1379,-1,4945
6,1,0,730,172,57,140.2961154131,1.147033257381,1892,-1,1597
6,1,0,730,175,58,140.2961154131,-2.447052165245,1577,-1,5341
6,1,0,730,178,59,140.2961154131,0.526471745560,1460,-1,733
6,1,0,730,181,60,140.2961154131,-2.886616569451,1271,-1,4729
6,1,0,730,184,61,140.2961154131,1.819308228519,173,-1,2533
6,1,0,730,187,62,140.2961154131,-2.033344490698,1865,-1,5917
6,1,0,730,190,63,140.2961154131,-1.567923356833,2,-1,6565
6,1,0,730,193,64,140.2961154131,-0.430227251829,794,-1,8149
6,1,0,730,196,65,140.2961154131,-2.033344490698,1865,-1,5917
6,1,0,730,199,66,140.2961154131,0.914322690448,1730,-1,1273
6,1,0,730,202,67,140.2961154131,-0.818078196717,524,-1,7609
6,1,0,730,205,68,140.2961154131,2.620866847954,731,-1,3649
6,1,0,730,208,69,140.2961154131,0.371331367605,1352,-1,517
6,1,0,730,211,70,140.2961154131,2.750150496250,821,-1,3829
6,1,0,730,214,71,140.2961154131,1.457314013291,2108,-1,2029
6,1,0,730,217,72,140.2961154131,-1.102502222968,326,-1,7213
6,1,0,730,220,73,140.2961154131,-0.197516684896,956,-1,8473
6,1,0,730,223,74,140.2961154131,2.853577414886,893,-1,3973
6,1,0,730,226,75,140.2961154131,-1.412782978878,110,-1,6781
6,1,0,730,229,76,140.2961154131,-1.283499330582,200,-1,6961
6,1,0,730,232,77,140.2961154131,2.620866847954,731,-1,3649
6,1,0,730,235,78,140.2961154131,1.534884202268,2162,-1,2137
6,1,0,730,238,79,140.2961154131,1.586597661587,11,-1,2209
6,1,0,730,241,80,140.2961154131,2.853577414886,893,-1,3973
6,1,0,730,244,81,140.2961154131,-2.731476191496,1379,-1,4945
6,1,0,730,247,82,140.2961154131,-2.059201220357,1847,-1,5881
6,1,0,730,250,83,140.2961154131,-0.637081089102,650,-1,7861
6,1,0,730,253,84,140.2961154131,0.448901556583,1406,-1,625
6,1,0,730,256,85,140.2961154131,2.439869740339,605,-1,3397
6,1,0,730,259,86,140.2961154131,0.526471745560,1460,-1,733
6,1,0,730,262,87,140.2961154131,0.604041934538,1514,-1,841
6,1,0,730,265,88,140.2961154131,-1.671350275469,2117,-1,6421
6,1,0,730,268,89,140.2961154131,2.155445714088,407,-1,3001
6,1,0,730,271,90,140.2961154131,-0.171659955237,974,-1,8509
6,1,0,730,274,91,140.2961154131,0.267904448969,1280,-1,373
6,1,0,730,277,92,140.2961154131,0.061050611695,1136,-1,85
6,1,0,730,280,93,140.2961154131,0.216190989650,1244,-1,301
6,1,0,730,283,94,140.2961154131,-2.214341598312,1739,-1,5665
6,1,0,730,286,95,140.2961154131,2.620866847954,731,-1,3649
6,1,0,730,289,96,140.2961154131,-2.421195435586,1595,-1,5377
6,1,0,730,292,97,140.2961154131,-0.740508007739,578,-1,7717
6,1,0,730,295,98,140.2961154131,-0.637081089102,650,-1,7861
6,1,0,730,298,99,140.2961154131,0.293761178628,1298,-1,409
6,1,0,730,301,100,140.2961154131,0.500615015901,1442,-1,697
6,1,0,730,304,101,140.2961154131,-1.335212789900,164,-1,6889
6,1,0,730,307,102,140.2961154131,-2.110914679675,1811,-1,5809
6,1,0,730,310,103,140.2961154131,-2.679762732177,1415,-1,5017
6,1,0,730,313,104,140.2961154131,2.620866847954,731,-1,3649
6,1,0,730,316,105,140.2961154131,-1.257642600923,218,-1,6997
6,1,0,730,319,106,140.2961154131,-1.904060842402,1955,-1,6097
6,1,0,730,322,107,140.2961154131,0.759182312493,1622,-1,1057
6,1,0,730,325,108,140.2961154131,-1.335212789900,164,-1,6889
6,1,0,730,328,109,140.2961154131,-1.361069519559,146,-1,6853
6,1,0,730,331,110,140.2961154131,1.457314013291,2108,-1,2029
6,1,0,730,334,111,140.2961154131,-0.249230144215,920,-1,8401
6,1,0,730,337,112,140.2961154131,1.043606338744,1820,-1,1453
6,1,0,730,340,113,140.2961154131,0.526471745560,1460,-1,733
6,1,0,730,343,114,140.2961154131,-2.188484868653,1757,-1,5701
6,1,0,730,346,115,140.2961154131,1.121176527721,1874,-1,1561
6,1,0,730,349,116,140.2961154131,0.061050611695,1136,-1,85
6,1,0,730,352,117,140.2961154131,1.224603446358,1946,-1,1705
6,1,0,730,355,118,140.2961154131,0.966036149766,1766,-1,1345
6,1,0,730,358,119,140.2961154131,2.155445714088,407,-1,3001
6,1,0,730,361,120,140.2961154131,-0.481940711147,758,-1,8077
6,1,0,730,364,121,140.2961154131,2.672580307272,767,-1,3721
6,1,0,730,367,122,140.2961154131,2.620866847954,731,-1,3649
6,1,0,730,370,123,140.2961154131,1.069463068403,1838,-1,1489
6,1,0,730,373,124,140.2961154131,2.052018795452,335,-1,2857
6,1,0,730,376,125,140.2961154131,-2.731476191496,1379,-1,4945
6,1,0,730,379,126,140.2961154131,1.690024580223,83,-1,2353
6,1,0,730,382,127,140.2961154131,1.198746716699,1928,-1,1669
6,1,0,730,385,128,140.2961154131,0.759182312493,1622,-1,1057
6,1,0,730,388,129,140.2961154131,-2.809046380473,1325,-1,4837
6,1,0,730,391,130,140.2961154131,2.207159173407,443,-1,3073
6,1,0,730,394,131,140.2961154131,2.620866847954,731,-1,3649
6,1,0,730,397,132,140.2961154131,2.233015903066,461,-1,3109
6,1,0,730,400,133,140.2961154131,0.888465960789,1712,-1,1237
6,1,0,730,403,134,140.2961154131,-1.335212789900,164,-1,6889
6,1,0,730,406,135,140.2961154131,0.061050611695,1136,-1,85
6,1,0,730,409,136,140.2961154131,-0.662937818762,632,-1,7825
6,1,0,730,412,137,140.2961154131,-2.731476191496,1379,-1,4945
6,1,0,730,415,138,140.2961154131,-0.947361845013,434,-1,7429
6,1,0,730,418,139,140.2961154131,-0.352657062852,848,-1,8257
6,1,0,730,421,140,140.2961154131,0.526471745560,1460,-1,733
6,1,0,730,424,141,140.2961154131,1.302173635336,2000,-1,1813
6,1,0,730,427,142,140.2961154131,-2.369481976267,1631,-1,5449
6,1,0,730,430,143,140.2961154131,-2.033344490698,1865,-1,5917
6,1,0,730,433,144,140.2961154131,2.620866847954,731,-1,3649
6,1,0,730,436,145,140.2961154131,1.664167850564,65,-1,2317
6,1,0,730,439,146,140.2961154131,-2.033344490698,1865,-1,5917
6,1,0,730,442,147,140.2961154131,-1.180072411945,272,-1,7105
6,1,0,730,445,148,140.2961154131,1.276316905677,1982,-1,1777
6,1,0,730,448,149,140.2961154131,2.620866847954,731,-1,3649
6,1,0,730,451,150,140.2961154131,-1.723063734788,2081,-1,6349
6,1,0,730,454,151,140.2961154131,-1.438639708537,92,-1,6745
6,1,0,730,457,152,140.2961154131,1.457314013291,2108,-1,2029
6,1,0,730,460,153,140.2961154131,3.086287981819,1055,-1,4297
6,1,0,730,463,154,140.2961154131,1.896878417497,227,-1,2641
6,1,0,730,466,155,140.2961154131,2.853577414886,893,-1,3973
6,1,0,730,469,156,140.2961154131,2.776007225909,839,-1,3865
6,1,0,730,472,157,140.2961154131,0.810895771811,1658,-1,1129
6,1,0,730,475,158,140.2961154131,2.620866847954,731,-1,3649
6,1,0,730,478,159,140.2961154131,-0.559510900125,704,-1,7969
6,1,0,730,481,160,140.2961154131,-2.602192543200,1469,-1,5125
6,1,0,730,484,161,140.2961154131,2.853577414886,893,-1,3973
6,1,0,730,487,162,140.2961154131,1.457314013291,2108,-1,2029
6,1,0,730,490,163,140.2961154131,0.035193882036,1118,-1,49
6,1,0,730,493,164,140.2961154131,-0.637081089102,650,-1,7861
6,1,0,730,496,165,140.2961154131,-1.645493545810,2135,-1,6457
6,1,0,730,499,166,140.2961154131,-1.748920464447,2063,-1,6313
6,1,0,730,502,167,140.2961154131,0.526471745560,1460,-1,733
6,1,0,730,505,168,140.2961154131,-1.490353167855,56,-1,6673
6,1,0,730,508,169,140.2961154131,0.423044826924,1388,-1,589
6,1,0,730,511,170,140.2961154131,2.155445714088,407,-1,3001
6,1,0,730,514,171,140.2961154131,-2.266055057630,1703,-1,5593
6,1,0,730,517,172,140.2961154131,2.362299551362,551,-1,3289
6,1,0,730,520,173,140.2961154131,0.061050611695,1136,-1,85
6,1,0,730,523,174,140.2961154131,-1.878204112743,1973,-1,6133
6,1,0,730,526,175,140.2961154131,-0.119946495919,1010,-1,8581
6,1,0,730,529,176,140.2961154131,2.620866847954,731,-1,3649
6,1,0,730,532,177,140.2961154131,1.767594769201,137,-1,2461
6,1,0,730,535,178,140.2961154131,1.353887094654,2036,-1,1885
6,1,0,730,538,179,140.2961154131,-0.637081089102,650,-1,7861
6,1,0,730,541,180,140.2961154131,-1.800633923765,2027,-1,6241
6,1,0,730,544,181,140.2961154131,2.595010118294,713,-1,3613
6,1,0,730,547,182,140.2961154131,-1.335212789900,164,-1,6889
6,1,0,730,550,183,140.2961154131,2.077875525111,353,-1,2893
6,1,0,730,553,184,140.2961154131,-0.585367629784,686,-1,7933
6,1,0,730,556,185,140.2961154131,2.620866847954,731,-1,3649
6,1,0,730,559,186,140.2961154131,2.931147603864,947,-1,4081
6,1,0,730,562,187,140.2961154131,0.190334259991,1226,-1,265
6,1,0,730,565,188,140.2961154131,0.759182312493,1622,-1,1057
6,1,0,730,568,189,140.2961154131,2.853577414886,893,-1,3973
6,1,0,730,571,190,140.2961154131,0.733325582834,1604,-1,1021
6,1,0,730,574,191,140.2961154131,1.457314013291,2108,-1,2029
6,1,0,730,577,192,140.2961154131,-2.343625246608,1649,-1,5485
6,1,0,730,580,193,140.2961154131,3.138001441137,1091,-1,4369
6,1,0,730,583,194,140.2961154131,0.526471745560,1460,-1,733
6,1,0,730,586,195,140.2961154131,2.000305336133,299,-1,2785
6,1,0,730,589,196,140.2961154131,-3.067613677065,1145,-1,4477
6,1,0,730,592,197,140.2961154131,0.061050611695,1136,-1,85
6,1,0,730,595,198,140.2961154131,-0.869791656035,488,-1,7537
6,1,0,730,598,199,140.2961154131,3.060431252160,1037,-1,4261
6,1,0,730,601,200,140.2961154131,2.155445714088,407,-1,3001
6,1,0,730,604,201,140.2961154131,-2.576335813541,1487,-1,5161
6,1,0,730,607,202,140.2961154131,-1.516209897514,38,-1,6637
6,1,0,730,610,203,140.2961154131,2.620866847954,731,-1,3649
6,1,0,730,613,204,140.2961154131,-1.024932033990,380,-1,7321
6,1,0,730,616,205,140.2961154131,-2.136771409335,1793,-1,5773
6,1,0,730,619,206,140.2961154131,-2.731476191496,1379,-1,4945
6,1,0,730,622,207,140.2961154131,-0.404370522170,812,-1,8185
6,1,0,730,625,208,140.2961154131,-2.990043488087,1199,-1,4585
6,1,0,730,628,209,140.2961154131,0.759182312493,1622,-1,1057
6,1,0,730,631,210,140.2961154131,1.379743824313,2054,-1,1921
6,1,0,730,634,211,140.2961154131,-1.981631031380,1901,-1,5989
6,1,0,730,637,212,140.2961154131,2.620866847954,731,-1,3649
6,1,0,730,640,213,140.2961154131,0.138620800673,1190,-1,193
6,1,0,730,643,214,140.2961154131,2.982861063182,983,-1,4153
6,1,0,730,646,215,140.2961154131,-1.335212789900,164,-1,6889
6,1,0,730,649,216,140.2961154131,-2.033344490698,1865,-1,5917
6,1,0,730,652,217,140.2961154131,1.431457283632,2090,-1,1993
6,1,0,730,655,218,140.2961154131,-2.731476191496,1379,-1,4945
6,1,0,730,658,219,140.2961154131,-3.041756947406,1163,-1,4513
6,1,0,730,661,220,140.2961154131,1.741738039542,119,-1,2425
6,1,0,730,664,221,140.2961154131,0.526471745560,1460,-1,733
6,1,0,730,667,222,140.2961154131,-0.792221467058,542,-1,7645
6,1,0,730,670,223,140.2961154131,-0.275086873874,902,-1,8365
6,1,0,730,673,224,140.2961154131,-2.033344490698,1865,-1,5917
6,1,0,730,676,225,140.2961154131,0.526471745560,1460,-1,733
6,1,0,730,679,226,140.2961154131,-2.524622354222,1523,-1,5233
6,1,0,730,682,227,140.2961154131,-2.033344490698,1865,-1,5917
6,1,0,730,685,228,140.2961154131,3.008717792841,1001,-1,4189
6,1,0,730,688,229,140.2961154131,-2.912473299110,1253,-1,4693
6,1,0,730,691,230,140.2961154131,2.620866847954,731,-1,3649
6,1,0,730,694,231,140.2961154131,2.465726469999,623,-1,3433
6,1,0,730,697,232,140.2961154131,0.655755393856,1550,-1,913
6,1,0,730,700,233,140.2961154131,1.457314013291,2108,-1,2029
6,1,0,730,703,234,140.2961154131,0.991892879426,1784,-1,1381
6,1,0,730,706,235,140.2961154131,-2.291911787290,1685,-1,5557
6,1,0,730,709,236,140.2961154131,2.853577414886,893,-1,3973
6,1,0,730,712,237,140.2961154131,0.681612123515,1568,-1,949
6,1,0,730,715,238,140.2961154131,2.905290874205,929,-1,4045
6,1,0,730,718,239,140.2961154131,2.620866847954,731,-1,3649
6,1,0,730,721,240,140.2961154131,-2.653906002518,1433,-1,5053
6,1,0,730,724,241,140.2961154131,-0.507797440807,740,-1,8041
6,1,0,730,727,242,140.2961154131,2.853577414886,893,-1,3973
6,2,0,1459,1,0,140.2961154131,1.457314013291,2108,-1,2029
6,2,0,1459,4,1,140.2961154131,-2.059201220357,1847,-1,5881
6,2,0,1459,7,2,140.2961154131,1.457314013291,2108,-1,2029
6,2,0,1459,10,3,140.2961154131,-1.645493545810,2135,-1,6457
6,2,0,1459,13,4,140.2961154131,2.439869740339,605,-1,3397
6,2,0,1459,16,5,140.2961154131,2.620866847954,731,-1,3649
6,2,0,1459,19,6,140.2961154131,-1.490353167855,56,-1,6673
6,2,0,1459,22,7,140.2961154131,-1.671350275469,2117,-1,6421
6,2,0,1459,25,8,140.2961154131,-2.033344490698,1865,-1,5917
6,2,0,1459,28,9,140.2961154131,-2.266055057630,1703,-1,5593
6,2,0,1459,31,10,140.2961154131,0.267904448969,1280,-1,373
6,2,0,1459,34,11,140.2961154131,2.155445714088,407,-1,3001
6,2,0,1459,37,12,140.2961154131,-1.878204112743,1973,-1,6133
6,2,0,1459,40,13,140.2961154131,-2.214341598312,1739,-1,5665
6,2,0,1459,43,14,140.2961154131,-1.567923356833,2,-1,6565
6,2,0,1459,46,15,140.2961154131,1.767594769201,137,-1,2461
6,2,0,1459,49,16,140.2961154131,-0.740508007739,578,-1,7717
6,2,0,1459,52,17,140.2961154131,1.457314013291,2108,-1,2029
6,2,0,1459,55,18,140.2961154131,-1.800633923765,2027,-1,6241
6,2,0,1459,58,19,140.2961154131,0.500615015901,1442,-1,697
6,2,0,1459,61,20,140.2961154131,0.759182312493,1622,-1,1057
6,2,0,1459,64,21,140.2961154131,2.077875525111,353,-1,2893
6,2,0,1459,67,22,140.2961154131,-2.679762732177,1415,-1,5017
6,2,0,1459,70,23,140.2961154131,-1.567923356833,2,-1,6565
6,2,0,1459,73,24,140.2961154131,2.931147603864,947,-1,4081
6,2,0,1459,76,25,140.2961154131,-1.904060842402,1955,-1,6097
6,2,0,1459,79,26,140.2961154131,2.853577414886,893,-1,3973
6,2,0,1459,82,27,140.2961154131,2.853577414886,893,-1,3973
6,2,0,1459,85,28,140.2961154131,-1.361069519559,146,-1,6853
6,2,0,1459,88,29,140.2961154131,-2.731476191496,1379,-1,4945
6,2,0,1459,91,30,140.2961154131,-2.343625246608,1649,-1,5485
6,2,0,1459,94,31,140.2961154131,1.043606338744,1820,-1,1453
6,2,0,1459,97,32,140.2961154131,2.620866847954,731,-1,3649
6,2,0,1459,100,33,140.2961154131,2.000305336133,299,-1,2785
6,2,0,1459,103,34,140.2961154131,1.121176527721,1874,-1,1561
6,2,0,1459,106,35,140.2961154131,2.155445714088,407,-1,3001
6,2,0,1459,109,36,140.2961154131,-0.869791656035,488,-1,7537
6,2,0,1459,112,37,140.2961154131,0.966036149766,1766,-1,1345
6,2,0,1459,115,38,140.2961154131,-2.033344490698,1865,-1,5917
6,2,0,1459,118,39,140.2961154131,-2.576335813541,1487,-1,5161
6,2,0,1459,121,40,140.2961154131,2.672580307272,767,-1,3721
6,2,0,1459,124,41,140.2961154131,-1.567923356833,2,-1,6565
6,2,0,1459,127,42,140.2961154131,-1.024932033990,380,-1,7321
6,2,0,1459,130,43,140.2961154131,2.052018795452,335,-1,2857
6,2,0,1459,133,44,140.2961154131,-0.637081089102,650,-1,7861
6,2,0,1459,136,45,140.2961154131,-0.404370522170,812,-1,8185
6,2,0,1459,139,46,140.2961154131,1.198746716699,1928,-1,1669
6,2,0,1459,142,47,140.2961154131,2.853577414886,893,-1,3973
6,2,0,1459,145,48,140.2961154131,1.379743824313,2054,-1,1921
6,2,0,1459,148,49,140.2961154131,2.207159173407,443,-1,3073
6,2,0,1459,151,50,140.2961154131,-1.567923356833,2,-1,6565
6,2,0,1459,154,51,140.2961154131,0.138620800673,1190,-1,193
6,2,0,1459,157,52,140.2961154131,0.888465960789,1712,-1,1237
6,2,0,1459,160,53,140.2961154131,0.759182312493,1622,-1,1057
6,2,0,1459,163,54,140.2961154131,-2.033344490698,1865,-1,5917
6,2,0,1459,166,55,140.2961154131,-0.662937818762,632,-1,7825
6,2,0,1459,169,56,140.2961154131,-0.637081089102,650,-1,7861
6,2,0,1459,172,57,140.2961154131,-3.041756947406,1163,-1,4513
6,2,0,1459,175,58,140.2961154131,-0.352657062852,848,-1,8257
6,2,0,1459,178,59,140.2961154131,2.620866847954,731,-1,3649
6,2,0,1459,181,60,140.2961154131,-0.792221467058,542,-1,7645
6,2,0,1459,184,61,140.2961154131,-2.369481976267,1631,-1,5449
6,2,0,1459,187,62,140.2961154131,0.061050611695,1136,-1,85
6,2,0,1459,190,63,140.2961154131,0.526471745560,1460,-1,733
6,2,0,1459,193,64,140.2961154131,1.664167850564,65,-1,2317
6,2,0,1459,196,65,140.2961154131,0.061050611695,1136,-1,85
6,2,0,1459,199,66,140.2961154131,3.008717792841,1001,-1,4189
6,2,0,1459,202,67,140.2961154131,1.276316905677,1982,-1,1777
6,2,0,1459,205,68,140.2961154131,-1.567923356833,2,-1,6565
6,2,0,1459,208,69,140.2961154131,2.465726469999,623,-1,3433
6,2,0,1459,211,70,140.2961154131,-1.438639708537,92,-1,6745
6,2,0,1459,214,71,140.2961154131,-2.731476191496,1379,-1,4945
6,2,0,1459,217,72,140.2961154131,0.991892879426,1784,-1,1381
6,2,0,1459,220,73,140.2961154131,1.896878417497,227,-1,2641
6,2,0,1459,223,74,140.2961154131,-1.335212789900,164,-1,6889
6,2,0,1459,226,75,140.2961154131,0.681612123515,1568,-1,949
6,2,0,1459,229,76,140.2961154131,0.810895771811,1658,-1,1129
6,2,0,1459,232,77,140.2961154131,-1.567923356833,2,-1,6565
6,2,0,1459,235,78,140.2961154131,-2.653906002518,1433,-1,5053
6,2,0,1459,238,79,140.2961154131,-2.602192543200,1469,-1,5125
6,2,0,1459,241,80,140.2961154131,-1.335212789900,164,-1,6889
6,2,0,1459,244,81,140.2961154131,-0.637081089102,650,-1,7861
6,2,0,1459,247,82,140.2961154131,0.035193882036,1118,-1,49
6,2,0,1459,250,83,140.2961154131,1.457314013291,2108,-1,2029
6,2,0,1459,253,84,140.2961154131,2.543296658976,677,-1,3541
6,2,0,1459,256,85,140.2961154131,-1.748920464447,2063,-1,6313
6,2,0,1459,259,86,140.2961154131,2.620866847954,731,-1,3649
6,2,0,1459,262,87,140.2961154131,2.698437036931,785,-1,3757
6,2,0,1459,265,88,140.2961154131,0.423044826924,1388,-1,589
6,2,0,1459,268,89,140.2961154131,-2.033344490698,1865,-1,5917
6,2,0,1459,271,90,140.2961154131,1.922735147156,245,-1,2677
6,2,0,1459,274,91,140.2961154131,2.362299551362,551,-1,3289
6,2,0,1459,277,92,140.2961154131,2.155445714088,407,-1,3001
6,2,0,1459,280,93,140.2961154131,2.310586092044,515,-1,3217
6,2,0,1459,283,94,140.2961154131,-0.119946495919,1010,-1,8581
6,2,0,1459,286,95,140.2961154131,-1.567923356833,2,-1,6565
6,2,0,1459,289,96,140.2961154131,-0.326800333192,866,-1,8293
6,2,0,1459,292,97,140.2961154131,1.353887094654,2036,-1,1885
6,2,0,1459,295,98,140.2961154131,1.457314013291,2108,-1,2029
6,2,0,1459,298,99,140.2961154131,2.388156281021,569,-1,3325
6,2,0,1459,301,100,140.2961154131,2.595010118294,713,-1,3613
6,2,0,1459,304,101,140.2961154131,0.759182312493,1622,-1,1057
6,2,0,1459,307,102,140.2961154131,-0.016519577282,1082,-1,8725
6,2,0,1459,310,103,140.2961154131,-0.585367629784,686,-1,7933
6,2,0,1459,313,104,140.2961154131,-1.567923356833,2,-1,6565
6,2,0,1459,316,105,140.2961154131,0.836752501471,1676,-1,1165
6,2,0,1459,319,106,140.2961154131,0.190334259991,1226,-1,265
6,2,0,1459,322,107,140.2961154131,2.853577414886,893,-1,3973
6,2,0,1459,325,108,140.2961154131,0.759182312493,1622,-1,1057
6,2,0,1459,328,109,140.2961154131,0.733325582834,1604,-1,1021
6,2,0,1459,331,110,140.2961154131,-2.731476191496,1379,-1,4945
6,2,0,1459,334,111,140.2961154131,1.845164958178,191,-1,2569
6,2,0,1459,337,112,140.2961154131,3.138001441137,1091,-1,4369
6,2,0,1459,340,113,140.2961154131,2.620866847954,731,-1,3649
6,2,0,1459,343,114,140.2961154131,-0.094089766260,1028,-1,8617
6,2,0,1459,346,115,140.2961154131,-3.067613677065,1145,-1,4477
6,2,0,1459,349,116,140.2961154131,2.155445714088,407,-1,3001
6,2,0,1459,352,117,140.2961154131,-2.964186758428,1217,-1,4621
6,2,0,1459,355,118,140.2961154131,3.060431252160,1037,-1,4261
6,2,0,1459,358,119,140.2961154131,-2.033344490698,1865,-1,5917
6,2,0,1459,361,120,140.2961154131,1.612454391246,29,-1,2245
6,2,0,1459,364,121,140.2961154131,-1.516209897514,38,-1,6637
6,2,0,1459,367,122,140.2961154131,-1.567923356833,2,-1,6565
6,2,0,1459,370,123,140.2961154131,-3.119327136383,1109,-1,4405
6,2,0,1459,373,124,140.2961154131,-2.136771409335,1793,-1,5773
6,2,0,1459,376,125,140.2961154131,-0.637081089102,650,-1,7861
6,2,0,1459,379,126,140.2961154131,-2.498765624563,1541,-1,5269
6,2,0,1459,382,127,140.2961154131,-2.990043488087,1199,-1,4585
6,2,0,1459,385,128,140.2961154131,2.853577414886,893,-1,3973
6,2,0,1459,388,129,140.2961154131,-0.714651278080,596,-1,7753
6,2,0,1459,391,130,140.2961154131,-1.981631031380,1901,-1,5989
6,2,0,1459,394,131,140.2961154131,-1.567923356833,2,-1,6565
6,2,0,1459,397,132,140.2961154131,-1.955774301720,1919,-1,6025
6,2,0,1459,400,133,140.2961154131,2.982861063182,983,-1,4153
6,2,0,1459,403,134,140.2961154131,0.759182312493,1622,-1,1057
6,2,0,1459,406,135,140.2961154131,2.155445714088,407,-1,3001
6,2,0,1459,409,136,140.2961154131,1.431457283632,2090,-1,1993
6,2,0,1459,412,137,140.2961154131,-0.637081089102,650,-1,7861
6,2,0,1459,415,138,140.2961154131,1.147033257381,1892,-1,1597
6,2,0,1459,418,139,140.2961154131,1.741738039542,119,-1,2425
6,2,0,1459,421,140,140.2961154131,2.620866847954,731,-1,3649
6,2,0,1459,424,141,140.2961154131,-2.886616569451,1271,-1,4729
6,2,0,1459,427,142,140.2961154131,-0.275086873874,902,-1,8365
6,2,0,1459,430,143,140.2961154131,0.061050611695,1136,-1,85
6,2,0,1459,433,144,140.2961154131,-1.567923356833,2,-1,6565
6,2,0,1459,436,145,140.2961154131,-2.524622354222,1523,-1,5233
6,2,0,1459,439,146,140.2961154131,0.061050611695,1136,-1,85
6,2,0,1459,442,147,140.2961154131,0.914322690448,1730,-1,1273
6,2,0,1459,445,148,140.2961154131,-2.912473299110,1253,-1,4693
6,2,0,1459,448,149,140.2961154131,-1.567923356833,2,-1,6565
6,2,0,1459,451,150,140.2961154131,0.371331367605,1352,-1,517
6,2,0,1459,454,151,140.2961154131,0.655755393856,1550,-1,913
6,2,0,1459,457,152,140.2961154131,-2.731476191496,1379,-1,4945
6,2,0,1459,460,153,140.2961154131,-1.102502222968,326,-1,7213
6,2,0,1459,463,154,140.2961154131,-2.291911787290,1685,-1,5557
6,2,0,1459,466,155,140.2961154131,-1.335212789900,164,-1,6889
6,2,0,1459,469,156,140.2961154131,-1.412782978878,110,-1,6781
6,2,0,1459,472,157,140.2961154131,2.905290874205,929,-1,4045
6,2,0,1459,475,158,140.2961154131,-1.567923356833,2,-1,6565
6,2,0,1459,478,159,140.2961154131,1.534884202268,2162,-1,2137
6,2,0,1459,481,160,140.2961154131,-0.507797440807,740,-1,8041
6,2,0,1459,484,161,140.2961154131,-1.335212789900,164,-1,6889
6,2,0,1459,487,162,140.2961154131,-2.731476191496,1379,-1,4945
6,2,0,1459,490,163,140.2961154131,2.129588984429,389,-1,2965
6,2,0,1459,493,164,140.2961154131,1.457314013291,2108,-1,2029
6,2,0,1459,496,165,140.2961154131,0.448901556583,1406,-1,625
6,2,0,1459,499,166,140.2961154131,0.345474637946,1334,-1,481
6,2,0,1459,502,167,140.2961154131,2.620866847954,731,-1,3649
6,2,0,1459,505,168,140.2961154131,0.604041934538,1514,-1,841
6,2,0,1459,508,169,140.2961154131,2.517439929317,659,-1,3505
6,2,0,1459,511,170,140.2961154131,-2.033344490698,1865,-1,5917
6,2,0,1459,514,171,140.2961154131,-0.171659955237,974,-1,8509
6,2,0,1459,517,172,140.2961154131,-1.826490653425,2009,-1,6205
6,2,0,1459,520,173,140.2961154131,2.155445714088,407,-1,3001
6,2,0,1459,523,174,140.2961154131,0.216190989650,1244,-1,301
6,2,0,1459,526,175,140.2961154131,1.974448606474,281,-1,2749
6,2,0,1459,529,176,140.2961154131,-1.567923356833,2,-1,6565
6,2,0,1459,532,177,140.2961154131,-2.421195435586,1595,-1,5377
6,2,0,1459,535,178,140.2961154131,-2.834903110132,1307,-1,4801
6,2,0,1459,538,179,140.2961154131,1.457314013291,2108,-1,2029
6,2,0,1459,541,180,140.2961154131,0.293761178628,1298,-1,409
6,2,0,1459,544,181,140.2961154131,-1.593780086492,2171,-1,6529
6,2,0,1459,547,182,140.2961154131,0.759182312493,1622,-1,1057
6,2,0,1459,550,183,140.2961154131,-2.110914679675,1811,-1,5809
6,2,0,1459,553,184,140.2961154131,1.509027472609,2144,-1,2101
6,2,0,1459,556,185,140.2961154131,-1.567923356833,2,-1,6565
6,2,0,1459,559,186,140.2961154131,-1.257642600923,218,-1,6997
6,2,0,1459,562,187,140.2961154131,2.284729362384,497,-1,3181
6,2,0,1459,565,188,140.2961154131,2.853577414886,893,-1,3973
6,2,0,1459,568,189,140.2961154131,-1.335212789900,164,-1,6889
6,2,0,1459,571,190,140.2961154131,2.827720685227,875,-1,3937
6,2,0,1459,574,191,140.2961154131,-2.731476191496,1379,-1,4945
6,2,0,1459,577,192,140.2961154131,-0.249230144215,920,-1,8401
6,2,0,1459,580,193,140.2961154131,-1.050788763649,362,-1,7285
6,2,0,1459,583,194,140.2961154131,2.620866847954,731,-1,3649
6,2,0,1459,586,195,140.2961154131,-2.188484868653,1757,-1,5701
6,2,0,1459,589,196,140.2961154131,-0.973218574672,416,-1,7393
6,2,0,1459,592,197,140.2961154131,2.155445714088,407,-1,3001
6,2,0,1459,595,198,140.2961154131,1.224603446358,1946,-1,1705
6,2,0,1459,598,199,140.2961154131,-1.128358952627,308,-1,7177
6,2,0,1459,601,200,140.2961154131,-2.033344490698,1865,-1,5917
6,2,0,1459,604,201,140.2961154131,-0.481940711147,758,-1,8077
6,2,0,1459,607,202,140.2961154131,0.578185204879,1496,-1,805
6,2,0,1459,610,203,140.2961154131,-1.567923356833,2,-1,6565
6,2,0,1459,613,204,140.2961154131,1.069463068403,1838,-1,1489
6,2,0,1459,616,205,140.2961154131,-0.042376306941,1064,-1,8689
6,2,0,1459,619,206,140.2961154131,-0.637081089102,650,-1,7861
6,2,0,1459,622,207,140.2961154131,1.690024580223,83,-1,2353
6,2,0,1459,625,208,140.2961154131,-0.895648385694,470,-1,7501
6,2,0,1459,628,209,140.2961154131,2.853577414886,893,-1,3973
6,2,0,1459,631,210,140.2961154131,-2.809046380473,1325,-1,4837
6,2,0,1459,634,211,140.2961154131,0.112764071014,1172,-1,157
6,2,0,1459,637,212,140.2961154131,-1.567923356833,2,-1,6565
6,2,0,1459,640,213,140.2961154131,2.233015903066,461,-1,3109
6,2,0,1459,643,214,140.2961154131,-1.205929141604,254,-1,7069
6,2,0,1459,646,215,140.2961154131,0.759182312493,1622,-1,1057
6,2,0,1459,649,216,140.2961154131,0.061050611695,1136,-1,85
6,2,0,1459,652,217,140.2961154131,-2.757332921155,1361,-1,4909
6,2,0,1459,655,218,140.2961154131,-0.637081089102,650,-1,7861
6,2,0,1459,658,219,140.2961154131,-0.947361845013,434,-1,7429
6,2,0,1459,661,220,140.2961154131,-2.447052165245,1577,-1,5341
6,2,0,1459,664,221,140.2961154131,2.620866847954,731,-1,3649
6,2,0,1459,667,222,140.2961154131,1.302173635336,2000,-1,1813
6,2,0,1459,670,223,140.2961154131,1.819308228519,173,-1,2533
6,2,0,1459,673,224,140.2961154131,0.061050611695,1136,-1,85
6,2,0,1459,676,225,140.2961154131,2.620866847954,731,-1,3649
6,2,0,1459,679,226,140.2961154131,-0.430227251829,794,-1,8149
6,2,0,1459,682,227,140.2961154131,0.061050611695,1136,-1,85
6,2,0,1459,685,228,140.2961154131,-1.180072411945,272,-1,7105
6,2,0,1459,688,229,140.2961154131,-0.818078196717,524,-1,7609
6,2,0,1459,691,230,140.2961154131,-1.567923356833,2,-1,6565
6,2,0,1459,694,231,140.2961154131,-1.723063734788,2081,-1,6349
6,2,0,1459,697,232,140.2961154131,2.750150496250,821,-1,3829
6,2,0,1459,700,233,140.2961154131,-2.731476191496,1379,-1,4945
6,2,0,1459,703,234,140.2961154131,3.086287981819,1055,-1,4297
6,2,0,1459,706,235,140.2961154131,-0.197516684896,956,-1,8473
6,2,0,1459,709,236,140.2961154131,-1.335212789900,164,-1,6889
6,2,0,1459,712,237,140.2961154131,2.776007225909,839,-1,3865
6,2,0,1459,715,238,140.2961154131,-1.283499330582,200,-1,6961
6,2,0,1459,718,239,140.2961154131,-1.567923356833,2,-1,6565
6,2,0,1459,721,240,140.2961154131,-0.559510900125,704,-1,7969
6,2,0,1459,724,241,140.2961154131,1.586597661587,11,-1,2209
6,2,0,1459,727,242,140.2961154131,-1.335212789900,164,-1,6889
6,0,1,2,2,0,140.2961154131,-0.750563402607,571,-1,7703
6,0,1,2,5,1,140.2961154131,-0.517852835674,733,-1,8027
6,0,1,2,8,2,140.2961154131,-1.500408562723,49,-1,6659
6,0,1,2,11,3,140.2961154131,2.662524912405,760,-1,3707
6,0,1,2,14,4,140.2961154131,-0.750563402607,571,-1,7703
6,0,1,2,17,5,140.2961154131,-1.655548940678,2128,-1,6443
6,0,1,2,20,6,140.2961154131,-0.672993213629,625,-1,7811
6,0,1,2,23,7,140.2961154131,1.343831699787,2029,-1,1871
6,0,1,2,26,8,140.2961154131,1.214548051491,1939,-1,1691
6,0,1,2,29,9,140.2961154131,-2.379537371135,1624,-1,5435
6,0,1,2,32,10,140.2961154131,1.576542266719,4,-1,2195
6,0,1,2,35,11,140.2961154131,2.921092208996,940,-1,4067
6,0,1,2,38,12,140.2961154131,-0.362712457719,841,-1,8243
6,0,1,2,41,13,140.2961154131,2.041963400584,328,-1,2843
6,0,1,2,44,14,140.2961154131,-0.724706672947,589,-1,7739
6,0,1,2,47,15,140.2961154131,1.188691321832,1921,-1,1655
6,0,1,2,50,16,140.2961154131,-1.448695103404,85,-1,6731
6,0,1,2,53,17,140.2961154131,-1.345268184768,157,-1,6875
6,0,1,2,56,18,140.2961154131,-1.914116237270,1948,-1,6083
6,0,1,2,59,19,140.2961154131,-0.517852835674,733,-1,8027
6,0,1,2,62,20,140.2961154131,-3.129382531251,1102,-1,4391
6,0,1,2,65,21,140.2961154131,-1.293554725449,193,-1,6947
6,0,1,2,68,22,140.2961154131,0.645699998989,1543,-1,899
6,0,1,2,71,23,140.2961154131,2.300530697176,508,-1,3203
6,0,1,2,74,24,140.2961154131,-1.138414347494,301,-1,7163
6,0,1,2,77,25,140.2961154131,-2.146826804202,1786,-1,5759
6,0,1,2,80,26,140.2961154131,-1.810689318633,2020,-1,6227
6,0,1,2,83,27,140.2961154131,0.645699998989,1543,-1,899
6,0,1,2,86,28,140.2961154131,-0.517852835674,733,-1,8027
6,0,1,2,89,29,140.2961154131,-0.802276861925,535,-1,7631
6,0,1,2,92,30,140.2961154131,-0.130001890786,1003,-1,8567
6,0,1,2,95,31,140.2961154131,1.343831699787,2029,-1,1871
6,0,1,2,98,32,140.2961154131,1.136977862513,1885,-1,1583
6,0,1,2,101,33,140.2961154131,-1.371124914427,139,-1,6839
6,0,1,2,104,34,140.2961154131,-0.750563402607,571,-1,7703
6,0,1,2,107,35,140.2961154131,-0.181715350105,967,-1,8495
6,0,1,2,110,36,140.2961154131,-0.983273969539,409,-1,7379
6,0,1,2,113,37,140.2961154131,1.576542266719,4,-1,2195
6,0,1,2,116,38,140.2961154131,-2.663961397386,1426,-1,5039
6,0,1,2,119,39,140.2961154131,3.127946046270,1084,-1,4355
6,0,1,2,122,40,140.2961154131,-2.146826804202,1786,-1,5759
6,0,1,2,125,41,140.2961154131,2.067820130243,346,-1,2879
6,0,1,2,128,42,140.2961154131,0.490559621034,1435,-1,683
6,0,1,2,131,43,140.2961154131,2.740095101382,814,-1,3815
6,0,1,2,134,44,140.2961154131,-2.741531586363,1372,-1,4931
6,0,1,2,137,45,140.2961154131,-0.517852835674,733,-1,8027
6,0,1,2,140,46,140.2961154131,-0.517852835674,733,-1,8027
6,0,1,2,143,47,140.2961154131,-2.431250830453,1588,-1,5363
6,0,1,2,146,48,140.2961154131,2.197103778539,436,-1,3059
6,0,1,2,149,49,140.2961154131,2.740095101382,814,-1,3815
6,0,1,2,152,50,140.2961154131,-1.190127806813,265,-1,7091
6,0,1,2,155,51,140.2961154131,-1.836546048292,2002,-1,6191
6,0,1,2,158,52,140.2961154131,2.041963400584,328,-1,2843
6,0,1,2,161,53,140.2961154131,3.076232586951,1048,-1,4283
6,0,1,2,164,54,140.2961154131,2.041963400584,328,-1,2843
6,0,1,2,167,55,140.2961154131,-0.517852835674,733,-1,8027
6,0,1,2,170,56,140.2961154131,-0.104145161127,1021,-1,8603
6,0,1,2,173,57,140.2961154131,-2.922528693977,1246,-1,4679
6,0,1,2,176,58,140.2961154131,-2.844958505000,1300,-1,4787
6,0,1,2,179,59,140.2961154131,-2.353680641475,1642,-1,5471
6,0,1,2,182,60,140.2961154131,-2.069256615225,1840,-1,5867
6,0,1,2,185,61,140.2961154131,-2.844958505000,1300,-1,4787
6,0,1,2,188,62,140.2961154131,-1.577978751700,2182,-1,6551
6,0,1,2,191,63,140.2961154131,0.412989432056,1381,-1,575
6,0,1,2,194,64,140.2961154131,1.576542266719,4,-1,2195
6,0,1,2,197,65,140.2961154131,-1.965829696588,1912,-1,6011
6,0,1,2,200,66,140.2961154131,0.335419243079,1327,-1,467
6,0,1,2,203,67,140.2961154131,-0.052431701809,1057,-1,8675
6,0,1,2,206,68,140.2961154131,-1.422838373745,103,-1,6767
6,0,1,2,209,69,140.2961154131,-0.207572079764,949,-1,8459
6,0,1,2,212,70,140.2961154131,0.645699998989,1543,-1,899
6,0,1,2,215,71,140.2961154131,2.145390319221,400,-1,2987
6,0,1,2,218,72,140.2961154131,0.878410565921,1705,-1,1223
6,0,1,2,221,73,140.2961154131,-0.517852835674,733,-1,8027
6,0,1,2,224,74,140.2961154131,-1.733119129655,2074,-1,6335
6,0,1,2,227,75,140.2961154131,-0.595423024652,679,-1,7919
6,0,1,2,230,76,140.2961154131,-1.448695103404,85,-1,6731
6,0,1,2,233,77,140.2961154131,1.602398996378,22,-1,2231
6,0,1,2,236,78,140.2961154131,-2.534677749090,1516,-1,5219
6,0,1,2,239,79,140.2961154131,-0.052431701809,1057,-1,8675
6,0,1,2,242,80,140.2961154131,1.679969185356,76,-1,2339
6,0,1,2,245,81,140.2961154131,-2.844958505000,1300,-1,4787
6,0,1,2,248,82,140.2961154131,-0.517852835674,733,-1,8027
6,0,1,2,251,83,140.2961154131,0.593986539670,1507,-1,827
6,0,1,2,254,84,140.2961154131,0.568129810011,1489,-1,791
6,0,1,2,257,85,140.2961154131,-0.750563402607,571,-1,7703
6,0,1,2,260,86,140.2961154131,0.438846161715,1399,-1,611
6,0,1,2,263,87,140.2961154131,-2.767388316022,1354,-1,4895
6,0,1,2,266,88,140.2961154131,1.343831699787,2029,-1,1871
6,0,1,2,269,89,140.2961154131,-2.974242153296,1210,-1,4607
6,0,1,2,272,90,140.2961154131,1.809252833652,166,-1,2519
6,0,1,2,275,91,140.2961154131,1.576542266719,4,-1,2195
6,0,1,2,278,92,140.2961154131,-1.267697995790,211,-1,6983
6,0,1,2,281,93,140.2961154131,-2.457107560112,1570,-1,5327
6,0,1,2,284,94,140.2961154131,2.041963400584,328,-1,2843
6,0,1,2,287,95,140.2961154131,1.369688429446,2047,-1,1907
6,0,1,2,290,96,140.2961154131,-0.905703780562,463,-1,7487
6,0,1,2,293,97,140.2961154131,-1.448695103404,85,-1,6731
6,0,1,2,296,98,140.2961154131,0.749126917626,1615,-1,1043
6,0,1,2,299,99,140.2961154131,2.274673967517,490,-1,3167
6,0,1,2,302,100,140.2961154131,-0.517852835674,733,-1,8027
6,0,1,2,305,101,140.2961154131,-1.034987428858,373,-1,7307
6,0,1,2,308,102,140.2961154131,2.895235479337,922,-1,4031
6,0,1,2,311,103,140.2961154131,0.645699998989,1543,-1,899
6,0,1,2,314,104,140.2961154131,-1.888259507610,1966,-1,6119
6,0,1,2,317,105,140.2961154131,3.050375857292,1030,-1,4247
6,0,1,2,320,106,140.2961154131,-2.146826804202,1786,-1,5759
6,0,1,2,323,107,140.2961154131,0.283705783760,1291,-1,395
6,0,1,2,326,108,140.2961154131,-1.448695103404,85,-1,6731
6,0,1,2,329,109,140.2961154131,-0.517852835674,733,-1,8027
6,0,1,2,332,110,140.2961154131,1.292118240468,1993,-1,1799
6,0,1,2,335,111,140.2961154131,-2.224396993180,1732,-1,5651
6,0,1,2,338,112,140.2961154131,1.343831699787,2029,-1,1871
6,0,1,2,341,113,140.2961154131,-3.051812342273,1156,-1,4499
6,0,1,2,344,114,140.2961154131,2.817665290360,868,-1,3923
6,0,1,2,347,115,140.2961154131,-0.750563402607,571,-1,7703
6,0,1,2,350,116,140.2961154131,1.912679752288,238,-1,2663
6,0,1,2,353,117,140.2961154131,-3.077669071932,1138,-1,4463
6,0,1,2,356,118,140.2961154131,1.576542266719,4,-1,2195
6,0,1,2,359,119,140.2961154131,-0.569566294992,697,-1,7955
6,0,1,2,362,120,140.2961154131,1.033550943876,1813,-1,1439
6,0,1,2,365,121,140.2961154131,-2.146826804202,1786,-1,5759
6,0,1,2,368,122,140.2961154131,-2.120970074543,1804,-1,5795
6,0,1,2,371,123,140.2961154131,-1.603835481359,2164,-1,6515
6,0,1,2,374,124,140.2961154131,2.740095101382,814,-1,3815
6,0,1,2,377,125,140.2961154131,-0.647136483970,643,-1,7847
6,0,1,2,380,126,140.2961154131,-2.612247938067,1462,-1,5111
6,0,1,2,383,127,140.2961154131,-0.517852835674,733,-1,8027
6,0,1,2,386,128,140.2961154131,-0.336855728060,859,-1,8279
6,0,1,2,389,129,140.2961154131,0.102708676146,1165,-1,143
6,0,1,2,392,130,140.2961154131,2.740095101382,814,-1,3815
6,0,1,2,395,131,140.2961154131,0.904267295581,1723,-1,1259
6,0,1,2,398,132,140.2961154131,2.352244156494,544,-1,3275
6,0,1,2,401,133,140.2961154131,2.041963400584,328,-1,2843
6,0,1,2,404,134,140.2961154131,-1.112557617835,319,-1,7199
6,0,1,2,407,135,140.2961154131,-0.052431701809,1057,-1,8675
6,0,1,2,410,136,140.2961154131,-0.517852835674,733,-1,8027
6,0,1,2,413,137,140.2961154131,1.990249941266,292,-1,2771
6,0,1,2,416,138,140.2961154131,1.266261510809,1975,-1,1763
6,0,1,2,419,139,140.2961154131,-2.844958505000,1300,-1,4787
6,0,1,2,422,140,140.2961154131,-0.259285539082,913,-1,8387
6,0,1,2,425,141,140.2961154131,2.119533589562,382,-1,2951
6,0,1,2,428,142,140.2961154131,-2.844958505000,1300,-1,4787
6,0,1,2,431,143,140.2961154131,0.516416350693,1453,-1,719
6,0,1,2,434,144,140.2961154131,-1.681405670337,2110,-1,6407
6,0,1,2,437,145,140.2961154131,1.576542266719,4,-1,2195
6,0,1,2,440,146,140.2961154131,0.128565405805,1183,-1,179
6,0,1,2,443,147,140.2961154131,-1.758975859314,2056,-1,6299
6,0,1,2,446,148,140.2961154131,-0.052431701809,1057,-1,8675
6,0,1,2,449,149,140.2961154131,0.671556728648,1561,-1,935
6,0,1,2,452,150,140.2961154131,-2.301967182157,1678,-1,5543
6,0,1,2,455,151,140.2961154131,0.645699998989,1543,-1,899
6,0,1,2,458,152,140.2961154131,-2.043399885565,1858,-1,5903
6,0,1,2,461,153,140.2961154131,-1.215984536472,247,-1,7055
6,0,1,2,464,154,140.2961154131,-0.517852835674,733,-1,8027
6,0,1,2,467,155,140.2961154131,0.361275972738,1345,-1,503
6,0,1,2,470,156,140.2961154131,-2.689818127045,1408,-1,5003
6,0,1,2,473,157,140.2961154131,-1.448695103404,85,-1,6731
6,0,1,2,476,158,140.2961154131,-2.586391208408,1480,-1,5147
6,0,1,2,479,159,140.2961154131,1.654112455697,58,-1,2303
6,0,1,2,482,160,140.2961154131,-0.052431701809,1057,-1,8675
6,0,1,2,485,161,140.2961154131,-2.508821019431,1534,-1,5255
6,0,1,2,488,162,140.2961154131,1.343831699787,2029,-1,1871
6,0,1,2,491,163,140.2961154131,-0.517852835674,733,-1,8027
6,0,1,2,494,164,140.2961154131,2.688381642064,778,-1,3743
6,0,1,2,497,165,140.2961154131,-1.526265292382,31,-1,6623
6,0,1,2,500,166,140.2961154131,-0.750563402607,571,-1,7703
6,0,1,2,503,167,140.2961154131,2.533241264109,670,-1,3527
6,0,1,2,506,168,140.2961154131,1.421401888764,2083,-1,1979
6,0,1,2,509,169,140.2961154131,1.343831699787,2029,-1,1871
6,0,1,2,512,170,140.2961154131,-0.879847050902,481,-1,7523
6,0,1,2,515,171,140.2961154131,-0.285142268741,895,-1,8351
6,0,1,2,518,172,140.2961154131,1.576542266719,4,-1,2195
6,0,1,2,521,173,140.2961154131,0.826697106603,1669,-1,1151
6,0,1,2,524,174,140.2961154131,1.731682644674,112,-1,2411
6,0,1,2,527,175,140.2961154131,2.041963400584,328,-1,2843
6,0,1,2,530,176,140.2961154131,-2.819101775341,1318,-1,4823
6,0,1,2,533,177,140.2961154131,-3.000098882955,1192,-1,4571
6,0,1,2,536,178,140.2961154131,-1.448695103404,85,-1,6731
6,0,1,2,539,179,140.2961154131,2.843522020019,886,-1,3959
6,0,1,2,542,180,140.2961154131,0.180278865124,1219,-1,251
6,0,1,2,545,181,140.2961154131,-0.517852835674,733,-1,8027
6,0,1,2,548,182,140.2961154131,1.059407673536,1831,-1,1475
6,0,1,2,551,183,140.2961154131,0.800840376944,1651,-1,1115
6,0,1,2,554,184,140.2961154131,0.645699998989,1543,-1,899
6,0,1,2,557,185,140.2961154131,0.206135594783,1237,-1,287
6,0,1,2,560,186,140.2961154131,0.955980754899,1759,-1,1331
6,0,1,2,563,187,140.2961154131,-2.146826804202,1786,-1,5759
6,0,1,2,566,188,140.2961154131,2.378100886154,562,-1,3311
6,0,1,2,569,189,140.2961154131,2.740095101382,814,-1,3815
6,0,1,2,572,190,140.2961154131,-0.517852835674,733,-1,8027
6,0,1,2,575,191,140.2961154131,-2.896671964318,1264,-1,4715
6,0,1,2,578,192,140.2961154131,1.964393211607,274,-1,2735
6,0,1,2,581,193,140.2961154131,1.343831699787,2029,-1,1871
6,0,1,2,584,194,140.2961154131,-0.957417239880,427,-1,7415
6,0,1,2,587,195,140.2961154131,0.723270187966,1597,-1,1007
6,0,1,2,590,196,140.2961154131,-0.750563402607,571,-1,7703
6,0,1,2,593,197,140.2961154131,-2.276110452498,1696,-1,5579
6,0,1,2,596,198,140.2961154131,1.111121132854,1867,-1,1547
6,0,1,2,599,199,140.2961154131,1.576542266719,4,-1,2195
6,0,1,2,602,200,140.2961154131,1.524828807401,2155,-1,2123
6,0,1,2,605,201,140.2961154131,-1.060844158517,355,-1,7271
6,0,1,2,608,202,140.2961154131,-2.146826804202,1786,-1,5759
6,0,1,2,611,203,140.2961154131,-0.026574972150,1075,-1,8711
6,0,1,2,614,204,140.2961154131,2.584954723427,706,-1,3599
6,0,1,2,617,205,140.2961154131,2.740095101382,814,-1,3815
6,0,1,2,620,206,140.2961154131,1.447258618423,2101,-1,2015
6,0,1,2,623,207,140.2961154131,1.576542266719,4,-1,2195
6,0,1,2,626,208,140.2961154131,-0.517852835674,733,-1,8027
6,0,1,2,629,209,140.2961154131,1.757539374333,130,-1,2447
6,0,1,2,632,210,140.2961154131,-1.991686426247,1894,-1,5975
6,0,1,2,635,211,140.2961154131,2.740095101382,814,-1,3815
6,0,1,2,638,212,140.2961154131,2.998662397974,994,-1,4175
6,0,1,2,641,213,140.2961154131,0.257849054101,1273,-1,359
6,0,1,2,644,214,140.2961154131,2.041963400584,328,-1,2843
6,0,1,2,647,215,140.2961154131,0.981837484558,1777,-1,1367
6,0,1,2,650,216,140.2961154131,-2.146826804202,1786,-1,5759
6,0,1,2,653,217,140.2961154131,-0.517852835674,733,-1,8027
6,0,1,2,656,218,140.2961154131,-2.198540263520,1750,-1,5687
6,0,1,2,659,219,140.2961154131,-0.828133591584,517,-1,7595
6,0,1,2,662,220,140.2961154131,-2.844958505000,1300,-1,4787
6,0,1,2,665,221,140.2961154131,1.835109563311,184,-1,2555
6,0,1,2,668,222,140.2961154131,0.025138487169,1111,-1,35
6,0,1,2,671,223,140.2961154131,-2.844958505000,1300,-1,4787
6,0,1,2,674,224,140.2961154131,2.610811453086,724,-1,3635
6,0,1,2,677,225,140.2961154131,2.507384534449,652,-1,3491
6,0,1,2,680,226,140.2961154131,1.576542266719,4,-1,2195
6,0,1,2,683,227,140.2961154131,2.222960508199,454,-1,3095
6,0,1,2,686,228,140.2961154131,2.429814345472,598,-1,3383
6,0,1,2,689,229,140.2961154131,-0.052431701809,1057,-1,8675
6,0,1,2,692,230,140.2961154131,2.765951831041,832,-1,3851
6,0,1,2,695,231,140.2961154131,1.886823022629,220,-1,2627
6,0,1,2,698,232,140.2961154131,0.645699998989,1543,-1,899
6,0,1,2,701,233,140.2961154131,0.050995216828,1129,-1,71
6,0,1,2,704,234,140.2961154131,2.972805668315,976,-1,4139
6,0,1,2,707,235,140.2961154131,-0.517852835674,733,-1,8027
6,0,1,2,710,236,140.2961154131,2.455671075131,616,-1,3419
6,0,1,2,713,237,140.2961154131,1.498972077742,2137,-1,2087
6,0,1,2,716,238,140.2961154131,-1.448695103404,85,-1,6731
6,0,1,2,719,239,140.2961154131,-0.491996106015,751,-1,8063
6,0,1,2,722,240,140.2961154131,-0.440282646697,787,-1,8135
6,0,1,2,725,241,140.2961154131,-0.052431701809,1057,-1,8675
6,0,1,2,728,242,140.2961154131,-0.414425917037,805,-1,8171
6,1,1,1460,2,0,140.2961154131,-2.844958505000,1300,-1,4787
6,1,1,1460,5,1,140.2961154131,-2.612247938067,1462,-1,5111
6,1,1,1460,8,2,140.2961154131,2.688381642064,778,-1,3743
6,1,1,1460,11,3,140.2961154131,0.568129810011,1489,-1,791
6,1,1,1460,14,4,140.2961154131,-2.844958505000,1300,-1,4787
6,1,1,1460,17,5,140.2961154131,2.533241264109,670,-1,3527
6,1,1,1460,20,6,140.2961154131,-2.767388316022,1354,-1,4895
6,1,1,1460,23,7,140.2961154131,-0.750563402607,571,-1,7703
6,1,1,1460,26,8,140.2961154131,-0.879847050902,481,-1,7523
6,1,1,1460,29,9,140.2961154131,1.809252833652,166,-1,2519
6,1,1,1460,32,10,140.2961154131,-0.517852835674,733,-1,8027
6,1,1,1460,35,11,140.2961154131,0.826697106603,1669,-1,1151
6,1,1,1460,38,12,140.2961154131,-2.457107560112,1570,-1,5327
6,1,1,1460,41,13,140.2961154131,-0.052431701809,1057,-1,8675
6,1,1,1460,44,14,140.2961154131,-2.819101775341,1318,-1,4823
6,1,1,1460,47,15,140.2961154131,-0.905703780562,463,-1,7487
6,1,1,1460,50,16,140.2961154131,2.740095101382,814,-1,3815
6,1,1,1460,53,17,140.2961154131,2.843522020019,886,-1,3959
6,1,1,1460,56,18,140.2961154131,2.274673967517,490,-1,3167
6,1,1,1460,59,19,140.2961154131,-2.612247938067,1462,-1,5111
6,1,1,1460,62,20,140.2961154131,1.059407673536,1831,-1,1475
6,1,1,1460,65,21,140.2961154131,2.895235479337,922,-1,4031
6,1,1,1460,68,22,140.2961154131,-1.448695103404,85,-1,6731
6,1,1,1460,71,23,140.2961154131,0.206135594783,1237,-1,287
6,1,1,1460,74,24,140.2961154131,3.050375857292,1030,-1,4247
6,1,1,1460,77,25,140.2961154131,2.041963400584,328,-1,2843
6,1,1,1460,80,26,140.2961154131,2.378100886154,562,-1,3311
6,1,1,1460,83,27,140.2961154131,-1.448695103404,85,-1,6731
6,1,1,1460,86,28,140.2961154131,-2.612247938067,1462,-1,5111
6,1,1,1460,89,29,140.2961154131,-2.896671964318,1264,-1,4715
6,1,1,1460,92,30,140.2961154131,-2.224396993180,1732,-1,5651
6,1,1,1460,95,31,140.2961154131,-0.750563402607,571,-1,7703
6,1,1,1460,98,32,140.2961154131,-0.957417239880,427,-1,7415
6,1,1,1460,101,33,140.2961154131,2.817665290360,868,-1,3923
6,1,1,1460,104,34,140.2961154131,-2.844958505000,1300,-1,4787
6,1,1,1460,107,35,140.2961154131,-2.276110452498,1696,-1,5579
6,1,1,1460,110,36,140.2961154131,-3.077669071932,1138,-1,4463
6,1,1,1460,113,37,140.2961154131,-0.517852835674,733,-1,8027
6,1,1,1460,116,38,140.2961154131,1.524828807401,2155,-1,2123
6,1,1,1460,119,39,140.2961154131,1.033550943876,1813,-1,1439
6,1,1,1460,122,40,140.2961154131,2.041963400584,328,-1,2843
6,1,1,1460,125,41,140.2961154131,-0.026574972150,1075,-1,8711
6,1,1,1460,128,42,140.2961154131,-1.603835481359,2164,-1,6515
6,1,1,1460,131,43,140.2961154131,0.645699998989,1543,-1,899
6,1,1,1460,134,44,140.2961154131,1.447258618423,2101,-1,2015
6,1,1,1460,137,45,140.2961154131,-2.612247938067,1462,-1,5111
6,1,1,1460,140,46,140.2961154131,-2.612247938067,1462,-1,5111
6,1,1,1460,143,47,140.2961154131,1.757539374333,130,-1,2447
6,1,1,1460,146,48,140.2961154131,0.102708676146,1165,-1,143
6,1,1,1460,149,49,140.2961154131,0.645699998989,1543,-1,899
6,1,1,1460,152,50,140.2961154131,2.998662397974,994,-1,4175
6,1,1,1460,155,51,140.2961154131,2.352244156494,544,-1,3275
6,1,1,1460,158,52,140.2961154131,-0.052431701809,1057,-1,8675
6,1,1,1460,161,53,140.2961154131,0.981837484558,1777,-1,1367
6,1,1,1460,164,54,140.2961154131,-0.052431701809,1057,-1,8675
6,1,1,1460,167,55,140.2961154131,-2.612247938067,1462,-1,5111
6,1,1,1460,170,56,140.2961154131,-2.198540263520,1750,-1,5687
6,1,1,1460,173,57,140.2961154131,1.266261510809,1975,-1,1763
6,1,1,1460,176,58,140.2961154131,1.343831699787,2029,-1,1871
6,1,1,1460,179,59,140.2961154131,1.835109563311,184,-1,2555
6,1,1,1460,182,60,140.2961154131,2.119533589562,382,-1,2951
6,1,1,1460,185,61,140.2961154131,1.343831699787,2029,-1,1871
6,1,1,1460,188,62,140.2961154131,2.610811453086,724,-1,3635
6,1,1,1460,191,63,140.2961154131,-1.681405670337,2110,-1,6407
6,1,1,1460,194,64,140.2961154131,-0.517852835674,733,-1,8027
6,1,1,1460,197,65,140.2961154131,2.222960508199,454,-1,3095
6,1,1,1460,200,66,140.2961154131,-1.758975859314,2056,-1,6299
6,1,1,1460,203,67,140.2961154131,-2.146826804202,1786,-1,5759
6,1,1,1460,206,68,140.2961154131,2.765951831041,832,-1,3851
6,1,1,1460,209,69,140.2961154131,-2.301967182157,1678,-1,5543
6,1,1,1460,212,70,140.2961154131,-1.448695103404,85,-1,6731
6,1,1,1460,215,71,140.2961154131,0.050995216828,1129,-1,71
6,1,1,1460,218,72,140.2961154131,-1.215984536472,247,-1,7055
6,1,1,1460,221,73,140.2961154131,-2.612247938067,1462,-1,5111
6,1,1,1460,224,74,140.2961154131,2.455671075131,616,-1,3419
6,1,1,1460,227,75,140.2961154131,-2.689818127045,1408,-1,5003
6,1,1,1460,230,76,140.2961154131,2.740095101382,814,-1,3815
6,1,1,1460,233,77,140.2961154131,-0.491996106015,751,-1,8063
6,1,1,1460,236,78,140.2961154131,1.654112455697,58,-1,2303
6,1,1,1460,239,79,140.2961154131,-2.146826804202,1786,-1,5759
6,1,1,1460,242,80,140.2961154131,-0.414425917037,805,-1,8171
6,1,1,1460,245,81,140.2961154131,1.343831699787,2029,-1,1871
6,1,1,1460,248,82,140.2961154131,-2.612247938067,1462,-1,5111
6,1,1,1460,251,83,140.2961154131,-1.500408562723,49,-1,6659
6,1,1,1460,254,84,140.2961154131,-1.526265292382,31,-1,6623
6,1,1,1460,257,85,140.2961154131,-2.844958505000,1300,-1,4787
6,1,1,1460,260,86,140.2961154131,-1.655548940678,2128,-1,6443
6,1,1,1460,263,87,140.2961154131,1.421401888764,2083,-1,1979
6,1,1,1460,266,88,140.2961154131,-0.750563402607,571,-1,7703
6,1,1,1460,269,89,140.2961154131,1.214548051491,1939,-1,1691
6,1,1,1460,272,90,140.2961154131,-0.285142268741,895,-1,8351
6,1,1,1460,275,91,140.2961154131,-0.517852835674,733,-1,8027
6,1,1,1460,278,92,140.2961154131,2.921092208996,940,-1,4067
6,1,1,1460,281,93,140.2961154131,1.731682644674,112,-1,2411
6,1,1,1460,284,94,140.2961154131,-0.052431701809,1057,-1,8675
6,1,1,1460,287,95,140.2961154131,-0.724706672947,589,-1,7739
6,1,1,1460,290,96,140.2961154131,-3.000098882955,1192,-1,4571
6,1,1,1460,293,97,140.2961154131,2.740095101382,814,-1,3815
6,1,1,1460,296,98,140.2961154131,-1.345268184768,157,-1,6875
6,1,1,1460,299,99,140.2961154131,0.180278865124,1219,-1,251
6,1,1,1460,302,100,140.2961154131,-2.612247938067,1462,-1,5111
6,1,1,1460,305,101,140.2961154131,-3.129382531251,1102,-1,4391
6,1,1,1460,308,102,140.2961154131,0.800840376944,1651,-1,1115
6,1,1,1460,311,103,140.2961154131,-1.448695103404,85,-1,6731
6,1,1,1460,314,104,140.2961154131,2.300530697176,508,-1,3203
6,1,1,1460,317,105,140.2961154131,0.955980754899,1759,-1,1331
6,1,1,1460,320,106,140.2961154131,2.041963400584,328,-1,2843
6,1,1,1460,323,107,140.2961154131,-1.810689318633,2020,-1,6227
6,1,1,1460,326,108,140.2961154131,2.740095101382,814,-1,3815
6,1,1,1460,329,109,140.2961154131,-2.612247938067,1462,-1,5111
6,1,1,1460,332,110,140.2961154131,-0.802276861925,535,-1,7631
6,1,1,1460,335,111,140.2961154131,1.964393211607,274,-1,2735
6,1,1,1460,338,112,140.2961154131,-0.750563402607,571,-1,7703
6,1,1,1460,341,113,140.2961154131,1.136977862513,1885,-1,1583
6,1,1,1460,344,114,140.2961154131,0.723270187966,1597,-1,1007
6,1,1,1460,347,115,140.2961154131,-2.844958505000,1300,-1,4787
6,1,1,1460,350,116,140.2961154131,-0.181715350105,967,-1,8495
6,1,1,1460,353,117,140.2961154131,1.111121132854,1867,-1,1547
6,1,1,1460,356,118,140.2961154131,-0.517852835674,733,-1,8027
6,1,1,1460,359,119,140.2961154131,-2.663961397386,1426,-1,5039
6,1,1,1460,362,120,140.2961154131,-1.060844158517,355,-1,7271
6,1,1,1460,365,121,140.2961154131,2.041963400584,328,-1,2843
6,1,1,1460,368,122,140.2961154131,2.067820130243,346,-1,2879
6,1,1,1460,371,123,140.2961154131,2.584954723427,706,-1,3599
6,1,1,1460,374,124,140.2961154131,0.645699998989,1543,-1,899
6,1,1,1460,377,125,140.2961154131,-2.741531586363,1372,-1,4931
6,1,1,1460,380,126,140.2961154131,1.576542266719,4,-1,2195
6,1,1,1460,383,127,140.2961154131,-2.612247938067,1462,-1,5111
6,1,1,1460,386,128,140.2961154131,-2.431250830453,1588,-1,5363
6,1,1,1460,389,129,140.2961154131,-1.991686426247,1894,-1,5975
6,1,1,1460,392,130,140.2961154131,0.645699998989,1543,-1,899
6,1,1,1460,395,131,140.2961154131,-1.190127806813,265,-1,7091
6,1,1,1460,398,132,140.2961154131,0.257849054101,1273,-1,359
6,1,1,1460,401,133,140.2961154131,-0.052431701809,1057,-1,8675
6,1,1,1460,404,134,140.2961154131,3.076232586951,1048,-1,4283
6,1,1,1460,407,135,140.2961154131,-2.146826804202,1786,-1,5759
6,1,1,1460,410,136,140.2961154131,-2.612247938067,1462,-1,5111
6,1,1,1460,413,137,140.2961154131,-0.104145161127,1021,-1,8603
6,1,1,1460,416,138,140.2961154131,-0.828133591584,517,-1,7595
6,1,1,1460,419,139,140.2961154131,1.343831699787,2029,-1,1871
6,1,1,1460,422,140,140.2961154131,-2.353680641475,1642,-1,5471
6,1,1,1460,425,141,140.2961154131,0.025138487169,1111,-1,35
6,1,1,1460,428,142,140.2961154131,1.343831699787,2029,-1,1871
6,1,1,1460,431,143,140.2961154131,-1.577978751700,2182,-1,6551
6,1,1,1460,434,144,140.2961154131,2.507384534449,652,-1,3491
6,1,1,1460,437,145,140.2961154131,-0.517852835674,733,-1,8027
6,1,1,1460,440,146,140.2961154131,-1.965829696588,1912,-1,6011
6,1,1,1460,443,147,140.2961154131,2.429814345472,598,-1,3383
6,1,1,1460,446,148,140.2961154131,-2.146826804202,1786,-1,5759
6,1,1,1460,449,149,140.2961154131,-1.422838373745,103,-1,6767
6,1,1,1460,452,150,140.2961154131,1.886823022629,220,-1,2627
6,1,1,1460,455,151,140.2961154131,-1.448695103404,85,-1,6731
6,1,1,1460,458,152,140.2961154131,2.145390319221,400,-1,2987
6,1,1,1460,461,153,140.2961154131,2.972805668315,976,-1,4139
6,1,1,1460,464,154,140.2961154131,-2.612247938067,1462,-1,5111
6,1,1,1460,467,155,140.2961154131,-1.733119129655,2074,-1,6335
6,1,1,1460,470,156,140.2961154131,1.498972077742,2137,-1,2087
6,1,1,1460,473,157,140.2961154131,2.740095101382,814,-1,3815
6,1,1,1460,476,158,140.2961154131,1.602398996378,22,-1,2231
6,1,1,1460,479,159,140.2961154131,-0.440282646697,787,-1,8135
6,1,1,1460,482,160,140.2961154131,-2.146826804202,1786,-1,5759
6,1,1,1460,485,161,140.2961154131,1.679969185356,76,-1,2339
6,1,1,1460,488,162,140.2961154131,-0.750563402607,571,-1,7703
6,1,1,1460,491,163,140.2961154131,-2.612247938067,1462,-1,5111
6,1,1,1460,494,164,140.2961154131,0.593986539670,1507,-1,827
6,1,1,1460,497,165,140.2961154131,2.662524912405,760,-1,3707
6,1,1,1460,500,166,140.2961154131,-2.844958505000,1300,-1,4787
6,1,1,1460,503,167,140.2961154131,0.438846161715,1399,-1,611
6,1,1,1460,506,168,140.2961154131,-0.672993213629,625,-1,7811
6,1,1,1460,509,169,140.2961154131,-0.750563402607,571,-1,7703
6,1,1,1460,512,170,140.2961154131,-2.974242153296,1210,-1,4607
6,1,1,1460,515,171,140.2961154131,-2.379537371135,1624,-1,5435
6,1,1,1460,518,172,140.2961154131,-0.517852835674,733,-1,8027
6,1,1,1460,521,173,140.2961154131,-1.267697995790,211,-1,6983
6,1,1,1460,524,174,140.2961154131,-0.362712457719,841,-1,8243
6,1,1,1460,527,175,140.2961154131,-0.052431701809,1057,-1,8675
6,1,1,1460,530,176,140.2961154131,1.369688429446,2047,-1,1907
6,1,1,1460,533,177,140.2961154131,1.188691321832,1921,-1,1655
6,1,1,1460,536,178,140.2961154131,2.740095101382,814,-1,3815
6,1,1,1460,539,179,140.2961154131,0.749126917626,1615,-1,1043
6,1,1,1460,542,180,140.2961154131,-1.914116237270,1948,-1,6083
6,1,1,1460,545,181,140.2961154131,-2.612247938067,1462,-1,5111
6,1,1,1460,548,182,140.2961154131,-1.034987428858,373,-1,7307
6,1,1,1460,551,183,140.2961154131,-1.293554725449,193,-1,6947
6,1,1,1460,554,184,140.2961154131,-1.448695103404,85,-1,6731
6,1,1,1460,557,185,140.2961154131,-1.888259507610,1966,-1,6119
6,1,1,1460,560,186,140.2961154131,-1.138414347494,301,-1,7163
6,1,1,1460,563,187,140.2961154131,2.041963400584,328,-1,2843
6,1,1,1460,566,188,140.2961154131,0.283705783760,1291,-1,395
6,1,1,1460,569,189,140.2961154131,0.645699998989,1543,-1,899
6,1,1,1460,572,190,140.2961154131,-2.612247938067,1462,-1,5111
6,1,1,1460,575,191,140.2961154131,1.292118240468,1993,-1,1799
6,1,1,1460,578,192,140.2961154131,-0.130001890786,1003,-1,8567
6,1,1,1460,581,193,140.2961154131,-0.750563402607,571,-1,7703
6,1,1,1460,584,194,140.2961154131,-3.051812342273,1156,-1,4499
6,1,1,1460,587,195,140.2961154131,-1.371124914427,139,-1,6839
6,1,1,1460,590,196,140.2961154131,-2.844958505000,1300,-1,4787
6,1,1,1460,593,197,140.2961154131,1.912679752288,238,-1,2663
6,1,1,1460,596,198,140.2961154131,-0.983273969539,409,-1,7379
6,1,1,1460,599,199,140.2961154131,-0.517852835674,733,-1,8027
6,1,1,1460,602,200,140.2961154131,-0.569566294992,697,-1,7955
6,1,1,1460,605,201,140.2961154131,3.127946046270,1084,-1,4355
6,1,1,1460,608,202,140.2961154131,2.041963400584,328,-1,2843
6,1,1,1460,611,203,140.2961154131,-2.120970074543,1804,-1,5795
6,1,1,1460,614,204,140.2961154131,0.490559621034,1435,-1,683
6,1,1,1460,617,205,140.2961154131,0.645699998989,1543,-1,899
6,1,1,1460,620,206,140.2961154131,-0.647136483970,643,-1,7847
6,1,1,1460,623,207,140.2961154131,-0.517852835674,733,-1,8027
6,1,1,1460,626,208,140.2961154131,-2.612247938067,1462,-1,5111
6,1,1,1460,629,209,140.2961154131,-0.336855728060,859,-1,8279
6,1,1,1460,632,210,140.2961154131,2.197103778539,436,-1,3059
6,1,1,1460,635,211,140.2961154131,0.645699998989,1543,-1,899
6,1,1,1460,638,212,140.2961154131,0.904267295581,1723,-1,1259
6,1,1,1460,641,213,140.2961154131,-1.836546048292,2002,-1,6191
6,1,1,1460,644,214,140.2961154131,-0.052431701809,1057,-1,8675
6,1,1,1460,647,215,140.2961154131,-1.112557617835,319,-1,7199
6,1,1,1460,650,216,140.2961154131,2.041963400584,328,-1,2843
6,1,1,1460,653,217,140.2961154131,-2.612247938067,1462,-1,5111
6,1,1,1460,656,218,140.2961154131,1.990249941266,292,-1,2771
6,1,1,1460,659,219,140.2961154131,-2.922528693977,1246,-1,4679
6,1,1,1460,662,220,140.2961154131,1.343831699787,2029,-1,1871
6,1,1,1460,665,221,140.2961154131,-0.259285539082,913,-1,8387
6,1,1,1460,668,222,140.2961154131,-2.069256615225,1840,-1,5867
6,1,1,1460,671,223,140.2961154131,1.343831699787,2029,-1,1871
6,1,1,1460,674,224,140.2961154131,0.516416350693,1453,-1,719
6,1,1,1460,677,225,140.2961154131,0.412989432056,1381,-1,575
6,1,1,1460,680,226,140.2961154131,-0.517852835674,733,-1,8027
6,1,1,1460,683,227,140.2961154131,0.128565405805,1183,-1,179
6,1,1,1460,686,228,140.2961154131,0.335419243079,1327,-1,467
6,1,1,1460,689,229,140.2961154131,-2.146826804202,1786,-1,5759
6,1,1,1460,692,230,140.2961154131,0.671556728648,1561,-1,935
6,1,1,1460,695,231,140.2961154131,-0.207572079764,949,-1,8459
6,1,1,1460,698,232,140.2961154131,-1.448695103404,85,-1,6731
6,1,1,1460,701,233,140.2961154131,-2.043399885565,1858,-1,5903
6,1,1,1460,704,234,140.2961154131,0.878410565921,1705,-1,1223
6,1,1,1460,707,235,140.2961154131,-2.612247938067,1462,-1,5111
6,1,1,1460,710,236,140.2961154131,0.361275972738,1345,-1,503
6,1,1,1460,713,237,140.2961154131,-0.595423024652,679,-1,7919
6,1,1,1460,716,238,140.2961154131,2.740095101382,814,-1,3815
6,1,1,1460,719,239,140.2961154131,-2.586391208408,1480,-1,5147
6,1,1,1460,722,240,140.2961154131,-2.534677749090,1516,-1,5219
6,1,1,1460,725,241,140.2961154131,-2.146826804202,1786,-1,5759
6,1,1,1460,728,242,140.2961154131,-2.508821019431,1534,-1,5255
6,2,1,731,2,0,140.2961154131,1.343831699787,2029,-1,1871
6,2,1,731,5,1,140.2961154131,1.576542266719,4,-1,2195
6,2,1,731,8,2,140.2961154131,0.593986539670,1507,-1,827
6,2,1,731,11,3,140.2961154131,-1.526265292382,31,-1,6623
6,2,1,731,14,4,140.2961154131,1.343831699787,2029,-1,1871
6,2,1,731,17,5,140.2961154131,0.438846161715,1399,-1,611
6,2,1,731,20,6,140.2961154131,1.421401888764,2083,-1,1979
6,2,1,731,23,7,140.2961154131,-2.844958505000,1300,-1,4787
6,2,1,731,26,8,140.2961154131,-2.974242153296,1210,-1,4607
6,2,1,731,29,9,140.2961154131,-0.285142268741,895,-1,8351
6,2,1,731,32,10,140.2961154131,-2.612247938067,1462,-1,5111
6,2,1,731,35,11,140.2961154131,-1.267697995790,211,-1,6983
6,2,1,731,38,12,140.2961154131,1.731682644674,112,-1,2411
6,2,1,731,41,13,140.2961154131,-2.146826804202,1786,-1,5759
6,2,1,731,44,14,140.2961154131,1.369688429446,2047,-1,1907
6,2,1,731,47,15,140.2961154131,-3.000098882955,1192,-1,4571
6,2,1,731,50,16,140.2961154131,0.645699998989,1543,-1,899
6,2,1,731,53,17,140.2961154131,0.749126917626,1615,-1,1043
6,2,1,731,56,18,140.2961154131,0.180278865124,1219,-1,251
6,2,1,731,59,19,140.2961154131,1.576542266719,4,-1,2195
6,2,1,731,62,20,140.2961154131,-1.034987428858,373,-1,7307
6,2,1,731,65,21,140.2961154131,0.800840376944,1651,-1,1115
6,2,1,731,68,22,140.2961154131,2.740095101382,814,-1,3815
6,2,1,731,71,23,140.2961154131,-1.888259507610,1966,-1,6119
6,2,1,731,74,24,140.2961154131,0.955980754899,1759,-1,1331
6,2,1,731,77,25,140.2961154131,-0.052431701809,1057,-1,8675
6,2,1,731,80,26,140.2961154131,0.283705783760,1291,-1,395
6,2,1,731,83,27,140.2961154131,2.740095101382,814,-1,3815
6,2,1,731,86,28,140.2961154131,1.576542266719,4,-1,2195
6,2,1,731,89,29,140.2961154131,1.292118240468,1993,-1,1799
6,2,1,731,92,30,140.2961154131,1.964393211607,274,-1,2735
6,2,1,731,95,31,140.2961154131,-2.844958505000,1300,-1,4787
6,2,1,731,98,32,140.2961154131,-3.051812342273,1156,-1,4499
6,2,1,731,101,33,140.2961154131,0.723270187966,1597,-1,1007
6,2,1,731,104,34,140.2961154131,1.343831699787,2029,-1,1871
6,2,1,731,107,35,140.2961154131,1.912679752288,238,-1,2663
6,2,1,731,110,36,140.2961154131,1.111121132854,1867,-1,1547
6,2,1,731,113,37,140.2961154131,-2.612247938067,1462,-1,5111
6,2,1,731,116,38,140.2961154131,-0.569566294992,697,-1,7955
6,2,1,731,119,39,140.2961154131,-1.060844158517,355,-1,7271
6,2,1,731,122,40,140.2961154131,-0.052431701809,1057,-1,8675
6,2,1,731,125,41,140.2961154131,-2.120970074543,1804,-1,5795
6,2,1,731,128,42,140.2961154131,2.584954723427,706,-1,3599
6,2,1,731,131,43,140.2961154131,-1.448695103404,85,-1,6731
6,2,1,731,134,44,140.2961154131,-0.647136483970,643,-1,7847
6,2,1,731,137,45,140.2961154131,1.576542266719,4,-1,2195
6,2,1,731,140,46,140.2961154131,1.576542266719,4,-1,2195
6,2,1,731,143,47,140.2961154131,-0.336855728060,859,-1,8279
6,2,1,731,146,48,140.2961154131,-1.991686426247,1894,-1,5975
6,2,1,731,149,49,140.2961154131,-1.448695103404,85,-1,6731
6,2,1,731,152,50,140.2961154131,0.904267295581,1723,-1,1259
6,2,1,731,155,51,140.2961154131,0.257849054101,1273,-1,359
6,2,1,731,158,52,140.2961154131,-2.146826804202,1786,-1,5759
6,2,1,731,161,53,140.2961154131,-1.112557617835,319,-1,7199
6,2,1,731,164,54,140.2961154131,-2.146826804202,1786,-1,5759
6,2,1,731,167,55,140.2961154131,1.576542266719,4,-1,2195
6,2,1,731,170,56,140.2961154131,1.990249941266,292,-1,2771
6,2,1,731,173,57,140.2961154131,-0.828133591584,517,-1,7595
6,2,1,731,176,58,140.2961154131,-0.750563402607,571,-1,7703
6,2,1,731,179,59,140.2961154131,-0.259285539082,913,-1,8387
6,2,1,731,182,60,140.2961154131,0.025138487169,1111,-1,35
6,2,1,731,185,61,140.2961154131,-0.750563402607,571,-1,7703
6,2,1,731,188,62,140.2961154131,0.516416350693,1453,-1,719
6,2,1,731,191,63,140.2961154131,2.507384534449,652,-1,3491
6,2,1,731,194,64,140.2961154131,-2.612247938067,1462,-1,5111
6,2,1,731,197,65,140.2961154131,0.128565405805,1183,-1,179
6,2,1,731,200,66,140.2961154131,2.429814345472,598,-1,3383
6,2,1,731,203,67,140.2961154131,2.041963400584,328,-1,2843
6,2,1,731,206,68,140.2961154131,0.671556728648,1561,-1,935
6,2,1,731,209,69,140.2961154131,1.886823022629,220,-1,2627
6,2,1,731,212,70,140.2961154131,2.740095101382,814,-1,3815
6,2,1,731,215,71,140.2961154131,-2.043399885565,1858,-1,5903
6,2,1,731,218,72,140.2961154131,2.972805668315,976,-1,4139
6,2,1,731,221,73,140.2961154131,1.576542266719,4,-1,2195
6,2,1,731,224,74,140.2961154131,0.361275972738,1345,-1,503
6,2,1,731,227,75,140.2961154131,1.498972077742,2137,-1,2087
6,2,1,731,230,76,140.2961154131,0.645699998989,1543,-1,899
6,2,1,731,233,77,140.2961154131,-2.586391208408,1480,-1,5147
6,2,1,731,236,78,140.2961154131,-0.440282646697,787,-1,8135
6,2,1,731,239,79,140.2961154131,2.041963400584,328,-1,2843
6,2,1,731,242,80,140.2961154131,-2.508821019431,1534,-1,5255
6,2,1,731,245,81,140.2961154131,-0.750563402607,571,-1,7703
6,2,1,731,248,82,140.2961154131,1.576542266719,4,-1,2195
6,2,1,731,251,83,140.2961154131,2.688381642064,778,-1,3743
6,2,1,731,254,84,140.2961154131,2.662524912405,760,-1,3707
6,2,1,731,257,85,140.2961154131,1.343831699787,2029,-1,1871
6,2,1,731,260,86,140.2961154131,2.533241264109,670,-1,3527
6,2,1,731,263,87,140.2961154131,-0.672993213629,625,-1,7811
6,2,1,731,266,88,140.2961154131,-2.844958505000,1300,-1,4787
6,2,1,731,269,89,140.2961154131,-0.879847050902,481,-1,7523
6,2,1,731,272,90,140.2961154131,-2.379537371135,1624,-1,5435
6,2,1,731,275,91,140.2961154131,-2.612247938067,1462,-1,5111
6,2,1,731,278,92,140.2961154131,0.826697106603,1669,-1,1151
6,2,1,731,281,93,140.2961154131,-0.362712457719,841,-1,8243
6,2,1,731,284,94,140.2961154131,-2.146826804202,1786,-1,5759
6,2,1,731,287,95,140.2961154131,-2.819101775341,1318,-1,4823
6,2,1,731,290,96,140.2961154131,1.188691321832,1921,-1,1655
6,2,1,731,293,97,140.2961154131,0.645699998989,1543,-1,899
6,2,1,731,296,98,140.2961154131,2.843522020019,886,-1,3959
6,2,1,731,299,99,140.2961154131,-1.914116237270,1948,-1,6083
6,2,1,731,302,100,140.2961154131,1.576542266719,4,-1,2195
6,2,1,731,305,101,140.2961154131,1.059407673536,1831,-1,1475
6,2,1,731,308,102,140.2961154131,-1.293554725449,193,-1,6947
6,2,1,731,311,103,140.2961154131,2.740095101382,814,-1,3815
6,2,1,731,314,104,140.2961154131,0.206135594783,1237,-1,287
6,2,1,731,317,105,140.2961154131,-1.138414347494,301,-1,7163
6,2,1,731,320,106,140.2961154131,-0.052431701809,1057,-1,8675
6,2,1,731,323,107,140.2961154131,2.378100886154,562,-1,3311
6,2,1,731,326,108,140.2961154131,0.645699998989,1543,-1,899
6,2,1,731,329,109,140.2961154131,1.576542266719,4,-1,2195
6,2,1,731,332,110,140.2961154131,-2.896671964318,1264,-1,4715
6,2,1,731,335,111,140.2961154131,-0.130001890786,1003,-1,8567
6,2,1,731,338,112,140.2961154131,-2.844958505000,1300,-1,4787
6,2,1,731,341,113,140.2961154131,-0.957417239880,427,-1,7415
6,2,1,731,344,114,140.2961154131,-1.371124914427,139,-1,6839
6,2,1,731,347,115,140.2961154131,1.343831699787,2029,-1,1871
6,2,1,731,350,116,140.2961154131,-2.276110452498,1696,-1,5579
6,2,1,731,353,117,140.2961154131,-0.983273969539,409,-1,7379
6,2,1,731,356,118,140.2961154131,-2.612247938067,1462,-1,5111
6,2,1,731,359,119,140.2961154131,1.524828807401,2155,-1,2123
6,2,1,731,362,120,140.2961154131,3.127946046270,1084,-1,4355
6,2,1,731,365,121,140.2961154131,-0.052431701809,1057,-1,8675
6,2,1,731,368,122,140.2961154131,-0.026574972150,1075,-1,8711
6,2,1,731,371,123,140.2961154131,0.490559621034,1435,-1,683
6,2,1,731,374,124,140.2961154131,-1.448695103404,85,-1,6731
6,2,1,731,377,125,140.2961154131,1.447258618423,2101,-1,2015
6,2,1,731,380,126,140.2961154131,-0.517852835674,733,-1,8027
6,2,1,731,383,127,140.2961154131,1.576542266719,4,-1,2195
6,2,1,731,386,128,140.2961154131,1.757539374333,130,-1,2447
6,2,1,731,389,129,140.2961154131,2.197103778539,436,-1,3059
6,2,1,731,392,130,140.2961154131,-1.448695103404,85,-1,6731
6,2,1,731,395,131,140.2961154131,2.998662397974,994,-1,4175
6,2,1,731,398,132,140.2961154131,-1.836546048292,2002,-1,6191
6,2,1,731,401,133,140.2961154131,-2.146826804202,1786,-1,5759
6,2,1,731,404,134,140.2961154131,0.981837484558,1777,-1,1367
6,2,1,731,407,135,140.2961154131,2.041963400584,328,-1,2843
6,2,1,731,410,136,140.2961154131,1.576542266719,4,-1,2195
6,2,1,731,413,137,140.2961154131,-2.198540263520,1750,-1,5687
6,2,1,731,416,138,140.2961154131,-2.922528693977,1246,-1,4679
6,2,1,731,419,139,140.2961154131,-0.750563402607,571,-1,7703
6,2,1,731,422,140,140.2961154131,1.835109563311,184,-1,2555
6,2,1,731,425,141,140.2961154131,-2.069256615225,1840,-1,5867
6,2,1,731,428,142,140.2961154131,-0.750563402607,571,-1,7703
6,2,1,731,431,143,140.2961154131,2.610811453086,724,-1,3635
6,2,1,731,434,144,140.2961154131,0.412989432056,1381,-1,575
6,2,1,731,437,145,140.2961154131,-2.612247938067,1462,-1,5111
6,2,1,731,440,146,140.2961154131,2.222960508199,454,-1,3095
6,2,1,731,443,147,140.2961154131,0.335419243079,1327,-1,467
6,2,1,731,446,148,140.2961154131,2.041963400584,328,-1,2843
6,2,1,731,449,149,140.2961154131,2.765951831041,832,-1,3851
6,2,1,731,452,150,140.2961154131,-0.207572079764,949,-1,8459
6,2,1,731,455,151,140.2961154131,2.740095101382,814,-1,3815
6,2,1,731,458,152,140.2961154131,0.050995216828,1129,-1,71
6,2,1,731,461,153,140.2961154131,0.878410565921,1705,-1,1223
6,2,1,731,464,154,140.2961154131,1.576542266719,4,-1,2195
6,2,1,731,467,155,140.2961154131,2.455671075131,616,-1,3419
6,2,1,731,470,156,140.2961154131,-0.595423024652,679,-1,7919
6,2,1,731,473,157,140.2961154131,0.645699998989,1543,-1,899
6,2,1,731,476,158,140.2961154131,-0.491996106015,751,-1,8063
6,2,1,731,479,159,140.2961154131,-2.534677749090,1516,-1,5219
6,2,1,731,482,160,140.2961154131,2.041963400584,328,-1,2843
6,2,1,731,485,161,140.2961154131,-0.414425917037,805,-1,8171
6,2,1,731,488,162,140.2961154131,-2.844958505000,1300,-1,4787
6,2,1,731,491,163,140.2961154131,1.576542266719,4,-1,2195
6,2,1,731,494,164,140.2961154131,-1.500408562723,49,-1,6659
6,2,1,731,497,165,140.2961154131,0.568129810011,1489,-1,791
6,2,1,731,500,166,140.2961154131,1.343831699787,2029,-1,1871
6,2,1,731,503,167,140.2961154131,-1.655548940678,2128,-1,6443
6,2,1,731,506,168,140.2961154131,-2.767388316022,1354,-1,4895
6,2,1,731,509,169,140.2961154131,-2.844958505000,1300,-1,4787
6,2,1,731,512,170,140.2961154131,1.214548051491,1939,-1,1691
6,2,1,731,515,171,140.2961154131,1.809252833652,166,-1,2519
6,2,1,731,518,172,140.2961154131,-2.612247938067,1462,-1,5111
6,2,1,731,521,173,140.2961154131,2.921092208996,940,-1,4067
6,2,1,731,524,174,140.2961154131,-2.457107560112,1570,-1,5327
6,2,1,731,527,175,140.2961154131,-2.146826804202,1786,-1,5759
6,2,1,731,530,176,140.2961154131,-0.724706672947,589,-1,7739
6,2,1,731,533,177,140.2961154131,-0.905703780562,463,-1,7487
6,2,1,731,536,178,140.2961154131,0.645699998989,1543,-1,899
6,2,1,731,539,179,140.2961154131,-1.345268184768,157,-1,6875
6,2,1,731,542,180,140.2961154131,2.274673967517,490,-1,3167
6,2,1,731,545,181,140.2961154131,1.576542266719,4,-1,2195
6,2,1,731,548,182,140.2961154131,-3.129382531251,1102,-1,4391
6,2,1,731,551,183,140.2961154131,2.895235479337,922,-1,4031
6,2,1,731,554,184,140.2961154131,2.740095101382,814,-1,3815
6,2,1,731,557,185,140.2961154131,2.300530697176,508,-1,3203
6,2,1,731,560,186,140.2961154131,3.050375857292,1030,-1,4247
6,2,1,731,563,187,140.2961154131,-0.052431701809,1057,-1,8675
6,2,1,731,566,188,140.2961154131,-1.810689318633,2020,-1,6227
6,2,1,731,569,189,140.2961154131,-1.448695103404,85,-1,6731
6,2,1,731,572,190,140.2961154131,1.576542266719,4,-1,2195
6,2,1,731,575,191,140.2961154131,-0.802276861925,535,-1,7631
6,2,1,731,578,192,140.2961154131,-2.224396993180,1732,-1,5651
6,2,1,731,581,193,140.2961154131,-2.844958505000,1300,-1,4787
6,2,1,731,584,194,140.2961154131,1.136977862513,1885,-1,1583
6,2,1,731,587,195,140.2961154131,2.817665290360,868,-1,3923
6,2,1,731,590,196,140.2961154131,1.343831699787,2029,-1,1871
6,2,1,731,593,197,140.2961154131,-0.181715350105,967,-1,8495
6,2,1,731,596,198,140.2961154131,-3.077669071932,1138,-1,4463
6,2,1,731,599,199,140.2961154131,-2.612247938067,1462,-1,5111
6,2,1,731,602,200,140.2961154131,-2.663961397386,1426,-1,5039
6,2,1,731,605,201,140.2961154131,1.033550943876,1813,-1,1439
6,2,1,731,608,202,140.2961154131,-0.052431701809,1057,-1,8675
6,2,1,731,611,203,140.2961154131,2.067820130243,346,-1,2879
6,2,1,731,614,204,140.2961154131,-1.603835481359,2164,-1,6515
6,2,1,731,617,205,140.2961154131,-1.448695103404,85,-1,6731
6,2,1,731,620,206,140.2961154131,-2.741531586363,1372,-1,4931
6,2,1,731,623,207,140.2961154131,-2.612247938067,1462,-1,5111
6,2,1,731,626,208,140.2961154131,1.576542266719,4,-1,2195
6,2,1,731,629,209,140.2961154131,-2.431250830453,1588,-1,5363
6,2,1,731,632,210,140.2961154131,0.102708676146,1165,-1,143
6,2,1,731,635,211,140.2961154131,-1.448695103404,85,-1,6731
6,2,1,731,638,212,140.2961154131,-1.190127806813,265,-1,7091
6,2,1,731,641,213,140.2961154131,2.352244156494,544,-1,3275
6,2,1,731,644,214,140.2961154131,-2.146826804202,1786,-1,5759
6,2,1,731,647,215,140.2961154131,3.076232586951,1048,-1,4283
6,2,1,731,650,216,140.2961154131,-0.052431701809,1057,-1,8675
6,2,1,731,653,217,140.2961154131,1.576542266719,4,-1,2195
6,2,1,731,656,218,140.2961154131,-0.104145161127,1021,-1,8603
6,2,1,731,659,219,140.2961154131,1.266261510809,1975,-1,1763
6,2,1,731,662,220,140.2961154131,-0.750563402607,571,-1,7703
6,2,1,731,665,221,140.2961154131,-2.353680641475,1642,-1,5471
6,2,1,731,668,222,140.2961154131,2.119533589562,382,-1,2951
6,2,1,731,671,223,140.2961154131,-0.750563402607,571,-1,7703
6,2,1,731,674,224,140.2961154131,-1.577978751700,2182,-1,6551
6,2,1,731,677,225,140.2961154131,-1.681405670337,2110,-1,6407
6,2,1,731,680,226,140.2961154131,-2.612247938067,1462,-1,5111
6,2,1,731,683,227,140.2961154131,-1.965829696588,1912,-1,6011
6,2,1,731,686,228,140.2961154131,-1.758975859314,2056,-1,6299
6,2,1,731,689,229,140.2961154131,2.041963400584,328,-1,2843
6,2,1,731,692,230,140.2961154131,-1.422838373745,103,-1,6767
6,2,1,731,695,231,140.2961154131,-2.301967182157,1678,-1,5543
6,2,1,731,698,232,140.2961154131,2.740095101382,814,-1,3815
6,2,1,731,701,233,140.2961154131,2.145390319221,400,-1,2987
6,2,1,731,704,234,140.2961154131,-1.215984536472,247,-1,7055
6,2,1,731,707,235,140.2961154131,1.576542266719,4,-1,2195
6,2,1,731,710,236,140.2961154131,-1.733119129655,2074,-1,6335
6,2,1,731,713,237,140.2961154131,-2.689818127045,1408,-1,5003
6,2,1,731,716,238,140.2961154131,0.645699998989,1543,-1,899
6,2,1,731,719,239,140.2961154131,1.602398996378,22,-1,2231
6,2,1,731,722,240,140.2961154131,1.654112455697,58,-1,2303
6,2,1,731,725,241,140.2961154131,2.041963400584,328,-1,2843
6,2,1,731,728,242,140.2961154131,1.679969185356,76,-1,2339
